ID,Legante,Famiglia_Legante,Metallo,Sale_Metallico,Solvente,Additivo_Colinker,Temperatura_C,Tempo_ore,mmol_Legante,mmol_Sale,Rapporto_LM,Procedura_Sintetica,Esito_ML,Volume solvente,Data_Quality_Flag,Exact_Duplicate_Group,Outcome_Conflict_Flag,Training_v5_2_Status,Training_v5_2_Reason,Training_v5_2_Warning,Split_ID,Split_Set,Grouping_Variable,Split_Seed,Ligand_Text,Hydration_Number,Counterion_Class,Oxidation_State,Metal_Atomic_Number,Metal_Atomic_Weight,Metal_Group,Metal_Period,Metal_Block,Metal_Electronegativity
1,curc-ind,Curcumina,Zn,Zn(OAc)2·2H2O,DMF,Nessuno,80,72.0,0.1,0.05,2.0,no precipitato,1,,numeric_decimal_standardized;salt_hydrate_separator_standardized;temperature_numeric_standardized;time_numeric_standardized,,0,INCLUDED,,missing_optional_numeric:Volume solvente,MOF_GROUPED_LIGAND_SPLIT_v6.0_seed260730,DEVELOPMENT,Legante,260730,curc-ind curcumina,2.0,acetate,2.0,30.0,65.38,12.0,4.0,d,1.65
3,curc-ind,Curcumina,Cu,Cu(OAc)2·H2O,DMF,Nessuno,80,72.0,0.1,0.05,2.0,no precipitato,1,,numeric_decimal_standardized;salt_hydrate_separator_standardized;temperature_numeric_standardized;time_numeric_standardized,,0,INCLUDED,,missing_optional_numeric:Volume solvente,MOF_GROUPED_LIGAND_SPLIT_v6.0_seed260730,DEVELOPMENT,Legante,260730,curc-ind curcumina,1.0,acetate,2.0,29.0,63.546,11.0,4.0,d,1.9
8,curc-ind,Curcumina,Zn,Zn(OAc)2·2H2O,MeOH,Nessuno,80,72.0,0.1,0.05,2.0,precipitato nero,0,,numeric_decimal_standardized;salt_hydrate_separator_standardized;temperature_numeric_standardized;time_numeric_standardized,,0,INCLUDED,,missing_optional_numeric:Volume solvente,MOF_GROUPED_LIGAND_SPLIT_v6.0_seed260730,DEVELOPMENT,Legante,260730,curc-ind curcumina,2.0,acetate,2.0,30.0,65.38,12.0,4.0,d,1.65
9,curc-ind,Curcumina,Zn,Zn(NO3)2·6H2O,DMF,Nessuno,120,72.0,0.1,0.05,2.0,nessun precipitato,1,,numeric_decimal_standardized;salt_hydrate_separator_standardized;temperature_numeric_standardized;time_numeric_standardized,,0,INCLUDED,,missing_optional_numeric:Volume solvente,MOF_GROUPED_LIGAND_SPLIT_v6.0_seed260730,DEVELOPMENT,Legante,260730,curc-ind curcumina,6.0,nitrate,2.0,30.0,65.38,12.0,4.0,d,1.65
11,B5,Altro,Ru,[Ru(p-cymene)Cl2]2,CH2Cl2,Nessuno,120,48.0,0.25,0.1,2.5,separato il solido per centrifugazione. Lavato con diclorometano 2 volte sempre tramite centrifuga,1,,solvent_canonicalized;temperature_numeric_standardized;time_numeric_standardized,,0,INCLUDED,,missing_optional_numeric:Volume solvente,MOF_GROUPED_LIGAND_SPLIT_v6.0_seed260730,DEVELOPMENT,Legante,260730,b5 altro,0.0,chloride,2.0,44.0,101.07,8.0,5.0,d,2.2
12,curc(III)_KC,Curcumina,Zn,Zn(NO3)2·6H2O,DMF,Nessuno,80,48.0,0.1,0.05,2.0,"dopo 48 ore nessun precipitato, posto nella stufa a 100°C per 72h, ma ancora nessun precipitato, allora trasferito nella stufa a 120°, dopo 48h si è formato poco precipitato, filtrato e lavato con acetone.",1,,numeric_decimal_standardized;salt_hydrate_separator_standardized;temperature_numeric_standardized;time_numeric_standardized,,0,INCLUDED,,missing_optional_numeric:Volume solvente,MOF_GROUPED_LIGAND_SPLIT_v6.0_seed260730,DEVELOPMENT,Legante,260730,curc(iii)_kc curcumina,6.0,nitrate,2.0,30.0,65.38,12.0,4.0,d,1.65
13,curc(III)_KC,Curcumina,Zn,Zn(OAc)2·2H2O,DMF,Nessuno,120,16.0,0.05,0.05,1.0,dopo 16 ore si è formato già il precipitato nella vial,0,,numeric_decimal_standardized;salt_hydrate_separator_standardized;temperature_numeric_standardized;time_numeric_standardized,,0,INCLUDED,,missing_optional_numeric:Volume solvente,MOF_GROUPED_LIGAND_SPLIT_v6.0_seed260730,DEVELOPMENT,Legante,260730,curc(iii)_kc curcumina,2.0,acetate,2.0,30.0,65.38,12.0,4.0,d,1.65
29,"3-nitro-4,4'-bipyrazole",Bipyrazole,Cd,Cd(NO3)2·4H2O,DMF,Nessuno,150,24.0,0.1,0.1,1.0,Solvothermal,1,,numeric_decimal_standardized;salt_hydrate_separator_standardized;temperature_numeric_standardized;time_numeric_standardized,,0,INCLUDED,,missing_optional_numeric:Volume solvente,MOF_GROUPED_LIGAND_SPLIT_v6.0_seed260730,DEVELOPMENT,Legante,260730,"3-nitro-4,4'-bipyrazole bipyrazole",4.0,nitrate,2.0,48.0,112.414,12.0,5.0,d,1.69
30,"3-nitro-4,4'-bipyrazole",Bipyrazole,Cd,Cd(NO3)2·4H2O,DMF,Nessuno,150,24.0,0.1,0.2,0.5,Solvothermal,1,,salt_hydrate_separator_standardized;temperature_numeric_standardized;time_numeric_standardized,,0,INCLUDED,,missing_optional_numeric:Volume solvente,MOF_GROUPED_LIGAND_SPLIT_v6.0_seed260730,DEVELOPMENT,Legante,260730,"3-nitro-4,4'-bipyrazole bipyrazole",4.0,nitrate,2.0,48.0,112.414,12.0,5.0,d,1.69
31,"3-nitro-4,4'-bipyrazole",Bipyrazole,Ni,Ni(NO3)2,MeCN,Trietilammina (TEA),120,48.0,0.1,0.1,1.0,Solvothermal,0,,additive_canonicalized;numeric_decimal_standardized;solvent_canonicalized;temperature_numeric_standardized;time_numeric_standardized,,0,INCLUDED,,missing_optional_numeric:Volume solvente,MOF_GROUPED_LIGAND_SPLIT_v6.0_seed260730,DEVELOPMENT,Legante,260730,"3-nitro-4,4'-bipyrazole bipyrazole",0.0,nitrate,2.0,28.0,58.693,10.0,4.0,d,1.91
32,"3-nitro-4,4'-bipyrazole",Bipyrazole,Ni,Ni(OAc)2·4H2O,MeCN,Nessuno,120,48.0,0.2,0.2,1.0,Solvothermal,0,,numeric_decimal_standardized;salt_hydrate_separator_standardized;solvent_canonicalized;temperature_numeric_standardized;time_numeric_standardized,,0,INCLUDED,,missing_optional_numeric:Volume solvente,MOF_GROUPED_LIGAND_SPLIT_v6.0_seed260730,DEVELOPMENT,Legante,260730,"3-nitro-4,4'-bipyrazole bipyrazole",4.0,acetate,2.0,28.0,58.693,10.0,4.0,d,1.91
33,"3-nitro-4,4'-bipyrazole",Bipyrazole,Ni,Ni(OAc)2·4H2O,MeCN,Trietilammina (TEA),120,48.0,0.2,0.4,0.5,Solvothermal,1,,additive_canonicalized;salt_hydrate_separator_standardized;solvent_canonicalized;temperature_numeric_standardized;time_numeric_standardized,,0,INCLUDED,,missing_optional_numeric:Volume solvente,MOF_GROUPED_LIGAND_SPLIT_v6.0_seed260730,DEVELOPMENT,Legante,260730,"3-nitro-4,4'-bipyrazole bipyrazole",4.0,acetate,2.0,28.0,58.693,10.0,4.0,d,1.91
34,"3-(3,5-DiMePz4-yl)pentane-2,4-dione",Altro,Zr,Zr(OCH3)4,Et3N,Nessuno,120,30.0,0.25,0.4,0.625,Solvothermal,1,,temperature_numeric_standardized;time_numeric_standardized,,0,INCLUDED,,missing_optional_numeric:Volume solvente,MOF_GROUPED_LIGAND_SPLIT_v6.0_seed260730,DEVELOPMENT,Legante,260730,"3-(3,5-dimepz4-yl)pentane-2,4-dione altro",0.0,alkoxide,4.0,40.0,91.224,4.0,5.0,d,1.33
35,"3-(3,5-DiMePz4-yl)pentane-2,4-dione",Altro,Zr,ZrCl4,MeOH,Nessuno,110,94.0,0.3,0.3,1.0,Solvothermal,1,,numeric_decimal_standardized;temperature_numeric_standardized;time_numeric_standardized,,0,INCLUDED,,missing_optional_numeric:Volume solvente,MOF_GROUPED_LIGAND_SPLIT_v6.0_seed260730,DEVELOPMENT,Legante,260730,"3-(3,5-dimepz4-yl)pentane-2,4-dione altro",0.0,chloride,4.0,40.0,91.224,4.0,5.0,d,1.33
36,"3-(3,5-DiMePz4-yl)pentane-2,4-dione",Altro,Zr,ZrCl4,MeOH,Nessuno,100,24.0,0.3,0.3,1.0,Solvothermal,1,,numeric_decimal_standardized;temperature_numeric_standardized;time_numeric_standardized,,0,INCLUDED,,missing_optional_numeric:Volume solvente,MOF_GROUPED_LIGAND_SPLIT_v6.0_seed260730,DEVELOPMENT,Legante,260730,"3-(3,5-dimepz4-yl)pentane-2,4-dione altro",0.0,chloride,4.0,40.0,91.224,4.0,5.0,d,1.33
37,"3-(3,5-DiMePz4-yl)pentane-2,4-dione",Altro,Zr,ZrCl4,MeOH,Nessuno,110,48.0,0.15,0.15,1.0,Solvothermal,1,,numeric_decimal_standardized;temperature_numeric_standardized;time_numeric_standardized,,0,INCLUDED,,missing_optional_numeric:Volume solvente,MOF_GROUPED_LIGAND_SPLIT_v6.0_seed260730,DEVELOPMENT,Legante,260730,"3-(3,5-dimepz4-yl)pentane-2,4-dione altro",0.0,chloride,4.0,40.0,91.224,4.0,5.0,d,1.33
38,"3-(3,5-DiMePz4-yl)pentane-2,4-dione",Altro,Zr,ZrCl4,MeOH,Nessuno,110,72.0,0.15,0.15,1.0,Solvothermal,1,,numeric_decimal_standardized;temperature_numeric_standardized;time_numeric_standardized,,0,INCLUDED,,missing_optional_numeric:Volume solvente,MOF_GROUPED_LIGAND_SPLIT_v6.0_seed260730,DEVELOPMENT,Legante,260730,"3-(3,5-dimepz4-yl)pentane-2,4-dione altro",0.0,chloride,4.0,40.0,91.224,4.0,5.0,d,1.33
39,"3-amino-4,4'-bipyrazole",Bipyrazole,Ag,Ag2O,MeOH,Nessuno,120,24.0,0.2,0.2,1.0,Solvothermal,1,,numeric_decimal_standardized;solvent_canonicalized;temperature_numeric_standardized;time_numeric_standardized,,0,INCLUDED,,missing_optional_numeric:Volume solvente,MOF_GROUPED_LIGAND_SPLIT_v6.0_seed260730,DEVELOPMENT,Legante,260730,"3-amino-4,4'-bipyrazole bipyrazole",0.0,oxide,,47.0,107.868,11.0,5.0,d,1.93
40,"3-amino-4,4'-bipyrazole",Bipyrazole,Ag,AgNO3,ButOH,Trietilammina (TEA),120,36.0,0.15,0.15,1.0,Solvothermal,1,,additive_canonicalized;numeric_decimal_standardized;temperature_numeric_standardized;time_numeric_standardized,,0,INCLUDED,,missing_optional_numeric:Volume solvente,MOF_GROUPED_LIGAND_SPLIT_v6.0_seed260730,DEVELOPMENT,Legante,260730,"3-amino-4,4'-bipyrazole bipyrazole",0.0,nitrate,,47.0,107.868,11.0,5.0,d,1.93
41,"3-amino-4,4'-bipyrazole",Bipyrazole,Ag,AgNO3,DMF,Nessuno,110,48.0,0.2,0.2,1.0,Solvothermal,1,,numeric_decimal_standardized;temperature_numeric_standardized;time_numeric_standardized,,0,INCLUDED,,missing_optional_numeric:Volume solvente,MOF_GROUPED_LIGAND_SPLIT_v6.0_seed260730,DEVELOPMENT,Legante,260730,"3-amino-4,4'-bipyrazole bipyrazole",0.0,nitrate,,47.0,107.868,11.0,5.0,d,1.93
42,"3-amino-4,4'-bipyrazole",Bipyrazole,Ag,AgNO3,MeOH,Trietilammina (TEA),70,72.0,0.15,0.15,1.0,Solvothermal,1,,additive_canonicalized;numeric_decimal_standardized;solvent_canonicalized;temperature_numeric_standardized;time_numeric_standardized,,0,INCLUDED,,missing_optional_numeric:Volume solvente,MOF_GROUPED_LIGAND_SPLIT_v6.0_seed260730,DEVELOPMENT,Legante,260730,"3-amino-4,4'-bipyrazole bipyrazole",0.0,nitrate,,47.0,107.868,11.0,5.0,d,1.93
43,"3-amino-4,4'-bipyrazole",Bipyrazole,Ag,AgNO3,MeOH,Nessuno,120,24.0,0.2,0.2,1.0,Solvothermal,1,,numeric_decimal_standardized;solvent_canonicalized;temperature_numeric_standardized;time_numeric_standardized,,0,INCLUDED,,missing_optional_numeric:Volume solvente,MOF_GROUPED_LIGAND_SPLIT_v6.0_seed260730,DEVELOPMENT,Legante,260730,"3-amino-4,4'-bipyrazole bipyrazole",0.0,nitrate,,47.0,107.868,11.0,5.0,d,1.93
44,"3-amino-4,4'-bipyrazole",Bipyrazole,Ag,AgNO3,DMF,Nessuno,120,24.0,0.2,0.4,0.5,Solvothermal,1,,temperature_numeric_standardized;time_numeric_standardized,,0,INCLUDED,,missing_optional_numeric:Volume solvente,MOF_GROUPED_LIGAND_SPLIT_v6.0_seed260730,DEVELOPMENT,Legante,260730,"3-amino-4,4'-bipyrazole bipyrazole",0.0,nitrate,,47.0,107.868,11.0,5.0,d,1.93
45,"3-amino-4,4'-bipyrazole",Bipyrazole,Ag,Ag2O,NH3 28%,Nessuno,60,24.0,0.2,0.2,1.0,Solvothermal,1,,numeric_decimal_standardized;temperature_numeric_standardized;time_numeric_standardized,,0,INCLUDED,,missing_optional_numeric:Volume solvente,MOF_GROUPED_LIGAND_SPLIT_v6.0_seed260730,DEVELOPMENT,Legante,260730,"3-amino-4,4'-bipyrazole bipyrazole",0.0,oxide,,47.0,107.868,11.0,5.0,d,1.93
46,"3-amino-4,4'-bipyrazole",Bipyrazole,Ag,AgNO3,DMF/H2O,Nessuno,100,96.0,0.2,0.2,1.0,Solvothermal,1,,numeric_decimal_standardized;temperature_numeric_standardized;time_numeric_standardized,,0,INCLUDED,,missing_optional_numeric:Volume solvente,MOF_GROUPED_LIGAND_SPLIT_v6.0_seed260730,DEVELOPMENT,Legante,260730,"3-amino-4,4'-bipyrazole bipyrazole",0.0,nitrate,,47.0,107.868,11.0,5.0,d,1.93
47,"3-amino-4,4'-bipyrazole",Bipyrazole,Ag,AgNO3,DMF,Nessuno,100,24.0,0.4,0.4,1.0,Solvothermal,1,,numeric_decimal_standardized;temperature_numeric_standardized;time_numeric_standardized,,0,INCLUDED,,missing_optional_numeric:Volume solvente,MOF_GROUPED_LIGAND_SPLIT_v6.0_seed260730,DEVELOPMENT,Legante,260730,"3-amino-4,4'-bipyrazole bipyrazole",0.0,nitrate,,47.0,107.868,11.0,5.0,d,1.93
48,"3-amino-4,4'-bipyrazole",Bipyrazole,Ag,AgNO3,DMF,Nessuno,100,5.0,0.2,0.2,1.0,Solvothermal,1,,numeric_decimal_standardized;temperature_numeric_standardized;time_numeric_standardized,,0,INCLUDED,,missing_optional_numeric:Volume solvente,MOF_GROUPED_LIGAND_SPLIT_v6.0_seed260730,DEVELOPMENT,Legante,260730,"3-amino-4,4'-bipyrazole bipyrazole",0.0,nitrate,,47.0,107.868,11.0,5.0,d,1.93
49,"3-amino-4,4'-bipyrazole",Bipyrazole,Ag,AgNO3,DMF,Nessuno,90,2.0,0.2,0.2,1.0,Solvothermal,1,,numeric_decimal_standardized;temperature_numeric_standardized;time_numeric_standardized,,0,INCLUDED,,missing_optional_numeric:Volume solvente,MOF_GROUPED_LIGAND_SPLIT_v6.0_seed260730,DEVELOPMENT,Legante,260730,"3-amino-4,4'-bipyrazole bipyrazole",0.0,nitrate,,47.0,107.868,11.0,5.0,d,1.93
50,"3-amino-4,4'-bipyrazole",Bipyrazole,Ag,AgNO3,DMF,Nessuno,100,1.0,0.4,0.4,1.0,Solvothermal,1,,numeric_decimal_standardized;temperature_numeric_standardized;time_numeric_standardized,,0,INCLUDED,,missing_optional_numeric:Volume solvente,MOF_GROUPED_LIGAND_SPLIT_v6.0_seed260730,DEVELOPMENT,Legante,260730,"3-amino-4,4'-bipyrazole bipyrazole",0.0,nitrate,,47.0,107.868,11.0,5.0,d,1.93
51,"3-amino-4,4'-bipyrazole",Bipyrazole,Ag,AgNO3,DMF,Nessuno,120,72.0,0.15,2.0,0.075,Solvothermal,1,,numeric_decimal_standardized;temperature_numeric_standardized;time_numeric_standardized,,0,INCLUDED,,missing_optional_numeric:Volume solvente,MOF_GROUPED_LIGAND_SPLIT_v6.0_seed260730,DEVELOPMENT,Legante,260730,"3-amino-4,4'-bipyrazole bipyrazole",0.0,nitrate,,47.0,107.868,11.0,5.0,d,1.93
52,"3-amino-4,4'-bipyrazole",Bipyrazole,Ag,AgNO3,DMF/H2O/EtOH,Nessuno,100,1.0,0.15,0.15,1.0,Solvothermal,1,,numeric_decimal_standardized;solvent_canonicalized;temperature_numeric_standardized;time_numeric_standardized,,0,INCLUDED,,missing_optional_numeric:Volume solvente,MOF_GROUPED_LIGAND_SPLIT_v6.0_seed260730,DEVELOPMENT,Legante,260730,"3-amino-4,4'-bipyrazole bipyrazole",0.0,nitrate,,47.0,107.868,11.0,5.0,d,1.93
53,"3-amino-4,4'-bipyrazole",Bipyrazole,Ag,AgNO3,DMA,Nessuno,100,4.0,0.15,0.15,1.0,Solvothermal,1,,numeric_decimal_standardized;temperature_numeric_standardized;time_numeric_standardized,,0,INCLUDED,,missing_optional_numeric:Volume solvente,MOF_GROUPED_LIGAND_SPLIT_v6.0_seed260730,DEVELOPMENT,Legante,260730,"3-amino-4,4'-bipyrazole bipyrazole",0.0,nitrate,,47.0,107.868,11.0,5.0,d,1.93
54,"3-amino-4,4'-bipyrazole",Bipyrazole,Ag,AgNO3,DMF,Acido benzoico,90,1.0,0.15,0.15,1.0,Solvothermal,1,,numeric_decimal_standardized;temperature_numeric_standardized;time_numeric_standardized,,0,INCLUDED,,missing_optional_numeric:Volume solvente,MOF_GROUPED_LIGAND_SPLIT_v6.0_seed260730,DEVELOPMENT,Legante,260730,"3-amino-4,4'-bipyrazole bipyrazole",0.0,nitrate,,47.0,107.868,11.0,5.0,d,1.93
55,"3-amino-4,4'-bipyrazole",Bipyrazole,Ag,AgNO3,DMF,Nessuno,100,1.5,0.15,0.15,1.0,Solvothermal,1,,numeric_decimal_standardized;temperature_numeric_standardized,,0,INCLUDED,,missing_optional_numeric:Volume solvente,MOF_GROUPED_LIGAND_SPLIT_v6.0_seed260730,DEVELOPMENT,Legante,260730,"3-amino-4,4'-bipyrazole bipyrazole",0.0,nitrate,,47.0,107.868,11.0,5.0,d,1.93
56,"3-amino-4,4'-bipyrazole",Bipyrazole,Ag,AgNO3,DMF/MeCN,Nessuno,100,1.0,0.15,0.15,1.0,Solvothermal,1,,numeric_decimal_standardized;solvent_canonicalized;temperature_numeric_standardized;time_numeric_standardized,,0,INCLUDED,,missing_optional_numeric:Volume solvente,MOF_GROUPED_LIGAND_SPLIT_v6.0_seed260730,DEVELOPMENT,Legante,260730,"3-amino-4,4'-bipyrazole bipyrazole",0.0,nitrate,,47.0,107.868,11.0,5.0,d,1.93
57,"3-amino-4,4'-bipyrazole",Bipyrazole,Ag,AgNO3,DMF/MeCN,Nessuno,80,24.0,0.15,0.15,1.0,Solvothermal,1,,numeric_decimal_standardized;solvent_canonicalized;temperature_numeric_standardized;time_numeric_standardized,,0,INCLUDED,,missing_optional_numeric:Volume solvente,MOF_GROUPED_LIGAND_SPLIT_v6.0_seed260730,DEVELOPMENT,Legante,260730,"3-amino-4,4'-bipyrazole bipyrazole",0.0,nitrate,,47.0,107.868,11.0,5.0,d,1.93
58,"3-amino-4,4'-bipyrazole",Bipyrazole,Ag,AgNO3,DMF/MeCN,Nessuno,100,1.5,0.15,0.15,1.0,Solvothermal,1,,numeric_decimal_standardized;solvent_canonicalized;temperature_numeric_standardized,,0,INCLUDED,,missing_optional_numeric:Volume solvente,MOF_GROUPED_LIGAND_SPLIT_v6.0_seed260730,DEVELOPMENT,Legante,260730,"3-amino-4,4'-bipyrazole bipyrazole",0.0,nitrate,,47.0,107.868,11.0,5.0,d,1.93
59,"3-amino-4,4'-bipyrazole",Bipyrazole,Ag,AgNO3,Et3N,Nessuno,120,24.0,0.3,0.3,1.0,Solvothermal,1,,numeric_decimal_standardized;temperature_numeric_standardized;time_numeric_standardized,,0,INCLUDED,,missing_optional_numeric:Volume solvente,MOF_GROUPED_LIGAND_SPLIT_v6.0_seed260730,DEVELOPMENT,Legante,260730,"3-amino-4,4'-bipyrazole bipyrazole",0.0,nitrate,,47.0,107.868,11.0,5.0,d,1.93
60,"3-amino-4,4'-bipyrazole",Bipyrazole,Ag,AgNO3,DMF,Nessuno,100,48.0,0.2,0.2,1.0,Solvothermal,1,,numeric_decimal_standardized;temperature_numeric_standardized;time_numeric_standardized,,0,INCLUDED,,missing_optional_numeric:Volume solvente,MOF_GROUPED_LIGAND_SPLIT_v6.0_seed260730,DEVELOPMENT,Legante,260730,"3-amino-4,4'-bipyrazole bipyrazole",0.0,nitrate,,47.0,107.868,11.0,5.0,d,1.93
61,"3-amino-4,4'-bipyrazole",Bipyrazole,Ag,AgNO3,DMF,Nessuno,120,72.0,0.3,0.3,1.0,Solvothermal,1,,numeric_decimal_standardized;temperature_numeric_standardized;time_numeric_standardized,,0,INCLUDED,,missing_optional_numeric:Volume solvente,MOF_GROUPED_LIGAND_SPLIT_v6.0_seed260730,DEVELOPMENT,Legante,260730,"3-amino-4,4'-bipyrazole bipyrazole",0.0,nitrate,,47.0,107.868,11.0,5.0,d,1.93
62,"3-amino-4,4'-bipyrazole",Bipyrazole,Ag,AgNO3,Et3N,Nessuno,120,60.0,0.25,0.4,0.625,Solvothermal,1,,temperature_numeric_standardized;time_numeric_standardized,,0,INCLUDED,,missing_optional_numeric:Volume solvente,MOF_GROUPED_LIGAND_SPLIT_v6.0_seed260730,DEVELOPMENT,Legante,260730,"3-amino-4,4'-bipyrazole bipyrazole",0.0,nitrate,,47.0,107.868,11.0,5.0,d,1.93
63,"3-amino-4,4'-bipyrazole",Bipyrazole,Ag,Ag2O,Non specificato,Nessuno,120,60.0,0.25,0.4,0.625,Solvothermal,1,,temperature_numeric_standardized;time_numeric_standardized,,0,INCLUDED,,missing_optional_numeric:Volume solvente,MOF_GROUPED_LIGAND_SPLIT_v6.0_seed260730,DEVELOPMENT,Legante,260730,"3-amino-4,4'-bipyrazole bipyrazole",0.0,oxide,,47.0,107.868,11.0,5.0,d,1.93
64,"3-amino-4,4'-bipyrazole",Bipyrazole,Au,Cloro(tri-tert-butilfosfina)Au(I),DMF,Nessuno,120,72.0,0.2,0.2,1.0,Solvothermal,1,,numeric_decimal_standardized;temperature_numeric_standardized;time_numeric_standardized,,0,INCLUDED,,missing_optional_numeric:Volume solvente,MOF_GROUPED_LIGAND_SPLIT_v6.0_seed260730,DEVELOPMENT,Legante,260730,"3-amino-4,4'-bipyrazole bipyrazole",0.0,chloride,1.0,79.0,196.967,11.0,6.0,d,2.54
65,"3-amino-4,4'-bipyrazole",Bipyrazole,Au,Chlorotriphenylphosphine gold(I),Non specificato,Nessuno,120,24.0,0.2,0.2,1.0,Solvothermal,1,,numeric_decimal_standardized;temperature_numeric_standardized;time_numeric_standardized,,0,INCLUDED,,missing_optional_numeric:Volume solvente,MOF_GROUPED_LIGAND_SPLIT_v6.0_seed260730,DEVELOPMENT,Legante,260730,"3-amino-4,4'-bipyrazole bipyrazole",0.0,iodide,1.0,79.0,196.967,11.0,6.0,d,2.54
66,"3-amino-4,4'-bipyrazole",Bipyrazole,Au,Cloro(tri-tert-butilfosfina)Au(I),MeOH,Nessuno,120,24.0,0.2,0.2,1.0,Solvothermal,1,,numeric_decimal_standardized;solvent_canonicalized;temperature_numeric_standardized;time_numeric_standardized,,0,INCLUDED,,missing_optional_numeric:Volume solvente,MOF_GROUPED_LIGAND_SPLIT_v6.0_seed260730,DEVELOPMENT,Legante,260730,"3-amino-4,4'-bipyrazole bipyrazole",0.0,chloride,1.0,79.0,196.967,11.0,6.0,d,2.54
67,"3-amino-4,4'-bipyrazole",Bipyrazole,Au,Cloro(tri-tert-butilfosfina)Au(I),DMF,Nessuno,100,48.0,0.2,0.2,1.0,Solvothermal,1,,numeric_decimal_standardized;temperature_numeric_standardized;time_numeric_standardized,,0,INCLUDED,,missing_optional_numeric:Volume solvente,MOF_GROUPED_LIGAND_SPLIT_v6.0_seed260730,DEVELOPMENT,Legante,260730,"3-amino-4,4'-bipyrazole bipyrazole",0.0,chloride,1.0,79.0,196.967,11.0,6.0,d,2.54
68,"3-amino-4,4'-bipyrazole",Bipyrazole,Au,Chlorotriphenylphosphine gold(I),Non specificato,Nessuno,120,60.0,0.25,0.4,0.625,Solvothermal,1,,temperature_numeric_standardized;time_numeric_standardized,,0,INCLUDED,,missing_optional_numeric:Volume solvente,MOF_GROUPED_LIGAND_SPLIT_v6.0_seed260730,DEVELOPMENT,Legante,260730,"3-amino-4,4'-bipyrazole bipyrazole",0.0,iodide,1.0,79.0,196.967,11.0,6.0,d,2.54
69,"3-amino-4,4'-bipyrazole",Bipyrazole,Cd,Cd(NO3)2·4H2O,DMF/H2O,Nessuno,160,72.0,0.3,0.3,1.0,Solvothermal,1,,numeric_decimal_standardized;salt_hydrate_separator_standardized;temperature_numeric_standardized;time_numeric_standardized,,0,INCLUDED,,missing_optional_numeric:Volume solvente,MOF_GROUPED_LIGAND_SPLIT_v6.0_seed260730,DEVELOPMENT,Legante,260730,"3-amino-4,4'-bipyrazole bipyrazole",4.0,nitrate,2.0,48.0,112.414,12.0,5.0,d,1.69
70,"3-amino-4,4'-bipyrazole",Bipyrazole,Cd,Cd(NO3)2·4H2O,DMF,Nessuno,140,72.0,0.2,0.2,1.0,Solvothermal,1,,numeric_decimal_standardized;salt_hydrate_separator_standardized;temperature_numeric_standardized;time_numeric_standardized,,0,INCLUDED,,missing_optional_numeric:Volume solvente,MOF_GROUPED_LIGAND_SPLIT_v6.0_seed260730,DEVELOPMENT,Legante,260730,"3-amino-4,4'-bipyrazole bipyrazole",4.0,nitrate,2.0,48.0,112.414,12.0,5.0,d,1.69
71,"3-amino-4,4'-bipyrazole",Bipyrazole,Cd,Cd(OAc)2·2H2O,DMF/H2O,Nessuno,140,48.0,0.2,0.1,2.0,Solvothermal,1,,numeric_decimal_standardized;salt_hydrate_separator_standardized;temperature_numeric_standardized;time_numeric_standardized,,0,INCLUDED,,missing_optional_numeric:Volume solvente,MOF_GROUPED_LIGAND_SPLIT_v6.0_seed260730,DEVELOPMENT,Legante,260730,"3-amino-4,4'-bipyrazole bipyrazole",2.0,acetate,2.0,48.0,112.414,12.0,5.0,d,1.69
72,"3-amino-4,4'-bipyrazole",Bipyrazole,Cd,Cd(NO3)2·4H2O,MeOH,Nessuno,120,48.0,0.2,0.1,2.0,Solvothermal,1,,numeric_decimal_standardized;salt_hydrate_separator_standardized;temperature_numeric_standardized;time_numeric_standardized,,0,INCLUDED,,missing_optional_numeric:Volume solvente,MOF_GROUPED_LIGAND_SPLIT_v6.0_seed260730,DEVELOPMENT,Legante,260730,"3-amino-4,4'-bipyrazole bipyrazole",4.0,nitrate,2.0,48.0,112.414,12.0,5.0,d,1.69
73,"3-amino-4,4'-bipyrazole",Bipyrazole,Cd,Cd(NO3)2·4H2O,DMF/H2O,Nessuno,140,120.0,0.2,0.1,2.0,Solvothermal,1,,numeric_decimal_standardized;salt_hydrate_separator_standardized;temperature_numeric_standardized;time_numeric_standardized,,0,INCLUDED,,missing_optional_numeric:Volume solvente,MOF_GROUPED_LIGAND_SPLIT_v6.0_seed260730,DEVELOPMENT,Legante,260730,"3-amino-4,4'-bipyrazole bipyrazole",4.0,nitrate,2.0,48.0,112.414,12.0,5.0,d,1.69
74,"3-amino-4,4'-bipyrazole",Bipyrazole,Cd,Cd(NO3)2·4H2O,DMF,Nessuno,140,48.0,0.2,0.1,2.0,Solvothermal,1,,numeric_decimal_standardized;salt_hydrate_separator_standardized;temperature_numeric_standardized;time_numeric_standardized,,0,INCLUDED,,missing_optional_numeric:Volume solvente,MOF_GROUPED_LIGAND_SPLIT_v6.0_seed260730,DEVELOPMENT,Legante,260730,"3-amino-4,4'-bipyrazole bipyrazole",4.0,nitrate,2.0,48.0,112.414,12.0,5.0,d,1.69
75,"3-amino-4,4'-bipyrazole",Bipyrazole,Cd,Cd(NO3)2·4H2O,DMF,Nessuno,140,48.0,0.8,0.4,2.0,Solvothermal,1,,numeric_decimal_standardized;salt_hydrate_separator_standardized;temperature_numeric_standardized;time_numeric_standardized,,0,INCLUDED,,missing_optional_numeric:Volume solvente,MOF_GROUPED_LIGAND_SPLIT_v6.0_seed260730,DEVELOPMENT,Legante,260730,"3-amino-4,4'-bipyrazole bipyrazole",4.0,nitrate,2.0,48.0,112.414,12.0,5.0,d,1.69
76,"3-amino-4,4'-bipyrazole",Bipyrazole,Cd,Cd(NO3)2·4H2O,DMF,Nessuno,160,24.0,0.2,0.1,2.0,Solvothermal,2,,numeric_decimal_standardized;salt_hydrate_separator_standardized;temperature_numeric_standardized;time_numeric_standardized,,0,INCLUDED,,missing_optional_numeric:Volume solvente,MOF_GROUPED_LIGAND_SPLIT_v6.0_seed260730,DEVELOPMENT,Legante,260730,"3-amino-4,4'-bipyrazole bipyrazole",4.0,nitrate,2.0,48.0,112.414,12.0,5.0,d,1.69
77,"3-amino-4,4'-bipyrazole",Bipyrazole,Cd,Cd(NO3)2·4H2O,DMF,Nessuno,160,48.0,0.1,0.1,1.0,Solvothermal,1,,numeric_decimal_standardized;salt_hydrate_separator_standardized;temperature_numeric_standardized;time_numeric_standardized,,0,INCLUDED,,missing_optional_numeric:Volume solvente,MOF_GROUPED_LIGAND_SPLIT_v6.0_seed260730,DEVELOPMENT,Legante,260730,"3-amino-4,4'-bipyrazole bipyrazole",4.0,nitrate,2.0,48.0,112.414,12.0,5.0,d,1.69
78,"3-amino-4,4'-bipyrazole",Bipyrazole,Cd,Cd(NO3)2·4H2O,DMF,Nessuno,160,48.0,0.1,0.2,0.5,Solvothermal,1,,salt_hydrate_separator_standardized;temperature_numeric_standardized;time_numeric_standardized,,0,INCLUDED,,missing_optional_numeric:Volume solvente,MOF_GROUPED_LIGAND_SPLIT_v6.0_seed260730,DEVELOPMENT,Legante,260730,"3-amino-4,4'-bipyrazole bipyrazole",4.0,nitrate,2.0,48.0,112.414,12.0,5.0,d,1.69
79,"3-amino-4,4'-bipyrazole",Bipyrazole,Cd,Cd(OAc)2·2H2O,DMF,Nessuno,140,48.0,0.2,0.1,2.0,Solvothermal,1,,numeric_decimal_standardized;salt_hydrate_separator_standardized;temperature_numeric_standardized;time_numeric_standardized,,0,INCLUDED,,missing_optional_numeric:Volume solvente,MOF_GROUPED_LIGAND_SPLIT_v6.0_seed260730,DEVELOPMENT,Legante,260730,"3-amino-4,4'-bipyrazole bipyrazole",2.0,acetate,2.0,48.0,112.414,12.0,5.0,d,1.69
80,"3-amino-4,4'-bipyrazole",Bipyrazole,Cd,Cd(NO3)2·4H2O,DMF/EtOH,Nessuno,140,48.0,0.2,0.1,2.0,Solvothermal,1,,numeric_decimal_standardized;salt_hydrate_separator_standardized;temperature_numeric_standardized;time_numeric_standardized,,0,INCLUDED,,missing_optional_numeric:Volume solvente,MOF_GROUPED_LIGAND_SPLIT_v6.0_seed260730,DEVELOPMENT,Legante,260730,"3-amino-4,4'-bipyrazole bipyrazole",4.0,nitrate,2.0,48.0,112.414,12.0,5.0,d,1.69
81,"3-amino-4,4'-bipyrazole",Bipyrazole,Cd,Cd(NO3)2·4H2O,DMF/MeOH,Nessuno,140,72.0,0.2,0.1,2.0,Solvothermal,1,,numeric_decimal_standardized;salt_hydrate_separator_standardized;temperature_numeric_standardized;time_numeric_standardized,,0,INCLUDED,,missing_optional_numeric:Volume solvente,MOF_GROUPED_LIGAND_SPLIT_v6.0_seed260730,DEVELOPMENT,Legante,260730,"3-amino-4,4'-bipyrazole bipyrazole",4.0,nitrate,2.0,48.0,112.414,12.0,5.0,d,1.69
82,"3-amino-4,4'-bipyrazole",Bipyrazole,Cd,Cd(NO3)2·4H2O,Non specificato,Nessuno,120,48.0,0.15,0.15,1.0,Solvothermal,1,,numeric_decimal_standardized;salt_hydrate_separator_standardized;temperature_numeric_standardized;time_numeric_standardized,,0,INCLUDED,,missing_optional_numeric:Volume solvente,MOF_GROUPED_LIGAND_SPLIT_v6.0_seed260730,DEVELOPMENT,Legante,260730,"3-amino-4,4'-bipyrazole bipyrazole",4.0,nitrate,2.0,48.0,112.414,12.0,5.0,d,1.69
83,"3-amino-4,4'-bipyrazole",Bipyrazole,Cd,Cd(OAc)2·2H2O,Non specificato,Nessuno,120,48.0,0.15,0.15,1.0,Solvothermal,1,,numeric_decimal_standardized;salt_hydrate_separator_standardized;temperature_numeric_standardized;time_numeric_standardized,,0,INCLUDED,,missing_optional_numeric:Volume solvente,MOF_GROUPED_LIGAND_SPLIT_v6.0_seed260730,DEVELOPMENT,Legante,260730,"3-amino-4,4'-bipyrazole bipyrazole",2.0,acetate,2.0,48.0,112.414,12.0,5.0,d,1.69
84,"3-amino-4,4'-bipyrazole",Bipyrazole,Cu,CuOAc,MeOH,Mesitilene,120,24.0,0.2,0.2,1.0,Solvothermal,1,,numeric_decimal_standardized;solvent_canonicalized;temperature_numeric_standardized;time_numeric_standardized,,0,INCLUDED,,missing_optional_numeric:Volume solvente,MOF_GROUPED_LIGAND_SPLIT_v6.0_seed260730,DEVELOPMENT,Legante,260730,"3-amino-4,4'-bipyrazole bipyrazole",0.0,acetate,,29.0,63.546,11.0,4.0,d,1.9
85,"3-amino-4,4'-bipyrazole",Bipyrazole,Cu,CuOAc,ButOH,Nessuno,120,36.0,0.15,0.15,1.0,Solvothermal,1,,numeric_decimal_standardized;temperature_numeric_standardized;time_numeric_standardized,,0,INCLUDED,,missing_optional_numeric:Volume solvente,MOF_GROUPED_LIGAND_SPLIT_v6.0_seed260730,DEVELOPMENT,Legante,260730,"3-amino-4,4'-bipyrazole bipyrazole",0.0,acetate,,29.0,63.546,11.0,4.0,d,1.9
86,"3-amino-4,4'-bipyrazole",Bipyrazole,Cu,CuOAc,DMF,Nessuno,110,48.0,0.2,0.2,1.0,Solvothermal,1,,numeric_decimal_standardized;temperature_numeric_standardized;time_numeric_standardized,,0,INCLUDED,,missing_optional_numeric:Volume solvente,MOF_GROUPED_LIGAND_SPLIT_v6.0_seed260730,DEVELOPMENT,Legante,260730,"3-amino-4,4'-bipyrazole bipyrazole",0.0,acetate,,29.0,63.546,11.0,4.0,d,1.9
87,"3-amino-4,4'-bipyrazole",Bipyrazole,Cu,CuOAc,MeOH,Nessuno,70,72.0,0.15,0.15,1.0,Solvothermal,1,,numeric_decimal_standardized;solvent_canonicalized;temperature_numeric_standardized;time_numeric_standardized,,0,INCLUDED,,missing_optional_numeric:Volume solvente,MOF_GROUPED_LIGAND_SPLIT_v6.0_seed260730,DEVELOPMENT,Legante,260730,"3-amino-4,4'-bipyrazole bipyrazole",0.0,acetate,,29.0,63.546,11.0,4.0,d,1.9
88,"3-amino-4,4'-bipyrazole",Bipyrazole,Cu,CuOAc,DMF,Nessuno,120,24.0,0.2,0.4,0.5,Solvothermal,1,,temperature_numeric_standardized;time_numeric_standardized,,0,INCLUDED,,missing_optional_numeric:Volume solvente,MOF_GROUPED_LIGAND_SPLIT_v6.0_seed260730,DEVELOPMENT,Legante,260730,"3-amino-4,4'-bipyrazole bipyrazole",0.0,acetate,,29.0,63.546,11.0,4.0,d,1.9
89,"3-amino-4,4'-bipyrazole",Bipyrazole,Cu,CuCl,NH3 28%,Nessuno,60,24.0,0.3,0.3,1.0,Solvothermal,1,,numeric_decimal_standardized;temperature_numeric_standardized;time_numeric_standardized,,0,INCLUDED,,missing_optional_numeric:Volume solvente,MOF_GROUPED_LIGAND_SPLIT_v6.0_seed260730,DEVELOPMENT,Legante,260730,"3-amino-4,4'-bipyrazole bipyrazole",0.0,chloride,,29.0,63.546,11.0,4.0,d,1.9
90,"3-amino-4,4'-bipyrazole",Bipyrazole,Cu,CuI,Non specificato,Nessuno,100,24.0,0.2,0.2,1.0,Solvothermal,1,,numeric_decimal_standardized;temperature_numeric_standardized;time_numeric_standardized;exact_duplicate_candidate,DUP_001,0,INCLUDED,,duplicate_representative_retained;missing_optional_numeric:Volume solvente,MOF_GROUPED_LIGAND_SPLIT_v6.0_seed260730,DEVELOPMENT,Legante,260730,"3-amino-4,4'-bipyrazole bipyrazole",0.0,iodide,,29.0,63.546,11.0,4.0,d,1.9
92,"3-amino-4,4'-bipyrazole",Bipyrazole,Cu,CuOAc,H2O/Met,Nessuno,160,72.0,0.5,0.5,1.0,Solvothermal,1,,numeric_decimal_standardized;solvent_canonicalized;temperature_numeric_standardized;time_numeric_standardized,,0,INCLUDED,,missing_optional_numeric:Volume solvente,MOF_GROUPED_LIGAND_SPLIT_v6.0_seed260730,DEVELOPMENT,Legante,260730,"3-amino-4,4'-bipyrazole bipyrazole",0.0,acetate,,29.0,63.546,11.0,4.0,d,1.9
93,"3-amino-4,4'-bipyrazole",Bipyrazole,Cu,CuOAc,DMF,Nessuno,100,48.0,0.2,0.2,1.0,Solvothermal,1,,numeric_decimal_standardized;temperature_numeric_standardized;time_numeric_standardized,,0,INCLUDED,,missing_optional_numeric:Volume solvente,MOF_GROUPED_LIGAND_SPLIT_v6.0_seed260730,DEVELOPMENT,Legante,260730,"3-amino-4,4'-bipyrazole bipyrazole",0.0,acetate,,29.0,63.546,11.0,4.0,d,1.9
94,"3-amino-4,4'-bipyrazole",Bipyrazole,Cu,CuOAc,DMF,Nessuno,120,72.0,0.3,0.3,1.0,Solvothermal,1,,numeric_decimal_standardized;temperature_numeric_standardized;time_numeric_standardized,,0,INCLUDED,,missing_optional_numeric:Volume solvente,MOF_GROUPED_LIGAND_SPLIT_v6.0_seed260730,DEVELOPMENT,Legante,260730,"3-amino-4,4'-bipyrazole bipyrazole",0.0,acetate,,29.0,63.546,11.0,4.0,d,1.9
95,"3-amino-4,4'-bipyrazole",Bipyrazole,Cu,Cu(OAc)2·H2O,Non specificato,Nessuno,120,60.0,0.25,0.4,0.625,Solvothermal,1,,salt_hydrate_separator_standardized;temperature_numeric_standardized;time_numeric_standardized,,0,INCLUDED,,missing_optional_numeric:Volume solvente,MOF_GROUPED_LIGAND_SPLIT_v6.0_seed260730,DEVELOPMENT,Legante,260730,"3-amino-4,4'-bipyrazole bipyrazole",1.0,acetate,2.0,29.0,63.546,11.0,4.0,d,1.9
96,"3-amino-4,4'-bipyrazole",Bipyrazole,Cu,Cu(OAc),Non specificato,Nessuno,120,60.0,0.25,0.4,0.625,Solvothermal,1,,temperature_numeric_standardized;time_numeric_standardized,,0,INCLUDED,,missing_optional_numeric:Volume solvente,MOF_GROUPED_LIGAND_SPLIT_v6.0_seed260730,DEVELOPMENT,Legante,260730,"3-amino-4,4'-bipyrazole bipyrazole",0.0,acetate,,29.0,63.546,11.0,4.0,d,1.9
97,"3-amino-4,4'-bipyrazole",Bipyrazole,Cu,Cu2O,Non specificato,Nessuno,120,60.0,0.25,0.4,0.625,Solvothermal,1,,temperature_numeric_standardized;time_numeric_standardized,,0,INCLUDED,,missing_optional_numeric:Volume solvente,MOF_GROUPED_LIGAND_SPLIT_v6.0_seed260730,DEVELOPMENT,Legante,260730,"3-amino-4,4'-bipyrazole bipyrazole",0.0,oxide,,29.0,63.546,11.0,4.0,d,1.9
98,"3-amino-4,4'-bipyrazole",Bipyrazole,Cu,CuCl,Na(OAc),Nessuno,120,60.0,0.25,0.4,0.625,Solvothermal,1,,temperature_numeric_standardized;time_numeric_standardized;exact_duplicate_candidate,DUP_002,0,INCLUDED,,duplicate_representative_retained;missing_optional_numeric:Volume solvente,MOF_GROUPED_LIGAND_SPLIT_v6.0_seed260730,DEVELOPMENT,Legante,260730,"3-amino-4,4'-bipyrazole bipyrazole",0.0,chloride,,29.0,63.546,11.0,4.0,d,1.9
100,"3-amino-4,4'-bipyrazole",Bipyrazole,Cu,CuI,Non specificato,Nessuno,120,180.0,0.25,0.4,0.625,Solvothermal,1,,temperature_numeric_standardized;time_numeric_standardized,,0,INCLUDED,,missing_optional_numeric:Volume solvente,MOF_GROUPED_LIGAND_SPLIT_v6.0_seed260730,DEVELOPMENT,Legante,260730,"3-amino-4,4'-bipyrazole bipyrazole",0.0,iodide,,29.0,63.546,11.0,4.0,d,1.9
101,"3-amino-4,4'-bipyrazole",Bipyrazole,Fe,Fe(NO3)3·9H2O,Non specificato,Nessuno,140,24.0,0.15,0.15,1.0,Solvothermal,1,,numeric_decimal_standardized;salt_hydrate_separator_standardized;temperature_numeric_standardized;time_numeric_standardized,,0,INCLUDED,,missing_optional_numeric:Volume solvente,MOF_GROUPED_LIGAND_SPLIT_v6.0_seed260730,DEVELOPMENT,Legante,260730,"3-amino-4,4'-bipyrazole bipyrazole",9.0,nitrate,3.0,26.0,55.845,8.0,4.0,d,1.83
102,"3-amino-4,4'-bipyrazole",Bipyrazole,Fe,Fe(NO3)3·9H2O,DMF,Nessuno,120,24.0,0.2,0.1,2.0,Solvothermal,1,,numeric_decimal_standardized;salt_hydrate_separator_standardized;temperature_numeric_standardized;time_numeric_standardized,,0,INCLUDED,,missing_optional_numeric:Volume solvente,MOF_GROUPED_LIGAND_SPLIT_v6.0_seed260730,DEVELOPMENT,Legante,260730,"3-amino-4,4'-bipyrazole bipyrazole",9.0,nitrate,3.0,26.0,55.845,8.0,4.0,d,1.83
103,"3-amino-4,4'-bipyrazole",Bipyrazole,Fe,FeCl3,DMF,Nessuno,120,24.0,0.2,0.1,2.0,Solvothermal,1,,numeric_decimal_standardized;temperature_numeric_standardized;time_numeric_standardized,,0,INCLUDED,,missing_optional_numeric:Volume solvente,MOF_GROUPED_LIGAND_SPLIT_v6.0_seed260730,DEVELOPMENT,Legante,260730,"3-amino-4,4'-bipyrazole bipyrazole",0.0,chloride,3.0,26.0,55.845,8.0,4.0,d,1.83
104,"3-amino-4,4'-bipyrazole",Bipyrazole,Fe,FeCl3,DMF,Acido acetico,120,24.0,0.2,0.1,2.0,Solvothermal,1,,additive_canonicalized;numeric_decimal_standardized;temperature_numeric_standardized;time_numeric_standardized;exact_duplicate_candidate,DUP_003,0,INCLUDED,,duplicate_representative_retained;missing_optional_numeric:Volume solvente,MOF_GROUPED_LIGAND_SPLIT_v6.0_seed260730,DEVELOPMENT,Legante,260730,"3-amino-4,4'-bipyrazole bipyrazole",0.0,chloride,3.0,26.0,55.845,8.0,4.0,d,1.83
106,"3-amino-4,4'-bipyrazole",Bipyrazole,Fe,FeCl3,DMF/H2O,Acido acetico,100,24.0,0.2,0.1,2.0,Solvothermal,1,,additive_canonicalized;numeric_decimal_standardized;solvent_canonicalized;temperature_numeric_standardized;time_numeric_standardized,,0,INCLUDED,,missing_optional_numeric:Volume solvente,MOF_GROUPED_LIGAND_SPLIT_v6.0_seed260730,DEVELOPMENT,Legante,260730,"3-amino-4,4'-bipyrazole bipyrazole",0.0,chloride,3.0,26.0,55.845,8.0,4.0,d,1.83
107,"3-amino-4,4'-bipyrazole",Bipyrazole,Fe,FeCl3,DMF/H2O,Acido acetico,110,72.0,0.2,0.2,1.0,Solvothermal,1,,additive_canonicalized;numeric_decimal_standardized;solvent_canonicalized;temperature_numeric_standardized;time_numeric_standardized,,0,INCLUDED,,missing_optional_numeric:Volume solvente,MOF_GROUPED_LIGAND_SPLIT_v6.0_seed260730,DEVELOPMENT,Legante,260730,"3-amino-4,4'-bipyrazole bipyrazole",0.0,chloride,3.0,26.0,55.845,8.0,4.0,d,1.83
108,"3-amino-4,4'-bipyrazole",Bipyrazole,Mg,Mg(OAc)2·4H2O,H2O,Nessuno,130,48.0,0.15,0.45,0.33333333,Solvothermal,1,,numeric_decimal_standardized;salt_hydrate_separator_standardized;temperature_numeric_standardized;time_numeric_standardized,,0,INCLUDED,,missing_optional_numeric:Volume solvente,MOF_GROUPED_LIGAND_SPLIT_v6.0_seed260730,DEVELOPMENT,Legante,260730,"3-amino-4,4'-bipyrazole bipyrazole",4.0,acetate,2.0,12.0,24.305,2.0,3.0,s,1.31
109,"3-amino-4,4'-bipyrazole",Bipyrazole,Mn,MnCl2·4H2O,Non specificato,Nessuno,100,24.0,0.2,0.2,1.0,Solvothermal,1,,numeric_decimal_standardized;salt_hydrate_separator_standardized;temperature_numeric_standardized;time_numeric_standardized,,0,INCLUDED,,missing_optional_numeric:Volume solvente,MOF_GROUPED_LIGAND_SPLIT_v6.0_seed260730,DEVELOPMENT,Legante,260730,"3-amino-4,4'-bipyrazole bipyrazole",4.0,chloride,2.0,25.0,54.938,7.0,4.0,d,1.55
110,"3-amino-4,4'-bipyrazole",Bipyrazole,Mn,MnCl2·4H2O,Non specificato,Nessuno,100,5.0,0.2,0.2,1.0,Solvothermal,1,,numeric_decimal_standardized;salt_hydrate_separator_standardized;temperature_numeric_standardized;time_numeric_standardized,,0,INCLUDED,,missing_optional_numeric:Volume solvente,MOF_GROUPED_LIGAND_SPLIT_v6.0_seed260730,DEVELOPMENT,Legante,260730,"3-amino-4,4'-bipyrazole bipyrazole",4.0,chloride,2.0,25.0,54.938,7.0,4.0,d,1.55
111,"3-amino-4,4'-bipyrazole",Bipyrazole,Mn,Mn(Oac)2·4H2O,Non specificato,Nessuno,130,72.0,0.2,0.2,1.0,Solvothermal,1,,numeric_decimal_standardized;salt_hydrate_separator_standardized;temperature_numeric_standardized;time_numeric_standardized,,0,INCLUDED,,missing_optional_numeric:Volume solvente,MOF_GROUPED_LIGAND_SPLIT_v6.0_seed260730,DEVELOPMENT,Legante,260730,"3-amino-4,4'-bipyrazole bipyrazole",4.0,acetate,2.0,25.0,54.938,7.0,4.0,d,1.55
112,"3-amino-4,4'-bipyrazole",Bipyrazole,Mn,MnCl2·4H2O,Non specificato,Nessuno,100,48.0,0.2,0.2,1.0,Solvothermal,1,,numeric_decimal_standardized;salt_hydrate_separator_standardized;temperature_numeric_standardized;time_numeric_standardized,,0,INCLUDED,,missing_optional_numeric:Volume solvente,MOF_GROUPED_LIGAND_SPLIT_v6.0_seed260730,DEVELOPMENT,Legante,260730,"3-amino-4,4'-bipyrazole bipyrazole",4.0,chloride,2.0,25.0,54.938,7.0,4.0,d,1.55
113,"3-amino-4,4'-bipyrazole",Bipyrazole,Mn,MnCl2·4H2O,Non specificato,Nessuno,160,48.0,0.2,0.2,1.0,Solvothermal,1,,numeric_decimal_standardized;salt_hydrate_separator_standardized;temperature_numeric_standardized;time_numeric_standardized,,0,INCLUDED,,missing_optional_numeric:Volume solvente,MOF_GROUPED_LIGAND_SPLIT_v6.0_seed260730,DEVELOPMENT,Legante,260730,"3-amino-4,4'-bipyrazole bipyrazole",4.0,chloride,2.0,25.0,54.938,7.0,4.0,d,1.55
114,"3-amino-4,4'-bipyrazole",Bipyrazole,Mn,MnCl2·4H2O,Non specificato,Nessuno,160,72.0,0.2,0.2,1.0,Solvothermal,1,,numeric_decimal_standardized;salt_hydrate_separator_standardized;temperature_numeric_standardized;time_numeric_standardized,,0,INCLUDED,,missing_optional_numeric:Volume solvente,MOF_GROUPED_LIGAND_SPLIT_v6.0_seed260730,DEVELOPMENT,Legante,260730,"3-amino-4,4'-bipyrazole bipyrazole",4.0,chloride,2.0,25.0,54.938,7.0,4.0,d,1.55
115,"3-amino-4,4'-bipyrazole",Bipyrazole,Mn,Mn(Oac)2·4H2O,Non specificato,Nessuno,160,24.0,0.2,0.2,1.0,Solvothermal,1,,numeric_decimal_standardized;salt_hydrate_separator_standardized;temperature_numeric_standardized;time_numeric_standardized,,0,INCLUDED,,missing_optional_numeric:Volume solvente,MOF_GROUPED_LIGAND_SPLIT_v6.0_seed260730,DEVELOPMENT,Legante,260730,"3-amino-4,4'-bipyrazole bipyrazole",4.0,acetate,2.0,25.0,54.938,7.0,4.0,d,1.55
116,"3-amino-4,4'-bipyrazole",Bipyrazole,Mn,Mn(Oac)2·4H2O,DMF,BDC,140,115.0,0.2,0.2,1.0,Solvothermal,1,,numeric_decimal_standardized;salt_hydrate_separator_standardized;temperature_numeric_standardized;time_numeric_standardized,,0,INCLUDED,,missing_optional_numeric:Volume solvente,MOF_GROUPED_LIGAND_SPLIT_v6.0_seed260730,DEVELOPMENT,Legante,260730,"3-amino-4,4'-bipyrazole bipyrazole",4.0,acetate,2.0,25.0,54.938,7.0,4.0,d,1.55
117,"3-amino-4,4'-bipyrazole",Bipyrazole,Zr,Zr(OCH3)4,HCl 37%,Nessuno,120,48.0,0.15,0.15,1.0,Solvothermal,1,,numeric_decimal_standardized;temperature_numeric_standardized;time_numeric_standardized,,0,INCLUDED,,missing_optional_numeric:Volume solvente,MOF_GROUPED_LIGAND_SPLIT_v6.0_seed260730,DEVELOPMENT,Legante,260730,"3-amino-4,4'-bipyrazole bipyrazole",0.0,alkoxide,4.0,40.0,91.224,4.0,5.0,d,1.33
118,"3-amino-4,4'-bipyrazole",Bipyrazole,Zr,ZrCl4,HCl 37%,Nessuno,120,48.0,0.15,0.15,1.0,Solvothermal,1,,numeric_decimal_standardized;temperature_numeric_standardized;time_numeric_standardized,,0,INCLUDED,,missing_optional_numeric:Volume solvente,MOF_GROUPED_LIGAND_SPLIT_v6.0_seed260730,DEVELOPMENT,Legante,260730,"3-amino-4,4'-bipyrazole bipyrazole",0.0,chloride,4.0,40.0,91.224,4.0,5.0,d,1.33
119,"3-amino-4,4'-bipyrazole",Bipyrazole,Zr,ZrCl4,H2O,Nessuno,100,48.0,0.2,0.1,2.0,Solvothermal,1,,numeric_decimal_standardized;temperature_numeric_standardized;time_numeric_standardized,,0,INCLUDED,,missing_optional_numeric:Volume solvente,MOF_GROUPED_LIGAND_SPLIT_v6.0_seed260730,DEVELOPMENT,Legante,260730,"3-amino-4,4'-bipyrazole bipyrazole",0.0,chloride,4.0,40.0,91.224,4.0,5.0,d,1.33
120,"3-amino-4,4'-bipyrazole",Bipyrazole,Zr,ZrCl4,DMF,Nessuno,120,48.0,0.2,0.1,2.0,Solvothermal,1,,numeric_decimal_standardized;temperature_numeric_standardized;time_numeric_standardized,,0,INCLUDED,,missing_optional_numeric:Volume solvente,MOF_GROUPED_LIGAND_SPLIT_v6.0_seed260730,DEVELOPMENT,Legante,260730,"3-amino-4,4'-bipyrazole bipyrazole",0.0,chloride,4.0,40.0,91.224,4.0,5.0,d,1.33
121,3-MePz-4-COOH,Pyrazole carbossilati,Al,Al(NO3)3·9H2O,DMF,Nessuno,120,24.0,0.2,0.2,1.0,Solvothermal,1,,numeric_decimal_standardized;salt_hydrate_separator_standardized;temperature_numeric_standardized;time_numeric_standardized,,0,INCLUDED,,missing_optional_numeric:Volume solvente,MOF_GROUPED_LIGAND_SPLIT_v6.0_seed260730,DEVELOPMENT,Legante,260730,3-mepz-4-cooh pyrazole carbossilati,9.0,nitrate,3.0,13.0,26.982,13.0,3.0,p,1.61
122,3-MePz-4-COOH,Pyrazole carbossilati,Cu,Cu(OAc)2·H2O,H2O,Nessuno,120,96.0,0.2,0.1,2.0,Solvothermal,2,,numeric_decimal_standardized;salt_hydrate_separator_standardized;temperature_numeric_standardized;time_numeric_standardized,,0,INCLUDED,,missing_optional_numeric:Volume solvente,MOF_GROUPED_LIGAND_SPLIT_v6.0_seed260730,DEVELOPMENT,Legante,260730,3-mepz-4-cooh pyrazole carbossilati,1.0,acetate,2.0,29.0,63.546,11.0,4.0,d,1.9
123,3-MePz-4-COOH,Pyrazole carbossilati,Fe,Fe2(SO4)3·xH2O,DMF/EtOH,Nessuno,120,24.0,0.2,0.1,2.0,Solvothermal,1,,numeric_decimal_standardized;salt_hydrate_separator_standardized;temperature_numeric_standardized;time_numeric_standardized,,0,INCLUDED,,missing_optional_numeric:Volume solvente,MOF_GROUPED_LIGAND_SPLIT_v6.0_seed260730,DEVELOPMENT,Legante,260730,3-mepz-4-cooh pyrazole carbossilati,1.0,sulfate,,26.0,55.845,8.0,4.0,d,1.83
124,3-MePz-4-COOH,Pyrazole carbossilati,Fe,FeCl3,DMF/EtOH,Nessuno,120,24.0,0.2,0.1,2.0,Solvothermal,1,,numeric_decimal_standardized;temperature_numeric_standardized;time_numeric_standardized,,0,INCLUDED,,missing_optional_numeric:Volume solvente,MOF_GROUPED_LIGAND_SPLIT_v6.0_seed260730,DEVELOPMENT,Legante,260730,3-mepz-4-cooh pyrazole carbossilati,0.0,chloride,3.0,26.0,55.845,8.0,4.0,d,1.83
125,3-MePz-4-COOH,Pyrazole carbossilati,Mn,Mn(OAc)2·4H2O,DMF/H2O,Nessuno,120,24.0,0.2,0.1,2.0,Solvothermal,2,,numeric_decimal_standardized;salt_hydrate_separator_standardized;temperature_numeric_standardized;time_numeric_standardized,,0,INCLUDED,,missing_optional_numeric:Volume solvente,MOF_GROUPED_LIGAND_SPLIT_v6.0_seed260730,DEVELOPMENT,Legante,260730,3-mepz-4-cooh pyrazole carbossilati,4.0,acetate,2.0,25.0,54.938,7.0,4.0,d,1.55
126,3-MePz-4-COOH,Pyrazole carbossilati,Mn,Mn(OAc)2·4H2O,DMF/H2O,Nessuno,120,72.0,0.2,0.1,2.0,Solvothermal,2,,numeric_decimal_standardized;salt_hydrate_separator_standardized;temperature_numeric_standardized;time_numeric_standardized,,0,INCLUDED,,missing_optional_numeric:Volume solvente,MOF_GROUPED_LIGAND_SPLIT_v6.0_seed260730,DEVELOPMENT,Legante,260730,3-mepz-4-cooh pyrazole carbossilati,4.0,acetate,2.0,25.0,54.938,7.0,4.0,d,1.55
127,3-MePz-4-COOH,Pyrazole carbossilati,Ni,Ni(NO3)2,DMF/H2O,Nessuno,120,72.0,0.2,0.1,2.0,Solvothermal,2,,numeric_decimal_standardized;temperature_numeric_standardized;time_numeric_standardized,,0,INCLUDED,,missing_optional_numeric:Volume solvente,MOF_GROUPED_LIGAND_SPLIT_v6.0_seed260730,DEVELOPMENT,Legante,260730,3-mepz-4-cooh pyrazole carbossilati,0.0,nitrate,2.0,28.0,58.693,10.0,4.0,d,1.91
128,3-MePz-4-COOH,Pyrazole carbossilati,Zr,ZrCl4,MeOH,Nessuno,110,94.0,0.3,0.3,1.0,Solvothermal,1,,numeric_decimal_standardized;temperature_numeric_standardized;time_numeric_standardized,,0,INCLUDED,,missing_optional_numeric:Volume solvente,MOF_GROUPED_LIGAND_SPLIT_v6.0_seed260730,DEVELOPMENT,Legante,260730,3-mepz-4-cooh pyrazole carbossilati,0.0,chloride,4.0,40.0,91.224,4.0,5.0,d,1.33
129,3-MePz-4-COOH,Pyrazole carbossilati,Zr,ZrCl4,MeOH,Nessuno,100,24.0,0.3,0.3,1.0,Solvothermal,1,,numeric_decimal_standardized;temperature_numeric_standardized;time_numeric_standardized,,0,INCLUDED,,missing_optional_numeric:Volume solvente,MOF_GROUPED_LIGAND_SPLIT_v6.0_seed260730,DEVELOPMENT,Legante,260730,3-mepz-4-cooh pyrazole carbossilati,0.0,chloride,4.0,40.0,91.224,4.0,5.0,d,1.33
130,3-MePz-4-COOH,Pyrazole carbossilati,Zr,ZrCl4,MeOH,Nessuno,110,24.0,0.15,0.15,1.0,Solvothermal,1,,numeric_decimal_standardized;temperature_numeric_standardized;time_numeric_standardized,,0,INCLUDED,,missing_optional_numeric:Volume solvente,MOF_GROUPED_LIGAND_SPLIT_v6.0_seed260730,DEVELOPMENT,Legante,260730,3-mepz-4-cooh pyrazole carbossilati,0.0,chloride,4.0,40.0,91.224,4.0,5.0,d,1.33
131,3-MePz-4-COOH,Pyrazole carbossilati,Zr,ZrCl4,DMF/MeOH,Nessuno,110,24.0,0.15,0.15,1.0,Solvothermal,1,,numeric_decimal_standardized;temperature_numeric_standardized;time_numeric_standardized,,0,INCLUDED,,missing_optional_numeric:Volume solvente,MOF_GROUPED_LIGAND_SPLIT_v6.0_seed260730,DEVELOPMENT,Legante,260730,3-mepz-4-cooh pyrazole carbossilati,0.0,chloride,4.0,40.0,91.224,4.0,5.0,d,1.33
132,3-MePz-4-COOH,Pyrazole carbossilati,Zr,ZrCl4,MeOH,Nessuno,110,72.0,0.15,0.15,1.0,Solvothermal,1,,numeric_decimal_standardized;temperature_numeric_standardized;time_numeric_standardized,,0,INCLUDED,,missing_optional_numeric:Volume solvente,MOF_GROUPED_LIGAND_SPLIT_v6.0_seed260730,DEVELOPMENT,Legante,260730,3-mepz-4-cooh pyrazole carbossilati,0.0,chloride,4.0,40.0,91.224,4.0,5.0,d,1.33
133,"3-nitro-4,4'-bipyrazole",Bipyrazole,Cd,Cd(NO3)2·4H2O,DMF/EtOH,Nessuno,140,72.0,0.2,0.1,2.0,Solvothermal,1,,numeric_decimal_standardized;salt_hydrate_separator_standardized;temperature_numeric_standardized;time_numeric_standardized,,0,INCLUDED,,missing_optional_numeric:Volume solvente,MOF_GROUPED_LIGAND_SPLIT_v6.0_seed260730,DEVELOPMENT,Legante,260730,"3-nitro-4,4'-bipyrazole bipyrazole",4.0,nitrate,2.0,48.0,112.414,12.0,5.0,d,1.69
134,"3-nitro-4,4'-bipyrazole",Bipyrazole,Cd,Cd(NO3)2·4H2O,DMF,Nessuno,140,72.0,0.2,0.1,2.0,Solvothermal,1,,numeric_decimal_standardized;salt_hydrate_separator_standardized;temperature_numeric_standardized;time_numeric_standardized,,0,INCLUDED,,missing_optional_numeric:Volume solvente,MOF_GROUPED_LIGAND_SPLIT_v6.0_seed260730,DEVELOPMENT,Legante,260730,"3-nitro-4,4'-bipyrazole bipyrazole",4.0,nitrate,2.0,48.0,112.414,12.0,5.0,d,1.69
135,"3-nitro-4,4'-bipyrazole",Bipyrazole,Cd,Cd(NO3)2·4H2O,DMF,Nessuno,140,72.0,0.6,0.3,2.0,Solvothermal,1,,numeric_decimal_standardized;salt_hydrate_separator_standardized;temperature_numeric_standardized;time_numeric_standardized,,0,INCLUDED,,missing_optional_numeric:Volume solvente,MOF_GROUPED_LIGAND_SPLIT_v6.0_seed260730,DEVELOPMENT,Legante,260730,"3-nitro-4,4'-bipyrazole bipyrazole",4.0,nitrate,2.0,48.0,112.414,12.0,5.0,d,1.69
136,"3-nitro-4,4'-bipyrazole",Bipyrazole,Cd,Cd(OAc)2·2H2O,DMF,Nessuno,140,72.0,0.2,0.1,2.0,Solvothermal,1,,numeric_decimal_standardized;salt_hydrate_separator_standardized;temperature_numeric_standardized;time_numeric_standardized,,0,INCLUDED,,missing_optional_numeric:Volume solvente,MOF_GROUPED_LIGAND_SPLIT_v6.0_seed260730,DEVELOPMENT,Legante,260730,"3-nitro-4,4'-bipyrazole bipyrazole",2.0,acetate,2.0,48.0,112.414,12.0,5.0,d,1.69
137,"3-nitro-4,4'-bipyrazole",Bipyrazole,Cd,Cd(NO3)2·4H2O,DMF,Nessuno,160,24.0,0.2,0.1,2.0,Solvothermal,2,,numeric_decimal_standardized;salt_hydrate_separator_standardized;temperature_numeric_standardized;time_numeric_standardized,,0,INCLUDED,,missing_optional_numeric:Volume solvente,MOF_GROUPED_LIGAND_SPLIT_v6.0_seed260730,DEVELOPMENT,Legante,260730,"3-nitro-4,4'-bipyrazole bipyrazole",4.0,nitrate,2.0,48.0,112.414,12.0,5.0,d,1.69
138,"3-nitro-4,4'-bipyrazole",Bipyrazole,Cd,Cd(NO3)2·4H2O,DMF,Nessuno,160,48.0,0.1,0.1,1.0,Solvothermal,1,,numeric_decimal_standardized;salt_hydrate_separator_standardized;temperature_numeric_standardized;time_numeric_standardized,,0,INCLUDED,,missing_optional_numeric:Volume solvente,MOF_GROUPED_LIGAND_SPLIT_v6.0_seed260730,DEVELOPMENT,Legante,260730,"3-nitro-4,4'-bipyrazole bipyrazole",4.0,nitrate,2.0,48.0,112.414,12.0,5.0,d,1.69
139,"3-nitro-4,4'-bipyrazole",Bipyrazole,Cd,Cd(NO3)2·4H2O,DMF,Nessuno,160,48.0,0.1,0.2,0.5,Solvothermal,1,,salt_hydrate_separator_standardized;temperature_numeric_standardized;time_numeric_standardized,,0,INCLUDED,,missing_optional_numeric:Volume solvente,MOF_GROUPED_LIGAND_SPLIT_v6.0_seed260730,DEVELOPMENT,Legante,260730,"3-nitro-4,4'-bipyrazole bipyrazole",4.0,nitrate,2.0,48.0,112.414,12.0,5.0,d,1.69
140,"3-nitro-4,4'-bipyrazole",Bipyrazole,Cd,Cd(NO3)2·4H2O,DMF/H2O,Nessuno,160,72.0,0.3,0.3,1.0,Solvothermal,1,,numeric_decimal_standardized;salt_hydrate_separator_standardized;temperature_numeric_standardized;time_numeric_standardized,,0,INCLUDED,,missing_optional_numeric:Volume solvente,MOF_GROUPED_LIGAND_SPLIT_v6.0_seed260730,DEVELOPMENT,Legante,260730,"3-nitro-4,4'-bipyrazole bipyrazole",4.0,nitrate,2.0,48.0,112.414,12.0,5.0,d,1.69
141,"3-nitro-4,4'-bipyrazole",Bipyrazole,Cd,Cd(NO3)2·4H2O,DMF/H2O,Nessuno,140,120.0,0.2,0.1,2.0,Solvothermal,1,,numeric_decimal_standardized;salt_hydrate_separator_standardized;temperature_numeric_standardized;time_numeric_standardized,,0,INCLUDED,,missing_optional_numeric:Volume solvente,MOF_GROUPED_LIGAND_SPLIT_v6.0_seed260730,DEVELOPMENT,Legante,260730,"3-nitro-4,4'-bipyrazole bipyrazole",4.0,nitrate,2.0,48.0,112.414,12.0,5.0,d,1.69
161,"3,3'-dinitro-4,4'-bipyrazole",Bipyrazole,Cd,Cd(NO3)2·4H2O,DMF,Nessuno,150,24.0,0.1,0.1,1.0,Solvothermal,2,,numeric_decimal_standardized;salt_hydrate_separator_standardized;temperature_numeric_standardized;time_numeric_standardized,,0,INCLUDED,,missing_optional_numeric:Volume solvente,MOF_GROUPED_LIGAND_SPLIT_v6.0_seed260730,DEVELOPMENT,Legante,260730,"3,3'-dinitro-4,4'-bipyrazole bipyrazole",4.0,nitrate,2.0,48.0,112.414,12.0,5.0,d,1.69
162,"3,3'-dinitro-4,4'-bipyrazole",Bipyrazole,Cd,Cd(NO3)2·4H2O,DMF,Nessuno,150,24.0,0.1,0.2,0.5,Solvothermal,1,,salt_hydrate_separator_standardized;temperature_numeric_standardized;time_numeric_standardized,,0,INCLUDED,,missing_optional_numeric:Volume solvente,MOF_GROUPED_LIGAND_SPLIT_v6.0_seed260730,DEVELOPMENT,Legante,260730,"3,3'-dinitro-4,4'-bipyrazole bipyrazole",4.0,nitrate,2.0,48.0,112.414,12.0,5.0,d,1.69
163,"3,3'-dinitro-4,4'-bipyrazole",Bipyrazole,Cd,Cd(NO3)2·4H2O,DMF/H2O,Nessuno,160,48.0,0.2,0.1,2.0,Solvothermal,0,,numeric_decimal_standardized;salt_hydrate_separator_standardized;solvent_canonicalized;temperature_numeric_standardized;time_numeric_standardized,,0,INCLUDED,,missing_optional_numeric:Volume solvente,MOF_GROUPED_LIGAND_SPLIT_v6.0_seed260730,DEVELOPMENT,Legante,260730,"3,3'-dinitro-4,4'-bipyrazole bipyrazole",4.0,nitrate,2.0,48.0,112.414,12.0,5.0,d,1.69
164,"3,3'-dinitro-4,4'-bipyrazole",Bipyrazole,Co,Co(OAc)2·4H2O,DMF/H2O,Nessuno,160,48.0,0.2,0.1,2.0,Solvothermal,2,,numeric_decimal_standardized;salt_hydrate_separator_standardized;solvent_canonicalized;temperature_numeric_standardized;time_numeric_standardized,,0,INCLUDED,,missing_optional_numeric:Volume solvente,MOF_GROUPED_LIGAND_SPLIT_v6.0_seed260730,DEVELOPMENT,Legante,260730,"3,3'-dinitro-4,4'-bipyrazole bipyrazole",4.0,acetate,2.0,27.0,58.933,9.0,4.0,d,1.88
165,"3,3'-dinitro-4,4'-bipyrazole",Bipyrazole,Co,Cd(OAc)2·4H2O,DMF/H2O,Nessuno,160,24.0,0.2,0.2,1.0,Solvothermal,1,,numeric_decimal_standardized;salt_hydrate_separator_standardized;solvent_canonicalized;temperature_numeric_standardized;time_numeric_standardized,,0,INCLUDED,,missing_optional_numeric:Volume solvente,MOF_GROUPED_LIGAND_SPLIT_v6.0_seed260730,DEVELOPMENT,Legante,260730,"3,3'-dinitro-4,4'-bipyrazole bipyrazole",4.0,acetate,2.0,27.0,58.933,9.0,4.0,d,1.88
166,"3,3'-dinitro-4,4'-bipyrazole",Bipyrazole,Co,Co(NO3)2·6H2O,DMF/H2O,Nessuno,120,24.0,0.1,0.1,1.0,Solvothermal,1,,numeric_decimal_standardized;salt_hydrate_separator_standardized;solvent_canonicalized;temperature_numeric_standardized;time_numeric_standardized,,0,INCLUDED,,missing_optional_numeric:Volume solvente,MOF_GROUPED_LIGAND_SPLIT_v6.0_seed260730,DEVELOPMENT,Legante,260730,"3,3'-dinitro-4,4'-bipyrazole bipyrazole",6.0,nitrate,2.0,27.0,58.933,9.0,4.0,d,1.88
167,"3,3'-dinitro-4,4'-bipyrazole",Bipyrazole,Co,Co(NO3)2·6H2O,DMF/H2O,Nessuno,150,48.0,0.1,0.1,1.0,Solvothermal,1,,numeric_decimal_standardized;salt_hydrate_separator_standardized;solvent_canonicalized;temperature_numeric_standardized;time_numeric_standardized,,0,INCLUDED,,missing_optional_numeric:Volume solvente,MOF_GROUPED_LIGAND_SPLIT_v6.0_seed260730,DEVELOPMENT,Legante,260730,"3,3'-dinitro-4,4'-bipyrazole bipyrazole",6.0,nitrate,2.0,27.0,58.933,9.0,4.0,d,1.88
168,"3,3'-dinitro-4,4'-bipyrazole",Bipyrazole,Co,Cd(OAc)2·4H2O,DMF/H2O,Nessuno,160,24.0,0.1,0.2,0.5,Solvothermal,1,,salt_hydrate_separator_standardized;solvent_canonicalized;temperature_numeric_standardized;time_numeric_standardized,,0,INCLUDED,,missing_optional_numeric:Volume solvente,MOF_GROUPED_LIGAND_SPLIT_v6.0_seed260730,DEVELOPMENT,Legante,260730,"3,3'-dinitro-4,4'-bipyrazole bipyrazole",4.0,acetate,2.0,27.0,58.933,9.0,4.0,d,1.88
169,"3,3'-dinitro-4,4'-bipyrazole",Bipyrazole,Co,Co(NO3)2·6H2O,DMF,Nessuno,160,6.0,0.2,0.1,2.0,Solvothermal,2,,numeric_decimal_standardized;salt_hydrate_separator_standardized;temperature_numeric_standardized;time_numeric_standardized,,0,INCLUDED,,missing_optional_numeric:Volume solvente,MOF_GROUPED_LIGAND_SPLIT_v6.0_seed260730,DEVELOPMENT,Legante,260730,"3,3'-dinitro-4,4'-bipyrazole bipyrazole",6.0,nitrate,2.0,27.0,58.933,9.0,4.0,d,1.88
170,"3,3'-dinitro-4,4'-bipyrazole",Bipyrazole,Cu,Cu(NO3)2·3H2O,DMF/H2O,Nessuno,160,48.0,0.2,0.1,2.0,Solvothermal,2,,numeric_decimal_standardized;salt_hydrate_separator_standardized;solvent_canonicalized;temperature_numeric_standardized;time_numeric_standardized,,0,INCLUDED,,missing_optional_numeric:Volume solvente,MOF_GROUPED_LIGAND_SPLIT_v6.0_seed260730,DEVELOPMENT,Legante,260730,"3,3'-dinitro-4,4'-bipyrazole bipyrazole",3.0,nitrate,2.0,29.0,63.546,11.0,4.0,d,1.9
171,"3,3'-dinitro-4,4'-bipyrazole",Bipyrazole,Cu,Cu(NO3)2·3H2O,DMF/H2O,Nessuno,160,24.0,0.2,0.2,1.0,Solvothermal,1,,numeric_decimal_standardized;salt_hydrate_separator_standardized;solvent_canonicalized;temperature_numeric_standardized;time_numeric_standardized,,0,INCLUDED,,missing_optional_numeric:Volume solvente,MOF_GROUPED_LIGAND_SPLIT_v6.0_seed260730,DEVELOPMENT,Legante,260730,"3,3'-dinitro-4,4'-bipyrazole bipyrazole",3.0,nitrate,2.0,29.0,63.546,11.0,4.0,d,1.9
172,"3,3'-dinitro-4,4'-bipyrazole",Bipyrazole,Cu,Cu(NO3)2·3H2O,DMF/H2O,Nessuno,160,48.0,0.1,0.2,0.5,Solvothermal,1,,salt_hydrate_separator_standardized;solvent_canonicalized;temperature_numeric_standardized;time_numeric_standardized,,0,INCLUDED,,missing_optional_numeric:Volume solvente,MOF_GROUPED_LIGAND_SPLIT_v6.0_seed260730,DEVELOPMENT,Legante,260730,"3,3'-dinitro-4,4'-bipyrazole bipyrazole",3.0,nitrate,2.0,29.0,63.546,11.0,4.0,d,1.9
173,"3,3'-dinitro-4,4'-bipyrazole",Bipyrazole,Cu,Cu(OAc)2·H2O,DMF/H2O,Nessuno,120,24.0,0.1,0.1,1.0,Solvothermal,1,,numeric_decimal_standardized;salt_hydrate_separator_standardized;solvent_canonicalized;temperature_numeric_standardized;time_numeric_standardized,,0,INCLUDED,,missing_optional_numeric:Volume solvente,MOF_GROUPED_LIGAND_SPLIT_v6.0_seed260730,DEVELOPMENT,Legante,260730,"3,3'-dinitro-4,4'-bipyrazole bipyrazole",1.0,acetate,2.0,29.0,63.546,11.0,4.0,d,1.9
174,"3,3'-dinitro-4,4'-bipyrazole",Bipyrazole,Cu,Cu(OAc)2·H2O,DMF/H2O,Nessuno,150,48.0,0.1,0.1,1.0,Solvothermal,1,,numeric_decimal_standardized;salt_hydrate_separator_standardized;solvent_canonicalized;temperature_numeric_standardized;time_numeric_standardized,,0,INCLUDED,,missing_optional_numeric:Volume solvente,MOF_GROUPED_LIGAND_SPLIT_v6.0_seed260730,DEVELOPMENT,Legante,260730,"3,3'-dinitro-4,4'-bipyrazole bipyrazole",1.0,acetate,2.0,29.0,63.546,11.0,4.0,d,1.9
175,"3,3'-dinitro-4,4'-bipyrazole",Bipyrazole,Cu,Cu(NO3)2·3H2O,DMF,Nessuno,160,6.0,0.2,0.1,2.0,Solvothermal,2,,numeric_decimal_standardized;salt_hydrate_separator_standardized;temperature_numeric_standardized;time_numeric_standardized,,0,INCLUDED,,missing_optional_numeric:Volume solvente,MOF_GROUPED_LIGAND_SPLIT_v6.0_seed260730,DEVELOPMENT,Legante,260730,"3,3'-dinitro-4,4'-bipyrazole bipyrazole",3.0,nitrate,2.0,29.0,63.546,11.0,4.0,d,1.9
176,"3,3'-dinitro-4,4'-bipyrazole",Bipyrazole,Ni,Ni(OAc)2·4H2O,MeCN,Nessuno,120,6.0,0.2,0.2,1.0,Solvothermal,1,,numeric_decimal_standardized;salt_hydrate_separator_standardized;solvent_canonicalized;temperature_numeric_standardized;time_numeric_standardized,,0,INCLUDED,,missing_optional_numeric:Volume solvente,MOF_GROUPED_LIGAND_SPLIT_v6.0_seed260730,DEVELOPMENT,Legante,260730,"3,3'-dinitro-4,4'-bipyrazole bipyrazole",4.0,acetate,2.0,28.0,58.693,10.0,4.0,d,1.91
177,"3,3'-dinitro-4,4'-bipyrazole",Bipyrazole,Zn,Zn(NO3)2·6H2O,DMF/H2O,Nessuno,160,48.0,0.2,0.1,2.0,Solvothermal,2,,numeric_decimal_standardized;salt_hydrate_separator_standardized;solvent_canonicalized;temperature_numeric_standardized;time_numeric_standardized,,0,INCLUDED,,missing_optional_numeric:Volume solvente,MOF_GROUPED_LIGAND_SPLIT_v6.0_seed260730,DEVELOPMENT,Legante,260730,"3,3'-dinitro-4,4'-bipyrazole bipyrazole",6.0,nitrate,2.0,30.0,65.38,12.0,4.0,d,1.65
178,"3,3'-dinitro-4,4'-bipyrazole",Bipyrazole,Zn,Zn(NO3)2·6H2O,DMF/H2O,Nessuno,160,24.0,0.2,0.2,1.0,Solvothermal,1,,numeric_decimal_standardized;salt_hydrate_separator_standardized;solvent_canonicalized;temperature_numeric_standardized;time_numeric_standardized,,0,INCLUDED,,missing_optional_numeric:Volume solvente,MOF_GROUPED_LIGAND_SPLIT_v6.0_seed260730,DEVELOPMENT,Legante,260730,"3,3'-dinitro-4,4'-bipyrazole bipyrazole",6.0,nitrate,2.0,30.0,65.38,12.0,4.0,d,1.65
179,"3,3'-dinitro-4,4'-bipyrazole",Bipyrazole,Zn,Zn(OAc)2·2H2O,DMF/H2O,Nessuno,120,24.0,0.1,0.1,1.0,Solvothermal,1,,numeric_decimal_standardized;salt_hydrate_separator_standardized;solvent_canonicalized;temperature_numeric_standardized;time_numeric_standardized,,0,INCLUDED,,missing_optional_numeric:Volume solvente,MOF_GROUPED_LIGAND_SPLIT_v6.0_seed260730,DEVELOPMENT,Legante,260730,"3,3'-dinitro-4,4'-bipyrazole bipyrazole",2.0,acetate,2.0,30.0,65.38,12.0,4.0,d,1.65
180,"3,3'-dinitro-4,4'-bipyrazole",Bipyrazole,Zn,Zn(OAc)2·2H2O,DMF/H2O,Nessuno,150,48.0,0.1,0.1,1.0,Solvothermal,1,,numeric_decimal_standardized;salt_hydrate_separator_standardized;solvent_canonicalized;temperature_numeric_standardized;time_numeric_standardized,,0,INCLUDED,,missing_optional_numeric:Volume solvente,MOF_GROUPED_LIGAND_SPLIT_v6.0_seed260730,DEVELOPMENT,Legante,260730,"3,3'-dinitro-4,4'-bipyrazole bipyrazole",2.0,acetate,2.0,30.0,65.38,12.0,4.0,d,1.65
181,"3,3'-dinitro-4,4'-bipyrazole",Bipyrazole,Zn,Zn(NO3)2·6H2O,DMF/H2O,Nessuno,160,24.0,0.1,0.2,0.5,Solvothermal,2,,salt_hydrate_separator_standardized;solvent_canonicalized;temperature_numeric_standardized;time_numeric_standardized,,0,INCLUDED,,missing_optional_numeric:Volume solvente,MOF_GROUPED_LIGAND_SPLIT_v6.0_seed260730,DEVELOPMENT,Legante,260730,"3,3'-dinitro-4,4'-bipyrazole bipyrazole",6.0,nitrate,2.0,30.0,65.38,12.0,4.0,d,1.65
182,"3,3'-dinitro-4,4'-bipyrazole",Bipyrazole,Zn,Zn(NO3)2·6H2O,DMF,Nessuno,160,6.0,0.2,0.1,2.0,Solvothermal,2,,numeric_decimal_standardized;salt_hydrate_separator_standardized;temperature_numeric_standardized;time_numeric_standardized,,0,INCLUDED,,missing_optional_numeric:Volume solvente,MOF_GROUPED_LIGAND_SPLIT_v6.0_seed260730,DEVELOPMENT,Legante,260730,"3,3'-dinitro-4,4'-bipyrazole bipyrazole",6.0,nitrate,2.0,30.0,65.38,12.0,4.0,d,1.65
183,"3,3'-dinitro-4,4'-bipyrazole",Bipyrazole,Zr,ZrCl4,DMF,Nessuno,120,48.0,0.1,0.1,1.0,Solvothermal,1,,numeric_decimal_standardized;temperature_numeric_standardized;time_numeric_standardized,,0,INCLUDED,,missing_optional_numeric:Volume solvente,MOF_GROUPED_LIGAND_SPLIT_v6.0_seed260730,DEVELOPMENT,Legante,260730,"3,3'-dinitro-4,4'-bipyrazole bipyrazole",0.0,chloride,4.0,40.0,91.224,4.0,5.0,d,1.33
184,"3,3'-dinitro-4,4'-bipyrazole",Bipyrazole,Zr,ZrCl4,DMF,H2O-Et3N,120,48.0,0.1,0.1,1.0,Solvothermal,1,,numeric_decimal_standardized;temperature_numeric_standardized;time_numeric_standardized,,0,INCLUDED,,missing_optional_numeric:Volume solvente,MOF_GROUPED_LIGAND_SPLIT_v6.0_seed260730,DEVELOPMENT,Legante,260730,"3,3'-dinitro-4,4'-bipyrazole bipyrazole",0.0,chloride,4.0,40.0,91.224,4.0,5.0,d,1.33
185,"3,5-diamino-4,4'-bipyrazole",Bipyrazole,Ag,AgNO3,DMF,Nessuno,100,1.5,0.15,0.15,1.0,Solvothermal,1,,numeric_decimal_standardized;temperature_numeric_standardized,,0,INCLUDED,,missing_optional_numeric:Volume solvente,MOF_GROUPED_LIGAND_SPLIT_v6.0_seed260730,DEVELOPMENT,Legante,260730,"3,5-diamino-4,4'-bipyrazole bipyrazole",0.0,nitrate,,47.0,107.868,11.0,5.0,d,1.93
186,"3,5-diamino-4,4'-bipyrazole",Bipyrazole,Ag,AgNO3,DMF/MeCN,Nessuno,100,0.45,0.15,0.15,1.0,Solvothermal,1,,numeric_decimal_standardized;temperature_numeric_standardized,,0,INCLUDED,,missing_optional_numeric:Volume solvente,MOF_GROUPED_LIGAND_SPLIT_v6.0_seed260730,DEVELOPMENT,Legante,260730,"3,5-diamino-4,4'-bipyrazole bipyrazole",0.0,nitrate,,47.0,107.868,11.0,5.0,d,1.93
187,"3,5-diamino-4,4'-bipyrazole",Bipyrazole,Ag,AgNO3,DMF/MeCN,Nessuno,100,1.0,0.15,0.15,1.0,Solvothermal,1,,numeric_decimal_standardized;temperature_numeric_standardized;time_numeric_standardized,,0,INCLUDED,,missing_optional_numeric:Volume solvente,MOF_GROUPED_LIGAND_SPLIT_v6.0_seed260730,DEVELOPMENT,Legante,260730,"3,5-diamino-4,4'-bipyrazole bipyrazole",0.0,nitrate,,47.0,107.868,11.0,5.0,d,1.93
188,"3,5-diamino-4,4'-bipyrazole",Bipyrazole,Ag,AgNO3,DMF/MeCN,Nessuno,80,24.0,0.15,0.15,1.0,Solvothermal,1,,numeric_decimal_standardized;temperature_numeric_standardized;time_numeric_standardized,,0,INCLUDED,,missing_optional_numeric:Volume solvente,MOF_GROUPED_LIGAND_SPLIT_v6.0_seed260730,DEVELOPMENT,Legante,260730,"3,5-diamino-4,4'-bipyrazole bipyrazole",0.0,nitrate,,47.0,107.868,11.0,5.0,d,1.93
189,"3,5-diamino-4,4'-bipyrazole",Bipyrazole,Ag,Ag2O,MeOH/NH3,Nessuno,120,115.0,0.15,0.15,1.0,Solvothermal,1,,numeric_decimal_standardized;temperature_numeric_standardized;time_numeric_standardized,,0,INCLUDED,,missing_optional_numeric:Volume solvente,MOF_GROUPED_LIGAND_SPLIT_v6.0_seed260730,DEVELOPMENT,Legante,260730,"3,5-diamino-4,4'-bipyrazole bipyrazole",0.0,oxide,,47.0,107.868,11.0,5.0,d,1.93
190,"3,5-diamino-4,4'-bipyrazole",Bipyrazole,Ag,AgNO3,MeOH,Nessuno,120,24.0,0.2,0.2,1.0,Solvothermal,1,,numeric_decimal_standardized;temperature_numeric_standardized;time_numeric_standardized,,0,INCLUDED,,missing_optional_numeric:Volume solvente,MOF_GROUPED_LIGAND_SPLIT_v6.0_seed260730,DEVELOPMENT,Legante,260730,"3,5-diamino-4,4'-bipyrazole bipyrazole",0.0,nitrate,,47.0,107.868,11.0,5.0,d,1.93
191,"3,5-diamino-4,4'-bipyrazole",Bipyrazole,Ag,AgNO3,DMF/MeOH,Nessuno,120,24.0,0.2,0.2,1.0,Solvothermal,1,,numeric_decimal_standardized;temperature_numeric_standardized;time_numeric_standardized,,0,INCLUDED,,missing_optional_numeric:Volume solvente,MOF_GROUPED_LIGAND_SPLIT_v6.0_seed260730,DEVELOPMENT,Legante,260730,"3,5-diamino-4,4'-bipyrazole bipyrazole",0.0,nitrate,,47.0,107.868,11.0,5.0,d,1.93
192,"3,5-diamino-4,4'-bipyrazole",Bipyrazole,Al,Al(NO3)3∙9H2O,DMF,Nessuno,140,24.0,0.2,0.2,1.0,Solvothermal,1,,numeric_decimal_standardized;temperature_numeric_standardized;time_numeric_standardized,,0,INCLUDED,,missing_optional_numeric:Volume solvente,MOF_GROUPED_LIGAND_SPLIT_v6.0_seed260730,DEVELOPMENT,Legante,260730,"3,5-diamino-4,4'-bipyrazole bipyrazole",1.0,nitrate,3.0,13.0,26.982,13.0,3.0,p,1.61
193,"3,5-diamino-4,4'-bipyrazole",Bipyrazole,Cd,Cd(NO3)2·4H2O,DMF/H2O,Nessuno,160,72.0,0.3,0.3,1.0,Solvothermal,1,,numeric_decimal_standardized;salt_hydrate_separator_standardized;temperature_numeric_standardized;time_numeric_standardized,,0,INCLUDED,,missing_optional_numeric:Volume solvente,MOF_GROUPED_LIGAND_SPLIT_v6.0_seed260730,DEVELOPMENT,Legante,260730,"3,5-diamino-4,4'-bipyrazole bipyrazole",4.0,nitrate,2.0,48.0,112.414,12.0,5.0,d,1.69
194,"3,5-diamino-4,4'-bipyrazole",Bipyrazole,Cd,Cd(NO3)2·4H2O,DMF,Nessuno,140,72.0,0.2,0.1,2.0,Solvothermal,1,,numeric_decimal_standardized;salt_hydrate_separator_standardized;temperature_numeric_standardized;time_numeric_standardized,,0,INCLUDED,,missing_optional_numeric:Volume solvente,MOF_GROUPED_LIGAND_SPLIT_v6.0_seed260730,DEVELOPMENT,Legante,260730,"3,5-diamino-4,4'-bipyrazole bipyrazole",4.0,nitrate,2.0,48.0,112.414,12.0,5.0,d,1.69
195,"3,5-diamino-4,4'-bipyrazole",Bipyrazole,Cd,Cd(NO3)2·4H2O,DMF,Nessuno,140,72.0,0.48,0.2,2.4,Solvothermal,2,,salt_hydrate_separator_standardized;temperature_numeric_standardized;time_numeric_standardized,,0,INCLUDED,,missing_optional_numeric:Volume solvente,MOF_GROUPED_LIGAND_SPLIT_v6.0_seed260730,DEVELOPMENT,Legante,260730,"3,5-diamino-4,4'-bipyrazole bipyrazole",4.0,nitrate,2.0,48.0,112.414,12.0,5.0,d,1.69
196,"3,5-diamino-4,4'-bipyrazole",Bipyrazole,Cd,Cd(NO3)2·4H2O,DMF,Nessuno,140,48.0,1.0,0.5,2.0,Solvothermal,1,,numeric_decimal_standardized;salt_hydrate_separator_standardized;temperature_numeric_standardized;time_numeric_standardized,,0,INCLUDED,,missing_optional_numeric:Volume solvente,MOF_GROUPED_LIGAND_SPLIT_v6.0_seed260730,DEVELOPMENT,Legante,260730,"3,5-diamino-4,4'-bipyrazole bipyrazole",4.0,nitrate,2.0,48.0,112.414,12.0,5.0,d,1.69
197,"3,5-diamino-4,4'-bipyrazole",Bipyrazole,Cd,Cd(OAc)2·2H2O,DMF/H2O,Nessuno,140,48.0,0.2,0.1,2.0,Solvothermal,1,,numeric_decimal_standardized;salt_hydrate_separator_standardized;temperature_numeric_standardized;time_numeric_standardized,,0,INCLUDED,,missing_optional_numeric:Volume solvente,MOF_GROUPED_LIGAND_SPLIT_v6.0_seed260730,DEVELOPMENT,Legante,260730,"3,5-diamino-4,4'-bipyrazole bipyrazole",2.0,acetate,2.0,48.0,112.414,12.0,5.0,d,1.69
198,"3,5-diamino-4,4'-bipyrazole",Bipyrazole,Cd,Cd(NO3)2·4H2O,DMF/H2O,Nessuno,140,120.0,0.2,0.1,2.0,Solvothermal,1,,numeric_decimal_standardized;salt_hydrate_separator_standardized;temperature_numeric_standardized;time_numeric_standardized,,0,INCLUDED,,missing_optional_numeric:Volume solvente,MOF_GROUPED_LIGAND_SPLIT_v6.0_seed260730,DEVELOPMENT,Legante,260730,"3,5-diamino-4,4'-bipyrazole bipyrazole",4.0,nitrate,2.0,48.0,112.414,12.0,5.0,d,1.69
199,"3,5-diamino-4,4'-bipyrazole",Bipyrazole,Co,Co(OAc)2·4H2O,ButOH,Nessuno,130,48.0,0.2,0.2,1.0,Solvothermal,1,,numeric_decimal_standardized;salt_hydrate_separator_standardized;temperature_numeric_standardized;time_numeric_standardized,,0,INCLUDED,,missing_optional_numeric:Volume solvente,MOF_GROUPED_LIGAND_SPLIT_v6.0_seed260730,DEVELOPMENT,Legante,260730,"3,5-diamino-4,4'-bipyrazole bipyrazole",4.0,acetate,2.0,27.0,58.933,9.0,4.0,d,1.88
200,"3,5-diamino-4,4'-bipyrazole",Bipyrazole,Co,Co(OAc)2·4H2O,ButOH,Nessuno,110,72.0,0.2,0.2,1.0,Solvothermal,1,,numeric_decimal_standardized;salt_hydrate_separator_standardized;temperature_numeric_standardized;time_numeric_standardized,,0,INCLUDED,,missing_optional_numeric:Volume solvente,MOF_GROUPED_LIGAND_SPLIT_v6.0_seed260730,DEVELOPMENT,Legante,260730,"3,5-diamino-4,4'-bipyrazole bipyrazole",4.0,acetate,2.0,27.0,58.933,9.0,4.0,d,1.88
201,"3,5-diamino-4,4'-bipyrazole",Bipyrazole,Co,Co(OAc)2·4H2O,DMF,Nessuno,120,3.0,0.5,0.5,1.0,Solvothermal,1,,numeric_decimal_standardized;salt_hydrate_separator_standardized;temperature_numeric_standardized;time_numeric_standardized,,0,INCLUDED,,missing_optional_numeric:Volume solvente,MOF_GROUPED_LIGAND_SPLIT_v6.0_seed260730,DEVELOPMENT,Legante,260730,"3,5-diamino-4,4'-bipyrazole bipyrazole",4.0,acetate,2.0,27.0,58.933,9.0,4.0,d,1.88
202,"3,5-diamino-4,4'-bipyrazole",Bipyrazole,Co,Co(OAc)2·4H2O,DMF,Nessuno,120,24.0,0.2,0.2,1.0,Solvothermal,1,,numeric_decimal_standardized;salt_hydrate_separator_standardized;temperature_numeric_standardized;time_numeric_standardized;exact_duplicate_candidate,DUP_005,0,INCLUDED,,duplicate_representative_retained;missing_optional_numeric:Volume solvente,MOF_GROUPED_LIGAND_SPLIT_v6.0_seed260730,DEVELOPMENT,Legante,260730,"3,5-diamino-4,4'-bipyrazole bipyrazole",4.0,acetate,2.0,27.0,58.933,9.0,4.0,d,1.88
203,"3,5-diamino-4,4'-bipyrazole",Bipyrazole,Co,Co(OAc)2·4H2O,EtOH,Nessuno,70,72.0,0.2,0.2,1.0,Solvothermal,1,,numeric_decimal_standardized;salt_hydrate_separator_standardized;temperature_numeric_standardized;time_numeric_standardized,,0,INCLUDED,,missing_optional_numeric:Volume solvente,MOF_GROUPED_LIGAND_SPLIT_v6.0_seed260730,DEVELOPMENT,Legante,260730,"3,5-diamino-4,4'-bipyrazole bipyrazole",4.0,acetate,2.0,27.0,58.933,9.0,4.0,d,1.88
204,"3,5-diamino-4,4'-bipyrazole",Bipyrazole,Co,Co(OAc)2·4H2O,NH3 28%,Nessuno,70,24.0,0.2,0.2,1.0,Solvothermal,1,,numeric_decimal_standardized;salt_hydrate_separator_standardized;temperature_numeric_standardized;time_numeric_standardized,,0,INCLUDED,,missing_optional_numeric:Volume solvente,MOF_GROUPED_LIGAND_SPLIT_v6.0_seed260730,DEVELOPMENT,Legante,260730,"3,5-diamino-4,4'-bipyrazole bipyrazole",4.0,acetate,2.0,27.0,58.933,9.0,4.0,d,1.88
205,"3,5-diamino-4,4'-bipyrazole",Bipyrazole,Co,Co(OAc)2·4H2O,DMF,Nessuno,160,24.0,0.2,0.2,1.0,Solvothermal,1,,numeric_decimal_standardized;salt_hydrate_separator_standardized;temperature_numeric_standardized;time_numeric_standardized;exact_duplicate_candidate,DUP_006,0,INCLUDED,,duplicate_representative_retained;missing_optional_numeric:Volume solvente,MOF_GROUPED_LIGAND_SPLIT_v6.0_seed260730,DEVELOPMENT,Legante,260730,"3,5-diamino-4,4'-bipyrazole bipyrazole",4.0,acetate,2.0,27.0,58.933,9.0,4.0,d,1.88
206,"3,5-diamino-4,4'-bipyrazole",Bipyrazole,Co,Co(NO3)2·6H2O,DMF,Nessuno,160,24.0,0.2,0.2,1.0,Solvothermal,1,,numeric_decimal_standardized;salt_hydrate_separator_standardized;temperature_numeric_standardized;time_numeric_standardized;exact_duplicate_candidate,DUP_007,0,INCLUDED,,duplicate_representative_retained;missing_optional_numeric:Volume solvente,MOF_GROUPED_LIGAND_SPLIT_v6.0_seed260730,DEVELOPMENT,Legante,260730,"3,5-diamino-4,4'-bipyrazole bipyrazole",6.0,nitrate,2.0,27.0,58.933,9.0,4.0,d,1.88
208,"3,5-diamino-4,4'-bipyrazole",Bipyrazole,Co,Co(OAc)2·4H2O,NH3 30%,Nessuno,140,24.0,0.2,0.2,1.0,Solvothermal,1,,numeric_decimal_standardized;salt_hydrate_separator_standardized;temperature_numeric_standardized;time_numeric_standardized,,0,INCLUDED,,missing_optional_numeric:Volume solvente,MOF_GROUPED_LIGAND_SPLIT_v6.0_seed260730,DEVELOPMENT,Legante,260730,"3,5-diamino-4,4'-bipyrazole bipyrazole",4.0,acetate,2.0,27.0,58.933,9.0,4.0,d,1.88
209,"3,5-diamino-4,4'-bipyrazole",Bipyrazole,Co,Co(OAc)2·4H2O,DMF,BDC,160,48.0,0.2,0.2,1.0,Solvothermal,1,,numeric_decimal_standardized;salt_hydrate_separator_standardized;temperature_numeric_standardized;time_numeric_standardized,,0,INCLUDED,,missing_optional_numeric:Volume solvente,MOF_GROUPED_LIGAND_SPLIT_v6.0_seed260730,DEVELOPMENT,Legante,260730,"3,5-diamino-4,4'-bipyrazole bipyrazole",4.0,acetate,2.0,27.0,58.933,9.0,4.0,d,1.88
210,"3,5-diamino-4,4'-bipyrazole",Bipyrazole,Co,Co(OAc)2·4H2O,DMF/H2O,BDC,160,48.0,0.2,0.2,1.0,Solvothermal,1,,numeric_decimal_standardized;salt_hydrate_separator_standardized;temperature_numeric_standardized;time_numeric_standardized,,0,INCLUDED,,missing_optional_numeric:Volume solvente,MOF_GROUPED_LIGAND_SPLIT_v6.0_seed260730,DEVELOPMENT,Legante,260730,"3,5-diamino-4,4'-bipyrazole bipyrazole",4.0,acetate,2.0,27.0,58.933,9.0,4.0,d,1.88
211,"3,5-diamino-4,4'-bipyrazole",Bipyrazole,Co,Co(OAc)2·4H2O,DMF,Nessuno,200,144.0,0.2,0.2,1.0,Solvothermal,1,,numeric_decimal_standardized;salt_hydrate_separator_standardized;temperature_numeric_standardized;time_numeric_standardized,,0,INCLUDED,,missing_optional_numeric:Volume solvente,MOF_GROUPED_LIGAND_SPLIT_v6.0_seed260730,DEVELOPMENT,Legante,260730,"3,5-diamino-4,4'-bipyrazole bipyrazole",4.0,acetate,2.0,27.0,58.933,9.0,4.0,d,1.88
212,"3,5-diamino-4,4'-bipyrazole",Bipyrazole,Co,Co(OAc)2·4H2O,DMF/H2O,Nessuno,160,72.0,0.2,0.2,1.0,Solvothermal,1,,numeric_decimal_standardized;salt_hydrate_separator_standardized;temperature_numeric_standardized;time_numeric_standardized,,0,INCLUDED,,missing_optional_numeric:Volume solvente,MOF_GROUPED_LIGAND_SPLIT_v6.0_seed260730,DEVELOPMENT,Legante,260730,"3,5-diamino-4,4'-bipyrazole bipyrazole",4.0,acetate,2.0,27.0,58.933,9.0,4.0,d,1.88
213,"3,5-diamino-4,4'-bipyrazole",Bipyrazole,Co,Co(OAc)2·4H2O,DMF,Nessuno,160,72.0,0.2,0.2,1.0,Solvothermal,1,,numeric_decimal_standardized;salt_hydrate_separator_standardized;temperature_numeric_standardized;time_numeric_standardized,,0,INCLUDED,,missing_optional_numeric:Volume solvente,MOF_GROUPED_LIGAND_SPLIT_v6.0_seed260730,DEVELOPMENT,Legante,260730,"3,5-diamino-4,4'-bipyrazole bipyrazole",4.0,acetate,2.0,27.0,58.933,9.0,4.0,d,1.88
214,"3,5-diamino-4,4'-bipyrazole",Bipyrazole,Co,Co(NO3)2·6H2O,DMF/H2O,Nessuno,160,72.0,0.2,0.2,1.0,Solvothermal,1,,numeric_decimal_standardized;salt_hydrate_separator_standardized;temperature_numeric_standardized;time_numeric_standardized;exact_duplicate_candidate,DUP_008,0,INCLUDED,,duplicate_representative_retained;missing_optional_numeric:Volume solvente,MOF_GROUPED_LIGAND_SPLIT_v6.0_seed260730,DEVELOPMENT,Legante,260730,"3,5-diamino-4,4'-bipyrazole bipyrazole",6.0,nitrate,2.0,27.0,58.933,9.0,4.0,d,1.88
215,"3,5-diamino-4,4'-bipyrazole",Bipyrazole,Co,Co(NO3)2·6H2O,DMF/H2O,Nessuno,160,120.0,0.06091321,0.03435954,1.77281809,Solvothermal,1,,numeric_decimal_standardized;salt_hydrate_separator_standardized;temperature_numeric_standardized;time_numeric_standardized;exact_duplicate_candidate,DUP_009,0,INCLUDED,,duplicate_representative_retained;missing_optional_numeric:Volume solvente,MOF_GROUPED_LIGAND_SPLIT_v6.0_seed260730,DEVELOPMENT,Legante,260730,"3,5-diamino-4,4'-bipyrazole bipyrazole",6.0,nitrate,2.0,27.0,58.933,9.0,4.0,d,1.88
216,"3,5-diamino-4,4'-bipyrazole",Bipyrazole,Co,Co(NO3)2·6H2O,DMF/H2O,Nessuno,160,72.0,1.2,0.6,2.0,Solvothermal,1,,numeric_decimal_standardized;salt_hydrate_separator_standardized;temperature_numeric_standardized;time_numeric_standardized,,0,INCLUDED,,missing_optional_numeric:Volume solvente,MOF_GROUPED_LIGAND_SPLIT_v6.0_seed260730,DEVELOPMENT,Legante,260730,"3,5-diamino-4,4'-bipyrazole bipyrazole",6.0,nitrate,2.0,27.0,58.933,9.0,4.0,d,1.88
217,"3,5-diamino-4,4'-bipyrazole",Bipyrazole,Co,Co(NO3)2·6H2O,DMF/H2O,Nessuno,160,72.0,1.5,1.5,1.0,Solvothermal,1,,numeric_decimal_standardized;salt_hydrate_separator_standardized;temperature_numeric_standardized;time_numeric_standardized,,0,INCLUDED,,missing_optional_numeric:Volume solvente,MOF_GROUPED_LIGAND_SPLIT_v6.0_seed260730,DEVELOPMENT,Legante,260730,"3,5-diamino-4,4'-bipyrazole bipyrazole",6.0,nitrate,2.0,27.0,58.933,9.0,4.0,d,1.88
218,"3,5-diamino-4,4'-bipyrazole",Bipyrazole,Co,Co(NO3)2·6H2O,DMF/H2O,Nessuno,160,24.0,0.1,0.05,2.0,Solvothermal,1,,numeric_decimal_standardized;salt_hydrate_separator_standardized;temperature_numeric_standardized;time_numeric_standardized;exact_duplicate_candidate,DUP_010,0,INCLUDED,,duplicate_representative_retained;missing_optional_numeric:Volume solvente,MOF_GROUPED_LIGAND_SPLIT_v6.0_seed260730,DEVELOPMENT,Legante,260730,"3,5-diamino-4,4'-bipyrazole bipyrazole",6.0,nitrate,2.0,27.0,58.933,9.0,4.0,d,1.88
219,"3,5-diamino-4,4'-bipyrazole",Bipyrazole,Co,Co(NO3)2·6H2O,DMF/EtOH,Nessuno,160,24.0,0.1,0.05,2.0,Solvothermal,1,,numeric_decimal_standardized;salt_hydrate_separator_standardized;temperature_numeric_standardized;time_numeric_standardized,,0,INCLUDED,,missing_optional_numeric:Volume solvente,MOF_GROUPED_LIGAND_SPLIT_v6.0_seed260730,DEVELOPMENT,Legante,260730,"3,5-diamino-4,4'-bipyrazole bipyrazole",6.0,nitrate,2.0,27.0,58.933,9.0,4.0,d,1.88
221,"3,5-diamino-4,4'-bipyrazole",Bipyrazole,Co,Co(NO3)2·6H2O,DMF/EtOH,Nessuno,160,16.0,0.2,0.1,2.0,Solvothermal,1,,numeric_decimal_standardized;salt_hydrate_separator_standardized;temperature_numeric_standardized;time_numeric_standardized,,0,INCLUDED,,missing_optional_numeric:Volume solvente,MOF_GROUPED_LIGAND_SPLIT_v6.0_seed260730,DEVELOPMENT,Legante,260730,"3,5-diamino-4,4'-bipyrazole bipyrazole",6.0,nitrate,2.0,27.0,58.933,9.0,4.0,d,1.88
222,"3,5-diamino-4,4'-bipyrazole",Bipyrazole,Co,Co(NO3)2·6H2O,DMF/MeOH,Nessuno,160,24.0,0.1,0.05,2.0,Solvothermal,1,,numeric_decimal_standardized;salt_hydrate_separator_standardized;temperature_numeric_standardized;time_numeric_standardized,,0,INCLUDED,,missing_optional_numeric:Volume solvente,MOF_GROUPED_LIGAND_SPLIT_v6.0_seed260730,DEVELOPMENT,Legante,260730,"3,5-diamino-4,4'-bipyrazole bipyrazole",6.0,nitrate,2.0,27.0,58.933,9.0,4.0,d,1.88
223,"3,5-diamino-4,4'-bipyrazole",Bipyrazole,Co,Co(NO3)2·6H2O,MeOH,Nessuno,120,72.0,0.1,0.1,1.0,Solvothermal,0,,numeric_decimal_standardized;salt_hydrate_separator_standardized;temperature_numeric_standardized;time_numeric_standardized,,0,INCLUDED,,missing_optional_numeric:Volume solvente,MOF_GROUPED_LIGAND_SPLIT_v6.0_seed260730,DEVELOPMENT,Legante,260730,"3,5-diamino-4,4'-bipyrazole bipyrazole",6.0,nitrate,2.0,27.0,58.933,9.0,4.0,d,1.88
224,"3,5-diamino-4,4'-bipyrazole",Bipyrazole,Co,Co(NO3)2·6H2O,DMF/H2O,Nessuno,150,72.0,0.05,0.05,1.0,Solvothermal,2,,numeric_decimal_standardized;salt_hydrate_separator_standardized;temperature_numeric_standardized;time_numeric_standardized,,0,INCLUDED,,missing_optional_numeric:Volume solvente,MOF_GROUPED_LIGAND_SPLIT_v6.0_seed260730,DEVELOPMENT,Legante,260730,"3,5-diamino-4,4'-bipyrazole bipyrazole",6.0,nitrate,2.0,27.0,58.933,9.0,4.0,d,1.88
225,"3,5-diamino-4,4'-bipyrazole",Bipyrazole,Co,Co(OAc)2·4H2O,DMF,Nessuno,110,48.0,0.2,0.2,1.0,Solvothermal,1,,numeric_decimal_standardized;salt_hydrate_separator_standardized;temperature_numeric_standardized;time_numeric_standardized,,0,INCLUDED,,missing_optional_numeric:Volume solvente,MOF_GROUPED_LIGAND_SPLIT_v6.0_seed260730,DEVELOPMENT,Legante,260730,"3,5-diamino-4,4'-bipyrazole bipyrazole",4.0,acetate,2.0,27.0,58.933,9.0,4.0,d,1.88
226,"3,5-diamino-4,4'-bipyrazole",Bipyrazole,Co,Co(OAc)2·4H2O,DMF/H2O,Nessuno,120,24.0,0.2,0.2,1.0,Solvothermal,1,,numeric_decimal_standardized;salt_hydrate_separator_standardized;temperature_numeric_standardized;time_numeric_standardized,,0,INCLUDED,,missing_optional_numeric:Volume solvente,MOF_GROUPED_LIGAND_SPLIT_v6.0_seed260730,DEVELOPMENT,Legante,260730,"3,5-diamino-4,4'-bipyrazole bipyrazole",4.0,acetate,2.0,27.0,58.933,9.0,4.0,d,1.88
229,"3,5-diamino-4,4'-bipyrazole",Bipyrazole,Co,Co(OAc)2·4H2O,DMF,Nessuno,160,24.0,0.2,0.4,0.5,Solvothermal,1,,salt_hydrate_separator_standardized;temperature_numeric_standardized;time_numeric_standardized,,0,INCLUDED,,missing_optional_numeric:Volume solvente,MOF_GROUPED_LIGAND_SPLIT_v6.0_seed260730,DEVELOPMENT,Legante,260730,"3,5-diamino-4,4'-bipyrazole bipyrazole",4.0,acetate,2.0,27.0,58.933,9.0,4.0,d,1.88
230,"3,5-diamino-4,4'-bipyrazole",Bipyrazole,Co,Co(NO3)2·6H2O,DMF/MeOH,Nessuno,160,24.0,0.2,0.2,1.0,Solvothermal,1,,numeric_decimal_standardized;salt_hydrate_separator_standardized;solvent_canonicalized;temperature_numeric_standardized;time_numeric_standardized,,0,INCLUDED,,missing_optional_numeric:Volume solvente,MOF_GROUPED_LIGAND_SPLIT_v6.0_seed260730,DEVELOPMENT,Legante,260730,"3,5-diamino-4,4'-bipyrazole bipyrazole",6.0,nitrate,2.0,27.0,58.933,9.0,4.0,d,1.88
231,"3,5-diamino-4,4'-bipyrazole",Bipyrazole,Co,Co(OAc)2·4H2O,DMF/MeOH,Nessuno,160,24.0,0.2,0.2,1.0,Solvothermal,1,,numeric_decimal_standardized;salt_hydrate_separator_standardized;solvent_canonicalized;temperature_numeric_standardized;time_numeric_standardized,,0,INCLUDED,,missing_optional_numeric:Volume solvente,MOF_GROUPED_LIGAND_SPLIT_v6.0_seed260730,DEVELOPMENT,Legante,260730,"3,5-diamino-4,4'-bipyrazole bipyrazole",4.0,acetate,2.0,27.0,58.933,9.0,4.0,d,1.88
232,"3,5-diamino-4,4'-bipyrazole",Bipyrazole,Co,Co(NO3)2·6H2O,DMF/H2O,Nessuno,160,95.0,0.06091321,0.03435954,1.77281809,Solvothermal,1,,numeric_decimal_standardized;salt_hydrate_separator_standardized;temperature_numeric_standardized;time_numeric_standardized,,0,INCLUDED,,missing_optional_numeric:Volume solvente,MOF_GROUPED_LIGAND_SPLIT_v6.0_seed260730,DEVELOPMENT,Legante,260730,"3,5-diamino-4,4'-bipyrazole bipyrazole",6.0,nitrate,2.0,27.0,58.933,9.0,4.0,d,1.88
233,"3,5-diamino-4,4'-bipyrazole",Bipyrazole,Co,Co(NO3)2·6H2O,DMF/H2O,Nessuno,160,24.0,0.1218,0.0687,1.77292576,Solvothermal,1,,numeric_decimal_standardized;salt_hydrate_separator_standardized;temperature_numeric_standardized;time_numeric_standardized,,0,INCLUDED,,missing_optional_numeric:Volume solvente,MOF_GROUPED_LIGAND_SPLIT_v6.0_seed260730,DEVELOPMENT,Legante,260730,"3,5-diamino-4,4'-bipyrazole bipyrazole",6.0,nitrate,2.0,27.0,58.933,9.0,4.0,d,1.88
234,"3,5-diamino-4,4'-bipyrazole",Bipyrazole,Co,Co(NO3)2·6H2O,DMF/H2O,Nessuno,160,24.0,1.2,1.2,1.0,Solvothermal,1,,numeric_decimal_standardized;salt_hydrate_separator_standardized;temperature_numeric_standardized;time_numeric_standardized;exact_duplicate_candidate,DUP_011,0,INCLUDED,,duplicate_representative_retained;missing_optional_numeric:Volume solvente,MOF_GROUPED_LIGAND_SPLIT_v6.0_seed260730,DEVELOPMENT,Legante,260730,"3,5-diamino-4,4'-bipyrazole bipyrazole",6.0,nitrate,2.0,27.0,58.933,9.0,4.0,d,1.88
235,"3,5-diamino-4,4'-bipyrazole",Bipyrazole,Co,Co(NO3)2·6H2O,DMF/H2O,Nessuno,160,24.0,1.3,1.3,1.0,Solvothermal,1,,numeric_decimal_standardized;salt_hydrate_separator_standardized;temperature_numeric_standardized;time_numeric_standardized,,0,INCLUDED,,missing_optional_numeric:Volume solvente,MOF_GROUPED_LIGAND_SPLIT_v6.0_seed260730,DEVELOPMENT,Legante,260730,"3,5-diamino-4,4'-bipyrazole bipyrazole",6.0,nitrate,2.0,27.0,58.933,9.0,4.0,d,1.88
237,"3,5-diamino-4,4'-bipyrazole",Bipyrazole,Co,Co(NO3)2·6H2O,DMF/H2O,Nessuno,160,24.0,0.2,0.2,1.0,Solvothermal,1,,numeric_decimal_standardized;salt_hydrate_separator_standardized;temperature_numeric_standardized;time_numeric_standardized;exact_duplicate_candidate,DUP_012,0,INCLUDED,,duplicate_representative_retained;missing_optional_numeric:Volume solvente,MOF_GROUPED_LIGAND_SPLIT_v6.0_seed260730,DEVELOPMENT,Legante,260730,"3,5-diamino-4,4'-bipyrazole bipyrazole",6.0,nitrate,2.0,27.0,58.933,9.0,4.0,d,1.88
240,"3,5-diamino-4,4'-bipyrazole",Bipyrazole,Co,Co(NO3)2·6H2O,DMF/MeCN/ButOH,Nessuno,160,48.0,0.06091321,0.03435954,1.77281809,Solvothermal,1,,numeric_decimal_standardized;salt_hydrate_separator_standardized;solvent_canonicalized;temperature_numeric_standardized;time_numeric_standardized,,0,INCLUDED,,missing_optional_numeric:Volume solvente,MOF_GROUPED_LIGAND_SPLIT_v6.0_seed260730,DEVELOPMENT,Legante,260730,"3,5-diamino-4,4'-bipyrazole bipyrazole",6.0,nitrate,2.0,27.0,58.933,9.0,4.0,d,1.88
241,"3,5-diamino-4,4'-bipyrazole",Bipyrazole,Co,Co(NO3)2·6H2O,DMF/H2O,Nessuno,160,100.0,0.1827,0.1029,1.7755102,Solvothermal,1,,numeric_decimal_standardized;salt_hydrate_separator_standardized;temperature_numeric_standardized;time_numeric_standardized,,0,INCLUDED,,missing_optional_numeric:Volume solvente,MOF_GROUPED_LIGAND_SPLIT_v6.0_seed260730,DEVELOPMENT,Legante,260730,"3,5-diamino-4,4'-bipyrazole bipyrazole",6.0,nitrate,2.0,27.0,58.933,9.0,4.0,d,1.88
243,"3,5-diamino-4,4'-bipyrazole",Bipyrazole,Co,Co(NO3)2·6H2O,DMF/H2O,Nessuno,160,24.0,1.2,0.6,2.0,Solvothermal,1,,numeric_decimal_standardized;salt_hydrate_separator_standardized;temperature_numeric_standardized;time_numeric_standardized,,0,INCLUDED,,missing_optional_numeric:Volume solvente,MOF_GROUPED_LIGAND_SPLIT_v6.0_seed260730,DEVELOPMENT,Legante,260730,"3,5-diamino-4,4'-bipyrazole bipyrazole",6.0,nitrate,2.0,27.0,58.933,9.0,4.0,d,1.88
244,"3,5-diamino-4,4'-bipyrazole",Bipyrazole,Co,Co(NO3)2·6H2O,DMF,Nessuno,160,24.0,0.2,0.4,0.5,Solvothermal,1,,salt_hydrate_separator_standardized;temperature_numeric_standardized;time_numeric_standardized,,0,INCLUDED,,missing_optional_numeric:Volume solvente,MOF_GROUPED_LIGAND_SPLIT_v6.0_seed260730,DEVELOPMENT,Legante,260730,"3,5-diamino-4,4'-bipyrazole bipyrazole",6.0,nitrate,2.0,27.0,58.933,9.0,4.0,d,1.88
245,"3,5-diamino-4,4'-bipyrazole",Bipyrazole,Co,Co(OAc)2·4H2O,Non specificato,Nessuno,120,60.0,0.25,0.4,0.625,Solvothermal,1,,salt_hydrate_separator_standardized;temperature_numeric_standardized;time_numeric_standardized,,0,INCLUDED,,missing_optional_numeric:Volume solvente,MOF_GROUPED_LIGAND_SPLIT_v6.0_seed260730,DEVELOPMENT,Legante,260730,"3,5-diamino-4,4'-bipyrazole bipyrazole",4.0,acetate,2.0,27.0,58.933,9.0,4.0,d,1.88
246,"3,5-diamino-4,4'-bipyrazole",Bipyrazole,Cu,Cu(OAc)2·H2O,DMF,Nessuno,120,24.0,0.2,0.2,1.0,Solvothermal,1,,numeric_decimal_standardized;salt_hydrate_separator_standardized;temperature_numeric_standardized;time_numeric_standardized;exact_duplicate_candidate,DUP_013,0,INCLUDED,,duplicate_representative_retained;missing_optional_numeric:Volume solvente,MOF_GROUPED_LIGAND_SPLIT_v6.0_seed260730,DEVELOPMENT,Legante,260730,"3,5-diamino-4,4'-bipyrazole bipyrazole",1.0,acetate,2.0,29.0,63.546,11.0,4.0,d,1.9
247,"3,5-diamino-4,4'-bipyrazole",Bipyrazole,Cu,Cu(OAc)2·H2O,ButOH,Nessuno,130,48.0,0.2,0.2,1.0,Solvothermal,1,,numeric_decimal_standardized;salt_hydrate_separator_standardized;temperature_numeric_standardized;time_numeric_standardized,,0,INCLUDED,,missing_optional_numeric:Volume solvente,MOF_GROUPED_LIGAND_SPLIT_v6.0_seed260730,DEVELOPMENT,Legante,260730,"3,5-diamino-4,4'-bipyrazole bipyrazole",1.0,acetate,2.0,29.0,63.546,11.0,4.0,d,1.9
248,"3,5-diamino-4,4'-bipyrazole",Bipyrazole,Cu,Cu(OAc)2·H2O,ButOH,Nessuno,110,72.0,0.2,0.2,1.0,Solvothermal,1,,numeric_decimal_standardized;salt_hydrate_separator_standardized;temperature_numeric_standardized;time_numeric_standardized,,0,INCLUDED,,missing_optional_numeric:Volume solvente,MOF_GROUPED_LIGAND_SPLIT_v6.0_seed260730,DEVELOPMENT,Legante,260730,"3,5-diamino-4,4'-bipyrazole bipyrazole",1.0,acetate,2.0,29.0,63.546,11.0,4.0,d,1.9
249,"3,5-diamino-4,4'-bipyrazole",Bipyrazole,Cu,Cu(OAc)2·H2O,DMF,Nessuno,120,3.0,0.5,0.5,1.0,Solvothermal,1,,numeric_decimal_standardized;salt_hydrate_separator_standardized;temperature_numeric_standardized;time_numeric_standardized,,0,INCLUDED,,missing_optional_numeric:Volume solvente,MOF_GROUPED_LIGAND_SPLIT_v6.0_seed260730,DEVELOPMENT,Legante,260730,"3,5-diamino-4,4'-bipyrazole bipyrazole",1.0,acetate,2.0,29.0,63.546,11.0,4.0,d,1.9
251,"3,5-diamino-4,4'-bipyrazole",Bipyrazole,Cu,Cu(OAc)2·H2O,EtOH,Nessuno,70,72.0,0.2,0.2,1.0,Solvothermal,1,,numeric_decimal_standardized;salt_hydrate_separator_standardized;temperature_numeric_standardized;time_numeric_standardized,,0,INCLUDED,,missing_optional_numeric:Volume solvente,MOF_GROUPED_LIGAND_SPLIT_v6.0_seed260730,DEVELOPMENT,Legante,260730,"3,5-diamino-4,4'-bipyrazole bipyrazole",1.0,acetate,2.0,29.0,63.546,11.0,4.0,d,1.9
252,"3,5-diamino-4,4'-bipyrazole",Bipyrazole,Cu,Cu(OAc)2·H2O,DMF,Nessuno,80,3.0,0.5,0.5,1.0,Solvothermal,1,,numeric_decimal_standardized;salt_hydrate_separator_standardized;temperature_numeric_standardized;time_numeric_standardized,,0,INCLUDED,,missing_optional_numeric:Volume solvente,MOF_GROUPED_LIGAND_SPLIT_v6.0_seed260730,DEVELOPMENT,Legante,260730,"3,5-diamino-4,4'-bipyrazole bipyrazole",1.0,acetate,2.0,29.0,63.546,11.0,4.0,d,1.9
253,"3,5-diamino-4,4'-bipyrazole",Bipyrazole,Cu,Cu(OAc)2·H2O,NH3 30%,Nessuno,110,24.0,0.2,0.5,0.4,Solvothermal,1,,salt_hydrate_separator_standardized;temperature_numeric_standardized;time_numeric_standardized,,0,INCLUDED,,missing_optional_numeric:Volume solvente,MOF_GROUPED_LIGAND_SPLIT_v6.0_seed260730,DEVELOPMENT,Legante,260730,"3,5-diamino-4,4'-bipyrazole bipyrazole",1.0,acetate,2.0,29.0,63.546,11.0,4.0,d,1.9
254,"3,5-diamino-4,4'-bipyrazole",Bipyrazole,Cu,Cu(NO3)2·3H2O,Non specificato,Nessuno,110,24.0,0.2,0.2,1.0,Solvothermal,1,,numeric_decimal_standardized;salt_hydrate_separator_standardized;temperature_numeric_standardized;time_numeric_standardized,,0,INCLUDED,,missing_optional_numeric:Volume solvente,MOF_GROUPED_LIGAND_SPLIT_v6.0_seed260730,DEVELOPMENT,Legante,260730,"3,5-diamino-4,4'-bipyrazole bipyrazole",3.0,nitrate,2.0,29.0,63.546,11.0,4.0,d,1.9
255,"3,5-diamino-4,4'-bipyrazole",Bipyrazole,Cu,Cu(OAc)2·H2O,DMF,Nessuno,110,48.0,0.2,0.2,1.0,Solvothermal,1,,numeric_decimal_standardized;salt_hydrate_separator_standardized;temperature_numeric_standardized;time_numeric_standardized,,0,INCLUDED,,missing_optional_numeric:Volume solvente,MOF_GROUPED_LIGAND_SPLIT_v6.0_seed260730,DEVELOPMENT,Legante,260730,"3,5-diamino-4,4'-bipyrazole bipyrazole",1.0,acetate,2.0,29.0,63.546,11.0,4.0,d,1.9
256,"3,5-diamino-4,4'-bipyrazole",Bipyrazole,Cu,Cu(OAc)2·H2O,DMF/H2O,Nessuno,120,24.0,0.2,0.2,1.0,Solvothermal,1,,numeric_decimal_standardized;salt_hydrate_separator_standardized;temperature_numeric_standardized;time_numeric_standardized,,0,INCLUDED,,missing_optional_numeric:Volume solvente,MOF_GROUPED_LIGAND_SPLIT_v6.0_seed260730,DEVELOPMENT,Legante,260730,"3,5-diamino-4,4'-bipyrazole bipyrazole",1.0,acetate,2.0,29.0,63.546,11.0,4.0,d,1.9
257,"3,5-diamino-4,4'-bipyrazole",Bipyrazole,Cu,Cu(NO3)2·3H2O,DMF/H2O,Nessuno,160,24.0,0.1218,0.0687,1.77292576,Solvothermal,1,,numeric_decimal_standardized;salt_hydrate_separator_standardized;temperature_numeric_standardized;time_numeric_standardized,,0,INCLUDED,,missing_optional_numeric:Volume solvente,MOF_GROUPED_LIGAND_SPLIT_v6.0_seed260730,DEVELOPMENT,Legante,260730,"3,5-diamino-4,4'-bipyrazole bipyrazole",3.0,nitrate,2.0,29.0,63.546,11.0,4.0,d,1.9
258,"3,5-diamino-4,4'-bipyrazole",Bipyrazole,Cu,Cu(OAc)2·H2O,DMF/H2O,Nessuno,160,24.0,0.1218,0.0687,1.77292576,Solvothermal,1,,numeric_decimal_standardized;salt_hydrate_separator_standardized;temperature_numeric_standardized;time_numeric_standardized,,0,INCLUDED,,missing_optional_numeric:Volume solvente,MOF_GROUPED_LIGAND_SPLIT_v6.0_seed260730,DEVELOPMENT,Legante,260730,"3,5-diamino-4,4'-bipyrazole bipyrazole",1.0,acetate,2.0,29.0,63.546,11.0,4.0,d,1.9
259,"3,5-diamino-4,4'-bipyrazole",Bipyrazole,Cu,Cu(NO3)2·3H2O,DMF/H2O,Nessuno,160,24.0,0.24,0.13,1.84615385,Solvothermal,1,,numeric_decimal_standardized;salt_hydrate_separator_standardized;temperature_numeric_standardized;time_numeric_standardized,,0,INCLUDED,,missing_optional_numeric:Volume solvente,MOF_GROUPED_LIGAND_SPLIT_v6.0_seed260730,DEVELOPMENT,Legante,260730,"3,5-diamino-4,4'-bipyrazole bipyrazole",3.0,nitrate,2.0,29.0,63.546,11.0,4.0,d,1.9
260,"3,5-diamino-4,4'-bipyrazole",Bipyrazole,Cu,Cu(OAc)2·H2O,DMF/H2O,Nessuno,100,72.0,0.24,0.24,1.0,Solvothermal,1,,numeric_decimal_standardized;salt_hydrate_separator_standardized;temperature_numeric_standardized;time_numeric_standardized,,0,INCLUDED,,missing_optional_numeric:Volume solvente,MOF_GROUPED_LIGAND_SPLIT_v6.0_seed260730,DEVELOPMENT,Legante,260730,"3,5-diamino-4,4'-bipyrazole bipyrazole",1.0,acetate,2.0,29.0,63.546,11.0,4.0,d,1.9
261,"3,5-diamino-4,4'-bipyrazole",Bipyrazole,Cu,Cu(NO3)2·3H2O,DMF/H2O,Nessuno,100,72.0,0.24,0.24,1.0,Solvothermal,1,,numeric_decimal_standardized;salt_hydrate_separator_standardized;temperature_numeric_standardized;time_numeric_standardized,,0,INCLUDED,,missing_optional_numeric:Volume solvente,MOF_GROUPED_LIGAND_SPLIT_v6.0_seed260730,DEVELOPMENT,Legante,260730,"3,5-diamino-4,4'-bipyrazole bipyrazole",3.0,nitrate,2.0,29.0,63.546,11.0,4.0,d,1.9
262,"3,5-diamino-4,4'-bipyrazole",Bipyrazole,Fe,Fe(NO3)3·9H2O,DMF,Nessuno,120,24.0,0.2,0.1,2.0,Solvothermal,1,,numeric_decimal_standardized;salt_hydrate_separator_standardized;temperature_numeric_standardized;time_numeric_standardized,,0,INCLUDED,,missing_optional_numeric:Volume solvente,MOF_GROUPED_LIGAND_SPLIT_v6.0_seed260730,DEVELOPMENT,Legante,260730,"3,5-diamino-4,4'-bipyrazole bipyrazole",9.0,nitrate,3.0,26.0,55.845,8.0,4.0,d,1.83
263,"3,5-diamino-4,4'-bipyrazole",Bipyrazole,Fe,FeCl3,DMF,Nessuno,120,24.0,0.2,0.1,2.0,Solvothermal,1,,numeric_decimal_standardized;temperature_numeric_standardized;time_numeric_standardized,,0,INCLUDED,,missing_optional_numeric:Volume solvente,MOF_GROUPED_LIGAND_SPLIT_v6.0_seed260730,DEVELOPMENT,Legante,260730,"3,5-diamino-4,4'-bipyrazole bipyrazole",0.0,chloride,3.0,26.0,55.845,8.0,4.0,d,1.83
264,"3,5-diamino-4,4'-bipyrazole",Bipyrazole,Mn,MnCl2·4H2O,Non specificato,Nessuno,100,24.0,0.2,0.2,1.0,Solvothermal,1,,numeric_decimal_standardized;salt_hydrate_separator_standardized;temperature_numeric_standardized;time_numeric_standardized,,0,INCLUDED,,missing_optional_numeric:Volume solvente,MOF_GROUPED_LIGAND_SPLIT_v6.0_seed260730,DEVELOPMENT,Legante,260730,"3,5-diamino-4,4'-bipyrazole bipyrazole",4.0,chloride,2.0,25.0,54.938,7.0,4.0,d,1.55
265,"3,5-diamino-4,4'-bipyrazole",Bipyrazole,Ni,Ni(OAc)2·4H2O,ButOH,Nessuno,130,48.0,0.2,0.2,1.0,Solvothermal,1,,numeric_decimal_standardized;salt_hydrate_separator_standardized;temperature_numeric_standardized;time_numeric_standardized,,0,INCLUDED,,missing_optional_numeric:Volume solvente,MOF_GROUPED_LIGAND_SPLIT_v6.0_seed260730,DEVELOPMENT,Legante,260730,"3,5-diamino-4,4'-bipyrazole bipyrazole",4.0,acetate,2.0,28.0,58.693,10.0,4.0,d,1.91
266,"3,5-diamino-4,4'-bipyrazole",Bipyrazole,Ni,Ni(OAc)2·4H2O,ButOH,Nessuno,110,72.0,0.2,0.2,1.0,Solvothermal,1,,numeric_decimal_standardized;salt_hydrate_separator_standardized;temperature_numeric_standardized;time_numeric_standardized,,0,INCLUDED,,missing_optional_numeric:Volume solvente,MOF_GROUPED_LIGAND_SPLIT_v6.0_seed260730,DEVELOPMENT,Legante,260730,"3,5-diamino-4,4'-bipyrazole bipyrazole",4.0,acetate,2.0,28.0,58.693,10.0,4.0,d,1.91
267,"3,5-diamino-4,4'-bipyrazole",Bipyrazole,Ni,Ni(OAc)2·4H2O,DMF,Nessuno,120,3.0,0.5,0.5,1.0,Solvothermal,1,,numeric_decimal_standardized;salt_hydrate_separator_standardized;temperature_numeric_standardized;time_numeric_standardized,,0,INCLUDED,,missing_optional_numeric:Volume solvente,MOF_GROUPED_LIGAND_SPLIT_v6.0_seed260730,DEVELOPMENT,Legante,260730,"3,5-diamino-4,4'-bipyrazole bipyrazole",4.0,acetate,2.0,28.0,58.693,10.0,4.0,d,1.91
268,"3,5-diamino-4,4'-bipyrazole",Bipyrazole,Ni,Ni(OAc)2·4H2O,DMF,Nessuno,120,24.0,0.2,0.2,1.0,Solvothermal,1,,numeric_decimal_standardized;salt_hydrate_separator_standardized;temperature_numeric_standardized;time_numeric_standardized;exact_duplicate_candidate,DUP_014,0,INCLUDED,,duplicate_representative_retained;missing_optional_numeric:Volume solvente,MOF_GROUPED_LIGAND_SPLIT_v6.0_seed260730,DEVELOPMENT,Legante,260730,"3,5-diamino-4,4'-bipyrazole bipyrazole",4.0,acetate,2.0,28.0,58.693,10.0,4.0,d,1.91
270,"3,5-diamino-4,4'-bipyrazole",Bipyrazole,Ni,Ni(OAc)2·4H2O,EtOH,Nessuno,70,72.0,0.2,0.2,1.0,Solvothermal,1,,numeric_decimal_standardized;salt_hydrate_separator_standardized;temperature_numeric_standardized;time_numeric_standardized,,0,INCLUDED,,missing_optional_numeric:Volume solvente,MOF_GROUPED_LIGAND_SPLIT_v6.0_seed260730,DEVELOPMENT,Legante,260730,"3,5-diamino-4,4'-bipyrazole bipyrazole",4.0,acetate,2.0,28.0,58.693,10.0,4.0,d,1.91
271,"3,5-diamino-4,4'-bipyrazole",Bipyrazole,Ni,Ni(NO3)2·6H2O,Mesitilene,Nessuno,120,24.0,0.2,0.2,1.0,Solvothermal,1,,numeric_decimal_standardized;salt_hydrate_separator_standardized;temperature_numeric_standardized;time_numeric_standardized,,0,INCLUDED,,missing_optional_numeric:Volume solvente,MOF_GROUPED_LIGAND_SPLIT_v6.0_seed260730,DEVELOPMENT,Legante,260730,"3,5-diamino-4,4'-bipyrazole bipyrazole",6.0,nitrate,2.0,28.0,58.693,10.0,4.0,d,1.91
272,"3,5-diamino-4,4'-bipyrazole",Bipyrazole,Ni,Ni(NO3)2·6H2O,DMF,Nessuno,160,24.0,0.2,0.2,1.0,Solvothermal,1,,numeric_decimal_standardized;salt_hydrate_separator_standardized;temperature_numeric_standardized;time_numeric_standardized,,0,INCLUDED,,missing_optional_numeric:Volume solvente,MOF_GROUPED_LIGAND_SPLIT_v6.0_seed260730,DEVELOPMENT,Legante,260730,"3,5-diamino-4,4'-bipyrazole bipyrazole",6.0,nitrate,2.0,28.0,58.693,10.0,4.0,d,1.91
273,"3,5-diamino-4,4'-bipyrazole",Bipyrazole,Ni,Ni(NO3)2·6H2O,DMF,Nessuno,120,24.0,0.2,0.2,1.0,Solvothermal,1,,numeric_decimal_standardized;salt_hydrate_separator_standardized;temperature_numeric_standardized;time_numeric_standardized,,0,INCLUDED,,missing_optional_numeric:Volume solvente,MOF_GROUPED_LIGAND_SPLIT_v6.0_seed260730,DEVELOPMENT,Legante,260730,"3,5-diamino-4,4'-bipyrazole bipyrazole",6.0,nitrate,2.0,28.0,58.693,10.0,4.0,d,1.91
274,"3,5-diamino-4,4'-bipyrazole",Bipyrazole,Ni,Ni(NO3)2·6H2O,DMF,Nessuno,65,96.0,0.2,0.2,1.0,Solvothermal,1,,numeric_decimal_standardized;salt_hydrate_separator_standardized;temperature_numeric_standardized;time_numeric_standardized,,0,INCLUDED,,missing_optional_numeric:Volume solvente,MOF_GROUPED_LIGAND_SPLIT_v6.0_seed260730,DEVELOPMENT,Legante,260730,"3,5-diamino-4,4'-bipyrazole bipyrazole",6.0,nitrate,2.0,28.0,58.693,10.0,4.0,d,1.91
275,"3,5-diamino-4,4'-bipyrazole",Bipyrazole,Ni,Ni(OAc)2·4H2O,DMF,Nessuno,110,48.0,0.2,0.2,1.0,Solvothermal,1,,numeric_decimal_standardized;salt_hydrate_separator_standardized;temperature_numeric_standardized;time_numeric_standardized,,0,INCLUDED,,missing_optional_numeric:Volume solvente,MOF_GROUPED_LIGAND_SPLIT_v6.0_seed260730,DEVELOPMENT,Legante,260730,"3,5-diamino-4,4'-bipyrazole bipyrazole",4.0,acetate,2.0,28.0,58.693,10.0,4.0,d,1.91
276,"3,5-diamino-4,4'-bipyrazole",Bipyrazole,Ni,Ni(OAc)2·4H2O,DMF/H2O,Nessuno,120,24.0,0.2,0.2,1.0,Solvothermal,1,,numeric_decimal_standardized;salt_hydrate_separator_standardized;temperature_numeric_standardized;time_numeric_standardized,,0,INCLUDED,,missing_optional_numeric:Volume solvente,MOF_GROUPED_LIGAND_SPLIT_v6.0_seed260730,DEVELOPMENT,Legante,260730,"3,5-diamino-4,4'-bipyrazole bipyrazole",4.0,acetate,2.0,28.0,58.693,10.0,4.0,d,1.91
277,"3,5-diamino-4,4'-bipyrazole",Bipyrazole,Ni,Ni(NO3)2·6H2O,DMF/H2O,Nessuno,160,24.0,0.24,0.13,1.84615385,Solvothermal,1,,numeric_decimal_standardized;salt_hydrate_separator_standardized;temperature_numeric_standardized;time_numeric_standardized,,0,INCLUDED,,missing_optional_numeric:Volume solvente,MOF_GROUPED_LIGAND_SPLIT_v6.0_seed260730,DEVELOPMENT,Legante,260730,"3,5-diamino-4,4'-bipyrazole bipyrazole",6.0,nitrate,2.0,28.0,58.693,10.0,4.0,d,1.91
278,"3,5-diamino-4,4'-bipyrazole",Bipyrazole,Ni,Ni(OAc)2·4H2O,DMF,Nessuno,140,24.0,0.2,0.2,1.0,Solvothermal,1,,numeric_decimal_standardized;salt_hydrate_separator_standardized;temperature_numeric_standardized;time_numeric_standardized,,0,INCLUDED,,missing_optional_numeric:Volume solvente,MOF_GROUPED_LIGAND_SPLIT_v6.0_seed260730,DEVELOPMENT,Legante,260730,"3,5-diamino-4,4'-bipyrazole bipyrazole",4.0,acetate,2.0,28.0,58.693,10.0,4.0,d,1.91
279,"3,5-diamino-4,4'-bipyrazole",Bipyrazole,Ni,Ni(OAc)2·4H2O,DMF,Nessuno,120,72.0,0.2,0.2,1.0,Solvothermal,1,,numeric_decimal_standardized;salt_hydrate_separator_standardized;temperature_numeric_standardized;time_numeric_standardized,,0,INCLUDED,,missing_optional_numeric:Volume solvente,MOF_GROUPED_LIGAND_SPLIT_v6.0_seed260730,DEVELOPMENT,Legante,260730,"3,5-diamino-4,4'-bipyrazole bipyrazole",4.0,acetate,2.0,28.0,58.693,10.0,4.0,d,1.91
280,"3,5-diamino-4,4'-bipyrazole",Bipyrazole,Ni,Ni(NO3)2·6H2O,DMF,Nessuno,85,72.0,0.2,0.2,1.0,Solvothermal,1,,numeric_decimal_standardized;salt_hydrate_separator_standardized;temperature_numeric_standardized;time_numeric_standardized,,0,INCLUDED,,missing_optional_numeric:Volume solvente,MOF_GROUPED_LIGAND_SPLIT_v6.0_seed260730,DEVELOPMENT,Legante,260730,"3,5-diamino-4,4'-bipyrazole bipyrazole",6.0,nitrate,2.0,28.0,58.693,10.0,4.0,d,1.91
281,"3,5-diamino-4,4'-bipyrazole",Bipyrazole,Zn,Zn(NO3)2·6H2O,DMF/H2O,Nessuno,160,24.0,0.24,0.13,1.84615385,Solvothermal,1,,numeric_decimal_standardized;salt_hydrate_separator_standardized;temperature_numeric_standardized;time_numeric_standardized,,0,INCLUDED,,missing_optional_numeric:Volume solvente,MOF_GROUPED_LIGAND_SPLIT_v6.0_seed260730,DEVELOPMENT,Legante,260730,"3,5-diamino-4,4'-bipyrazole bipyrazole",6.0,nitrate,2.0,30.0,65.38,12.0,4.0,d,1.65
282,"3,5-diamino-4,4'-bipyrazole",Bipyrazole,Zn,Zn(OAc)2·2H2O,DMF/H2O,Nessuno,160,72.0,0.2,0.2,1.0,Solvothermal,1,,numeric_decimal_standardized;salt_hydrate_separator_standardized;temperature_numeric_standardized;time_numeric_standardized,,0,INCLUDED,,missing_optional_numeric:Volume solvente,MOF_GROUPED_LIGAND_SPLIT_v6.0_seed260730,DEVELOPMENT,Legante,260730,"3,5-diamino-4,4'-bipyrazole bipyrazole",2.0,acetate,2.0,30.0,65.38,12.0,4.0,d,1.65
283,"3,5-diamino-4,4'-bipyrazole",Bipyrazole,Zn,Zn(NO3)2·6H2O,DMF/H2O,Nessuno,160,72.0,0.2,0.2,1.0,Solvothermal,1,,numeric_decimal_standardized;salt_hydrate_separator_standardized;temperature_numeric_standardized;time_numeric_standardized,,0,INCLUDED,,missing_optional_numeric:Volume solvente,MOF_GROUPED_LIGAND_SPLIT_v6.0_seed260730,DEVELOPMENT,Legante,260730,"3,5-diamino-4,4'-bipyrazole bipyrazole",6.0,nitrate,2.0,30.0,65.38,12.0,4.0,d,1.65
284,"3,5-DiMePz-4-COOH",Pyrazole carbossilati,Cu,Cu(OAc)2·H2O,H2O,Nessuno,120,48.0,0.2,0.1,2.0,Solvothermal,2,,numeric_decimal_standardized;salt_hydrate_separator_standardized;temperature_numeric_standardized;time_numeric_standardized,,0,INCLUDED,,missing_optional_numeric:Volume solvente,MOF_GROUPED_LIGAND_SPLIT_v6.0_seed260730,DEVELOPMENT,Legante,260730,"3,5-dimepz-4-cooh pyrazole carbossilati",1.0,acetate,2.0,29.0,63.546,11.0,4.0,d,1.9
285,"3,5-DiMePz-4-COOH",Pyrazole carbossilati,Cu,Cu(OAc)2·H2O,H2O,Nessuno,120,72.0,1.0,0.5,2.0,Solvothermal,1,,numeric_decimal_standardized;salt_hydrate_separator_standardized;temperature_numeric_standardized;time_numeric_standardized,,0,INCLUDED,,missing_optional_numeric:Volume solvente,MOF_GROUPED_LIGAND_SPLIT_v6.0_seed260730,DEVELOPMENT,Legante,260730,"3,5-dimepz-4-cooh pyrazole carbossilati",1.0,acetate,2.0,29.0,63.546,11.0,4.0,d,1.9
286,"3,5-DiMePz-4-COOH",Pyrazole carbossilati,Cu,Cu(OAc)2·H2O,EtOH,Nessuno,120,48.0,0.2,0.1,2.0,Solvothermal,2,,numeric_decimal_standardized;salt_hydrate_separator_standardized;temperature_numeric_standardized;time_numeric_standardized,,0,INCLUDED,,missing_optional_numeric:Volume solvente,MOF_GROUPED_LIGAND_SPLIT_v6.0_seed260730,DEVELOPMENT,Legante,260730,"3,5-dimepz-4-cooh pyrazole carbossilati",1.0,acetate,2.0,29.0,63.546,11.0,4.0,d,1.9
287,"3,5-DiMePz-4-COOH",Pyrazole carbossilati,Zn,Zn(OAc)2·2H2O,H2O,Nessuno,120,48.0,0.2,0.1,2.0,Solvothermal,1,,numeric_decimal_standardized;salt_hydrate_separator_standardized;temperature_numeric_standardized;time_numeric_standardized,,0,INCLUDED,,missing_optional_numeric:Volume solvente,MOF_GROUPED_LIGAND_SPLIT_v6.0_seed260730,DEVELOPMENT,Legante,260730,"3,5-dimepz-4-cooh pyrazole carbossilati",2.0,acetate,2.0,30.0,65.38,12.0,4.0,d,1.65
288,"3,5-DiMePz-4-COOH",Pyrazole carbossilati,Zn,Zn(OAc)2·2H2O,EtOH,Nessuno,120,48.0,0.2,0.1,2.0,Solvothermal,2,,numeric_decimal_standardized;salt_hydrate_separator_standardized;temperature_numeric_standardized;time_numeric_standardized,,0,INCLUDED,,missing_optional_numeric:Volume solvente,MOF_GROUPED_LIGAND_SPLIT_v6.0_seed260730,DEVELOPMENT,Legante,260730,"3,5-dimepz-4-cooh pyrazole carbossilati",2.0,acetate,2.0,30.0,65.38,12.0,4.0,d,1.65
289,"3,5-DiMePz-4-COOH",Pyrazole carbossilati,Zn,Zn(OAc)2·2H2O,EtOH,Nessuno,120,72.0,1.0,0.5,2.0,Solvothermal,1,,numeric_decimal_standardized;salt_hydrate_separator_standardized;temperature_numeric_standardized;time_numeric_standardized,,0,INCLUDED,,missing_optional_numeric:Volume solvente,MOF_GROUPED_LIGAND_SPLIT_v6.0_seed260730,DEVELOPMENT,Legante,260730,"3,5-dimepz-4-cooh pyrazole carbossilati",2.0,acetate,2.0,30.0,65.38,12.0,4.0,d,1.65
290,"3,5-DiMePz-4-COOH",Pyrazole carbossilati,Zr,ZrCl4,MeOH,Nessuno,110,72.0,0.15,0.15,1.0,Solvothermal,1,,numeric_decimal_standardized;temperature_numeric_standardized;time_numeric_standardized,,0,INCLUDED,,missing_optional_numeric:Volume solvente,MOF_GROUPED_LIGAND_SPLIT_v6.0_seed260730,DEVELOPMENT,Legante,260730,"3,5-dimepz-4-cooh pyrazole carbossilati",0.0,chloride,4.0,40.0,91.224,4.0,5.0,d,1.33
291,"3,5-DiMePz-4-COOH",Pyrazole carbossilati,Zr,ZrCl4,MeOH,Nessuno,110,94.0,0.3,0.3,1.0,Solvothermal,1,,numeric_decimal_standardized;temperature_numeric_standardized;time_numeric_standardized,,0,INCLUDED,,missing_optional_numeric:Volume solvente,MOF_GROUPED_LIGAND_SPLIT_v6.0_seed260730,DEVELOPMENT,Legante,260730,"3,5-dimepz-4-cooh pyrazole carbossilati",0.0,chloride,4.0,40.0,91.224,4.0,5.0,d,1.33
292,"3,5-DiMePz-4-COOH",Pyrazole carbossilati,Zr,ZrCl4,MeOH,Nessuno,100,24.0,0.3,0.3,1.0,Solvothermal,1,,numeric_decimal_standardized;temperature_numeric_standardized;time_numeric_standardized,,0,INCLUDED,,missing_optional_numeric:Volume solvente,MOF_GROUPED_LIGAND_SPLIT_v6.0_seed260730,DEVELOPMENT,Legante,260730,"3,5-dimepz-4-cooh pyrazole carbossilati",0.0,chloride,4.0,40.0,91.224,4.0,5.0,d,1.33
293,"3,5-DiMePz-4-COOH",Pyrazole carbossilati,Zr,ZrCl4,MeOH,Nessuno,110,24.0,0.15,0.15,1.0,Solvothermal,1,,numeric_decimal_standardized;temperature_numeric_standardized;time_numeric_standardized,,0,INCLUDED,,missing_optional_numeric:Volume solvente,MOF_GROUPED_LIGAND_SPLIT_v6.0_seed260730,DEVELOPMENT,Legante,260730,"3,5-dimepz-4-cooh pyrazole carbossilati",0.0,chloride,4.0,40.0,91.224,4.0,5.0,d,1.33
294,"3,5-DiMePz-4-COOH",Pyrazole carbossilati,Zr,ZrCl4,MeOH,Nessuno,110,48.0,0.15,0.15,1.0,Solvothermal,1,,numeric_decimal_standardized;temperature_numeric_standardized;time_numeric_standardized,,0,INCLUDED,,missing_optional_numeric:Volume solvente,MOF_GROUPED_LIGAND_SPLIT_v6.0_seed260730,DEVELOPMENT,Legante,260730,"3,5-dimepz-4-cooh pyrazole carbossilati",0.0,chloride,4.0,40.0,91.224,4.0,5.0,d,1.33
295,"3,5-DiMePz-4-COOH",Pyrazole carbossilati,Zr,Zr(OCH3)4,MeOH,Nessuno,120,30.0,0.25,0.4,0.625,Solvothermal,1,,solvent_canonicalized;temperature_numeric_standardized;time_numeric_standardized,,0,INCLUDED,,missing_optional_numeric:Volume solvente,MOF_GROUPED_LIGAND_SPLIT_v6.0_seed260730,DEVELOPMENT,Legante,260730,"3,5-dimepz-4-cooh pyrazole carbossilati",0.0,alkoxide,4.0,40.0,91.224,4.0,5.0,d,1.33
296,"3,5-DiMePz-4-COOH",Pyrazole carbossilati,Zr,Zr(OCH3)4,MeOH,Nessuno,120,2.0,0.2,0.1,2.0,Solvothermal,1,,numeric_decimal_standardized;temperature_numeric_standardized;time_numeric_standardized,,0,INCLUDED,,missing_optional_numeric:Volume solvente,MOF_GROUPED_LIGAND_SPLIT_v6.0_seed260730,DEVELOPMENT,Legante,260730,"3,5-dimepz-4-cooh pyrazole carbossilati",0.0,alkoxide,4.0,40.0,91.224,4.0,5.0,d,1.33
297,"3,5-DiMePz-4-COOH",Pyrazole carbossilati,Zr,ZrCl4,H2O,Nessuno,120,72.0,1.0,0.5,2.0,Solvothermal,1,,numeric_decimal_standardized;temperature_numeric_standardized;time_numeric_standardized,,0,INCLUDED,,missing_optional_numeric:Volume solvente,MOF_GROUPED_LIGAND_SPLIT_v6.0_seed260730,DEVELOPMENT,Legante,260730,"3,5-dimepz-4-cooh pyrazole carbossilati",0.0,chloride,4.0,40.0,91.224,4.0,5.0,d,1.33
298,"4-Amino-4H-1,2,4-triazole",Triazole,Cu,Cu(OAc)2·H2O,EtOH,Nessuno,120,24.0,1.0,2.0,0.5,Solvothermal,1,,numeric_decimal_standardized;salt_hydrate_separator_standardized;temperature_numeric_standardized;time_numeric_standardized,,0,INCLUDED,,missing_optional_numeric:Volume solvente,MOF_GROUPED_LIGAND_SPLIT_v6.0_seed260730,DEVELOPMENT,Legante,260730,"4-amino-4h-1,2,4-triazole triazole",1.0,acetate,2.0,29.0,63.546,11.0,4.0,d,1.9
299,"4-Amino-4H-1,2,4-triazole",Triazole,Cu,Cu(OAc)2·H2O,DMF,Nessuno,130,48.0,0.5,0.5,1.0,Solvothermal,1,,numeric_decimal_standardized;salt_hydrate_separator_standardized;temperature_numeric_standardized;time_numeric_standardized,,0,INCLUDED,,missing_optional_numeric:Volume solvente,MOF_GROUPED_LIGAND_SPLIT_v6.0_seed260730,DEVELOPMENT,Legante,260730,"4-amino-4h-1,2,4-triazole triazole",1.0,acetate,2.0,29.0,63.546,11.0,4.0,d,1.9
300,"4-Amino-4H-1,2,4-triazole",Triazole,Cu,Cu(OAc)2·H2O,DMF,Nessuno,120,48.0,0.5,1.0,0.5,Solvothermal,1,,numeric_decimal_standardized;salt_hydrate_separator_standardized;temperature_numeric_standardized;time_numeric_standardized,,0,INCLUDED,,missing_optional_numeric:Volume solvente,MOF_GROUPED_LIGAND_SPLIT_v6.0_seed260730,DEVELOPMENT,Legante,260730,"4-amino-4h-1,2,4-triazole triazole",1.0,acetate,2.0,29.0,63.546,11.0,4.0,d,1.9
301,"4-Amino-4H-1,2,4-triazole",Triazole,Cu,Cu(OAc)2·H2O,EtOH,Nessuno,70,72.0,1.0,2.0,0.5,Solvothermal,1,,numeric_decimal_standardized;salt_hydrate_separator_standardized;temperature_numeric_standardized;time_numeric_standardized,,0,INCLUDED,,missing_optional_numeric:Volume solvente,MOF_GROUPED_LIGAND_SPLIT_v6.0_seed260730,DEVELOPMENT,Legante,260730,"4-amino-4h-1,2,4-triazole triazole",1.0,acetate,2.0,29.0,63.546,11.0,4.0,d,1.9
302,"4-Amino-4H-1,2,4-triazole",Triazole,Zn,Zn(OAc)2·2H2O,EtOH,Nessuno,120,24.0,1.0,1.0,1.0,Solvothermal,1,,numeric_decimal_standardized;salt_hydrate_separator_standardized;temperature_numeric_standardized;time_numeric_standardized,,0,INCLUDED,,missing_optional_numeric:Volume solvente,MOF_GROUPED_LIGAND_SPLIT_v6.0_seed260730,DEVELOPMENT,Legante,260730,"4-amino-4h-1,2,4-triazole triazole",2.0,acetate,2.0,30.0,65.38,12.0,4.0,d,1.65
303,"4-Amino-4H-1,2,4-triazole",Triazole,Zn,Zn(NO3)2·6H2O,DMF,BTC,160,75.0,0.5,0.5,1.0,Solvothermal,1,,numeric_decimal_standardized;salt_hydrate_separator_standardized;temperature_numeric_standardized;time_numeric_standardized,,0,INCLUDED,,missing_optional_numeric:Volume solvente,MOF_GROUPED_LIGAND_SPLIT_v6.0_seed260730,DEVELOPMENT,Legante,260730,"4-amino-4h-1,2,4-triazole triazole",6.0,nitrate,2.0,30.0,65.38,12.0,4.0,d,1.65
304,"4-Amino-4H-1,2,4-triazole",Triazole,Zn,Zn(NO3)2·6H2O,DMF,Nessuno,160,75.0,0.5,0.5,1.0,Solvothermal,1,,numeric_decimal_standardized;salt_hydrate_separator_standardized;temperature_numeric_standardized;time_numeric_standardized,,0,INCLUDED,,missing_optional_numeric:Volume solvente,MOF_GROUPED_LIGAND_SPLIT_v6.0_seed260730,DEVELOPMENT,Legante,260730,"4-amino-4h-1,2,4-triazole triazole",6.0,nitrate,2.0,30.0,65.38,12.0,4.0,d,1.65
305,"4-Amino-4H-1,2,4-triazole",Triazole,Zn,Zn(NO3)2·6H2O,DMF,Nessuno,120,48.0,0.5,0.5,1.0,Solvothermal,1,,numeric_decimal_standardized;salt_hydrate_separator_standardized;temperature_numeric_standardized;time_numeric_standardized,,0,INCLUDED,,missing_optional_numeric:Volume solvente,MOF_GROUPED_LIGAND_SPLIT_v6.0_seed260730,DEVELOPMENT,Legante,260730,"4-amino-4h-1,2,4-triazole triazole",6.0,nitrate,2.0,30.0,65.38,12.0,4.0,d,1.65
306,"4-Amino-4H-1,2,4-triazole",Triazole,Zn,Zn(OAc)2·2H2O,EtOH,Nessuno,70,72.0,1.0,2.0,0.5,Solvothermal,1,,numeric_decimal_standardized;salt_hydrate_separator_standardized;temperature_numeric_standardized;time_numeric_standardized,,0,INCLUDED,,missing_optional_numeric:Volume solvente,MOF_GROUPED_LIGAND_SPLIT_v6.0_seed260730,DEVELOPMENT,Legante,260730,"4-amino-4h-1,2,4-triazole triazole",2.0,acetate,2.0,30.0,65.38,12.0,4.0,d,1.65
307,5-MePz-4-COOH,Pyrazole carbossilati,Zn,Zn(NO3)2·6H2O,DMF,Nessuno,120,24.0,0.2,0.2,1.0,Solvothermal,1,,numeric_decimal_standardized;salt_hydrate_separator_standardized;temperature_numeric_standardized;time_numeric_standardized,,0,INCLUDED,,missing_optional_numeric:Volume solvente,MOF_GROUPED_LIGAND_SPLIT_v6.0_seed260730,DEVELOPMENT,Legante,260730,5-mepz-4-cooh pyrazole carbossilati,6.0,nitrate,2.0,30.0,65.38,12.0,4.0,d,1.65
308,5-MePz-4-COOH,Pyrazole carbossilati,Zr,ZrCl4,DMF,Nessuno,120,24.0,0.2,0.2,1.0,Solvothermal,1,,numeric_decimal_standardized;temperature_numeric_standardized;time_numeric_standardized,,0,INCLUDED,,missing_optional_numeric:Volume solvente,MOF_GROUPED_LIGAND_SPLIT_v6.0_seed260730,DEVELOPMENT,Legante,260730,5-mepz-4-cooh pyrazole carbossilati,0.0,chloride,4.0,40.0,91.224,4.0,5.0,d,1.33
309,5-MePz-4-COOH,Pyrazole carbossilati,Zr,ZrCl4,DMF,Acido benzoico,120,24.0,0.15,0.15,1.0,Solvothermal,1,,additive_canonicalized;numeric_decimal_standardized;temperature_numeric_standardized;time_numeric_standardized,,0,INCLUDED,,missing_optional_numeric:Volume solvente,MOF_GROUPED_LIGAND_SPLIT_v6.0_seed260730,DEVELOPMENT,Legante,260730,5-mepz-4-cooh pyrazole carbossilati,0.0,chloride,4.0,40.0,91.224,4.0,5.0,d,1.33
310,5-MePz-4-COOH,Pyrazole carbossilati,Zr,ZrCl4,DMF,HCl 37%,120,72.0,0.15,0.15,1.0,Solvothermal,1,,numeric_decimal_standardized;temperature_numeric_standardized;time_numeric_standardized,,0,INCLUDED,,missing_optional_numeric:Volume solvente,MOF_GROUPED_LIGAND_SPLIT_v6.0_seed260730,DEVELOPMENT,Legante,260730,5-mepz-4-cooh pyrazole carbossilati,0.0,chloride,4.0,40.0,91.224,4.0,5.0,d,1.33
324,Et4BPz,Bipyrazole,Ag,AgNO3,MeOH,Nessuno,120,48.0,0.2,0.2,1.0,Solvothermal,1,,numeric_decimal_standardized;temperature_numeric_standardized;time_numeric_standardized,,0,INCLUDED,,missing_optional_numeric:Volume solvente,MOF_GROUPED_LIGAND_SPLIT_v6.0_seed260730,DEVELOPMENT,Legante,260730,et4bpz bipyrazole,0.0,nitrate,,47.0,107.868,11.0,5.0,d,1.93
325,Et4BPz,Bipyrazole,Ag,AgPF6,MeOH,Nessuno,120,48.0,0.2,0.2,1.0,Solvothermal,1,,numeric_decimal_standardized;temperature_numeric_standardized;time_numeric_standardized,,0,INCLUDED,,missing_optional_numeric:Volume solvente,MOF_GROUPED_LIGAND_SPLIT_v6.0_seed260730,DEVELOPMENT,Legante,260730,et4bpz bipyrazole,0.0,hexafluorophosphate,,47.0,107.868,11.0,5.0,d,1.93
326,Et4BPz,Bipyrazole,Cd,Cd(NO3)2·4H2O,DMF,Nessuno,140,48.0,0.6,0.6,1.0,Solvothermal,1,,numeric_decimal_standardized;salt_hydrate_separator_standardized;temperature_numeric_standardized;time_numeric_standardized,,0,INCLUDED,,missing_optional_numeric:Volume solvente,MOF_GROUPED_LIGAND_SPLIT_v6.0_seed260730,DEVELOPMENT,Legante,260730,et4bpz bipyrazole,4.0,nitrate,2.0,48.0,112.414,12.0,5.0,d,1.69
327,Et4BPz,Bipyrazole,Ni,Ni(NO3)2·6H2O,DMF/H2O,Nessuno,160,72.0,0.2,0.1,2.0,Solvothermal,1,,numeric_decimal_standardized;salt_hydrate_separator_standardized;temperature_numeric_standardized;time_numeric_standardized,,0,INCLUDED,,missing_optional_numeric:Volume solvente,MOF_GROUPED_LIGAND_SPLIT_v6.0_seed260730,DEVELOPMENT,Legante,260730,et4bpz bipyrazole,6.0,nitrate,2.0,28.0,58.693,10.0,4.0,d,1.91
328,Et4BPz,Bipyrazole,Ni,Ni(OAc)2·4H2O,DMA,Nessuno,150,24.0,0.2,0.2,1.0,Solvothermal,1,,numeric_decimal_standardized;salt_hydrate_separator_standardized;temperature_numeric_standardized;time_numeric_standardized,,0,INCLUDED,,missing_optional_numeric:Volume solvente,MOF_GROUPED_LIGAND_SPLIT_v6.0_seed260730,DEVELOPMENT,Legante,260730,et4bpz bipyrazole,4.0,acetate,2.0,28.0,58.693,10.0,4.0,d,1.91
329,Et4BPz,Bipyrazole,Ni,Ni(NO3)2·6H2O,MeOH,Nessuno,140,48.0,0.2,0.2,1.0,Solvothermal,1,,numeric_decimal_standardized;salt_hydrate_separator_standardized;temperature_numeric_standardized;time_numeric_standardized,,0,INCLUDED,,missing_optional_numeric:Volume solvente,MOF_GROUPED_LIGAND_SPLIT_v6.0_seed260730,DEVELOPMENT,Legante,260730,et4bpz bipyrazole,6.0,nitrate,2.0,28.0,58.693,10.0,4.0,d,1.91
330,Et4BPz,Bipyrazole,Zn,Zn(OAc)2·2H2O,DMF/H2O,Nessuno,140,72.0,0.2,0.1,2.0,Solvothermal,1,,numeric_decimal_standardized;salt_hydrate_separator_standardized;temperature_numeric_standardized;time_numeric_standardized,,0,INCLUDED,,missing_optional_numeric:Volume solvente,MOF_GROUPED_LIGAND_SPLIT_v6.0_seed260730,DEVELOPMENT,Legante,260730,et4bpz bipyrazole,2.0,acetate,2.0,30.0,65.38,12.0,4.0,d,1.65
331,H2Me2BDP,Altro,Ag,AgPF6,MeOH,Nessuno,120,48.0,0.2,0.2,1.0,Solvothermal,1,,numeric_decimal_standardized;temperature_numeric_standardized;time_numeric_standardized,,0,INCLUDED,,missing_optional_numeric:Volume solvente,MOF_GROUPED_LIGAND_SPLIT_v6.0_seed260730,DEVELOPMENT,Legante,260730,h2me2bdp altro,0.0,hexafluorophosphate,,47.0,107.868,11.0,5.0,d,1.93
336,"PzDC / 1H-3,5-dicarboxylic",Pyrazole carbossilati,Zr,ZrCl4,DMF/MeOH,Nessuno,120,48.0,0.1,0.1,1.0,Solvothermal,1,,numeric_decimal_standardized;temperature_numeric_standardized;time_numeric_standardized,,0,INCLUDED,,missing_optional_numeric:Volume solvente,MOF_GROUPED_LIGAND_SPLIT_v6.0_seed260730,DEVELOPMENT,Legante,260730,"pzdc / 1h-3,5-dicarboxylic pyrazole carbossilati",0.0,chloride,4.0,40.0,91.224,4.0,5.0,d,1.33
337,"PzDC / 1H-3,5-dicarboxylic",Pyrazole carbossilati,Zr,ZrCl4,H2O,Nessuno,120,48.0,0.1,0.1,1.0,Solvothermal,1,,numeric_decimal_standardized;temperature_numeric_standardized;time_numeric_standardized,,0,INCLUDED,,missing_optional_numeric:Volume solvente,MOF_GROUPED_LIGAND_SPLIT_v6.0_seed260730,DEVELOPMENT,Legante,260730,"pzdc / 1h-3,5-dicarboxylic pyrazole carbossilati",0.0,chloride,4.0,40.0,91.224,4.0,5.0,d,1.33
338,"PzDC / 1H-3,5-dicarboxylic",Pyrazole carbossilati,Zr,ZrCl4,DMF/H2O,Nessuno,120,48.0,0.1,0.1,1.0,Solvothermal,1,,numeric_decimal_standardized;temperature_numeric_standardized;time_numeric_standardized,,0,INCLUDED,,missing_optional_numeric:Volume solvente,MOF_GROUPED_LIGAND_SPLIT_v6.0_seed260730,DEVELOPMENT,Legante,260730,"pzdc / 1h-3,5-dicarboxylic pyrazole carbossilati",0.0,chloride,4.0,40.0,91.224,4.0,5.0,d,1.33
339,"PzDC / 1H-3,5-dicarboxylic",Pyrazole carbossilati,Zr,ZrCl4,H2O,Nessuno,120,72.0,0.1,0.075,1.33333333,Solvothermal,1,,numeric_decimal_standardized;temperature_numeric_standardized;time_numeric_standardized,,0,INCLUDED,,missing_optional_numeric:Volume solvente,MOF_GROUPED_LIGAND_SPLIT_v6.0_seed260730,DEVELOPMENT,Legante,260730,"pzdc / 1h-3,5-dicarboxylic pyrazole carbossilati",0.0,chloride,4.0,40.0,91.224,4.0,5.0,d,1.33
340,"PzDC / 1H-3,5-dicarboxylic",Pyrazole carbossilati,Zr,ZrCl4,MeOH,Nessuno,120,72.0,0.25,0.4,0.625,Solvothermal,1,,temperature_numeric_standardized;time_numeric_standardized,,0,INCLUDED,,missing_optional_numeric:Volume solvente,MOF_GROUPED_LIGAND_SPLIT_v6.0_seed260730,DEVELOPMENT,Legante,260730,"pzdc / 1h-3,5-dicarboxylic pyrazole carbossilati",0.0,chloride,4.0,40.0,91.224,4.0,5.0,d,1.33
341,"3,3'-dinitro-4,4'-bipyrazole",Bipyrazole,Cd,Cd(NO3)2·4H2O,DMF,Trietilammina (TEA),150,72.0,0.1,0.1,1.0,Solvothermal,0,,additive_canonicalized;numeric_decimal_standardized;salt_hydrate_separator_standardized;temperature_numeric_standardized;time_numeric_standardized,,0,INCLUDED,,missing_optional_numeric:Volume solvente,MOF_GROUPED_LIGAND_SPLIT_v6.0_seed260730,DEVELOPMENT,Legante,260730,"3,3'-dinitro-4,4'-bipyrazole bipyrazole",4.0,nitrate,2.0,48.0,112.414,12.0,5.0,d,1.69
348,"3,5-diamino-4,4'-bipyrazole",Bipyrazole,Co,CoCl2+FeCl3,DMF,MeOH,130,16.0,0.1,0.1,1.0,Solvothermal,1,,numeric_decimal_standardized;temperature_numeric_standardized;time_numeric_standardized,,0,INCLUDED,,missing_optional_numeric:Volume solvente,MOF_GROUPED_LIGAND_SPLIT_v6.0_seed260730,DEVELOPMENT,Legante,260730,"3,5-diamino-4,4'-bipyrazole bipyrazole",0.0,chloride,3.0,27.0,58.933,9.0,4.0,d,1.88
362,TpMe2Tl,Organometallica,Ru,[Ru(p-cymene)Cl2]2,CH2Cl2,Nessuno,120,3.0,0.1,0.05,2.0,"Sciolto prima il sale metallico all'interno della vial, una volta solubilizzato ho aggiunto il legante; lasciato in stirring per 3 ore e poi fatto evaporare lentamente il solvente fino a dimezzare il volume. Una volta dimezzato il volume ho aggiunto dietil etere circa 5 ml, ho notato la formazione di una piccola sospensione, quindi l'ho filtrato su filtro con mesh sottili(precipitato bianco-grigio). Le acque madri raccolte ed aspettato di dimezzare nuovamente il volume. Una volta evaporato tutto il solvente, nel residuo ho aggiunto Et2O e poi filtrato. Ora procedo a caratterizzare il precipitato ed aspetto che le acque madri evaporino.",1,,numeric_decimal_standardized;temperature_numeric_standardized;time_numeric_standardized,,0,INCLUDED,,missing_optional_numeric:Volume solvente,MOF_GROUPED_LIGAND_SPLIT_v6.0_seed260730,DEVELOPMENT,Legante,260730,tpme2tl organometallica,0.0,chloride,2.0,44.0,101.07,8.0,5.0,d,2.2
369,Et4BPz,Organometallica - pirazoli,Ru,[Ru(p-cymene)Cl2]2,MeOH,Nessuno,120,4.0,0.1,0.1,1.0,"Solubilizzato il dimero del metallo in 10 ml di MeOH, una volta solulbilizzato ho aggiunto il legante e lasciato in stirring per 16 ore.",2,,numeric_decimal_standardized;temperature_numeric_standardized;time_numeric_standardized,,0,INCLUDED,,missing_optional_numeric:Volume solvente,MOF_GROUPED_LIGAND_SPLIT_v6.0_seed260730,DEVELOPMENT,Legante,260730,et4bpz organometallica - pirazoli,0.0,chloride,2.0,44.0,101.07,8.0,5.0,d,2.2
371,H2BPZNH2,Organometallica - pirazoli,Ru,[Ru(p-cymene)Cl2]2,MeOH,Nessuno,120,4.0,0.1,0.1,1.0,"Dopo 4 ore ancora nessuna cristallizzazione, evaporato un po di solvente e poi messo in frido appena raffreddato. Aggiunto eteredietilico, perchè non vi era avvenuta cristallizzazione.",2,,numeric_decimal_standardized;temperature_numeric_standardized;time_numeric_standardized,,0,INCLUDED,,missing_optional_numeric:Volume solvente,MOF_GROUPED_LIGAND_SPLIT_v6.0_seed260730,DEVELOPMENT,Legante,260730,h2bpznh2 organometallica - pirazoli,0.0,chloride,2.0,44.0,101.07,8.0,5.0,d,2.2
372,"3,5-diamino-4,4'-bipyrazole",Organometallica - pirazoli,Ru,[Ru(p-cymene)Cl2]2,MeOH,Nessuno,120,4.0,0.16,0.16,1.0,"Ho pesato il dimero e sciolto in 10 ml di MeOH; una volta sulubilizzato ho aggiunto il legante e lasciato sotto agitazione per 4 ore. Una volta fatto evaporare completamente il solvente ho notato un precipitato rosso bruno, filtrato con dietil etere e mandato un HNMR comr Ru3. Il precipitato rimasto nella vial l'ho lavato con acetone d ulteriormente filtrato, ora mando anche questo all'HNMR come Ru3.lavato con acetone.",1,,ligand_typography_standardized;numeric_decimal_standardized;temperature_numeric_standardized;time_numeric_standardized,,0,INCLUDED,,missing_optional_numeric:Volume solvente,MOF_GROUPED_LIGAND_SPLIT_v6.0_seed260730,DEVELOPMENT,Legante,260730,"3,5-diamino-4,4'-bipyrazole organometallica - pirazoli",0.0,chloride,2.0,44.0,101.07,8.0,5.0,d,2.2
374,FErrocenylPz,Organometallica,Non specificato,PdCl2·(CH3CN)2,MeOH,Nessuno,120,4.0,0.2,0.1,2.0,"Ho sciolto il palladio in 10 ml di metanolo in un pallone a due colli dove insufflavo argono. Dopo 15 minuti ho aggiunto il legante e lasciato insufflare argon per altri 10 minuti, poi cessato il flusso di argon ho messo il tappo. Subito dopo l'aggiunta del legante ho notato cambio di colore con intorbidimento della soluzione. Ho filtrato il precipitato e le acque madri le ho messe in una vial per far evaporare lentamente il solvente. Ilprecipitato era il legante, visto all'IR",2,,numeric_decimal_standardized;salt_hydrate_separator_standardized;temperature_numeric_standardized;time_numeric_standardized,,0,INCLUDED,,missing_optional_numeric:Volume solvente,MOF_GROUPED_LIGAND_SPLIT_v6.0_seed260730,DEVELOPMENT,Legante,260730,ferrocenylpz organometallica,0.0,chloride,2.0,,,,,unknown,
378,FErrocenylPz,Organometallica,Non specificato,PdCl2·(CH3CN)2,MeOH,Nessuno,120,4.0,0.4,0.2,2.0,"Filtrato il precipitato(eccesso di legante), la soluzione raccolta in una beuta e fatta evaporare all'aria.",1,,numeric_decimal_standardized;salt_hydrate_separator_standardized;temperature_numeric_standardized;time_numeric_standardized,,0,INCLUDED,,missing_optional_numeric:Volume solvente,MOF_GROUPED_LIGAND_SPLIT_v6.0_seed260730,DEVELOPMENT,Legante,260730,ferrocenylpz organometallica,0.0,chloride,2.0,,,,,unknown,
379,"1,4-Di(1H-pyrazol-4-yl)benzene",Organometallica - pirazoli,Ru,[Ru(p-cymene)Cl2]2,MeOH,Nessuno,120,24.0,0.2,0.1,2.0,"To a methanolic (5 mL) solution of pyrazole based ligand , was added a methanolic (5 mL) solution of [RuCl2(η6-p-cymene)]2 , and the reaction mixture was allowed to stir for 4 h at room temperature. Dopo 24 ore ho filtrato l'eccesso di reagenti e lasciato poi dimezzare il volume della soluzione all'aria lentamente. Portato a secco e mandato l'HNMR",2,,numeric_decimal_standardized;temperature_numeric_standardized;time_numeric_standardized,,0,INCLUDED,,missing_optional_numeric:Volume solvente,MOF_GROUPED_LIGAND_SPLIT_v6.0_seed260730,DEVELOPMENT,Legante,260730,"1,4-di(1h-pyrazol-4-yl)benzene organometallica - pirazoli",0.0,chloride,2.0,44.0,101.07,8.0,5.0,d,2.2
380,(NO2)2BPz,Organometallica - pirazoli,Ru,[Ru(p-cymene)Cl2]2,MeOH,Nessuno,120,24.0,0.1,0.05,2.0,"filtrato e lavato con metanolo, dopo aver dimezzato il volume della soluzione.Precipitato di colore nero, ma sembra cristallino",2,,numeric_decimal_standardized;temperature_numeric_standardized;time_numeric_standardized,,0,INCLUDED,,missing_optional_numeric:Volume solvente,MOF_GROUPED_LIGAND_SPLIT_v6.0_seed260730,DEVELOPMENT,Legante,260730,(no2)2bpz organometallica - pirazoli,0.0,chloride,2.0,44.0,101.07,8.0,5.0,d,2.2
381,NO2BPz,Organometallica - pirazoli,Ru,[Ru(p-cymene)Cl2]2,MeOH,Nessuno,120,24.0,0.1,0.05,2.0,"filtrato per rimuovere l'eccesso di reagenti noon reagito, lasciato ridurre il volume. Lavato con etere dietilico e filtrato(precipitato verdino).Ir del primo precipitato è pessimo. Le acque madri le ho tenute.",1,,numeric_decimal_standardized;temperature_numeric_standardized;time_numeric_standardized,,0,INCLUDED,,missing_optional_numeric:Volume solvente,MOF_GROUPED_LIGAND_SPLIT_v6.0_seed260730,DEVELOPMENT,Legante,260730,no2bpz organometallica - pirazoli,0.0,chloride,2.0,44.0,101.07,8.0,5.0,d,2.2
382,FErrocenylPz,Organometallica,Non specificato,PdCl2·(CH3CN)2,MeOH,Nessuno,120,6.0,0.1,0.1,1.0,"Ho pesato il dimero e sciolto in 10 ml di MeOH; una volta sulubilizzato ho aggiunto il legante e lasciato sotto agitazione per 6ORE. Ho lasciato dimezzare il volume all'aria, poi aggiunto qualche goccia di dietiletere e messo in frigo. Il precipitato ottenuto l'ho filtrato.",2,,numeric_decimal_standardized;salt_hydrate_separator_standardized;temperature_numeric_standardized;time_numeric_standardized,,0,INCLUDED,,missing_optional_numeric:Volume solvente,MOF_GROUPED_LIGAND_SPLIT_v6.0_seed260730,DEVELOPMENT,Legante,260730,ferrocenylpz organometallica,0.0,chloride,2.0,,,,,unknown,
383,"3,3'-diamino-4,4'-bipyrazole",Organometallica - pirazoli,Ru,[Ru(p-cymene)Cl2]2,MeOH,Nessuno,120,24.0,0.1,0.1,1.0,Ho pesato il dimero e sciolto in 10 ml di MeOH; una volta sulubilizzato ho aggiunto il legante e lasciato sotto agitazione per 24 ORE.Fatto evaporare all'aria per ridurre il volume,1,,ligand_typography_standardized;numeric_decimal_standardized;temperature_numeric_standardized;time_numeric_standardized,,0,INCLUDED,,missing_optional_numeric:Volume solvente,MOF_GROUPED_LIGAND_SPLIT_v6.0_seed260730,DEVELOPMENT,Legante,260730,"3,3'-diamino-4,4'-bipyrazole organometallica - pirazoli",0.0,chloride,2.0,44.0,101.07,8.0,5.0,d,2.2
384,"1,4-Di(1H-pyrazol-4-yl)benzene BDP",Organometallica - pirazoli,Ir,[Ir(C₅Me₅)Cl₂]₂,MeOH,Nessuno,120,24.0,0.05,0.1,0.5,"Ho sciolto il sale metallico in 10 ml di MeOH, una volta solubilizzato ho aggiunto il linker e lasciato in stirring.",1,,temperature_numeric_standardized;time_numeric_standardized,,0,INCLUDED,,missing_optional_numeric:Volume solvente,MOF_GROUPED_LIGAND_SPLIT_v6.0_seed260730,DEVELOPMENT,Legante,260730,"1,4-di(1h-pyrazol-4-yl)benzene bdp organometallica - pirazoli",0.0,chloride,,77.0,192.217,9.0,6.0,d,2.2
385,"1,4-Di(1H-pyrazol-4-yl)benzene BDP",Organometallica - pirazoli,Rh,[Rh(C5Me5)Cl2]2,MeOH,Nessuno,120,24.0,0.05,0.1,0.5,"Ho sciolto il sale metallico in 10 ml di MeOH, una volta solubilizzato ho aggiunto il linker e lasciato in stirring.",1,,temperature_numeric_standardized;time_numeric_standardized,,0,INCLUDED,,missing_optional_numeric:Volume solvente,MOF_GROUPED_LIGAND_SPLIT_v6.0_seed260730,DEVELOPMENT,Legante,260730,"1,4-di(1h-pyrazol-4-yl)benzene bdp organometallica - pirazoli",0.0,chloride,2.0,45.0,102.906,9.0,5.0,d,2.28
386,Ru1,Organometallica,Ru,CAgF3SO3,MeCN,Nessuno,120,3.0,0.06,0.12,0.5,lasciato aperto a temperatura ambiente per cercare di ridurre il volume di solvente e favorire una cristallizzazione,2,,temperature_numeric_standardized;time_numeric_standardized,,0,INCLUDED,,missing_optional_numeric:Volume solvente,MOF_GROUPED_LIGAND_SPLIT_v6.0_seed260730,DEVELOPMENT,Legante,260730,ru1 organometallica,0.0,other,,44.0,101.07,8.0,5.0,d,2.2
387,"Ru1 scambio anionico FW=868,73",Organometallica - scambio anionico,Ru,"4,4'-bipiridina",MeCN,Nessuno,120,24.0,0.04,0.04,1.0,"Dopo 5h la soluzione ha cambiato colore, ora faccio evaporare un pò di solvente per vedere se verrà giu qualcosa. Una volta dimezzato il volume ho aggiunto 5 ml di dietil etere e poi posto a scaldare su piastra per circa 15 minuti, ho nontato un precipitato nerastro, fatto raffreddare e posto in frigo per vedere se continuerà a venire giu.",2,,numeric_decimal_standardized;temperature_numeric_standardized;time_numeric_standardized,,0,INCLUDED,,missing_optional_numeric:Volume solvente,MOF_GROUPED_LIGAND_SPLIT_v6.0_seed260730,DEVELOPMENT,Legante,260730,"ru1 scambio anionico fw=868,73 organometallica - scambio anionico",0.0,iodide,,44.0,101.07,8.0,5.0,d,2.2
388,"Ru1,2",Organometallica,Ru,CAgF3SO3,CH2Cl2,Nessuno,120,3.0,0.04,0.08,0.5,"Precipitato bianco formatosi alla fine delle 4 ore, filtrato e lasciato ridurre di volume all'aria.",2,,temperature_numeric_standardized;time_numeric_standardized,,0,INCLUDED,,missing_optional_numeric:Volume solvente,MOF_GROUPED_LIGAND_SPLIT_v6.0_seed260730,DEVELOPMENT,Legante,260730,"ru1,2 organometallica",0.0,other,,44.0,101.07,8.0,5.0,d,2.2
389,"Ru1,3 802,63",Organometallica,Ru,CAgF3SO3,CH2Cl2,Nessuno,120,5.0,0.05,0.2,0.25,"Precipitato bianco formatosi alla fine delle 4 ore, filtrato e lasciato ridurre di volume all'aria.",1,,temperature_numeric_standardized;time_numeric_standardized,,0,INCLUDED,,missing_optional_numeric:Volume solvente,MOF_GROUPED_LIGAND_SPLIT_v6.0_seed260730,DEVELOPMENT,Legante,260730,"ru1,3 802,63 organometallica",0.0,other,,44.0,101.07,8.0,5.0,d,2.2
390,"Ru1,3 scambio anionico FW=868,73",Organometallica - scambio anionico,Ru,"4,4'-bipiridina",MeCN,Nessuno,120,5.0,0.02,0.02,1.0,"Ho solubilizzato il complesso in 10 ml di MeCN, in un'altra vial ho solubilizzato la bipiridina in altri 10 ml di MeCN, poi ho aggiunto goccia a goccia nella soluzione del complesso.",1,,numeric_decimal_standardized;temperature_numeric_standardized;time_numeric_standardized,,0,INCLUDED,,missing_optional_numeric:Volume solvente,MOF_GROUPED_LIGAND_SPLIT_v6.0_seed260730,DEVELOPMENT,Legante,260730,"ru1,3 scambio anionico fw=868,73 organometallica - scambio anionico",0.0,iodide,,44.0,101.07,8.0,5.0,d,2.2
391,"Ru1,3",Organometallica,Ru,CAgF3SO3,CH2Cl2,Nessuno,120,5.0,0.05,0.2,0.25,"Precipitato bianco formatosi alla fine delle 4 ore, filtrato e lasciato ridurre di volume all'aria.",1,,temperature_numeric_standardized;time_numeric_standardized,,0,INCLUDED,,missing_optional_numeric:Volume solvente,MOF_GROUPED_LIGAND_SPLIT_v6.0_seed260730,DEVELOPMENT,Legante,260730,"ru1,3 organometallica",0.0,other,,44.0,101.07,8.0,5.0,d,2.2
392,"Ru1,3 scambio anionico2 FW=868,73",Organometallica - scambio anionico,Ru,BDP,MeCN,Nessuno,120,24.0,0.02,0.02,1.0,"Ho solubilizzato il complesso in 52 ml di MeCN, in un'altra vial ho solubilizzato il BDP in altri 5 ml di MeCN, poi ho aggiunto goccia a goccia nella soluzione del complesso. Soluzione torbida, perchè il legante non si è solubilizzato molto bene in MeCN. Dopo 24 ore ho filtrato l'eccesso di reagenti ed ho lasciato ad evaporare il solvente all'aria lentamente.",1,,numeric_decimal_standardized;temperature_numeric_standardized;time_numeric_standardized,,0,INCLUDED,,missing_optional_numeric:Volume solvente,MOF_GROUPED_LIGAND_SPLIT_v6.0_seed260730,DEVELOPMENT,Legante,260730,"ru1,3 scambio anionico2 fw=868,73 organometallica - scambio anionico",0.0,other,,44.0,101.07,8.0,5.0,d,2.2
393,"Ru1,3",Organometallica,Ru,CAgF3SO3,CH2Cl2,Nessuno,120,6.0,0.05,0.22,0.227,"Filtrato il precipitato formatosi, sciacquato con 5 ml di diclorometano e poi lasciato evaporare all'aria le acque madri.",1,,temperature_numeric_standardized;time_numeric_standardized,,0,INCLUDED,,missing_optional_numeric:Volume solvente,MOF_GROUPED_LIGAND_SPLIT_v6.0_seed260730,DEVELOPMENT,Legante,260730,"ru1,3 organometallica",0.0,other,,44.0,101.07,8.0,5.0,d,2.2
395,"Ru1,3",Organometallica,Ru,CAgF3SO3,CH2Cl2,Nessuno,120,5.0,0.05,0.2,0.25,"Solubilizzato separatamente i due reagenti, poi aggiungo goccia a goccia la soluzione di CAgF3SO3 in quella del complesso. Precipitato bianco formatosi alla fine delle 4 ore, filtrato e lasciato ridurre di volume all'aria.",1,,temperature_numeric_standardized;time_numeric_standardized,,0,INCLUDED,,missing_optional_numeric:Volume solvente,MOF_GROUPED_LIGAND_SPLIT_v6.0_seed260730,DEVELOPMENT,Legante,260730,"ru1,3 organometallica",0.0,other,,44.0,101.07,8.0,5.0,d,2.2
396,"Ru1 scambio anionico FW=868,73",Organometallica - scambio anionico,Ru,"4,4'-bipiridina(Az50)",MeCN,Nessuno,120,24.0,0.02,0.04,0.5,"Solubilizzare il complesso in 2 ml di acetonitrile, in una vial separata solubilizzare la bipiridina con 3 ml di CH3CN ed aggiungere goccia a goccia la soluzione in quella del complesso. Lasciar reagire 24h.",1,,temperature_numeric_standardized;time_numeric_standardized,,0,INCLUDED,,missing_optional_numeric:Volume solvente,MOF_GROUPED_LIGAND_SPLIT_v6.0_seed260730,DEVELOPMENT,Legante,260730,"ru1 scambio anionico fw=868,73 organometallica - scambio anionico",0.0,iodide,,44.0,101.07,8.0,5.0,d,2.2
397,Et4BPz,Organometallica - pirazoli,Rh,[Rh(C5Me5)Cl2]2,MeOH,Nessuno,120,16.0,0.1,0.05,0.5,"Solubilizzato il dimero del metallo in 10 ml di MeOH, una volta solulbilizzato ho aggiunto il legante e lasciato in stirring per 16 ore.",1,,temperature_numeric_standardized;time_numeric_standardized,,0,INCLUDED,,missing_optional_numeric:Volume solvente,MOF_GROUPED_LIGAND_SPLIT_v6.0_seed260730,DEVELOPMENT,Legante,260730,et4bpz organometallica - pirazoli,0.0,chloride,2.0,45.0,102.906,9.0,5.0,d,2.28
398,H2BPZNH2,Organometallica,Rh,[Rh(C5Me5)Cl2]3,MeOH,Nessuno,70,24.0,0.1,0.05,0.5,"Solubilizzato il dimero del metallo in 10 ml di MeOH, una volta solulbilizzato ho aggiunto il legante e lasciato in stirring per 16 ore.",1,,temperature_numeric_standardized;time_numeric_standardized,,0,INCLUDED,,missing_optional_numeric:Volume solvente,MOF_GROUPED_LIGAND_SPLIT_v6.0_seed260730,DEVELOPMENT,Legante,260730,h2bpznh2 organometallica,0.0,chloride,2.0,45.0,102.906,9.0,5.0,d,2.28
399,(NO2)2BPz,Organometallica,Ir,[Ir(C5Me5)Cl2]4,MeOH,Trietilammina (TEA) 2 eq,70,24.0,0.1,0.05,0.5,"Solubilizzato il dimero del metallo in 10 ml di MeOH, una volta solulbilizzato ho aggiunto il legante e lasciato in stirring per 16 ore.",1,,additive_canonicalized;temperature_numeric_standardized;time_numeric_standardized,,0,INCLUDED,,missing_optional_numeric:Volume solvente,MOF_GROUPED_LIGAND_SPLIT_v6.0_seed260730,DEVELOPMENT,Legante,260730,(no2)2bpz organometallica,0.0,chloride,2.0,77.0,192.217,9.0,6.0,d,2.2
400,NO2BPz,Organometallica,Ir,[Ir(C5Me5)Cl2]5,MeOH,Trietilammina (TEA) 2 eq,70,24.0,0.1,0.05,0.5,"Solubilizzato il dimero del metallo in 10 ml di MeOH, una volta solulbilizzato ho aggiunto il legante e lasciato in stirring per 16 ore.",1,,additive_canonicalized;temperature_numeric_standardized;time_numeric_standardized,,0,INCLUDED,,missing_optional_numeric:Volume solvente,MOF_GROUPED_LIGAND_SPLIT_v6.0_seed260730,DEVELOPMENT,Legante,260730,no2bpz organometallica,0.0,chloride,2.0,77.0,192.217,9.0,6.0,d,2.2
401,"1,4-Benzenedicarboxylic acid (H2BDC)",Non specificata,Zn,Zn(NO3)2·6H2O,DMF,Nessuno,120,24.0,0.7,2.2,0.3182,Solvothermal,2,,temperature_numeric_standardized;time_numeric_standardized,,0,INCLUDED,,missing_optional_numeric:Volume solvente,MOF_GROUPED_LIGAND_SPLIT_v6.0_seed260730,DEVELOPMENT,Legante,260730,"1,4-benzenedicarboxylic acid (h2bdc) non specificata",6.0,nitrate,2.0,30.0,65.38,12.0,4.0,d,1.65
403,"1,4-Benzenedicarboxylic acid (H2BDC)",Non specificata,Zr,ZrCl4,DMF/HCl,Nessuno,120,24.0,1.5,1.5,1.0,Solvothermal,2,,numeric_decimal_standardized;temperature_numeric_standardized;time_numeric_standardized,,0,INCLUDED,,missing_optional_numeric:Volume solvente,MOF_GROUPED_LIGAND_SPLIT_v6.0_seed260730,DEVELOPMENT,Legante,260730,"1,4-benzenedicarboxylic acid (h2bdc) non specificata",0.0,chloride,4.0,40.0,91.224,4.0,5.0,d,1.33
405,2-Nitroterephthalic acid,Non specificata,Zr,ZrCl4,DMF/HCl,Nessuno,120,24.0,1.0,1.0,1.0,Solvothermal,2,,numeric_decimal_standardized;temperature_numeric_standardized;time_numeric_standardized,,0,INCLUDED,,missing_optional_numeric:Volume solvente,MOF_GROUPED_LIGAND_SPLIT_v6.0_seed260730,DEVELOPMENT,Legante,260730,2-nitroterephthalic acid non specificata,0.0,chloride,4.0,40.0,91.224,4.0,5.0,d,1.33
406,"4,4'-Biphenyldicarboxylic acid (H2BPDC)",Non specificata,Zr,ZrCl4,DMF/HCl,Nessuno,120,24.0,1.0,1.0,1.0,Solvothermal,2,,numeric_decimal_standardized;temperature_numeric_standardized;time_numeric_standardized,,0,INCLUDED,,missing_optional_numeric:Volume solvente,MOF_GROUPED_LIGAND_SPLIT_v6.0_seed260730,DEVELOPMENT,Legante,260730,"4,4'-biphenyldicarboxylic acid (h2bpdc) non specificata",0.0,chloride,4.0,40.0,91.224,4.0,5.0,d,1.33
407,2-Methylimidazole,Non specificata,Zn,Zn(NO3)2·6H2O,MeOH,Nessuno,25,12.0,4.0,1.0,4.0,Precipitation,2,,numeric_decimal_standardized;temperature_numeric_standardized;time_numeric_standardized,,0,INCLUDED,,missing_optional_numeric:Volume solvente,MOF_GROUPED_LIGAND_SPLIT_v6.0_seed260730,DEVELOPMENT,Legante,260730,2-methylimidazole non specificata,6.0,nitrate,2.0,30.0,65.38,12.0,4.0,d,1.65
408,2-Methylimidazole,Non specificata,Co,Co(NO3)2·6H2O,MeOH,Nessuno,25,24.0,4.0,1.0,4.0,Precipitation,2,,numeric_decimal_standardized;temperature_numeric_standardized;time_numeric_standardized,,0,INCLUDED,,missing_optional_numeric:Volume solvente,MOF_GROUPED_LIGAND_SPLIT_v6.0_seed260730,DEVELOPMENT,Legante,260730,2-methylimidazole non specificata,6.0,nitrate,2.0,27.0,58.933,9.0,4.0,d,1.88
409,Benzimidazole,Non specificata,Zn,Zn(NO3)2·6H2O,DMF,Nessuno,130,48.0,6.0,1.5,4.0,Solvothermal,2,,numeric_decimal_standardized;temperature_numeric_standardized;time_numeric_standardized,,0,INCLUDED,,missing_optional_numeric:Volume solvente,MOF_GROUPED_LIGAND_SPLIT_v6.0_seed260730,DEVELOPMENT,Legante,260730,benzimidazole non specificata,6.0,nitrate,2.0,30.0,65.38,12.0,4.0,d,1.65
410,Benzimidazole,Non specificata,Zn,Zn(NO3)2·6H2O,MeOH/Toluene,Nessuno,100,24.0,3.2,0.8,4.0,Solvothermal,2,,numeric_decimal_standardized;solvent_canonicalized;temperature_numeric_standardized;time_numeric_standardized,,0,INCLUDED,,missing_optional_numeric:Volume solvente,MOF_GROUPED_LIGAND_SPLIT_v6.0_seed260730,DEVELOPMENT,Legante,260730,benzimidazole non specificata,6.0,nitrate,2.0,30.0,65.38,12.0,4.0,d,1.65
411,"1,4-Benzenedicarboxylic acid (H2BDC)",Non specificata,Al,Al(NO3)3·9H2O,H2O,Nessuno,220,72.0,3.0,3.0,1.0,Hydrothermal,2,,numeric_decimal_standardized;temperature_numeric_standardized;time_numeric_standardized,,0,INCLUDED,,missing_optional_numeric:Volume solvente,MOF_GROUPED_LIGAND_SPLIT_v6.0_seed260730,DEVELOPMENT,Legante,260730,"1,4-benzenedicarboxylic acid (h2bdc) non specificata",9.0,nitrate,3.0,13.0,26.982,13.0,3.0,p,1.61
412,"1,4-Benzenedicarboxylic acid (H2BDC)",Non specificata,Cr,Cr(NO3)3·9H2O,H2O/HF,Nessuno,220,72.0,5.0,5.0,1.0,Hydrothermal,2,,numeric_decimal_standardized;temperature_numeric_standardized;time_numeric_standardized,,0,INCLUDED,,missing_optional_numeric:Volume solvente,MOF_GROUPED_LIGAND_SPLIT_v6.0_seed260730,DEVELOPMENT,Legante,260730,"1,4-benzenedicarboxylic acid (h2bdc) non specificata",9.0,nitrate,3.0,24.0,51.996,6.0,4.0,d,1.66
413,"1,4-Benzenedicarboxylic acid (H2BDC)",Non specificata,Fe,FeCl3·6H2O,DMF,Nessuno,150,15.0,5.0,5.0,1.0,Solvothermal,2,,numeric_decimal_standardized;temperature_numeric_standardized;time_numeric_standardized,,0,INCLUDED,,missing_optional_numeric:Volume solvente,MOF_GROUPED_LIGAND_SPLIT_v6.0_seed260730,DEVELOPMENT,Legante,260730,"1,4-benzenedicarboxylic acid (h2bdc) non specificata",6.0,chloride,3.0,26.0,55.845,8.0,4.0,d,1.83
416,"1,4-Benzenedicarboxylic acid (H2BDC)",Non specificata,Cr,Cr(NO3)3·9H2O,H2O/HF,Nessuno,220,8.0,4.0,4.0,1.0,Hydrothermal,2,,numeric_decimal_standardized;temperature_numeric_standardized;time_numeric_standardized,,0,INCLUDED,,missing_optional_numeric:Volume solvente,MOF_GROUPED_LIGAND_SPLIT_v6.0_seed260730,DEVELOPMENT,Legante,260730,"1,4-benzenedicarboxylic acid (h2bdc) non specificata",9.0,nitrate,3.0,24.0,51.996,6.0,4.0,d,1.66
417,"1,4-Benzenedicarboxylic acid (H2BDC)",Non specificata,Fe,FeCl3·6H2O,DMF,Nessuno,110,20.0,1.5,3.0,0.5,Solvothermal,2,,numeric_decimal_standardized;temperature_numeric_standardized;time_numeric_standardized,,0,INCLUDED,,missing_optional_numeric:Volume solvente,MOF_GROUPED_LIGAND_SPLIT_v6.0_seed260730,DEVELOPMENT,Legante,260730,"1,4-benzenedicarboxylic acid (h2bdc) non specificata",6.0,chloride,3.0,26.0,55.845,8.0,4.0,d,1.83
418,"2,5-Dihydroxyterephthalic acid (H4DOBDC)",Non specificata,Mg,Mg(NO3)2·6H2O,DMF/H2O/EtOH,Nessuno,125,24.0,1.0,3.3,0.303,Solvothermal,2,,numeric_decimal_standardized;solvent_canonicalized;temperature_numeric_standardized;time_numeric_standardized,,0,INCLUDED,,missing_optional_numeric:Volume solvente,MOF_GROUPED_LIGAND_SPLIT_v6.0_seed260730,DEVELOPMENT,Legante,260730,"2,5-dihydroxyterephthalic acid (h4dobdc) non specificata",6.0,nitrate,2.0,12.0,24.305,2.0,3.0,s,1.31
419,"2,5-Dihydroxyterephthalic acid (H4DOBDC)",Non specificata,Zn,Zn(NO3)2·6H2O,DMF/H2O/EtOH,Nessuno,100,24.0,1.0,3.3,0.303,Solvothermal,2,,numeric_decimal_standardized;solvent_canonicalized;temperature_numeric_standardized;time_numeric_standardized,,0,INCLUDED,,missing_optional_numeric:Volume solvente,MOF_GROUPED_LIGAND_SPLIT_v6.0_seed260730,DEVELOPMENT,Legante,260730,"2,5-dihydroxyterephthalic acid (h4dobdc) non specificata",6.0,nitrate,2.0,30.0,65.38,12.0,4.0,d,1.65
420,"2,5-Dihydroxyterephthalic acid (H4DOBDC)",Non specificata,Ni,Ni(NO3)2·6H2O,DMF/H2O/EtOH,Nessuno,120,24.0,1.0,3.3,0.303,Solvothermal,2,,numeric_decimal_standardized;solvent_canonicalized;temperature_numeric_standardized;time_numeric_standardized,,0,INCLUDED,,missing_optional_numeric:Volume solvente,MOF_GROUPED_LIGAND_SPLIT_v6.0_seed260730,DEVELOPMENT,Legante,260730,"2,5-dihydroxyterephthalic acid (h4dobdc) non specificata",6.0,nitrate,2.0,28.0,58.693,10.0,4.0,d,1.91
421,"2,5-Dihydroxyterephthalic acid (H4DOBDC)",Non specificata,Co,Co(NO3)2·6H2O,DMF/H2O/EtOH,Nessuno,120,24.0,1.0,3.3,0.303,Solvothermal,2,,numeric_decimal_standardized;solvent_canonicalized;temperature_numeric_standardized;time_numeric_standardized,,0,INCLUDED,,missing_optional_numeric:Volume solvente,MOF_GROUPED_LIGAND_SPLIT_v6.0_seed260730,DEVELOPMENT,Legante,260730,"2,5-dihydroxyterephthalic acid (h4dobdc) non specificata",6.0,nitrate,2.0,27.0,58.933,9.0,4.0,d,1.88
422,"2,5-Dihydroxyterephthalic acid (H4DOBDC)",Non specificata,Fe,FeCl2·4H2O,DMF/EtOH,Nessuno,120,24.0,1.0,3.3,0.303,Solvothermal,2,,numeric_decimal_standardized;temperature_numeric_standardized;time_numeric_standardized,,0,INCLUDED,,missing_optional_numeric:Volume solvente,MOF_GROUPED_LIGAND_SPLIT_v6.0_seed260730,DEVELOPMENT,Legante,260730,"2,5-dihydroxyterephthalic acid (h4dobdc) non specificata",4.0,chloride,2.0,26.0,55.845,8.0,4.0,d,1.83
423,"2,5-Dihydroxyterephthalic acid (H4DOBDC)",Non specificata,Mn,Mn(OAc)2·4H2O,DMF/H2O/EtOH,Nessuno,120,24.0,1.0,3.3,0.303,Solvothermal,2,,numeric_decimal_standardized;solvent_canonicalized;temperature_numeric_standardized;time_numeric_standardized,,0,INCLUDED,,missing_optional_numeric:Volume solvente,MOF_GROUPED_LIGAND_SPLIT_v6.0_seed260730,DEVELOPMENT,Legante,260730,"2,5-dihydroxyterephthalic acid (h4dobdc) non specificata",4.0,acetate,2.0,25.0,54.938,7.0,4.0,d,1.55
424,"1,3,6,8-tetrakis(p-benzoic acid)pyrene (H4TBAPy)",Non specificata,Zr,ZrOCl2·8H2O,DMF/TFA,Nessuno,120,18.0,0.06,0.3,0.2,Solvothermal,2,,temperature_numeric_standardized;time_numeric_standardized,,0,INCLUDED,,missing_optional_numeric:Volume solvente,MOF_GROUPED_LIGAND_SPLIT_v6.0_seed260730,DEVELOPMENT,Legante,260730,"1,3,6,8-tetrakis(p-benzoic acid)pyrene (h4tbapy) non specificata",8.0,chloride,2.0,40.0,91.224,4.0,5.0,d,1.33
425,TCPP (Tetrakis(4-carboxyphenyl)porphyrin),Non specificata,Zr,ZrOCl2·8H2O,DMF/BA,Nessuno,120,24.0,0.04,0.23,0.1739,Solvothermal,2,,temperature_numeric_standardized;time_numeric_standardized,,0,INCLUDED,,missing_optional_numeric:Volume solvente,MOF_GROUPED_LIGAND_SPLIT_v6.0_seed260730,DEVELOPMENT,Legante,260730,tcpp (tetrakis(4-carboxyphenyl)porphyrin) non specificata,8.0,chloride,2.0,40.0,91.224,4.0,5.0,d,1.33
426,"3,3',5,5'-Azobenzenetetracarboxylic acid (H4ABTC)",Non specificata,Fe,Fe(NO3)3·9H2O,DMF,Nessuno,150,24.0,0.3,0.6,0.5,Solvothermal,2,,temperature_numeric_standardized;time_numeric_standardized,,0,INCLUDED,,missing_optional_numeric:Volume solvente,MOF_GROUPED_LIGAND_SPLIT_v6.0_seed260730,DEVELOPMENT,Legante,260730,"3,3',5,5'-azobenzenetetracarboxylic acid (h4abtc) non specificata",9.0,nitrate,3.0,26.0,55.845,8.0,4.0,d,1.83
429,"2,6-NDC (0.5) / H3BTC (0.5)",Non specificata,Zn,Zn(NO3)2·6H2O,DMF,Nessuno,120,24.0,1.0,2.0,0.5,Solvothermal,2,,numeric_decimal_standardized;temperature_numeric_standardized;time_numeric_standardized,,0,INCLUDED,,missing_optional_numeric:Volume solvente,MOF_GROUPED_LIGAND_SPLIT_v6.0_seed260730,DEVELOPMENT,Legante,260730,"2,6-ndc (0.5) / h3btc (0.5) non specificata",6.0,nitrate,2.0,30.0,65.38,12.0,4.0,d,1.65
430,"2,6-NDC (1.0) / DABCO (0.5)",Non specificata,Ni,Ni(NO3)2·6H2O,DMF,Nessuno,120,48.0,1.5,1.0,1.5,Solvothermal,2,,numeric_decimal_standardized;temperature_numeric_standardized;time_numeric_standardized,,0,INCLUDED,,missing_optional_numeric:Volume solvente,MOF_GROUPED_LIGAND_SPLIT_v6.0_seed260730,DEVELOPMENT,Legante,260730,"2,6-ndc (1.0) / dabco (0.5) non specificata",6.0,nitrate,2.0,28.0,58.693,10.0,4.0,d,1.91
435,"1,3,5-tris(4-carboxyphenyl)benzene (BTB)",Non specificata,Zn,Zn(NO3)2·6H2O,DEF,Nessuno,85,48.0,0.34,1.8,0.1889,Solvothermal,2,,temperature_numeric_standardized;time_numeric_standardized,,0,INCLUDED,,missing_optional_numeric:Volume solvente,MOF_GROUPED_LIGAND_SPLIT_v6.0_seed260730,DEVELOPMENT,Legante,260730,"1,3,5-tris(4-carboxyphenyl)benzene (btb) non specificata",6.0,nitrate,2.0,30.0,65.38,12.0,4.0,d,1.65
436,"1,3,5-BTB (0.2) / 2,6-NDC (0.2)",Non specificata,Zn,Zn(NO3)2·6H2O,DMF,Nessuno,85,24.0,0.4,1.2,0.3333,Solvothermal,2,,temperature_numeric_standardized;time_numeric_standardized,,0,INCLUDED,,missing_optional_numeric:Volume solvente,MOF_GROUPED_LIGAND_SPLIT_v6.0_seed260730,DEVELOPMENT,Legante,260730,"1,3,5-btb (0.2) / 2,6-ndc (0.2) non specificata",6.0,nitrate,2.0,30.0,65.38,12.0,4.0,d,1.65
437,"3,3',5,5'-Biphenyltetracarboxylic acid",Non specificata,Cu,Cu(NO3)2·2.5H2O,DMF/H2O/EtOH,Nessuno,65,24.0,0.3,1.0,0.3,Solvothermal,2,,numeric_decimal_standardized;solvent_canonicalized;temperature_numeric_standardized;time_numeric_standardized,,0,INCLUDED,,missing_optional_numeric:Volume solvente,MOF_GROUPED_LIGAND_SPLIT_v6.0_seed260730,DEVELOPMENT,Legante,260730,"3,3',5,5'-biphenyltetracarboxylic acid non specificata",2.5,nitrate,2.0,29.0,63.546,11.0,4.0,d,1.9
438,2-Bromoterephthalic acid,Non specificata,Zr,ZrCl4,DMF/HCl,Nessuno,120,24.0,1.0,1.0,1.0,Solvothermal,2,,numeric_decimal_standardized;temperature_numeric_standardized;time_numeric_standardized,,0,INCLUDED,,missing_optional_numeric:Volume solvente,MOF_GROUPED_LIGAND_SPLIT_v6.0_seed260730,DEVELOPMENT,Legante,260730,2-bromoterephthalic acid non specificata,0.0,chloride,4.0,40.0,91.224,4.0,5.0,d,1.33
439,"1,2,4,5-Benzenetetracarboxylic acid",Non specificata,Zr,ZrCl4,DMF/HCl,Nessuno,120,24.0,0.5,1.0,0.5,Solvothermal,2,,numeric_decimal_standardized;temperature_numeric_standardized;time_numeric_standardized,,0,INCLUDED,,missing_optional_numeric:Volume solvente,MOF_GROUPED_LIGAND_SPLIT_v6.0_seed260730,DEVELOPMENT,Legante,260730,"1,2,4,5-benzenetetracarboxylic acid non specificata",0.0,chloride,4.0,40.0,91.224,4.0,5.0,d,1.33
440,"2,5-Dihydroxyterephthalic acid",Non specificata,Zr,ZrCl4,DMF/HCl,Nessuno,120,24.0,1.0,1.0,1.0,Solvothermal,2,,numeric_decimal_standardized;temperature_numeric_standardized;time_numeric_standardized,,0,INCLUDED,,missing_optional_numeric:Volume solvente,MOF_GROUPED_LIGAND_SPLIT_v6.0_seed260730,DEVELOPMENT,Legante,260730,"2,5-dihydroxyterephthalic acid non specificata",0.0,chloride,4.0,40.0,91.224,4.0,5.0,d,1.33
441,Terphenyldicarboxylic acid (TPDC),Non specificata,Zr,ZrCl4,DMF/HCl,Nessuno,120,24.0,0.5,0.5,1.0,Solvothermal,2,,numeric_decimal_standardized;temperature_numeric_standardized;time_numeric_standardized,,0,INCLUDED,,missing_optional_numeric:Volume solvente,MOF_GROUPED_LIGAND_SPLIT_v6.0_seed260730,DEVELOPMENT,Legante,260730,terphenyldicarboxylic acid (tpdc) non specificata,0.0,chloride,4.0,40.0,91.224,4.0,5.0,d,1.33
442,2-Nitroimidazole,Non specificata,Co,Co(NO3)2·6H2O,DMF,Nessuno,100,48.0,4.0,1.0,4.0,Solvothermal,2,,numeric_decimal_standardized;temperature_numeric_standardized;time_numeric_standardized,,0,INCLUDED,,missing_optional_numeric:Volume solvente,MOF_GROUPED_LIGAND_SPLIT_v6.0_seed260730,DEVELOPMENT,Legante,260730,2-nitroimidazole non specificata,6.0,nitrate,2.0,27.0,58.933,9.0,4.0,d,1.88
443,Imidazole-2-carboxaldehyde,Non specificata,Zn,Zn(NO3)2·6H2O,DMF,Nessuno,100,18.0,4.0,1.0,4.0,Solvothermal,2,,numeric_decimal_standardized;temperature_numeric_standardized;time_numeric_standardized,,0,INCLUDED,,missing_optional_numeric:Volume solvente,MOF_GROUPED_LIGAND_SPLIT_v6.0_seed260730,DEVELOPMENT,Legante,260730,imidazole-2-carboxaldehyde non specificata,6.0,nitrate,2.0,30.0,65.38,12.0,4.0,d,1.65
444,Benzimidazole,Non specificata,Co,Co(NO3)2·6H2O,DMF,Nessuno,140,48.0,4.0,1.0,4.0,Solvothermal,2,,numeric_decimal_standardized;temperature_numeric_standardized;time_numeric_standardized,,0,INCLUDED,,missing_optional_numeric:Volume solvente,MOF_GROUPED_LIGAND_SPLIT_v6.0_seed260730,DEVELOPMENT,Legante,260730,benzimidazole non specificata,6.0,nitrate,2.0,27.0,58.933,9.0,4.0,d,1.88
445,"4,5-Dichloroimidazole",Non specificata,Zn,Zn(NO3)2·6H2O,DMF,Nessuno,85,24.0,4.0,1.0,4.0,Solvothermal,2,,numeric_decimal_standardized;temperature_numeric_standardized;time_numeric_standardized,,0,INCLUDED,,missing_optional_numeric:Volume solvente,MOF_GROUPED_LIGAND_SPLIT_v6.0_seed260730,DEVELOPMENT,Legante,260730,"4,5-dichloroimidazole non specificata",6.0,nitrate,2.0,30.0,65.38,12.0,4.0,d,1.65
446,Fumaric acid,Non specificata,Fe,FeCl3·6H2O,H2O,Nessuno,65,12.0,5.0,5.0,1.0,Hydrothermal,2,,numeric_decimal_standardized;temperature_numeric_standardized;time_numeric_standardized,,0,INCLUDED,,missing_optional_numeric:Volume solvente,MOF_GROUPED_LIGAND_SPLIT_v6.0_seed260730,DEVELOPMENT,Legante,260730,fumaric acid non specificata,6.0,chloride,3.0,26.0,55.845,8.0,4.0,d,1.83
447,"1,4-Benzenedicarboxylic acid (H2BDC)",Non specificata,Fe,FeCl3·6H2O,DMF,Nessuno,100,12.0,5.0,5.0,1.0,Solvothermal,2,,numeric_decimal_standardized;temperature_numeric_standardized;time_numeric_standardized,,0,INCLUDED,,missing_optional_numeric:Volume solvente,MOF_GROUPED_LIGAND_SPLIT_v6.0_seed260730,DEVELOPMENT,Legante,260730,"1,4-benzenedicarboxylic acid (h2bdc) non specificata",6.0,chloride,3.0,26.0,55.845,8.0,4.0,d,1.83
448,"2,6-Naphthalenedicarboxylic acid",Non specificata,Fe,FeCl3·6H2O,DMF,Nessuno,100,12.0,5.0,5.0,1.0,Solvothermal,2,,numeric_decimal_standardized;temperature_numeric_standardized;time_numeric_standardized,,0,INCLUDED,,missing_optional_numeric:Volume solvente,MOF_GROUPED_LIGAND_SPLIT_v6.0_seed260730,DEVELOPMENT,Legante,260730,"2,6-naphthalenedicarboxylic acid non specificata",6.0,chloride,3.0,26.0,55.845,8.0,4.0,d,1.83
449,"4,4'-Biphenyldicarboxylic acid",Non specificata,Fe,FeCl3·6H2O,DMF,Nessuno,100,12.0,5.0,5.0,1.0,Solvothermal,2,,numeric_decimal_standardized;temperature_numeric_standardized;time_numeric_standardized,,0,INCLUDED,,missing_optional_numeric:Volume solvente,MOF_GROUPED_LIGAND_SPLIT_v6.0_seed260730,DEVELOPMENT,Legante,260730,"4,4'-biphenyldicarboxylic acid non specificata",6.0,chloride,3.0,26.0,55.845,8.0,4.0,d,1.83
450,"1,4-Benzenedicarboxylic acid (H2BDC)",Non specificata,Al,Al(NO3)3·9H2O,DMF,Nessuno,130,24.0,3.0,3.0,1.0,Solvothermal,2,,numeric_decimal_standardized;temperature_numeric_standardized;time_numeric_standardized,,0,INCLUDED,,missing_optional_numeric:Volume solvente,MOF_GROUPED_LIGAND_SPLIT_v6.0_seed260730,DEVELOPMENT,Legante,260730,"1,4-benzenedicarboxylic acid (h2bdc) non specificata",9.0,nitrate,3.0,13.0,26.982,13.0,3.0,p,1.61
451,"1,4-Benzenedicarboxylic acid (H2BDC)",Non specificata,In,In(NO3)3·xH2O,DMF,Nessuno,100,48.0,2.0,2.0,1.0,Solvothermal,2,,numeric_decimal_standardized;temperature_numeric_standardized;time_numeric_standardized,,0,INCLUDED,,missing_optional_numeric:Volume solvente,MOF_GROUPED_LIGAND_SPLIT_v6.0_seed260730,DEVELOPMENT,Legante,260730,"1,4-benzenedicarboxylic acid (h2bdc) non specificata",1.0,nitrate,3.0,49.0,114.818,13.0,5.0,p,1.78
452,"1,4-Benzenedicarboxylic acid (H2BDC)",Non specificata,Ti,Ti(OiPr)4,DMF/MeOH,Nessuno,150,15.0,12.0,6.0,2.0,Solvothermal,2,,numeric_decimal_standardized;temperature_numeric_standardized;time_numeric_standardized,,0,INCLUDED,,missing_optional_numeric:Volume solvente,MOF_GROUPED_LIGAND_SPLIT_v6.0_seed260730,DEVELOPMENT,Legante,260730,"1,4-benzenedicarboxylic acid (h2bdc) non specificata",0.0,iodide,,22.0,47.867,4.0,4.0,d,1.54
456,5-Methoxyisophthalic acid,Non specificata,Al,Al(ClO4)3·6H2O,H2O,Nessuno,130,12.0,2.0,2.0,1.0,Hydrothermal,2,,numeric_decimal_standardized;temperature_numeric_standardized;time_numeric_standardized,,0,INCLUDED,,missing_optional_numeric:Volume solvente,MOF_GROUPED_LIGAND_SPLIT_v6.0_seed260730,DEVELOPMENT,Legante,260730,5-methoxyisophthalic acid non specificata,6.0,perchlorate,,13.0,26.982,13.0,3.0,p,1.61
457,5-Nitroisophthalic acid,Non specificata,Al,Al(ClO4)3·6H2O,H2O,Nessuno,130,12.0,2.0,2.0,1.0,Hydrothermal,2,,numeric_decimal_standardized;temperature_numeric_standardized;time_numeric_standardized,,0,INCLUDED,,missing_optional_numeric:Volume solvente,MOF_GROUPED_LIGAND_SPLIT_v6.0_seed260730,DEVELOPMENT,Legante,260730,5-nitroisophthalic acid non specificata,6.0,perchlorate,,13.0,26.982,13.0,3.0,p,1.61
458,"trans-Cyclohexane-1,4-dicarboxylic acid",Non specificata,Al,Al2(SO4)3·18H2O,H2O,Nessuno,180,24.0,3.0,1.5,2.0,Hydrothermal,2,,numeric_decimal_standardized;temperature_numeric_standardized;time_numeric_standardized,,0,INCLUDED,,missing_optional_numeric:Volume solvente,MOF_GROUPED_LIGAND_SPLIT_v6.0_seed260730,DEVELOPMENT,Legante,260730,"trans-cyclohexane-1,4-dicarboxylic acid non specificata",18.0,sulfate,,13.0,26.982,13.0,3.0,p,1.61
459,TCPP (Tetrakis(4-carboxyphenyl)porphyrin),Non specificata,Zr,ZrOCl2·8H2O,DMF/BA,Nessuno,120,12.0,0.04,0.3,0.1333,Solvothermal,2,,temperature_numeric_standardized;time_numeric_standardized,,0,INCLUDED,,missing_optional_numeric:Volume solvente,MOF_GROUPED_LIGAND_SPLIT_v6.0_seed260730,DEVELOPMENT,Legante,260730,tcpp (tetrakis(4-carboxyphenyl)porphyrin) non specificata,8.0,chloride,2.0,40.0,91.224,4.0,5.0,d,1.33
460,TCPP,Non specificata,Hf,HfCl4,DMF/BA,Nessuno,120,24.0,0.03,0.2,0.15,Solvothermal,2,,temperature_numeric_standardized;time_numeric_standardized,,0,INCLUDED,,missing_optional_numeric:Volume solvente,MOF_GROUPED_LIGAND_SPLIT_v6.0_seed260730,DEVELOPMENT,Legante,260730,tcpp non specificata,0.0,chloride,4.0,72.0,178.49,4.0,6.0,d,1.3
461,TCPP,Non specificata,Fe,FeCl3,DMF,Nessuno,150,24.0,0.08,0.5,0.16,Solvothermal,2,,temperature_numeric_standardized;time_numeric_standardized,,0,INCLUDED,,missing_optional_numeric:Volume solvente,MOF_GROUPED_LIGAND_SPLIT_v6.0_seed260730,DEVELOPMENT,Legante,260730,tcpp non specificata,0.0,chloride,3.0,26.0,55.845,8.0,4.0,d,1.83
462,Fumaric acid,Non specificata,Zr,ZrCl4,DMF/Formic acid,Nessuno,120,24.0,1.0,1.0,1.0,Solvothermal,2,,numeric_decimal_standardized;temperature_numeric_standardized;time_numeric_standardized,,0,INCLUDED,,missing_optional_numeric:Volume solvente,MOF_GROUPED_LIGAND_SPLIT_v6.0_seed260730,DEVELOPMENT,Legante,260730,fumaric acid non specificata,0.0,chloride,4.0,40.0,91.224,4.0,5.0,d,1.33
464,"Pyrazole-3,5-dicarboxylic acid",Non specificata,Zr,ZrCl4,DMF/Formic acid,Nessuno,120,24.0,1.0,1.0,1.0,Solvothermal,2,,numeric_decimal_standardized;temperature_numeric_standardized;time_numeric_standardized,,0,INCLUDED,,missing_optional_numeric:Volume solvente,MOF_GROUPED_LIGAND_SPLIT_v6.0_seed260730,DEVELOPMENT,Legante,260730,"pyrazole-3,5-dicarboxylic acid non specificata",0.0,chloride,4.0,40.0,91.224,4.0,5.0,d,1.33
465,"1H-pyrazole-3,5-dicarboxylic acid",Non specificata,Al,AlCl3·6H2O,H2O,Nessuno,100,24.0,2.0,2.0,1.0,Hydrothermal,2,,numeric_decimal_standardized;temperature_numeric_standardized;time_numeric_standardized,,0,INCLUDED,,missing_optional_numeric:Volume solvente,MOF_GROUPED_LIGAND_SPLIT_v6.0_seed260730,DEVELOPMENT,Legante,260730,"1h-pyrazole-3,5-dicarboxylic acid non specificata",6.0,chloride,3.0,13.0,26.982,13.0,3.0,p,1.61
466,"1,4-Benzenedicarboxylic acid (H2BDC)",Non specificata,Fe,FeCl3,EtOH,Nessuno,80,24.0,1.0,2.0,0.5,Solvothermal,2,,numeric_decimal_standardized;temperature_numeric_standardized;time_numeric_standardized,,0,INCLUDED,,missing_optional_numeric:Volume solvente,MOF_GROUPED_LIGAND_SPLIT_v6.0_seed260730,DEVELOPMENT,Legante,260730,"1,4-benzenedicarboxylic acid (h2bdc) non specificata",0.0,chloride,3.0,26.0,55.845,8.0,4.0,d,1.83
468,"5-(2,4,6-trioxohexahydro-1,3,5-triazin-1-yl)isophthalic acid",Non specificata,Cu,Cu(NO3)2·2.5H2O,DMA/DMSO,Nessuno,85,72.0,0.15,0.5,0.3,Solvothermal,2,,temperature_numeric_standardized;time_numeric_standardized,,0,INCLUDED,,missing_optional_numeric:Volume solvente,MOF_GROUPED_LIGAND_SPLIT_v6.0_seed260730,DEVELOPMENT,Legante,260730,"5-(2,4,6-trioxohexahydro-1,3,5-triazin-1-yl)isophthalic acid non specificata",2.5,nitrate,2.0,29.0,63.546,11.0,4.0,d,1.9
470,"4,4'-(naphthalene-2,6-diyl)dibenzonic acid",Non specificata,Cu,Cu(NO3)2·2.5H2O,DMF,Nessuno,85,48.0,0.2,0.6,0.3333,Solvothermal,2,,temperature_numeric_standardized;time_numeric_standardized,,0,INCLUDED,,missing_optional_numeric:Volume solvente,MOF_GROUPED_LIGAND_SPLIT_v6.0_seed260730,DEVELOPMENT,Legante,260730,"4,4'-(naphthalene-2,6-diyl)dibenzonic acid non specificata",2.5,nitrate,2.0,29.0,63.546,11.0,4.0,d,1.9
471,Imidazole (3.0) / Benzimidazole (1.0),Non specificata,Zn,Zn(NO3)2·6H2O,DMF,Nessuno,130,48.0,4.0,1.0,4.0,Solvothermal,2,,numeric_decimal_standardized;temperature_numeric_standardized;time_numeric_standardized,,0,INCLUDED,,missing_optional_numeric:Volume solvente,MOF_GROUPED_LIGAND_SPLIT_v6.0_seed260730,DEVELOPMENT,Legante,260730,imidazole (3.0) / benzimidazole (1.0) non specificata,6.0,nitrate,2.0,30.0,65.38,12.0,4.0,d,1.65
473,2-Ethylimidazole,Non specificata,Zn,Zn(ClO4)2·6H2O,MeOH/NH3,Nessuno,25,24.0,4.0,1.0,4.0,Room Temperature,2,,numeric_decimal_standardized;temperature_numeric_standardized;time_numeric_standardized,,0,INCLUDED,,missing_optional_numeric:Volume solvente,MOF_GROUPED_LIGAND_SPLIT_v6.0_seed260730,DEVELOPMENT,Legante,260730,2-ethylimidazole non specificata,6.0,perchlorate,,30.0,65.38,12.0,4.0,d,1.65
474,4-Methyl-5-imidazolecarboxaldehyde,Non specificata,Zn,Zn(NO3)2·6H2O,DMF,Nessuno,85,24.0,4.0,1.0,4.0,Solvothermal,2,,numeric_decimal_standardized;temperature_numeric_standardized;time_numeric_standardized,,0,INCLUDED,,missing_optional_numeric:Volume solvente,MOF_GROUPED_LIGAND_SPLIT_v6.0_seed260730,DEVELOPMENT,Legante,260730,4-methyl-5-imidazolecarboxaldehyde non specificata,6.0,nitrate,2.0,30.0,65.38,12.0,4.0,d,1.65
475,"Adenine (0.4) / 4,4'-BPDC (0.8)",Non specificata,Zn,Zn(NO3)2·6H2O,DMF,Nessuno,130,24.0,1.2,1.2,1.0,Solvothermal,2,,numeric_decimal_standardized;temperature_numeric_standardized;time_numeric_standardized,,0,INCLUDED,,missing_optional_numeric:Volume solvente,MOF_GROUPED_LIGAND_SPLIT_v6.0_seed260730,DEVELOPMENT,Legante,260730,"adenine (0.4) / 4,4'-bpdc (0.8) non specificata",6.0,nitrate,2.0,30.0,65.38,12.0,4.0,d,1.65
477,"Pyrazine-2,3-dicarboxylic acid",Non specificata,Zn,Zn(NO3)2·6H2O,H2O,Nessuno,140,24.0,1.0,2.0,0.5,Hydrothermal,2,,numeric_decimal_standardized;temperature_numeric_standardized;time_numeric_standardized,,0,INCLUDED,,missing_optional_numeric:Volume solvente,MOF_GROUPED_LIGAND_SPLIT_v6.0_seed260730,DEVELOPMENT,Legante,260730,"pyrazine-2,3-dicarboxylic acid non specificata",6.0,nitrate,2.0,30.0,65.38,12.0,4.0,d,1.65
479,BHB-based tetracarboxylate,Non specificata,Cu,Cu(NO3)2·2.5H2O,DMF/Dioxane,Nessuno,65,48.0,0.2,0.8,0.25,Solvothermal,2,,temperature_numeric_standardized;time_numeric_standardized,,0,INCLUDED,,missing_optional_numeric:Volume solvente,MOF_GROUPED_LIGAND_SPLIT_v6.0_seed260730,DEVELOPMENT,Legante,260730,bhb-based tetracarboxylate non specificata,2.5,nitrate,2.0,29.0,63.546,11.0,4.0,d,1.9
480,"2,5-Dihydroxyterephthalic acid",Non specificata,Mg,Mg(OAc)2·4H2O,H2O/THF,Nessuno,110,24.0,1.0,3.3,0.303,Solvothermal,2,,numeric_decimal_standardized;solvent_canonicalized;temperature_numeric_standardized;time_numeric_standardized,,0,INCLUDED,,missing_optional_numeric:Volume solvente,MOF_GROUPED_LIGAND_SPLIT_v6.0_seed260730,DEVELOPMENT,Legante,260730,"2,5-dihydroxyterephthalic acid non specificata",4.0,acetate,2.0,12.0,24.305,2.0,3.0,s,1.31
481,"2,6-Naphthalenedicarboxylic acid",Non specificata,Al,Al(NO3)3·9H2O,DMF,Nessuno,120,24.0,2.0,2.0,1.0,Solvothermal,2,,numeric_decimal_standardized;temperature_numeric_standardized;time_numeric_standardized,,0,INCLUDED,,missing_optional_numeric:Volume solvente,MOF_GROUPED_LIGAND_SPLIT_v6.0_seed260730,DEVELOPMENT,Legante,260730,"2,6-naphthalenedicarboxylic acid non specificata",9.0,nitrate,3.0,13.0,26.982,13.0,3.0,p,1.61
482,"4,4'-Biphenyldicarboxylic acid",Non specificata,Al,Al(NO3)3·9H2O,DMF,Nessuno,120,24.0,2.0,2.0,1.0,Solvothermal,2,,numeric_decimal_standardized;temperature_numeric_standardized;time_numeric_standardized,,0,INCLUDED,,missing_optional_numeric:Volume solvente,MOF_GROUPED_LIGAND_SPLIT_v6.0_seed260730,DEVELOPMENT,Legante,260730,"4,4'-biphenyldicarboxylic acid non specificata",9.0,nitrate,3.0,13.0,26.982,13.0,3.0,p,1.61
483,TCPP,Non specificata,Al,Al(NO3)3·9H2O,H2O,Nessuno,180,24.0,0.1,0.5,0.2,Hydrothermal,2,,temperature_numeric_standardized;time_numeric_standardized,,0,INCLUDED,,missing_optional_numeric:Volume solvente,MOF_GROUPED_LIGAND_SPLIT_v6.0_seed260730,DEVELOPMENT,Legante,260730,tcpp non specificata,9.0,nitrate,3.0,13.0,26.982,13.0,3.0,p,1.61
484,Fumaric acid,Non specificata,Zr,ZrOCl2·8H2O,H2O/Formic acid,Nessuno,100,24.0,2.0,2.0,1.0,Hydrothermal,2,,numeric_decimal_standardized;solvent_canonicalized;temperature_numeric_standardized;time_numeric_standardized,,0,INCLUDED,,missing_optional_numeric:Volume solvente,MOF_GROUPED_LIGAND_SPLIT_v6.0_seed260730,DEVELOPMENT,Legante,260730,fumaric acid non specificata,8.0,chloride,2.0,40.0,91.224,4.0,5.0,d,1.33
485,"1,4-Benzenedicarboxylic acid (H2BDC)",Non specificata,Ce,Ce(NH4)2(NO3)6,DMF,Nessuno,100,15.0,1.0,1.0,1.0,Solvothermal,2,,numeric_decimal_standardized;temperature_numeric_standardized;time_numeric_standardized,,0,INCLUDED,,missing_optional_numeric:Volume solvente,MOF_GROUPED_LIGAND_SPLIT_v6.0_seed260730,DEVELOPMENT,Legante,260730,"1,4-benzenedicarboxylic acid (h2bdc) non specificata",0.0,nitrate,,58.0,140.116,3.0,6.0,f,1.12
486,"1,4-Benzenedicarboxylic acid (H2BDC)",Non specificata,Hf,HfCl4,DMF/HCl,Nessuno,120,24.0,1.0,1.0,1.0,Solvothermal,2,,numeric_decimal_standardized;temperature_numeric_standardized;time_numeric_standardized,,0,INCLUDED,,missing_optional_numeric:Volume solvente,MOF_GROUPED_LIGAND_SPLIT_v6.0_seed260730,DEVELOPMENT,Legante,260730,"1,4-benzenedicarboxylic acid (h2bdc) non specificata",0.0,chloride,4.0,72.0,178.49,4.0,6.0,d,1.3
487,"4,4'-Biphenyldicarboxylic acid",Non specificata,Hf,HfCl4,DMF/HCl,Nessuno,120,24.0,0.8,0.8,1.0,Solvothermal,2,,numeric_decimal_standardized;temperature_numeric_standardized;time_numeric_standardized,,0,INCLUDED,,missing_optional_numeric:Volume solvente,MOF_GROUPED_LIGAND_SPLIT_v6.0_seed260730,DEVELOPMENT,Legante,260730,"4,4'-biphenyldicarboxylic acid non specificata",0.0,chloride,4.0,72.0,178.49,4.0,6.0,d,1.3
488,"2,5-Thiophenedicarboxylic acid",Non specificata,Zr,ZrCl4,DMF/Propanol,Nessuno,120,24.0,1.0,1.0,1.0,Solvothermal,2,,numeric_decimal_standardized;temperature_numeric_standardized;time_numeric_standardized,,0,INCLUDED,,missing_optional_numeric:Volume solvente,MOF_GROUPED_LIGAND_SPLIT_v6.0_seed260730,DEVELOPMENT,Legante,260730,"2,5-thiophenedicarboxylic acid non specificata",0.0,chloride,4.0,40.0,91.224,4.0,5.0,d,1.33
489,TDPAT,Non specificata,Fe,FeCl3,DMF,Nessuno,120,48.0,0.3,1.0,0.3,Solvothermal,2,,numeric_decimal_standardized;temperature_numeric_standardized;time_numeric_standardized,,0,INCLUDED,,missing_optional_numeric:Volume solvente,MOF_GROUPED_LIGAND_SPLIT_v6.0_seed260730,DEVELOPMENT,Legante,260730,tdpat non specificata,0.0,chloride,3.0,26.0,55.845,8.0,4.0,d,1.83
490,TCPP,Non specificata,Zr,ZrCl4,DMF,Nessuno,120,24.0,0.05,0.3,0.1667,Solvothermal,2,,temperature_numeric_standardized;time_numeric_standardized,,0,INCLUDED,,missing_optional_numeric:Volume solvente,MOF_GROUPED_LIGAND_SPLIT_v6.0_seed260730,DEVELOPMENT,Legante,260730,tcpp non specificata,0.0,chloride,4.0,40.0,91.224,4.0,5.0,d,1.33
491,TCPP,Non specificata,Zr,ZrOCl2·8H2O,DMF/Benzoic acid,Nessuno,120,24.0,0.05,0.3,0.1667,Solvothermal,2,,temperature_numeric_standardized;time_numeric_standardized;exact_duplicate_candidate,DUP_017,0,INCLUDED,,duplicate_representative_retained;missing_optional_numeric:Volume solvente,MOF_GROUPED_LIGAND_SPLIT_v6.0_seed260730,DEVELOPMENT,Legante,260730,tcpp non specificata,8.0,chloride,2.0,40.0,91.224,4.0,5.0,d,1.33
494,H4TBAPy derivative,Non specificata,Zr,ZrOCl2·8H2O,DMF/TFA,Nessuno,120,24.0,0.05,0.25,0.2,Solvothermal,2,,temperature_numeric_standardized;time_numeric_standardized,,0,INCLUDED,,missing_optional_numeric:Volume solvente,MOF_GROUPED_LIGAND_SPLIT_v6.0_seed260730,DEVELOPMENT,Legante,260730,h4tbapy derivative non specificata,8.0,chloride,2.0,40.0,91.224,4.0,5.0,d,1.33
500,"4,4'-Bipyridine (0.5) / H2BDC (0.5)",Non specificata,Cd,Cd(NO3)2·4H2O,DMF,Nessuno,100,48.0,1.0,1.0,1.0,Solvothermal,2,,numeric_decimal_standardized;temperature_numeric_standardized;time_numeric_standardized,,0,INCLUDED,,missing_optional_numeric:Volume solvente,MOF_GROUPED_LIGAND_SPLIT_v6.0_seed260730,DEVELOPMENT,Legante,260730,"4,4'-bipyridine (0.5) / h2bdc (0.5) non specificata",4.0,nitrate,2.0,48.0,112.414,12.0,5.0,d,1.69
501,2-Fluoroterephthalic acid,Non specificata,Zr,ZrCl4,DMF/HCl,HCl,120,24.0,1.0,1.0,1.0,Solvothermal,2,,numeric_decimal_standardized;temperature_numeric_standardized;time_numeric_standardized,,0,INCLUDED,,missing_optional_numeric:Volume solvente,MOF_GROUPED_LIGAND_SPLIT_v6.0_seed260730,DEVELOPMENT,Legante,260730,2-fluoroterephthalic acid non specificata,0.0,chloride,4.0,40.0,91.224,4.0,5.0,d,1.33
502,"1,2,4,5-Benzenetetracarboxylic acid",Non specificata,Zr,ZrOCl2·8H2O,DMF/H2O,Acido acetico,100,24.0,0.5,1.0,0.5,Solvothermal,2,,additive_canonicalized;numeric_decimal_standardized;solvent_canonicalized;temperature_numeric_standardized;time_numeric_standardized,,0,INCLUDED,,missing_optional_numeric:Volume solvente,MOF_GROUPED_LIGAND_SPLIT_v6.0_seed260730,DEVELOPMENT,Legante,260730,"1,2,4,5-benzenetetracarboxylic acid non specificata",8.0,chloride,2.0,40.0,91.224,4.0,5.0,d,1.33
503,2-Sulfoterephthalic acid monosodium salt,Non specificata,Zr,ZrCl4,DMF/HCl,HCl,120,24.0,1.0,1.0,1.0,Solvothermal,2,,numeric_decimal_standardized;temperature_numeric_standardized;time_numeric_standardized,,0,INCLUDED,,missing_optional_numeric:Volume solvente,MOF_GROUPED_LIGAND_SPLIT_v6.0_seed260730,DEVELOPMENT,Legante,260730,2-sulfoterephthalic acid monosodium salt non specificata,0.0,chloride,4.0,40.0,91.224,4.0,5.0,d,1.33
504,"2,5-Dihydroxyterephthalic acid",Non specificata,Zr,ZrOCl2·8H2O,DMF/H2O,Acido benzoico,120,24.0,1.0,1.0,1.0,Solvothermal,2,,additive_canonicalized;numeric_decimal_standardized;solvent_canonicalized;temperature_numeric_standardized;time_numeric_standardized,,0,INCLUDED,,missing_optional_numeric:Volume solvente,MOF_GROUPED_LIGAND_SPLIT_v6.0_seed260730,DEVELOPMENT,Legante,260730,"2,5-dihydroxyterephthalic acid non specificata",8.0,chloride,2.0,40.0,91.224,4.0,5.0,d,1.33
505,"1,4-Benzenedicarboxylic acid (H2BDC)",Non specificata,Ce,Ce(NH4)2(NO3)6,DMF,Acido formico,100,15.0,1.0,1.0,1.0,Solvothermal,2,,additive_canonicalized;numeric_decimal_standardized;temperature_numeric_standardized;time_numeric_standardized,,0,INCLUDED,,missing_optional_numeric:Volume solvente,MOF_GROUPED_LIGAND_SPLIT_v6.0_seed260730,DEVELOPMENT,Legante,260730,"1,4-benzenedicarboxylic acid (h2bdc) non specificata",0.0,nitrate,,58.0,140.116,3.0,6.0,f,1.12
507,"2,5-Dimethylterephthalic acid",Non specificata,Zr,ZrCl4,DMF/HCl,HCl,120,24.0,1.0,1.0,1.0,Solvothermal,2,,numeric_decimal_standardized;temperature_numeric_standardized;time_numeric_standardized,,0,INCLUDED,,missing_optional_numeric:Volume solvente,MOF_GROUPED_LIGAND_SPLIT_v6.0_seed260730,DEVELOPMENT,Legante,260730,"2,5-dimethylterephthalic acid non specificata",0.0,chloride,4.0,40.0,91.224,4.0,5.0,d,1.33
508,"2,5-Dinitroterephthalic acid",Non specificata,Zr,ZrCl4,DMF/HCl,HCl,120,24.0,1.0,1.0,1.0,Solvothermal,2,,numeric_decimal_standardized;temperature_numeric_standardized;time_numeric_standardized,,0,INCLUDED,,missing_optional_numeric:Volume solvente,MOF_GROUPED_LIGAND_SPLIT_v6.0_seed260730,DEVELOPMENT,Legante,260730,"2,5-dinitroterephthalic acid non specificata",0.0,chloride,4.0,40.0,91.224,4.0,5.0,d,1.33
509,"2-Amino-[1,1'-biphenyl]-4,4'-dicarboxylic acid",Non specificata,Zr,ZrCl4,DMF/HCl,HCl,120,24.0,0.5,0.5,1.0,Solvothermal,2,,numeric_decimal_standardized;temperature_numeric_standardized;time_numeric_standardized,,0,INCLUDED,,missing_optional_numeric:Volume solvente,MOF_GROUPED_LIGAND_SPLIT_v6.0_seed260730,DEVELOPMENT,Legante,260730,"2-amino-[1,1'-biphenyl]-4,4'-dicarboxylic acid non specificata",0.0,chloride,4.0,40.0,91.224,4.0,5.0,d,1.33
510,"3,3'-Dimethyl-[1,1'-biphenyl]-4,4'-dicarboxylic acid",Non specificata,Zr,ZrCl4,DMF/HCl,Acido benzoico,120,24.0,0.5,0.5,1.0,Solvothermal,2,,additive_canonicalized;numeric_decimal_standardized;temperature_numeric_standardized;time_numeric_standardized,,0,INCLUDED,,missing_optional_numeric:Volume solvente,MOF_GROUPED_LIGAND_SPLIT_v6.0_seed260730,DEVELOPMENT,Legante,260730,"3,3'-dimethyl-[1,1'-biphenyl]-4,4'-dicarboxylic acid non specificata",0.0,chloride,4.0,40.0,91.224,4.0,5.0,d,1.33
511,"2'-Amino-[1,1':4',1''-terphenyl]-4,4''-dicarboxylic acid",Non specificata,Zr,ZrCl4,DMF/HCl,Acido benzoico,120,24.0,0.3,0.3,1.0,Solvothermal,2,,additive_canonicalized;numeric_decimal_standardized;temperature_numeric_standardized;time_numeric_standardized,,0,INCLUDED,,missing_optional_numeric:Volume solvente,MOF_GROUPED_LIGAND_SPLIT_v6.0_seed260730,DEVELOPMENT,Legante,260730,"2'-amino-[1,1':4',1''-terphenyl]-4,4''-dicarboxylic acid non specificata",0.0,chloride,4.0,40.0,91.224,4.0,5.0,d,1.33
512,"2,6-Naphthalenedicarboxylic acid",Non specificata,Zr,ZrCl4,DMF/Acetic acid,Acido acetico,120,24.0,1.0,1.0,1.0,Solvothermal,2,,additive_canonicalized;numeric_decimal_standardized;temperature_numeric_standardized;time_numeric_standardized,,0,INCLUDED,,missing_optional_numeric:Volume solvente,MOF_GROUPED_LIGAND_SPLIT_v6.0_seed260730,DEVELOPMENT,Legante,260730,"2,6-naphthalenedicarboxylic acid non specificata",0.0,chloride,4.0,40.0,91.224,4.0,5.0,d,1.33
513,"2,6-Naphthalenedicarboxylic acid",Non specificata,Hf,HfCl4,DMF/Acetic acid,Acido acetico,120,24.0,1.0,1.0,1.0,Solvothermal,2,,additive_canonicalized;numeric_decimal_standardized;temperature_numeric_standardized;time_numeric_standardized,,0,INCLUDED,,missing_optional_numeric:Volume solvente,MOF_GROUPED_LIGAND_SPLIT_v6.0_seed260730,DEVELOPMENT,Legante,260730,"2,6-naphthalenedicarboxylic acid non specificata",0.0,chloride,4.0,72.0,178.49,4.0,6.0,d,1.3
514,Fumaric acid,Non specificata,Zr,ZrOCl2·8H2O,H2O/Formic acid,Acido formico,100,24.0,2.0,2.0,1.0,Hydrothermal,2,,additive_canonicalized;numeric_decimal_standardized;solvent_canonicalized;temperature_numeric_standardized;time_numeric_standardized,,0,INCLUDED,,missing_optional_numeric:Volume solvente,MOF_GROUPED_LIGAND_SPLIT_v6.0_seed260730,DEVELOPMENT,Legante,260730,fumaric acid non specificata,8.0,chloride,2.0,40.0,91.224,4.0,5.0,d,1.33
515,Fumaric acid,Non specificata,Hf,HfCl4,DMF/Formic acid,Acido formico,120,24.0,2.0,2.0,1.0,Solvothermal,2,,additive_canonicalized;numeric_decimal_standardized;temperature_numeric_standardized;time_numeric_standardized,,0,INCLUDED,,missing_optional_numeric:Volume solvente,MOF_GROUPED_LIGAND_SPLIT_v6.0_seed260730,DEVELOPMENT,Legante,260730,fumaric acid non specificata,0.0,chloride,4.0,72.0,178.49,4.0,6.0,d,1.3
516,5-Aminoisophthalic acid,Non specificata,Zr,ZrOCl2·8H2O,DMF/Formic acid,Acido formico,100,24.0,0.5,1.0,0.5,Solvothermal,2,,additive_canonicalized;numeric_decimal_standardized;temperature_numeric_standardized;time_numeric_standardized,,0,INCLUDED,,missing_optional_numeric:Volume solvente,MOF_GROUPED_LIGAND_SPLIT_v6.0_seed260730,DEVELOPMENT,Legante,260730,5-aminoisophthalic acid non specificata,8.0,chloride,2.0,40.0,91.224,4.0,5.0,d,1.33
518,"Pyrazole-3,5-dicarboxylic acid",Non specificata,Hf,HfCl4,DMF/Formic acid,Acido formico,120,24.0,1.0,1.0,1.0,Solvothermal,2,,additive_canonicalized;numeric_decimal_standardized;temperature_numeric_standardized;time_numeric_standardized,,0,INCLUDED,,missing_optional_numeric:Volume solvente,MOF_GROUPED_LIGAND_SPLIT_v6.0_seed260730,DEVELOPMENT,Legante,260730,"pyrazole-3,5-dicarboxylic acid non specificata",0.0,chloride,4.0,72.0,178.49,4.0,6.0,d,1.3
519,"1,3,6,8-tetrakis(p-benzoic acid)pyrene",Non specificata,Hf,HfCl4,DMF/TFA,TFA,120,18.0,0.06,0.3,0.2,Solvothermal,2,,temperature_numeric_standardized;time_numeric_standardized,,0,INCLUDED,,missing_optional_numeric:Volume solvente,MOF_GROUPED_LIGAND_SPLIT_v6.0_seed260730,DEVELOPMENT,Legante,260730,"1,3,6,8-tetrakis(p-benzoic acid)pyrene non specificata",0.0,chloride,4.0,72.0,178.49,4.0,6.0,d,1.3
520,"1,3,6,8-tetrakis(p-benzoic acid)pyrene",Non specificata,Zr,ZrOCl2·8H2O,DMF/Benzoic acid,Acido benzoico,120,18.0,0.05,0.25,0.2,Solvothermal,2,,additive_canonicalized;temperature_numeric_standardized;time_numeric_standardized,,0,INCLUDED,,missing_optional_numeric:Volume solvente,MOF_GROUPED_LIGAND_SPLIT_v6.0_seed260730,DEVELOPMENT,Legante,260730,"1,3,6,8-tetrakis(p-benzoic acid)pyrene non specificata",8.0,chloride,2.0,40.0,91.224,4.0,5.0,d,1.33
521,2-Methylimidazole,Non specificata,Co,Co(NO3)2·6H2O,H2O/MeOH,Acido formico,150,12.0,4.0,2.5,1.6,Precipitation,2,,additive_canonicalized;numeric_decimal_standardized;solvent_canonicalized;temperature_numeric_standardized;time_numeric_standardized,,0,INCLUDED,,missing_optional_numeric:Volume solvente,MOF_GROUPED_LIGAND_SPLIT_v6.0_seed260730,DEVELOPMENT,Legante,260730,2-methylimidazole non specificata,6.0,nitrate,2.0,27.0,58.933,9.0,4.0,d,1.88
522,Benzimidazole,Non specificata,Co,Co(OAc)2·4H2O,MeCN,Acido benzoico,25,48.0,2.0,2.5,0.8,Room Temperature,2,,additive_canonicalized;numeric_decimal_standardized;temperature_numeric_standardized;time_numeric_standardized,,0,INCLUDED,,missing_optional_numeric:Volume solvente,MOF_GROUPED_LIGAND_SPLIT_v6.0_seed260730,DEVELOPMENT,Legante,260730,benzimidazole non specificata,4.0,acetate,2.0,27.0,58.933,9.0,4.0,d,1.88
524,"2,5-Dihydroxyterephthalic acid (H4DOBDC)",Non specificata,Ni,Ni(OAc)2·4H2O,DEF,Trietilammina (TEA),100,48.0,1.0,5.0,0.2,Sonochemical,2,,additive_canonicalized;numeric_decimal_standardized;temperature_numeric_standardized;time_numeric_standardized,,0,INCLUDED,,missing_optional_numeric:Volume solvente,MOF_GROUPED_LIGAND_SPLIT_v6.0_seed260730,DEVELOPMENT,Legante,260730,"2,5-dihydroxyterephthalic acid (h4dobdc) non specificata",4.0,acetate,2.0,28.0,58.693,10.0,4.0,d,1.91
525,"4,4'-Biphenyldicarboxylic acid (H2BPDC)",Non specificata,Fe,FeCl3·6H2O,MeOH,Trietilammina (TEA),120,4.0,1.5,5.0,0.3,Solvothermal,2,,additive_canonicalized;numeric_decimal_standardized;temperature_numeric_standardized;time_numeric_standardized,,0,INCLUDED,,missing_optional_numeric:Volume solvente,MOF_GROUPED_LIGAND_SPLIT_v6.0_seed260730,DEVELOPMENT,Legante,260730,"4,4'-biphenyldicarboxylic acid (h2bpdc) non specificata",6.0,chloride,3.0,26.0,55.845,8.0,4.0,d,1.83
526,"2,6-Naphthalenedicarboxylic acid (2,6-NDC)",Non specificata,Fe,Fe(NO3)3·9H2O,EtOH,HNO3,130,4.0,1.5,5.0,0.3,Hydrothermal,2,,numeric_decimal_standardized;temperature_numeric_standardized;time_numeric_standardized,,0,INCLUDED,,missing_optional_numeric:Volume solvente,MOF_GROUPED_LIGAND_SPLIT_v6.0_seed260730,DEVELOPMENT,Legante,260730,"2,6-naphthalenedicarboxylic acid (2,6-ndc) non specificata",9.0,nitrate,3.0,26.0,55.845,8.0,4.0,d,1.83
527,Fumaric acid,Non specificata,Al,Al(NO3)3·9H2O,H2O,Nessuno,60,24.0,1.5,2.5,0.6,Precipitation,2,,temperature_numeric_standardized;time_numeric_standardized,,0,INCLUDED,,missing_optional_numeric:Volume solvente,MOF_GROUPED_LIGAND_SPLIT_v6.0_seed260730,DEVELOPMENT,Legante,260730,fumaric acid non specificata,9.0,nitrate,3.0,13.0,26.982,13.0,3.0,p,1.61
528,Isophthalic acid,Non specificata,Al,AlCl3·6H2O,DMF/H2O/EtOH,Acido benzoico,25,2.0,1.0,1.5,0.6667,Room Temperature,2,,additive_canonicalized;numeric_decimal_standardized;solvent_canonicalized;temperature_numeric_standardized;time_numeric_standardized,,0,INCLUDED,,missing_optional_numeric:Volume solvente,MOF_GROUPED_LIGAND_SPLIT_v6.0_seed260730,DEVELOPMENT,Legante,260730,isophthalic acid non specificata,6.0,chloride,3.0,13.0,26.982,13.0,3.0,p,1.61
529,5-Nitroisophthalic acid,Non specificata,Zr,ZrCl4,DMF/H2O,Acido formico,85,36.0,0.25,2.0,0.125,Microwave,2,,additive_canonicalized;numeric_decimal_standardized;temperature_numeric_standardized;time_numeric_standardized,,0,INCLUDED,,missing_optional_numeric:Volume solvente,MOF_GROUPED_LIGAND_SPLIT_v6.0_seed260730,DEVELOPMENT,Legante,260730,5-nitroisophthalic acid non specificata,0.0,chloride,4.0,40.0,91.224,4.0,5.0,d,1.33
530,5-Aminoisophthalic acid,Non specificata,Zr,ZrOCl2·8H2O,DMA,Nessuno,120,6.0,2.0,4.0,0.5,Sonochemical,2,,numeric_decimal_standardized;temperature_numeric_standardized;time_numeric_standardized,,0,INCLUDED,,missing_optional_numeric:Volume solvente,MOF_GROUPED_LIGAND_SPLIT_v6.0_seed260730,DEVELOPMENT,Legante,260730,5-aminoisophthalic acid non specificata,8.0,chloride,2.0,40.0,91.224,4.0,5.0,d,1.33
531,Imidazole-2-carboxaldehyde,Non specificata,Mg,Mg(NO3)2·6H2O,H2O/THF,HCl,150,4.0,0.25,2.0,0.125,Solvothermal,2,,numeric_decimal_standardized;solvent_canonicalized;temperature_numeric_standardized;time_numeric_standardized,,0,INCLUDED,,missing_optional_numeric:Volume solvente,MOF_GROUPED_LIGAND_SPLIT_v6.0_seed260730,DEVELOPMENT,Legante,260730,imidazole-2-carboxaldehyde non specificata,6.0,nitrate,2.0,12.0,24.305,2.0,3.0,s,1.31
532,"4,4',4''-Triaminotriphenylamine",Non specificata,Mn,Mn(OAc)2·4H2O,H2O/MeOH,Acido acetico,80,72.0,2.0,1.0,2.0,Hydrothermal,2,,additive_canonicalized;numeric_decimal_standardized;solvent_canonicalized;temperature_numeric_standardized;time_numeric_standardized,,0,INCLUDED,,missing_optional_numeric:Volume solvente,MOF_GROUPED_LIGAND_SPLIT_v6.0_seed260730,DEVELOPMENT,Legante,260730,"4,4',4''-triaminotriphenylamine non specificata",4.0,acetate,2.0,25.0,54.938,7.0,4.0,d,1.55
534,"Pyrazine-2,3-dicarboxylic acid",Non specificata,Zn,Zn(OAc)2·2H2O,DMF,HCl,25,6.0,0.25,3.0,0.0833,Room Temperature,2,,numeric_decimal_standardized;temperature_numeric_standardized;time_numeric_standardized,,0,INCLUDED,,missing_optional_numeric:Volume solvente,MOF_GROUPED_LIGAND_SPLIT_v6.0_seed260730,DEVELOPMENT,Legante,260730,"pyrazine-2,3-dicarboxylic acid non specificata",2.0,acetate,2.0,30.0,65.38,12.0,4.0,d,1.65
535,"4,4'-Bipyridine",Non specificata,Cu,Cu(NO3)2·2.5H2O,DEF,Trietilammina (TEA),80,48.0,0.5,2.0,0.25,Microwave,2,,additive_canonicalized;numeric_decimal_standardized;temperature_numeric_standardized;time_numeric_standardized,,0,INCLUDED,,missing_optional_numeric:Volume solvente,MOF_GROUPED_LIGAND_SPLIT_v6.0_seed260730,DEVELOPMENT,Legante,260730,"4,4'-bipyridine non specificata",2.5,nitrate,2.0,29.0,63.546,11.0,4.0,d,1.9
536,"1,2,4-Triazole",Non specificata,Cu,Cu(OAc)2·H2O,MeOH,Trietilammina (TEA),130,24.0,1.5,1.0,1.5,Sonochemical,2,,additive_canonicalized;numeric_decimal_standardized;temperature_numeric_standardized;time_numeric_standardized,,0,INCLUDED,,missing_optional_numeric:Volume solvente,MOF_GROUPED_LIGAND_SPLIT_v6.0_seed260730,DEVELOPMENT,Legante,260730,"1,2,4-triazole non specificata",1.0,acetate,2.0,29.0,63.546,11.0,4.0,d,1.9
537,"1,4-Benzenedicarboxylic acid (H2BDC)",Non specificata,Co,Co(NO3)2·6H2O,EtOH,HCl,80,4.0,3.0,1.0,3.0,Solvothermal,2,,numeric_decimal_standardized;temperature_numeric_standardized;time_numeric_standardized,,0,INCLUDED,,missing_optional_numeric:Volume solvente,MOF_GROUPED_LIGAND_SPLIT_v6.0_seed260730,DEVELOPMENT,Legante,260730,"1,4-benzenedicarboxylic acid (h2bdc) non specificata",6.0,nitrate,2.0,27.0,58.933,9.0,4.0,d,1.88
539,2-Methylimidazole,Non specificata,Ni,Ni(NO3)2·6H2O,DMF/H2O/EtOH,Acido acetico,180,18.0,2.0,5.0,0.4,Precipitation,2,,additive_canonicalized;numeric_decimal_standardized;solvent_canonicalized;temperature_numeric_standardized;time_numeric_standardized,,0,INCLUDED,,missing_optional_numeric:Volume solvente,MOF_GROUPED_LIGAND_SPLIT_v6.0_seed260730,DEVELOPMENT,Legante,260730,2-methylimidazole non specificata,6.0,nitrate,2.0,28.0,58.693,10.0,4.0,d,1.91
540,Benzimidazole,Non specificata,Ni,Ni(OAc)2·4H2O,DMF/H2O,Nessuno,25,18.0,0.5,5.0,0.1,Room Temperature,2,,numeric_decimal_standardized;temperature_numeric_standardized;time_numeric_standardized,,0,INCLUDED,,missing_optional_numeric:Volume solvente,MOF_GROUPED_LIGAND_SPLIT_v6.0_seed260730,DEVELOPMENT,Legante,260730,benzimidazole non specificata,4.0,acetate,2.0,28.0,58.693,10.0,4.0,d,1.91
542,"2,5-Dihydroxyterephthalic acid (H4DOBDC)",Non specificata,Fe,Fe(NO3)3·9H2O,H2O/THF,Acido formico,180,2.0,4.0,2.0,2.0,Sonochemical,2,,additive_canonicalized;numeric_decimal_standardized;solvent_canonicalized;temperature_numeric_standardized;time_numeric_standardized,,0,INCLUDED,,missing_optional_numeric:Volume solvente,MOF_GROUPED_LIGAND_SPLIT_v6.0_seed260730,DEVELOPMENT,Legante,260730,"2,5-dihydroxyterephthalic acid (h4dobdc) non specificata",9.0,nitrate,3.0,26.0,55.845,8.0,4.0,d,1.83
543,"4,4'-Biphenyldicarboxylic acid (H2BPDC)",Non specificata,Al,Al(NO3)3·9H2O,H2O/MeOH,Acido formico,85,2.0,1.0,5.0,0.2,Solvothermal,2,,additive_canonicalized;numeric_decimal_standardized;solvent_canonicalized;temperature_numeric_standardized;time_numeric_standardized,,0,INCLUDED,,missing_optional_numeric:Volume solvente,MOF_GROUPED_LIGAND_SPLIT_v6.0_seed260730,DEVELOPMENT,Legante,260730,"4,4'-biphenyldicarboxylic acid (h2bpdc) non specificata",9.0,nitrate,3.0,13.0,26.982,13.0,3.0,p,1.61
544,"2,6-Naphthalenedicarboxylic acid (2,6-NDC)",Non specificata,Al,AlCl3·6H2O,MeCN,Acido acetico,60,18.0,4.0,1.0,4.0,Hydrothermal,2,,additive_canonicalized;numeric_decimal_standardized;temperature_numeric_standardized;time_numeric_standardized,,0,INCLUDED,,missing_optional_numeric:Volume solvente,MOF_GROUPED_LIGAND_SPLIT_v6.0_seed260730,DEVELOPMENT,Legante,260730,"2,6-naphthalenedicarboxylic acid (2,6-ndc) non specificata",6.0,chloride,3.0,13.0,26.982,13.0,3.0,p,1.61
545,Fumaric acid,Non specificata,Zr,ZrCl4,DMF,Acido acetico,200,36.0,1.5,0.5,3.0,Precipitation,2,,additive_canonicalized;numeric_decimal_standardized;temperature_numeric_standardized;time_numeric_standardized,,0,INCLUDED,,missing_optional_numeric:Volume solvente,MOF_GROUPED_LIGAND_SPLIT_v6.0_seed260730,DEVELOPMENT,Legante,260730,fumaric acid non specificata,0.0,chloride,4.0,40.0,91.224,4.0,5.0,d,1.33
546,Isophthalic acid,Non specificata,Zr,ZrOCl2·8H2O,DEF,Acido benzoico,25,2.0,4.0,5.0,0.8,Room Temperature,2,,additive_canonicalized;numeric_decimal_standardized;temperature_numeric_standardized;time_numeric_standardized,,0,INCLUDED,,missing_optional_numeric:Volume solvente,MOF_GROUPED_LIGAND_SPLIT_v6.0_seed260730,DEVELOPMENT,Legante,260730,isophthalic acid non specificata,8.0,chloride,2.0,40.0,91.224,4.0,5.0,d,1.33
547,5-Nitroisophthalic acid,Non specificata,Mg,Mg(NO3)2·6H2O,MeOH,Trietilammina (TEA),180,18.0,1.5,1.5,1.0,Microwave,2,,additive_canonicalized;numeric_decimal_standardized;temperature_numeric_standardized;time_numeric_standardized,,0,INCLUDED,,missing_optional_numeric:Volume solvente,MOF_GROUPED_LIGAND_SPLIT_v6.0_seed260730,DEVELOPMENT,Legante,260730,5-nitroisophthalic acid non specificata,6.0,nitrate,2.0,12.0,24.305,2.0,3.0,s,1.31
548,5-Aminoisophthalic acid,Non specificata,Mn,Mn(OAc)2·4H2O,EtOH,Acido benzoico,85,2.0,2.0,1.5,1.3333,Sonochemical,2,,additive_canonicalized;numeric_decimal_standardized;temperature_numeric_standardized;time_numeric_standardized,,0,INCLUDED,,missing_optional_numeric:Volume solvente,MOF_GROUPED_LIGAND_SPLIT_v6.0_seed260730,DEVELOPMENT,Legante,260730,5-aminoisophthalic acid non specificata,4.0,acetate,2.0,25.0,54.938,7.0,4.0,d,1.55
549,Imidazole-2-carboxaldehyde,Non specificata,Zn,Zn(NO3)2·6H2O,H2O,Acido benzoico,85,2.0,0.5,2.5,0.2,Solvothermal,2,,additive_canonicalized;temperature_numeric_standardized;time_numeric_standardized,,0,INCLUDED,,missing_optional_numeric:Volume solvente,MOF_GROUPED_LIGAND_SPLIT_v6.0_seed260730,DEVELOPMENT,Legante,260730,imidazole-2-carboxaldehyde non specificata,6.0,nitrate,2.0,30.0,65.38,12.0,4.0,d,1.65
550,"4,4',4''-Triaminotriphenylamine",Non specificata,Zn,Zn(OAc)2·2H2O,DMF/H2O/EtOH,Acido acetico,150,72.0,4.0,4.0,1.0,Hydrothermal,2,,additive_canonicalized;numeric_decimal_standardized;solvent_canonicalized;temperature_numeric_standardized;time_numeric_standardized,,0,INCLUDED,,missing_optional_numeric:Volume solvente,MOF_GROUPED_LIGAND_SPLIT_v6.0_seed260730,DEVELOPMENT,Legante,260730,"4,4',4''-triaminotriphenylamine non specificata",2.0,acetate,2.0,30.0,65.38,12.0,4.0,d,1.65
552,"Pyrazine-2,3-dicarboxylic acid",Non specificata,Cu,Cu(OAc)2·H2O,DMA,Acido benzoico,25,12.0,2.0,3.0,0.6667,Room Temperature,2,,additive_canonicalized;numeric_decimal_standardized;temperature_numeric_standardized;time_numeric_standardized,,0,INCLUDED,,missing_optional_numeric:Volume solvente,MOF_GROUPED_LIGAND_SPLIT_v6.0_seed260730,DEVELOPMENT,Legante,260730,"pyrazine-2,3-dicarboxylic acid non specificata",1.0,acetate,2.0,29.0,63.546,11.0,4.0,d,1.9
553,"4,4'-Bipyridine",Non specificata,Co,Co(NO3)2·6H2O,H2O/THF,Acido formico,150,12.0,4.0,2.5,1.6,Microwave,2,,additive_canonicalized;numeric_decimal_standardized;solvent_canonicalized;temperature_numeric_standardized;time_numeric_standardized,,0,INCLUDED,,missing_optional_numeric:Volume solvente,MOF_GROUPED_LIGAND_SPLIT_v6.0_seed260730,DEVELOPMENT,Legante,260730,"4,4'-bipyridine non specificata",6.0,nitrate,2.0,27.0,58.933,9.0,4.0,d,1.88
554,"1,2,4-Triazole",Non specificata,Co,Co(OAc)2·4H2O,H2O/MeOH,Acido acetico,85,24.0,0.5,2.0,0.25,Sonochemical,2,,additive_canonicalized;numeric_decimal_standardized;solvent_canonicalized;temperature_numeric_standardized;time_numeric_standardized,,0,INCLUDED,,missing_optional_numeric:Volume solvente,MOF_GROUPED_LIGAND_SPLIT_v6.0_seed260730,DEVELOPMENT,Legante,260730,"1,2,4-triazole non specificata",4.0,acetate,2.0,27.0,58.933,9.0,4.0,d,1.88
555,"1,4-Benzenedicarboxylic acid (H2BDC)",Non specificata,Ni,Ni(NO3)2·6H2O,MeCN,HCl,200,18.0,1.5,3.0,0.5,Solvothermal,2,,numeric_decimal_standardized;temperature_numeric_standardized;time_numeric_standardized,,0,INCLUDED,,missing_optional_numeric:Volume solvente,MOF_GROUPED_LIGAND_SPLIT_v6.0_seed260730,DEVELOPMENT,Legante,260730,"1,4-benzenedicarboxylic acid (h2bdc) non specificata",6.0,nitrate,2.0,28.0,58.693,10.0,4.0,d,1.91
557,2-Methylimidazole,Non specificata,Fe,FeCl3·6H2O,DEF,Trietilammina (TEA),60,2.0,1.0,0.5,2.0,Precipitation,2,,additive_canonicalized;numeric_decimal_standardized;temperature_numeric_standardized;time_numeric_standardized,,0,INCLUDED,,missing_optional_numeric:Volume solvente,MOF_GROUPED_LIGAND_SPLIT_v6.0_seed260730,DEVELOPMENT,Legante,260730,2-methylimidazole non specificata,6.0,chloride,3.0,26.0,55.845,8.0,4.0,d,1.83
558,Benzimidazole,Non specificata,Fe,Fe(NO3)3·9H2O,MeOH,Nessuno,25,72.0,2.0,2.0,1.0,Room Temperature,2,,numeric_decimal_standardized;temperature_numeric_standardized;time_numeric_standardized,,0,INCLUDED,,missing_optional_numeric:Volume solvente,MOF_GROUPED_LIGAND_SPLIT_v6.0_seed260730,DEVELOPMENT,Legante,260730,benzimidazole non specificata,9.0,nitrate,3.0,26.0,55.845,8.0,4.0,d,1.83
560,"2,5-Dihydroxyterephthalic acid (H4DOBDC)",Non specificata,Al,AlCl3·6H2O,H2O,HCl,120,2.0,0.5,1.5,0.3333,Sonochemical,2,,temperature_numeric_standardized;time_numeric_standardized,,0,INCLUDED,,missing_optional_numeric:Volume solvente,MOF_GROUPED_LIGAND_SPLIT_v6.0_seed260730,DEVELOPMENT,Legante,260730,"2,5-dihydroxyterephthalic acid (h4dobdc) non specificata",6.0,chloride,3.0,13.0,26.982,13.0,3.0,p,1.61
561,"4,4'-Biphenyldicarboxylic acid (H2BPDC)",Non specificata,Zr,ZrCl4,DMF/H2O/EtOH,HCl,180,24.0,0.25,5.0,0.05,Solvothermal,2,,numeric_decimal_standardized;solvent_canonicalized;temperature_numeric_standardized;time_numeric_standardized,,0,INCLUDED,,missing_optional_numeric:Volume solvente,MOF_GROUPED_LIGAND_SPLIT_v6.0_seed260730,DEVELOPMENT,Legante,260730,"4,4'-biphenyldicarboxylic acid (h2bpdc) non specificata",0.0,chloride,4.0,40.0,91.224,4.0,5.0,d,1.33
562,"2,6-Naphthalenedicarboxylic acid (2,6-NDC)",Non specificata,Zr,ZrOCl2·8H2O,DMF/H2O,HCl,60,2.0,1.5,1.0,1.5,Hydrothermal,2,,numeric_decimal_standardized;temperature_numeric_standardized;time_numeric_standardized,,0,INCLUDED,,missing_optional_numeric:Volume solvente,MOF_GROUPED_LIGAND_SPLIT_v6.0_seed260730,DEVELOPMENT,Legante,260730,"2,6-naphthalenedicarboxylic acid (2,6-ndc) non specificata",8.0,chloride,2.0,40.0,91.224,4.0,5.0,d,1.33
563,Fumaric acid,Non specificata,Mg,Mg(NO3)2·6H2O,DMA,HNO3,150,4.0,0.25,1.5,0.1667,Precipitation,2,,temperature_numeric_standardized;time_numeric_standardized,,0,INCLUDED,,missing_optional_numeric:Volume solvente,MOF_GROUPED_LIGAND_SPLIT_v6.0_seed260730,DEVELOPMENT,Legante,260730,fumaric acid non specificata,6.0,nitrate,2.0,12.0,24.305,2.0,3.0,s,1.31
564,Isophthalic acid,Non specificata,Mn,Mn(OAc)2·4H2O,H2O/THF,Acido formico,25,2.0,0.25,5.0,0.05,Room Temperature,2,,additive_canonicalized;numeric_decimal_standardized;solvent_canonicalized;temperature_numeric_standardized;time_numeric_standardized,,0,INCLUDED,,missing_optional_numeric:Volume solvente,MOF_GROUPED_LIGAND_SPLIT_v6.0_seed260730,DEVELOPMENT,Legante,260730,isophthalic acid non specificata,4.0,acetate,2.0,25.0,54.938,7.0,4.0,d,1.55
565,5-Nitroisophthalic acid,Non specificata,Zn,Zn(NO3)2·6H2O,H2O/MeOH,Trietilammina (TEA),60,4.0,1.5,1.0,1.5,Microwave,2,,additive_canonicalized;numeric_decimal_standardized;solvent_canonicalized;temperature_numeric_standardized;time_numeric_standardized,,0,INCLUDED,,missing_optional_numeric:Volume solvente,MOF_GROUPED_LIGAND_SPLIT_v6.0_seed260730,DEVELOPMENT,Legante,260730,5-nitroisophthalic acid non specificata,6.0,nitrate,2.0,30.0,65.38,12.0,4.0,d,1.65
566,5-Aminoisophthalic acid,Non specificata,Zn,Zn(OAc)2·2H2O,MeCN,Nessuno,150,18.0,0.25,5.0,0.05,Sonochemical,2,,numeric_decimal_standardized;temperature_numeric_standardized;time_numeric_standardized,,0,INCLUDED,,missing_optional_numeric:Volume solvente,MOF_GROUPED_LIGAND_SPLIT_v6.0_seed260730,DEVELOPMENT,Legante,260730,5-aminoisophthalic acid non specificata,2.0,acetate,2.0,30.0,65.38,12.0,4.0,d,1.65
567,Imidazole-2-carboxaldehyde,Non specificata,Cu,Cu(NO3)2·2.5H2O,DMF,Acido acetico,85,4.0,1.5,2.5,0.6,Solvothermal,2,,additive_canonicalized;temperature_numeric_standardized;time_numeric_standardized,,0,INCLUDED,,missing_optional_numeric:Volume solvente,MOF_GROUPED_LIGAND_SPLIT_v6.0_seed260730,DEVELOPMENT,Legante,260730,imidazole-2-carboxaldehyde non specificata,2.5,nitrate,2.0,29.0,63.546,11.0,4.0,d,1.9
568,"4,4',4''-Triaminotriphenylamine",Non specificata,Cu,Cu(OAc)2·H2O,DEF,Acido formico,130,36.0,4.0,2.0,2.0,Hydrothermal,2,,additive_canonicalized;numeric_decimal_standardized;temperature_numeric_standardized;time_numeric_standardized,,0,INCLUDED,,missing_optional_numeric:Volume solvente,MOF_GROUPED_LIGAND_SPLIT_v6.0_seed260730,DEVELOPMENT,Legante,260730,"4,4',4''-triaminotriphenylamine non specificata",1.0,acetate,2.0,29.0,63.546,11.0,4.0,d,1.9
570,"Pyrazine-2,3-dicarboxylic acid",Non specificata,Co,Co(OAc)2·4H2O,EtOH,Trietilammina (TEA),25,12.0,3.0,1.0,3.0,Room Temperature,2,,additive_canonicalized;numeric_decimal_standardized;temperature_numeric_standardized;time_numeric_standardized,,0,INCLUDED,,missing_optional_numeric:Volume solvente,MOF_GROUPED_LIGAND_SPLIT_v6.0_seed260730,DEVELOPMENT,Legante,260730,"pyrazine-2,3-dicarboxylic acid non specificata",4.0,acetate,2.0,27.0,58.933,9.0,4.0,d,1.88
571,"4,4'-Bipyridine",Non specificata,Ni,Ni(NO3)2·6H2O,H2O,Trietilammina (TEA),60,72.0,1.0,2.0,0.5,Microwave,2,,additive_canonicalized;numeric_decimal_standardized;temperature_numeric_standardized;time_numeric_standardized,,0,INCLUDED,,missing_optional_numeric:Volume solvente,MOF_GROUPED_LIGAND_SPLIT_v6.0_seed260730,DEVELOPMENT,Legante,260730,"4,4'-bipyridine non specificata",6.0,nitrate,2.0,28.0,58.693,10.0,4.0,d,1.91
572,"1,2,4-Triazole",Non specificata,Ni,Ni(OAc)2·4H2O,DMF/H2O/EtOH,HCl,85,12.0,1.0,2.0,0.5,Sonochemical,2,,numeric_decimal_standardized;solvent_canonicalized;temperature_numeric_standardized;time_numeric_standardized,,0,INCLUDED,,missing_optional_numeric:Volume solvente,MOF_GROUPED_LIGAND_SPLIT_v6.0_seed260730,DEVELOPMENT,Legante,260730,"1,2,4-triazole non specificata",4.0,acetate,2.0,28.0,58.693,10.0,4.0,d,1.91
573,"1,4-Benzenedicarboxylic acid (H2BDC)",Non specificata,Fe,FeCl3·6H2O,DMF/H2O,HCl,85,6.0,1.0,4.0,0.25,Solvothermal,2,,numeric_decimal_standardized;temperature_numeric_standardized;time_numeric_standardized,,0,INCLUDED,,missing_optional_numeric:Volume solvente,MOF_GROUPED_LIGAND_SPLIT_v6.0_seed260730,DEVELOPMENT,Legante,260730,"1,4-benzenedicarboxylic acid (h2bdc) non specificata",6.0,chloride,3.0,26.0,55.845,8.0,4.0,d,1.83
575,2-Methylimidazole,Non specificata,Al,Al(NO3)3·9H2O,H2O/THF,HCl,80,48.0,1.0,0.5,2.0,Precipitation,2,,numeric_decimal_standardized;solvent_canonicalized;temperature_numeric_standardized;time_numeric_standardized,,0,INCLUDED,,missing_optional_numeric:Volume solvente,MOF_GROUPED_LIGAND_SPLIT_v6.0_seed260730,DEVELOPMENT,Legante,260730,2-methylimidazole non specificata,9.0,nitrate,3.0,13.0,26.982,13.0,3.0,p,1.61
576,Benzimidazole,Non specificata,Al,AlCl3·6H2O,H2O/MeOH,Acido benzoico,25,72.0,0.5,0.5,1.0,Room Temperature,2,,additive_canonicalized;numeric_decimal_standardized;solvent_canonicalized;temperature_numeric_standardized;time_numeric_standardized,,0,INCLUDED,,missing_optional_numeric:Volume solvente,MOF_GROUPED_LIGAND_SPLIT_v6.0_seed260730,DEVELOPMENT,Legante,260730,benzimidazole non specificata,6.0,chloride,3.0,13.0,26.982,13.0,3.0,p,1.61
578,"2,5-Dihydroxyterephthalic acid (H4DOBDC)",Non specificata,Zr,ZrOCl2·8H2O,DMF,Trietilammina (TEA),100,2.0,0.25,1.0,0.25,Sonochemical,2,,additive_canonicalized;numeric_decimal_standardized;temperature_numeric_standardized;time_numeric_standardized,,0,INCLUDED,,missing_optional_numeric:Volume solvente,MOF_GROUPED_LIGAND_SPLIT_v6.0_seed260730,DEVELOPMENT,Legante,260730,"2,5-dihydroxyterephthalic acid (h4dobdc) non specificata",8.0,chloride,2.0,40.0,91.224,4.0,5.0,d,1.33
579,"4,4'-Biphenyldicarboxylic acid (H2BPDC)",Non specificata,Mg,Mg(NO3)2·6H2O,DEF,Acido benzoico,120,18.0,1.0,5.0,0.2,Solvothermal,2,,additive_canonicalized;numeric_decimal_standardized;temperature_numeric_standardized;time_numeric_standardized,,0,INCLUDED,,missing_optional_numeric:Volume solvente,MOF_GROUPED_LIGAND_SPLIT_v6.0_seed260730,DEVELOPMENT,Legante,260730,"4,4'-biphenyldicarboxylic acid (h2bpdc) non specificata",6.0,nitrate,2.0,12.0,24.305,2.0,3.0,s,1.31
580,"2,6-Naphthalenedicarboxylic acid (2,6-NDC)",Non specificata,Mn,Mn(OAc)2·4H2O,MeOH,Acido formico,200,72.0,1.0,1.5,0.6667,Hydrothermal,2,,additive_canonicalized;numeric_decimal_standardized;temperature_numeric_standardized;time_numeric_standardized,,0,INCLUDED,,missing_optional_numeric:Volume solvente,MOF_GROUPED_LIGAND_SPLIT_v6.0_seed260730,DEVELOPMENT,Legante,260730,"2,6-naphthalenedicarboxylic acid (2,6-ndc) non specificata",4.0,acetate,2.0,25.0,54.938,7.0,4.0,d,1.55
581,Fumaric acid,Non specificata,Zn,Zn(NO3)2·6H2O,EtOH,HCl,100,48.0,0.25,3.0,0.0833,Precipitation,2,,numeric_decimal_standardized;temperature_numeric_standardized;time_numeric_standardized,,0,INCLUDED,,missing_optional_numeric:Volume solvente,MOF_GROUPED_LIGAND_SPLIT_v6.0_seed260730,DEVELOPMENT,Legante,260730,fumaric acid non specificata,6.0,nitrate,2.0,30.0,65.38,12.0,4.0,d,1.65
582,Isophthalic acid,Non specificata,Zn,Zn(OAc)2·2H2O,H2O,Trietilammina (TEA),25,2.0,1.5,5.0,0.3,Room Temperature,2,,additive_canonicalized;numeric_decimal_standardized;temperature_numeric_standardized;time_numeric_standardized,,0,INCLUDED,,missing_optional_numeric:Volume solvente,MOF_GROUPED_LIGAND_SPLIT_v6.0_seed260730,DEVELOPMENT,Legante,260730,isophthalic acid non specificata,2.0,acetate,2.0,30.0,65.38,12.0,4.0,d,1.65
583,5-Nitroisophthalic acid,Non specificata,Cu,Cu(NO3)2·2.5H2O,DMF/H2O/EtOH,Trietilammina (TEA),180,12.0,1.0,3.0,0.3333,Microwave,2,,additive_canonicalized;numeric_decimal_standardized;solvent_canonicalized;temperature_numeric_standardized;time_numeric_standardized,,0,INCLUDED,,missing_optional_numeric:Volume solvente,MOF_GROUPED_LIGAND_SPLIT_v6.0_seed260730,DEVELOPMENT,Legante,260730,5-nitroisophthalic acid non specificata,2.5,nitrate,2.0,29.0,63.546,11.0,4.0,d,1.9
584,5-Aminoisophthalic acid,Non specificata,Cu,Cu(OAc)2·H2O,DMF/H2O,Acido acetico,200,6.0,2.0,0.5,4.0,Sonochemical,2,,additive_canonicalized;numeric_decimal_standardized;temperature_numeric_standardized;time_numeric_standardized,,0,INCLUDED,,missing_optional_numeric:Volume solvente,MOF_GROUPED_LIGAND_SPLIT_v6.0_seed260730,DEVELOPMENT,Legante,260730,5-aminoisophthalic acid non specificata,1.0,acetate,2.0,29.0,63.546,11.0,4.0,d,1.9
585,Imidazole-2-carboxaldehyde,Non specificata,Co,Co(NO3)2·6H2O,DMA,HNO3,80,4.0,1.0,3.0,0.3333,Solvothermal,2,,numeric_decimal_standardized;temperature_numeric_standardized;time_numeric_standardized,,0,INCLUDED,,missing_optional_numeric:Volume solvente,MOF_GROUPED_LIGAND_SPLIT_v6.0_seed260730,DEVELOPMENT,Legante,260730,imidazole-2-carboxaldehyde non specificata,6.0,nitrate,2.0,27.0,58.933,9.0,4.0,d,1.88
586,"4,4',4''-Triaminotriphenylamine",Non specificata,Co,Co(OAc)2·4H2O,H2O/THF,Nessuno,200,12.0,1.5,0.5,3.0,Hydrothermal,2,,numeric_decimal_standardized;solvent_canonicalized;temperature_numeric_standardized;time_numeric_standardized,,0,INCLUDED,,missing_optional_numeric:Volume solvente,MOF_GROUPED_LIGAND_SPLIT_v6.0_seed260730,DEVELOPMENT,Legante,260730,"4,4',4''-triaminotriphenylamine non specificata",4.0,acetate,2.0,27.0,58.933,9.0,4.0,d,1.88
588,"Pyrazine-2,3-dicarboxylic acid",Non specificata,Ni,Ni(OAc)2·4H2O,MeCN,HCl,25,2.0,0.25,5.0,0.05,Room Temperature,2,,numeric_decimal_standardized;temperature_numeric_standardized;time_numeric_standardized,,0,INCLUDED,,missing_optional_numeric:Volume solvente,MOF_GROUPED_LIGAND_SPLIT_v6.0_seed260730,DEVELOPMENT,Legante,260730,"pyrazine-2,3-dicarboxylic acid non specificata",4.0,acetate,2.0,28.0,58.693,10.0,4.0,d,1.91
589,"4,4'-Bipyridine",Non specificata,Fe,FeCl3·6H2O,DMF,Trietilammina (TEA),85,24.0,3.0,4.0,0.75,Microwave,2,,additive_canonicalized;numeric_decimal_standardized;temperature_numeric_standardized;time_numeric_standardized,,0,INCLUDED,,missing_optional_numeric:Volume solvente,MOF_GROUPED_LIGAND_SPLIT_v6.0_seed260730,DEVELOPMENT,Legante,260730,"4,4'-bipyridine non specificata",6.0,chloride,3.0,26.0,55.845,8.0,4.0,d,1.83
590,"1,2,4-Triazole",Non specificata,Fe,Fe(NO3)3·9H2O,DEF,Trietilammina (TEA),130,24.0,1.0,2.5,0.4,Sonochemical,2,,additive_canonicalized;numeric_decimal_standardized;temperature_numeric_standardized;time_numeric_standardized,,0,INCLUDED,,missing_optional_numeric:Volume solvente,MOF_GROUPED_LIGAND_SPLIT_v6.0_seed260730,DEVELOPMENT,Legante,260730,"1,2,4-triazole non specificata",9.0,nitrate,3.0,26.0,55.845,8.0,4.0,d,1.83
591,"1,4-Benzenedicarboxylic acid (H2BDC)",Non specificata,Al,Al(NO3)3·9H2O,MeOH,Nessuno,180,4.0,3.0,2.5,1.2,Solvothermal,2,,numeric_decimal_standardized;temperature_numeric_standardized;time_numeric_standardized,,0,INCLUDED,,missing_optional_numeric:Volume solvente,MOF_GROUPED_LIGAND_SPLIT_v6.0_seed260730,DEVELOPMENT,Legante,260730,"1,4-benzenedicarboxylic acid (h2bdc) non specificata",9.0,nitrate,3.0,13.0,26.982,13.0,3.0,p,1.61
593,2-Methylimidazole,Non specificata,Zr,ZrCl4,H2O,Nessuno,100,6.0,0.25,5.0,0.05,Precipitation,2,,numeric_decimal_standardized;temperature_numeric_standardized;time_numeric_standardized,,0,INCLUDED,,missing_optional_numeric:Volume solvente,MOF_GROUPED_LIGAND_SPLIT_v6.0_seed260730,DEVELOPMENT,Legante,260730,2-methylimidazole non specificata,0.0,chloride,4.0,40.0,91.224,4.0,5.0,d,1.33
594,Benzimidazole,Non specificata,Zr,ZrOCl2·8H2O,DMF/H2O/EtOH,HCl,25,18.0,1.0,3.0,0.3333,Room Temperature,2,,numeric_decimal_standardized;solvent_canonicalized;temperature_numeric_standardized;time_numeric_standardized,,0,INCLUDED,,missing_optional_numeric:Volume solvente,MOF_GROUPED_LIGAND_SPLIT_v6.0_seed260730,DEVELOPMENT,Legante,260730,benzimidazole non specificata,8.0,chloride,2.0,40.0,91.224,4.0,5.0,d,1.33
596,"2,5-Dihydroxyterephthalic acid (H4DOBDC)",Non specificata,Mn,Mn(OAc)2·4H2O,DMA,HCl,120,6.0,0.25,2.0,0.125,Sonochemical,2,,numeric_decimal_standardized;temperature_numeric_standardized;time_numeric_standardized,,0,INCLUDED,,missing_optional_numeric:Volume solvente,MOF_GROUPED_LIGAND_SPLIT_v6.0_seed260730,DEVELOPMENT,Legante,260730,"2,5-dihydroxyterephthalic acid (h4dobdc) non specificata",4.0,acetate,2.0,25.0,54.938,7.0,4.0,d,1.55
597,"4,4'-Biphenyldicarboxylic acid (H2BPDC)",Non specificata,Zn,Zn(NO3)2·6H2O,H2O/THF,Acido acetico,120,36.0,1.0,0.5,2.0,Solvothermal,2,,additive_canonicalized;numeric_decimal_standardized;solvent_canonicalized;temperature_numeric_standardized;time_numeric_standardized,,0,INCLUDED,,missing_optional_numeric:Volume solvente,MOF_GROUPED_LIGAND_SPLIT_v6.0_seed260730,DEVELOPMENT,Legante,260730,"4,4'-biphenyldicarboxylic acid (h2bpdc) non specificata",6.0,nitrate,2.0,30.0,65.38,12.0,4.0,d,1.65
598,"2,6-Naphthalenedicarboxylic acid (2,6-NDC)",Non specificata,Zn,Zn(OAc)2·2H2O,H2O/MeOH,Trietilammina (TEA),200,24.0,1.0,1.0,1.0,Hydrothermal,2,,additive_canonicalized;numeric_decimal_standardized;solvent_canonicalized;temperature_numeric_standardized;time_numeric_standardized,,0,INCLUDED,,missing_optional_numeric:Volume solvente,MOF_GROUPED_LIGAND_SPLIT_v6.0_seed260730,DEVELOPMENT,Legante,260730,"2,6-naphthalenedicarboxylic acid (2,6-ndc) non specificata",2.0,acetate,2.0,30.0,65.38,12.0,4.0,d,1.65
599,Fumaric acid,Non specificata,Cu,Cu(NO3)2·2.5H2O,MeCN,Trietilammina (TEA),180,4.0,4.0,5.0,0.8,Precipitation,2,,additive_canonicalized;numeric_decimal_standardized;temperature_numeric_standardized;time_numeric_standardized,,0,INCLUDED,,missing_optional_numeric:Volume solvente,MOF_GROUPED_LIGAND_SPLIT_v6.0_seed260730,DEVELOPMENT,Legante,260730,fumaric acid non specificata,2.5,nitrate,2.0,29.0,63.546,11.0,4.0,d,1.9
600,Isophthalic acid,Non specificata,Cu,Cu(OAc)2·H2O,DMF,Acido formico,25,36.0,4.0,1.0,4.0,Room Temperature,2,,additive_canonicalized;numeric_decimal_standardized;temperature_numeric_standardized;time_numeric_standardized,,0,INCLUDED,,missing_optional_numeric:Volume solvente,MOF_GROUPED_LIGAND_SPLIT_v6.0_seed260730,DEVELOPMENT,Legante,260730,isophthalic acid non specificata,1.0,acetate,2.0,29.0,63.546,11.0,4.0,d,1.9
601,5-Nitroisophthalic acid,Non specificata,Co,Co(NO3)2·6H2O,DEF,Nessuno,80,2.0,0.25,5.0,0.05,Microwave,2,,numeric_decimal_standardized;temperature_numeric_standardized;time_numeric_standardized,,0,INCLUDED,,missing_optional_numeric:Volume solvente,MOF_GROUPED_LIGAND_SPLIT_v6.0_seed260730,DEVELOPMENT,Legante,260730,5-nitroisophthalic acid non specificata,6.0,nitrate,2.0,27.0,58.933,9.0,4.0,d,1.88
602,5-Aminoisophthalic acid,Non specificata,Co,Co(OAc)2·4H2O,MeOH,Acido benzoico,130,36.0,0.5,2.5,0.2,Sonochemical,2,,additive_canonicalized;temperature_numeric_standardized;time_numeric_standardized,,0,INCLUDED,,missing_optional_numeric:Volume solvente,MOF_GROUPED_LIGAND_SPLIT_v6.0_seed260730,DEVELOPMENT,Legante,260730,5-aminoisophthalic acid non specificata,4.0,acetate,2.0,27.0,58.933,9.0,4.0,d,1.88
603,Imidazole-2-carboxaldehyde,Non specificata,Ni,Ni(NO3)2·6H2O,EtOH,HCl,85,4.0,2.0,0.5,4.0,Solvothermal,2,,numeric_decimal_standardized;temperature_numeric_standardized;time_numeric_standardized,,0,INCLUDED,,missing_optional_numeric:Volume solvente,MOF_GROUPED_LIGAND_SPLIT_v6.0_seed260730,DEVELOPMENT,Legante,260730,imidazole-2-carboxaldehyde non specificata,6.0,nitrate,2.0,28.0,58.693,10.0,4.0,d,1.91
604,"4,4',4''-Triaminotriphenylamine",Non specificata,Ni,Ni(OAc)2·4H2O,H2O,HCl,150,72.0,2.0,2.0,1.0,Hydrothermal,2,,numeric_decimal_standardized;temperature_numeric_standardized;time_numeric_standardized,,0,INCLUDED,,missing_optional_numeric:Volume solvente,MOF_GROUPED_LIGAND_SPLIT_v6.0_seed260730,DEVELOPMENT,Legante,260730,"4,4',4''-triaminotriphenylamine non specificata",4.0,acetate,2.0,28.0,58.693,10.0,4.0,d,1.91
606,"Pyrazine-2,3-dicarboxylic acid",Non specificata,Fe,Fe(NO3)3·9H2O,DMF/H2O,HCl,25,6.0,4.0,4.0,1.0,Room Temperature,2,,numeric_decimal_standardized;temperature_numeric_standardized;time_numeric_standardized,,0,INCLUDED,,missing_optional_numeric:Volume solvente,MOF_GROUPED_LIGAND_SPLIT_v6.0_seed260730,DEVELOPMENT,Legante,260730,"pyrazine-2,3-dicarboxylic acid non specificata",9.0,nitrate,3.0,26.0,55.845,8.0,4.0,d,1.83
607,"4,4'-Bipyridine",Non specificata,Al,Al(NO3)3·9H2O,DMA,Acido benzoico,80,4.0,4.0,5.0,0.8,Microwave,2,,additive_canonicalized;numeric_decimal_standardized;temperature_numeric_standardized;time_numeric_standardized,,0,INCLUDED,,missing_optional_numeric:Volume solvente,MOF_GROUPED_LIGAND_SPLIT_v6.0_seed260730,DEVELOPMENT,Legante,260730,"4,4'-bipyridine non specificata",9.0,nitrate,3.0,13.0,26.982,13.0,3.0,p,1.61
608,"1,2,4-Triazole",Non specificata,Al,AlCl3·6H2O,H2O/THF,Acido benzoico,130,6.0,0.5,0.5,1.0,Sonochemical,2,,additive_canonicalized;numeric_decimal_standardized;solvent_canonicalized;temperature_numeric_standardized;time_numeric_standardized,,0,INCLUDED,,missing_optional_numeric:Volume solvente,MOF_GROUPED_LIGAND_SPLIT_v6.0_seed260730,DEVELOPMENT,Legante,260730,"1,2,4-triazole non specificata",6.0,chloride,3.0,13.0,26.982,13.0,3.0,p,1.61
609,"1,4-Benzenedicarboxylic acid (H2BDC)",Non specificata,Zr,ZrCl4,H2O/MeOH,Acido acetico,130,24.0,1.5,0.5,3.0,Solvothermal,2,,additive_canonicalized;numeric_decimal_standardized;solvent_canonicalized;temperature_numeric_standardized;time_numeric_standardized,,0,INCLUDED,,missing_optional_numeric:Volume solvente,MOF_GROUPED_LIGAND_SPLIT_v6.0_seed260730,DEVELOPMENT,Legante,260730,"1,4-benzenedicarboxylic acid (h2bdc) non specificata",0.0,chloride,4.0,40.0,91.224,4.0,5.0,d,1.33
611,2-Methylimidazole,Non specificata,Mg,Mg(NO3)2·6H2O,DMF,HCl,60,48.0,1.5,2.5,0.6,Precipitation,2,,temperature_numeric_standardized;time_numeric_standardized,,0,INCLUDED,,missing_optional_numeric:Volume solvente,MOF_GROUPED_LIGAND_SPLIT_v6.0_seed260730,DEVELOPMENT,Legante,260730,2-methylimidazole non specificata,6.0,nitrate,2.0,12.0,24.305,2.0,3.0,s,1.31
612,Benzimidazole,Non specificata,Mn,Mn(OAc)2·4H2O,DEF,Trietilammina (TEA),25,18.0,1.5,4.0,0.375,Room Temperature,2,,additive_canonicalized;numeric_decimal_standardized;temperature_numeric_standardized;time_numeric_standardized,,0,INCLUDED,,missing_optional_numeric:Volume solvente,MOF_GROUPED_LIGAND_SPLIT_v6.0_seed260730,DEVELOPMENT,Legante,260730,benzimidazole non specificata,4.0,acetate,2.0,25.0,54.938,7.0,4.0,d,1.55
614,"2,5-Dihydroxyterephthalic acid (H4DOBDC)",Non specificata,Zn,Zn(OAc)2·2H2O,EtOH,Acido formico,80,6.0,4.0,0.5,8.0,Sonochemical,2,,additive_canonicalized;numeric_decimal_standardized;temperature_numeric_standardized;time_numeric_standardized,,0,INCLUDED,,missing_optional_numeric:Volume solvente,MOF_GROUPED_LIGAND_SPLIT_v6.0_seed260730,DEVELOPMENT,Legante,260730,"2,5-dihydroxyterephthalic acid (h4dobdc) non specificata",2.0,acetate,2.0,30.0,65.38,12.0,4.0,d,1.65
615,"4,4'-Biphenyldicarboxylic acid (H2BPDC)",Non specificata,Cu,Cu(NO3)2·2.5H2O,H2O,Trietilammina (TEA),150,18.0,2.0,1.0,2.0,Solvothermal,2,,additive_canonicalized;numeric_decimal_standardized;temperature_numeric_standardized;time_numeric_standardized,,0,INCLUDED,,missing_optional_numeric:Volume solvente,MOF_GROUPED_LIGAND_SPLIT_v6.0_seed260730,DEVELOPMENT,Legante,260730,"4,4'-biphenyldicarboxylic acid (h2bpdc) non specificata",2.5,nitrate,2.0,29.0,63.546,11.0,4.0,d,1.9
616,"2,6-Naphthalenedicarboxylic acid (2,6-NDC)",Non specificata,Cu,Cu(OAc)2·H2O,DMF/H2O/EtOH,Nessuno,150,72.0,2.0,2.0,1.0,Hydrothermal,2,,numeric_decimal_standardized;solvent_canonicalized;temperature_numeric_standardized;time_numeric_standardized,,0,INCLUDED,,missing_optional_numeric:Volume solvente,MOF_GROUPED_LIGAND_SPLIT_v6.0_seed260730,DEVELOPMENT,Legante,260730,"2,6-naphthalenedicarboxylic acid (2,6-ndc) non specificata",1.0,acetate,2.0,29.0,63.546,11.0,4.0,d,1.9
617,Fumaric acid,Non specificata,Co,Co(NO3)2·6H2O,DMF/H2O,Trietilammina (TEA),60,4.0,3.0,5.0,0.6,Precipitation,2,,additive_canonicalized;numeric_decimal_standardized;temperature_numeric_standardized;time_numeric_standardized,,0,INCLUDED,,missing_optional_numeric:Volume solvente,MOF_GROUPED_LIGAND_SPLIT_v6.0_seed260730,DEVELOPMENT,Legante,260730,fumaric acid non specificata,6.0,nitrate,2.0,27.0,58.933,9.0,4.0,d,1.88
618,Isophthalic acid,Non specificata,Co,Co(OAc)2·4H2O,DMA,HNO3,25,72.0,2.0,5.0,0.4,Room Temperature,2,,numeric_decimal_standardized;temperature_numeric_standardized;time_numeric_standardized,,0,INCLUDED,,missing_optional_numeric:Volume solvente,MOF_GROUPED_LIGAND_SPLIT_v6.0_seed260730,DEVELOPMENT,Legante,260730,isophthalic acid non specificata,4.0,acetate,2.0,27.0,58.933,9.0,4.0,d,1.88
619,5-Nitroisophthalic acid,Non specificata,Ni,Ni(NO3)2·6H2O,H2O/THF,HNO3,60,36.0,4.0,5.0,0.8,Microwave,2,,numeric_decimal_standardized;solvent_canonicalized;temperature_numeric_standardized;time_numeric_standardized,,0,INCLUDED,,missing_optional_numeric:Volume solvente,MOF_GROUPED_LIGAND_SPLIT_v6.0_seed260730,DEVELOPMENT,Legante,260730,5-nitroisophthalic acid non specificata,6.0,nitrate,2.0,28.0,58.693,10.0,4.0,d,1.91
620,5-Aminoisophthalic acid,Non specificata,Ni,Ni(OAc)2·4H2O,H2O/MeOH,Acido acetico,130,36.0,1.5,1.5,1.0,Sonochemical,2,,additive_canonicalized;numeric_decimal_standardized;solvent_canonicalized;temperature_numeric_standardized;time_numeric_standardized,,0,INCLUDED,,missing_optional_numeric:Volume solvente,MOF_GROUPED_LIGAND_SPLIT_v6.0_seed260730,DEVELOPMENT,Legante,260730,5-aminoisophthalic acid non specificata,4.0,acetate,2.0,28.0,58.693,10.0,4.0,d,1.91
621,Imidazole-2-carboxaldehyde,Non specificata,Fe,FeCl3·6H2O,MeCN,HNO3,85,18.0,0.25,3.0,0.0833,Solvothermal,2,,numeric_decimal_standardized;temperature_numeric_standardized;time_numeric_standardized,,0,INCLUDED,,missing_optional_numeric:Volume solvente,MOF_GROUPED_LIGAND_SPLIT_v6.0_seed260730,DEVELOPMENT,Legante,260730,imidazole-2-carboxaldehyde non specificata,6.0,chloride,3.0,26.0,55.845,8.0,4.0,d,1.83
622,"4,4',4''-Triaminotriphenylamine",Non specificata,Fe,Fe(NO3)3·9H2O,DMF,Trietilammina (TEA),120,2.0,3.0,3.0,1.0,Hydrothermal,2,,additive_canonicalized;numeric_decimal_standardized;temperature_numeric_standardized;time_numeric_standardized,,0,INCLUDED,,missing_optional_numeric:Volume solvente,MOF_GROUPED_LIGAND_SPLIT_v6.0_seed260730,DEVELOPMENT,Legante,260730,"4,4',4''-triaminotriphenylamine non specificata",9.0,nitrate,3.0,26.0,55.845,8.0,4.0,d,1.83
624,"Pyrazine-2,3-dicarboxylic acid",Non specificata,Al,AlCl3·6H2O,MeOH,Nessuno,25,18.0,1.5,4.0,0.375,Room Temperature,2,,numeric_decimal_standardized;temperature_numeric_standardized;time_numeric_standardized,,0,INCLUDED,,missing_optional_numeric:Volume solvente,MOF_GROUPED_LIGAND_SPLIT_v6.0_seed260730,DEVELOPMENT,Legante,260730,"pyrazine-2,3-dicarboxylic acid non specificata",6.0,chloride,3.0,13.0,26.982,13.0,3.0,p,1.61
625,"4,4'-Bipyridine",Non specificata,Zr,ZrCl4,EtOH,Trietilammina (TEA),120,36.0,0.5,1.0,0.5,Microwave,2,,additive_canonicalized;numeric_decimal_standardized;temperature_numeric_standardized;time_numeric_standardized,,0,INCLUDED,,missing_optional_numeric:Volume solvente,MOF_GROUPED_LIGAND_SPLIT_v6.0_seed260730,DEVELOPMENT,Legante,260730,"4,4'-bipyridine non specificata",0.0,chloride,4.0,40.0,91.224,4.0,5.0,d,1.33
626,"1,2,4-Triazole",Non specificata,Zr,ZrOCl2·8H2O,H2O,Acido benzoico,120,12.0,1.5,1.0,1.5,Sonochemical,2,,additive_canonicalized;numeric_decimal_standardized;temperature_numeric_standardized;time_numeric_standardized,,0,INCLUDED,,missing_optional_numeric:Volume solvente,MOF_GROUPED_LIGAND_SPLIT_v6.0_seed260730,DEVELOPMENT,Legante,260730,"1,2,4-triazole non specificata",8.0,chloride,2.0,40.0,91.224,4.0,5.0,d,1.33
627,"1,4-Benzenedicarboxylic acid (H2BDC)",Non specificata,Mg,Mg(NO3)2·6H2O,DMF/H2O/EtOH,HNO3,85,2.0,2.0,5.0,0.4,Solvothermal,2,,numeric_decimal_standardized;solvent_canonicalized;temperature_numeric_standardized;time_numeric_standardized,,0,INCLUDED,,missing_optional_numeric:Volume solvente,MOF_GROUPED_LIGAND_SPLIT_v6.0_seed260730,DEVELOPMENT,Legante,260730,"1,4-benzenedicarboxylic acid (h2bdc) non specificata",6.0,nitrate,2.0,12.0,24.305,2.0,3.0,s,1.31
629,2-Methylimidazole,Non specificata,Zn,Zn(NO3)2·6H2O,DMA,Acido acetico,60,12.0,1.5,5.0,0.3,Precipitation,2,,additive_canonicalized;numeric_decimal_standardized;temperature_numeric_standardized;time_numeric_standardized,,0,INCLUDED,,missing_optional_numeric:Volume solvente,MOF_GROUPED_LIGAND_SPLIT_v6.0_seed260730,DEVELOPMENT,Legante,260730,2-methylimidazole non specificata,6.0,nitrate,2.0,30.0,65.38,12.0,4.0,d,1.65
630,Benzimidazole,Non specificata,Zn,Zn(OAc)2·2H2O,H2O/THF,Nessuno,25,6.0,0.25,2.0,0.125,Room Temperature,2,,numeric_decimal_standardized;solvent_canonicalized;temperature_numeric_standardized;time_numeric_standardized,,0,INCLUDED,,missing_optional_numeric:Volume solvente,MOF_GROUPED_LIGAND_SPLIT_v6.0_seed260730,DEVELOPMENT,Legante,260730,benzimidazole non specificata,2.0,acetate,2.0,30.0,65.38,12.0,4.0,d,1.65
632,"2,5-Dihydroxyterephthalic acid (H4DOBDC)",Non specificata,Cu,Cu(OAc)2·H2O,MeCN,HCl,60,48.0,1.0,1.0,1.0,Sonochemical,2,,numeric_decimal_standardized;temperature_numeric_standardized;time_numeric_standardized,,0,INCLUDED,,missing_optional_numeric:Volume solvente,MOF_GROUPED_LIGAND_SPLIT_v6.0_seed260730,DEVELOPMENT,Legante,260730,"2,5-dihydroxyterephthalic acid (h4dobdc) non specificata",1.0,acetate,2.0,29.0,63.546,11.0,4.0,d,1.9
633,"4,4'-Biphenyldicarboxylic acid (H2BPDC)",Non specificata,Co,Co(NO3)2·6H2O,DMF,Acido benzoico,80,6.0,1.0,1.0,1.0,Solvothermal,2,,additive_canonicalized;numeric_decimal_standardized;temperature_numeric_standardized;time_numeric_standardized,,0,INCLUDED,,missing_optional_numeric:Volume solvente,MOF_GROUPED_LIGAND_SPLIT_v6.0_seed260730,DEVELOPMENT,Legante,260730,"4,4'-biphenyldicarboxylic acid (h2bpdc) non specificata",6.0,nitrate,2.0,27.0,58.933,9.0,4.0,d,1.88
634,"2,6-Naphthalenedicarboxylic acid (2,6-NDC)",Non specificata,Co,Co(OAc)2·4H2O,DEF,Acido acetico,60,48.0,0.5,2.5,0.2,Hydrothermal,2,,additive_canonicalized;temperature_numeric_standardized;time_numeric_standardized,,0,INCLUDED,,missing_optional_numeric:Volume solvente,MOF_GROUPED_LIGAND_SPLIT_v6.0_seed260730,DEVELOPMENT,Legante,260730,"2,6-naphthalenedicarboxylic acid (2,6-ndc) non specificata",4.0,acetate,2.0,27.0,58.933,9.0,4.0,d,1.88
635,Fumaric acid,Non specificata,Ni,Ni(NO3)2·6H2O,MeOH,HCl,80,6.0,4.0,0.5,8.0,Precipitation,2,,numeric_decimal_standardized;temperature_numeric_standardized;time_numeric_standardized,,0,INCLUDED,,missing_optional_numeric:Volume solvente,MOF_GROUPED_LIGAND_SPLIT_v6.0_seed260730,DEVELOPMENT,Legante,260730,fumaric acid non specificata,6.0,nitrate,2.0,28.0,58.693,10.0,4.0,d,1.91
636,Isophthalic acid,Non specificata,Ni,Ni(OAc)2·4H2O,EtOH,Acido formico,25,18.0,2.0,1.0,2.0,Room Temperature,2,,additive_canonicalized;numeric_decimal_standardized;temperature_numeric_standardized;time_numeric_standardized,,0,INCLUDED,,missing_optional_numeric:Volume solvente,MOF_GROUPED_LIGAND_SPLIT_v6.0_seed260730,DEVELOPMENT,Legante,260730,isophthalic acid non specificata,4.0,acetate,2.0,28.0,58.693,10.0,4.0,d,1.91
637,5-Nitroisophthalic acid,Non specificata,Fe,FeCl3·6H2O,H2O,HNO3,180,12.0,2.0,0.5,4.0,Microwave,2,,numeric_decimal_standardized;temperature_numeric_standardized;time_numeric_standardized,,0,INCLUDED,,missing_optional_numeric:Volume solvente,MOF_GROUPED_LIGAND_SPLIT_v6.0_seed260730,DEVELOPMENT,Legante,260730,5-nitroisophthalic acid non specificata,6.0,chloride,3.0,26.0,55.845,8.0,4.0,d,1.83
638,5-Aminoisophthalic acid,Non specificata,Fe,Fe(NO3)3·9H2O,DMF/H2O/EtOH,Nessuno,200,12.0,2.0,1.0,2.0,Sonochemical,2,,numeric_decimal_standardized;solvent_canonicalized;temperature_numeric_standardized;time_numeric_standardized,,0,INCLUDED,,missing_optional_numeric:Volume solvente,MOF_GROUPED_LIGAND_SPLIT_v6.0_seed260730,DEVELOPMENT,Legante,260730,5-aminoisophthalic acid non specificata,9.0,nitrate,3.0,26.0,55.845,8.0,4.0,d,1.83
639,Imidazole-2-carboxaldehyde,Non specificata,Al,Al(NO3)3·9H2O,DMF/H2O,HCl,180,6.0,1.0,0.5,2.0,Solvothermal,2,,numeric_decimal_standardized;temperature_numeric_standardized;time_numeric_standardized,,0,INCLUDED,,missing_optional_numeric:Volume solvente,MOF_GROUPED_LIGAND_SPLIT_v6.0_seed260730,DEVELOPMENT,Legante,260730,imidazole-2-carboxaldehyde non specificata,9.0,nitrate,3.0,13.0,26.982,13.0,3.0,p,1.61
640,"4,4',4''-Triaminotriphenylamine",Non specificata,Al,AlCl3·6H2O,DMA,Trietilammina (TEA),80,2.0,4.0,4.0,1.0,Hydrothermal,2,,additive_canonicalized;numeric_decimal_standardized;temperature_numeric_standardized;time_numeric_standardized,,0,INCLUDED,,missing_optional_numeric:Volume solvente,MOF_GROUPED_LIGAND_SPLIT_v6.0_seed260730,DEVELOPMENT,Legante,260730,"4,4',4''-triaminotriphenylamine non specificata",6.0,chloride,3.0,13.0,26.982,13.0,3.0,p,1.61
642,"Pyrazine-2,3-dicarboxylic acid",Non specificata,Zr,ZrOCl2·8H2O,H2O/MeOH,Trietilammina (TEA),25,72.0,0.25,1.5,0.1667,Room Temperature,2,,additive_canonicalized;solvent_canonicalized;temperature_numeric_standardized;time_numeric_standardized,,0,INCLUDED,,missing_optional_numeric:Volume solvente,MOF_GROUPED_LIGAND_SPLIT_v6.0_seed260730,DEVELOPMENT,Legante,260730,"pyrazine-2,3-dicarboxylic acid non specificata",8.0,chloride,2.0,40.0,91.224,4.0,5.0,d,1.33
643,"4,4'-Bipyridine",Non specificata,Mg,Mg(NO3)2·6H2O,MeCN,Nessuno,60,2.0,1.5,3.0,0.5,Microwave,2,,numeric_decimal_standardized;temperature_numeric_standardized;time_numeric_standardized,,0,INCLUDED,,missing_optional_numeric:Volume solvente,MOF_GROUPED_LIGAND_SPLIT_v6.0_seed260730,DEVELOPMENT,Legante,260730,"4,4'-bipyridine non specificata",6.0,nitrate,2.0,12.0,24.305,2.0,3.0,s,1.31
644,"1,2,4-Triazole",Non specificata,Mn,Mn(OAc)2·4H2O,DMF,HCl,130,6.0,1.5,0.5,3.0,Sonochemical,2,,numeric_decimal_standardized;temperature_numeric_standardized;time_numeric_standardized,,0,INCLUDED,,missing_optional_numeric:Volume solvente,MOF_GROUPED_LIGAND_SPLIT_v6.0_seed260730,DEVELOPMENT,Legante,260730,"1,2,4-triazole non specificata",4.0,acetate,2.0,25.0,54.938,7.0,4.0,d,1.55
645,"1,4-Benzenedicarboxylic acid (H2BDC)",Non specificata,Zn,Zn(NO3)2·6H2O,DEF,Acido benzoico,200,6.0,0.25,2.0,0.125,Solvothermal,2,,additive_canonicalized;numeric_decimal_standardized;temperature_numeric_standardized;time_numeric_standardized,,0,INCLUDED,,missing_optional_numeric:Volume solvente,MOF_GROUPED_LIGAND_SPLIT_v6.0_seed260730,DEVELOPMENT,Legante,260730,"1,4-benzenedicarboxylic acid (h2bdc) non specificata",6.0,nitrate,2.0,30.0,65.38,12.0,4.0,d,1.65
647,2-Methylimidazole,Non specificata,Cu,Cu(NO3)2·2.5H2O,EtOH,HCl,120,6.0,0.25,2.0,0.125,Precipitation,2,,numeric_decimal_standardized;temperature_numeric_standardized;time_numeric_standardized,,0,INCLUDED,,missing_optional_numeric:Volume solvente,MOF_GROUPED_LIGAND_SPLIT_v6.0_seed260730,DEVELOPMENT,Legante,260730,2-methylimidazole non specificata,2.5,nitrate,2.0,29.0,63.546,11.0,4.0,d,1.9
648,Benzimidazole,Non specificata,Cu,Cu(OAc)2·H2O,H2O,Acido benzoico,25,18.0,2.0,2.0,1.0,Room Temperature,2,,additive_canonicalized;numeric_decimal_standardized;temperature_numeric_standardized;time_numeric_standardized,,0,INCLUDED,,missing_optional_numeric:Volume solvente,MOF_GROUPED_LIGAND_SPLIT_v6.0_seed260730,DEVELOPMENT,Legante,260730,benzimidazole non specificata,1.0,acetate,2.0,29.0,63.546,11.0,4.0,d,1.9
650,"2,5-Dihydroxyterephthalic acid (H4DOBDC)",Non specificata,Co,Co(OAc)2·4H2O,DMF/H2O,HNO3,150,18.0,4.0,1.5,2.6667,Sonochemical,2,,numeric_decimal_standardized;temperature_numeric_standardized;time_numeric_standardized,,0,INCLUDED,,missing_optional_numeric:Volume solvente,MOF_GROUPED_LIGAND_SPLIT_v6.0_seed260730,DEVELOPMENT,Legante,260730,"2,5-dihydroxyterephthalic acid (h4dobdc) non specificata",4.0,acetate,2.0,27.0,58.933,9.0,4.0,d,1.88
651,"4,4'-Biphenyldicarboxylic acid (H2BPDC)",Non specificata,Ni,Ni(NO3)2·6H2O,DMA,HCl,80,72.0,0.5,1.0,0.5,Solvothermal,2,,numeric_decimal_standardized;temperature_numeric_standardized;time_numeric_standardized,,0,INCLUDED,,missing_optional_numeric:Volume solvente,MOF_GROUPED_LIGAND_SPLIT_v6.0_seed260730,DEVELOPMENT,Legante,260730,"4,4'-biphenyldicarboxylic acid (h2bpdc) non specificata",6.0,nitrate,2.0,28.0,58.693,10.0,4.0,d,1.91
652,"2,6-Naphthalenedicarboxylic acid (2,6-NDC)",Non specificata,Ni,Ni(OAc)2·4H2O,H2O/THF,HNO3,60,24.0,3.0,4.0,0.75,Hydrothermal,2,,numeric_decimal_standardized;solvent_canonicalized;temperature_numeric_standardized;time_numeric_standardized,,0,INCLUDED,,missing_optional_numeric:Volume solvente,MOF_GROUPED_LIGAND_SPLIT_v6.0_seed260730,DEVELOPMENT,Legante,260730,"2,6-naphthalenedicarboxylic acid (2,6-ndc) non specificata",4.0,acetate,2.0,28.0,58.693,10.0,4.0,d,1.91
653,Fumaric acid,Non specificata,Fe,FeCl3·6H2O,H2O/MeOH,Acido acetico,180,72.0,1.0,1.0,1.0,Precipitation,2,,additive_canonicalized;numeric_decimal_standardized;solvent_canonicalized;temperature_numeric_standardized;time_numeric_standardized,,0,INCLUDED,,missing_optional_numeric:Volume solvente,MOF_GROUPED_LIGAND_SPLIT_v6.0_seed260730,DEVELOPMENT,Legante,260730,fumaric acid non specificata,6.0,chloride,3.0,26.0,55.845,8.0,4.0,d,1.83
654,Isophthalic acid,Non specificata,Fe,Fe(NO3)3·9H2O,MeCN,HNO3,25,4.0,2.0,2.5,0.8,Room Temperature,2,,numeric_decimal_standardized;temperature_numeric_standardized;time_numeric_standardized,,0,INCLUDED,,missing_optional_numeric:Volume solvente,MOF_GROUPED_LIGAND_SPLIT_v6.0_seed260730,DEVELOPMENT,Legante,260730,isophthalic acid non specificata,9.0,nitrate,3.0,26.0,55.845,8.0,4.0,d,1.83
655,5-Nitroisophthalic acid,Non specificata,Al,Al(NO3)3·9H2O,DMF,Nessuno,130,6.0,2.0,5.0,0.4,Microwave,2,,numeric_decimal_standardized;temperature_numeric_standardized;time_numeric_standardized,,0,INCLUDED,,missing_optional_numeric:Volume solvente,MOF_GROUPED_LIGAND_SPLIT_v6.0_seed260730,DEVELOPMENT,Legante,260730,5-nitroisophthalic acid non specificata,9.0,nitrate,3.0,13.0,26.982,13.0,3.0,p,1.61
656,5-Aminoisophthalic acid,Non specificata,Al,AlCl3·6H2O,DEF,Acido benzoico,130,12.0,4.0,0.5,8.0,Sonochemical,2,,additive_canonicalized;numeric_decimal_standardized;temperature_numeric_standardized;time_numeric_standardized,,0,INCLUDED,,missing_optional_numeric:Volume solvente,MOF_GROUPED_LIGAND_SPLIT_v6.0_seed260730,DEVELOPMENT,Legante,260730,5-aminoisophthalic acid non specificata,6.0,chloride,3.0,13.0,26.982,13.0,3.0,p,1.61
657,Imidazole-2-carboxaldehyde,Non specificata,Zr,ZrCl4,MeOH,HCl,200,12.0,3.0,2.0,1.5,Solvothermal,2,,numeric_decimal_standardized;temperature_numeric_standardized;time_numeric_standardized,,0,INCLUDED,,missing_optional_numeric:Volume solvente,MOF_GROUPED_LIGAND_SPLIT_v6.0_seed260730,DEVELOPMENT,Legante,260730,imidazole-2-carboxaldehyde non specificata,0.0,chloride,4.0,40.0,91.224,4.0,5.0,d,1.33
658,"4,4',4''-Triaminotriphenylamine",Non specificata,Zr,ZrOCl2·8H2O,EtOH,Acido acetico,85,24.0,1.0,4.0,0.25,Hydrothermal,2,,additive_canonicalized;numeric_decimal_standardized;temperature_numeric_standardized;time_numeric_standardized,,0,INCLUDED,,missing_optional_numeric:Volume solvente,MOF_GROUPED_LIGAND_SPLIT_v6.0_seed260730,DEVELOPMENT,Legante,260730,"4,4',4''-triaminotriphenylamine non specificata",8.0,chloride,2.0,40.0,91.224,4.0,5.0,d,1.33
660,"Pyrazine-2,3-dicarboxylic acid",Non specificata,Mn,Mn(OAc)2·4H2O,DMF/H2O/EtOH,Acido acetico,25,4.0,3.0,2.0,1.5,Room Temperature,2,,additive_canonicalized;numeric_decimal_standardized;solvent_canonicalized;temperature_numeric_standardized;time_numeric_standardized,,0,INCLUDED,,missing_optional_numeric:Volume solvente,MOF_GROUPED_LIGAND_SPLIT_v6.0_seed260730,DEVELOPMENT,Legante,260730,"pyrazine-2,3-dicarboxylic acid non specificata",4.0,acetate,2.0,25.0,54.938,7.0,4.0,d,1.55
661,"4,4'-Bipyridine",Non specificata,Zn,Zn(NO3)2·6H2O,DMF/H2O,Nessuno,100,48.0,4.0,2.5,1.6,Microwave,2,,numeric_decimal_standardized;temperature_numeric_standardized;time_numeric_standardized,,0,INCLUDED,,missing_optional_numeric:Volume solvente,MOF_GROUPED_LIGAND_SPLIT_v6.0_seed260730,DEVELOPMENT,Legante,260730,"4,4'-bipyridine non specificata",6.0,nitrate,2.0,30.0,65.38,12.0,4.0,d,1.65
662,"1,2,4-Triazole",Non specificata,Zn,Zn(OAc)2·2H2O,DMA,HCl,150,2.0,2.0,1.5,1.3333,Sonochemical,2,,numeric_decimal_standardized;temperature_numeric_standardized;time_numeric_standardized,,0,INCLUDED,,missing_optional_numeric:Volume solvente,MOF_GROUPED_LIGAND_SPLIT_v6.0_seed260730,DEVELOPMENT,Legante,260730,"1,2,4-triazole non specificata",2.0,acetate,2.0,30.0,65.38,12.0,4.0,d,1.65
663,"1,4-Benzenedicarboxylic acid (H2BDC)",Non specificata,Cu,Cu(NO3)2·2.5H2O,H2O/THF,Trietilammina (TEA),200,2.0,0.25,0.5,0.5,Solvothermal,2,,additive_canonicalized;solvent_canonicalized;temperature_numeric_standardized;time_numeric_standardized,,0,INCLUDED,,missing_optional_numeric:Volume solvente,MOF_GROUPED_LIGAND_SPLIT_v6.0_seed260730,DEVELOPMENT,Legante,260730,"1,4-benzenedicarboxylic acid (h2bdc) non specificata",2.5,nitrate,2.0,29.0,63.546,11.0,4.0,d,1.9
665,2-Methylimidazole,Non specificata,Co,Co(NO3)2·6H2O,MeCN,HCl,120,24.0,1.0,2.5,0.4,Precipitation,2,,numeric_decimal_standardized;temperature_numeric_standardized;time_numeric_standardized,,0,INCLUDED,,missing_optional_numeric:Volume solvente,MOF_GROUPED_LIGAND_SPLIT_v6.0_seed260730,DEVELOPMENT,Legante,260730,2-methylimidazole non specificata,6.0,nitrate,2.0,27.0,58.933,9.0,4.0,d,1.88
666,Benzimidazole,Non specificata,Co,Co(OAc)2·4H2O,DMF,Acido formico,25,18.0,1.0,2.0,0.5,Room Temperature,2,,additive_canonicalized;numeric_decimal_standardized;temperature_numeric_standardized;time_numeric_standardized,,0,INCLUDED,,missing_optional_numeric:Volume solvente,MOF_GROUPED_LIGAND_SPLIT_v6.0_seed260730,DEVELOPMENT,Legante,260730,benzimidazole non specificata,4.0,acetate,2.0,27.0,58.933,9.0,4.0,d,1.88
668,"2,5-Dihydroxyterephthalic acid (H4DOBDC)",Non specificata,Ni,Ni(OAc)2·4H2O,MeOH,Trietilammina (TEA),60,2.0,3.0,2.5,1.2,Sonochemical,2,,additive_canonicalized;numeric_decimal_standardized;temperature_numeric_standardized;time_numeric_standardized,,0,INCLUDED,,missing_optional_numeric:Volume solvente,MOF_GROUPED_LIGAND_SPLIT_v6.0_seed260730,DEVELOPMENT,Legante,260730,"2,5-dihydroxyterephthalic acid (h4dobdc) non specificata",4.0,acetate,2.0,28.0,58.693,10.0,4.0,d,1.91
669,"4,4'-Biphenyldicarboxylic acid (H2BPDC)",Non specificata,Fe,FeCl3·6H2O,EtOH,HCl,85,36.0,1.0,0.5,2.0,Solvothermal,2,,numeric_decimal_standardized;temperature_numeric_standardized;time_numeric_standardized,,0,INCLUDED,,missing_optional_numeric:Volume solvente,MOF_GROUPED_LIGAND_SPLIT_v6.0_seed260730,DEVELOPMENT,Legante,260730,"4,4'-biphenyldicarboxylic acid (h2bpdc) non specificata",6.0,chloride,3.0,26.0,55.845,8.0,4.0,d,1.83
670,"2,6-Naphthalenedicarboxylic acid (2,6-NDC)",Non specificata,Fe,Fe(NO3)3·9H2O,H2O,HNO3,180,24.0,1.5,2.0,0.75,Hydrothermal,2,,numeric_decimal_standardized;temperature_numeric_standardized;time_numeric_standardized,,0,INCLUDED,,missing_optional_numeric:Volume solvente,MOF_GROUPED_LIGAND_SPLIT_v6.0_seed260730,DEVELOPMENT,Legante,260730,"2,6-naphthalenedicarboxylic acid (2,6-ndc) non specificata",9.0,nitrate,3.0,26.0,55.845,8.0,4.0,d,1.83
671,Fumaric acid,Non specificata,Al,Al(NO3)3·9H2O,DMF/H2O/EtOH,HCl,180,12.0,0.5,1.0,0.5,Precipitation,2,,numeric_decimal_standardized;solvent_canonicalized;temperature_numeric_standardized;time_numeric_standardized,,0,INCLUDED,,missing_optional_numeric:Volume solvente,MOF_GROUPED_LIGAND_SPLIT_v6.0_seed260730,DEVELOPMENT,Legante,260730,fumaric acid non specificata,9.0,nitrate,3.0,13.0,26.982,13.0,3.0,p,1.61
672,Isophthalic acid,Non specificata,Al,AlCl3·6H2O,DMF/H2O,HNO3,25,4.0,1.5,2.0,0.75,Room Temperature,2,,numeric_decimal_standardized;temperature_numeric_standardized;time_numeric_standardized,,0,INCLUDED,,missing_optional_numeric:Volume solvente,MOF_GROUPED_LIGAND_SPLIT_v6.0_seed260730,DEVELOPMENT,Legante,260730,isophthalic acid non specificata,6.0,chloride,3.0,13.0,26.982,13.0,3.0,p,1.61
673,5-Nitroisophthalic acid,Non specificata,Zr,ZrCl4,DMA,Trietilammina (TEA),200,12.0,1.0,5.0,0.2,Microwave,2,,additive_canonicalized;numeric_decimal_standardized;temperature_numeric_standardized;time_numeric_standardized,,0,INCLUDED,,missing_optional_numeric:Volume solvente,MOF_GROUPED_LIGAND_SPLIT_v6.0_seed260730,DEVELOPMENT,Legante,260730,5-nitroisophthalic acid non specificata,0.0,chloride,4.0,40.0,91.224,4.0,5.0,d,1.33
674,5-Aminoisophthalic acid,Non specificata,Zr,ZrOCl2·8H2O,H2O/THF,HCl,60,72.0,2.0,0.5,4.0,Sonochemical,2,,numeric_decimal_standardized;solvent_canonicalized;temperature_numeric_standardized;time_numeric_standardized,,0,INCLUDED,,missing_optional_numeric:Volume solvente,MOF_GROUPED_LIGAND_SPLIT_v6.0_seed260730,DEVELOPMENT,Legante,260730,5-aminoisophthalic acid non specificata,8.0,chloride,2.0,40.0,91.224,4.0,5.0,d,1.33
675,Imidazole-2-carboxaldehyde,Non specificata,Mg,Mg(NO3)2·6H2O,H2O/MeOH,HNO3,85,24.0,1.0,1.0,1.0,Solvothermal,2,,numeric_decimal_standardized;solvent_canonicalized;temperature_numeric_standardized;time_numeric_standardized,,0,INCLUDED,,missing_optional_numeric:Volume solvente,MOF_GROUPED_LIGAND_SPLIT_v6.0_seed260730,DEVELOPMENT,Legante,260730,imidazole-2-carboxaldehyde non specificata,6.0,nitrate,2.0,12.0,24.305,2.0,3.0,s,1.31
676,"4,4',4''-Triaminotriphenylamine",Non specificata,Mn,Mn(OAc)2·4H2O,MeCN,Acido acetico,200,4.0,3.0,1.0,3.0,Hydrothermal,2,,additive_canonicalized;numeric_decimal_standardized;temperature_numeric_standardized;time_numeric_standardized,,0,INCLUDED,,missing_optional_numeric:Volume solvente,MOF_GROUPED_LIGAND_SPLIT_v6.0_seed260730,DEVELOPMENT,Legante,260730,"4,4',4''-triaminotriphenylamine non specificata",4.0,acetate,2.0,25.0,54.938,7.0,4.0,d,1.55
678,"Pyrazine-2,3-dicarboxylic acid",Non specificata,Zn,Zn(OAc)2·2H2O,DEF,Nessuno,25,2.0,4.0,1.0,4.0,Room Temperature,2,,numeric_decimal_standardized;temperature_numeric_standardized;time_numeric_standardized,,0,INCLUDED,,missing_optional_numeric:Volume solvente,MOF_GROUPED_LIGAND_SPLIT_v6.0_seed260730,DEVELOPMENT,Legante,260730,"pyrazine-2,3-dicarboxylic acid non specificata",2.0,acetate,2.0,30.0,65.38,12.0,4.0,d,1.65
679,"4,4'-Bipyridine",Non specificata,Cu,Cu(NO3)2·2.5H2O,MeOH,Acido formico,120,72.0,1.0,3.0,0.3333,Microwave,2,,additive_canonicalized;numeric_decimal_standardized;temperature_numeric_standardized;time_numeric_standardized,,0,INCLUDED,,missing_optional_numeric:Volume solvente,MOF_GROUPED_LIGAND_SPLIT_v6.0_seed260730,DEVELOPMENT,Legante,260730,"4,4'-bipyridine non specificata",2.5,nitrate,2.0,29.0,63.546,11.0,4.0,d,1.9
680,"1,2,4-Triazole",Non specificata,Cu,Cu(OAc)2·H2O,EtOH,Acido formico,60,2.0,0.25,1.0,0.25,Sonochemical,2,,additive_canonicalized;numeric_decimal_standardized;temperature_numeric_standardized;time_numeric_standardized,,0,INCLUDED,,missing_optional_numeric:Volume solvente,MOF_GROUPED_LIGAND_SPLIT_v6.0_seed260730,DEVELOPMENT,Legante,260730,"1,2,4-triazole non specificata",1.0,acetate,2.0,29.0,63.546,11.0,4.0,d,1.9
681,"1,4-Benzenedicarboxylic acid (H2BDC)",Non specificata,Co,Co(NO3)2·6H2O,H2O,Trietilammina (TEA),60,18.0,4.0,5.0,0.8,Solvothermal,2,,additive_canonicalized;numeric_decimal_standardized;temperature_numeric_standardized;time_numeric_standardized,,0,INCLUDED,,missing_optional_numeric:Volume solvente,MOF_GROUPED_LIGAND_SPLIT_v6.0_seed260730,DEVELOPMENT,Legante,260730,"1,4-benzenedicarboxylic acid (h2bdc) non specificata",6.0,nitrate,2.0,27.0,58.933,9.0,4.0,d,1.88
683,2-Methylimidazole,Non specificata,Ni,Ni(NO3)2·6H2O,DMF/H2O,HNO3,85,18.0,2.0,4.0,0.5,Precipitation,2,,numeric_decimal_standardized;temperature_numeric_standardized;time_numeric_standardized,,0,INCLUDED,,missing_optional_numeric:Volume solvente,MOF_GROUPED_LIGAND_SPLIT_v6.0_seed260730,DEVELOPMENT,Legante,260730,2-methylimidazole non specificata,6.0,nitrate,2.0,28.0,58.693,10.0,4.0,d,1.91
684,Benzimidazole,Non specificata,Ni,Ni(OAc)2·4H2O,DMA,Acido formico,25,18.0,0.5,1.0,0.5,Room Temperature,2,,additive_canonicalized;numeric_decimal_standardized;temperature_numeric_standardized;time_numeric_standardized,,0,INCLUDED,,missing_optional_numeric:Volume solvente,MOF_GROUPED_LIGAND_SPLIT_v6.0_seed260730,DEVELOPMENT,Legante,260730,benzimidazole non specificata,4.0,acetate,2.0,28.0,58.693,10.0,4.0,d,1.91
686,"2,5-Dihydroxyterephthalic acid (H4DOBDC)",Non specificata,Fe,Fe(NO3)3·9H2O,H2O/MeOH,HCl,60,6.0,2.0,2.5,0.8,Sonochemical,2,,numeric_decimal_standardized;solvent_canonicalized;temperature_numeric_standardized;time_numeric_standardized,,0,INCLUDED,,missing_optional_numeric:Volume solvente,MOF_GROUPED_LIGAND_SPLIT_v6.0_seed260730,DEVELOPMENT,Legante,260730,"2,5-dihydroxyterephthalic acid (h4dobdc) non specificata",9.0,nitrate,3.0,26.0,55.845,8.0,4.0,d,1.83
687,"4,4'-Biphenyldicarboxylic acid (H2BPDC)",Non specificata,Al,Al(NO3)3·9H2O,MeCN,HCl,60,2.0,0.5,5.0,0.1,Solvothermal,2,,numeric_decimal_standardized;temperature_numeric_standardized;time_numeric_standardized,,0,INCLUDED,,missing_optional_numeric:Volume solvente,MOF_GROUPED_LIGAND_SPLIT_v6.0_seed260730,DEVELOPMENT,Legante,260730,"4,4'-biphenyldicarboxylic acid (h2bpdc) non specificata",9.0,nitrate,3.0,13.0,26.982,13.0,3.0,p,1.61
688,"2,6-Naphthalenedicarboxylic acid (2,6-NDC)",Non specificata,Al,AlCl3·6H2O,DMF,Acido acetico,180,36.0,0.5,1.0,0.5,Hydrothermal,2,,additive_canonicalized;numeric_decimal_standardized;temperature_numeric_standardized;time_numeric_standardized,,0,INCLUDED,,missing_optional_numeric:Volume solvente,MOF_GROUPED_LIGAND_SPLIT_v6.0_seed260730,DEVELOPMENT,Legante,260730,"2,6-naphthalenedicarboxylic acid (2,6-ndc) non specificata",6.0,chloride,3.0,13.0,26.982,13.0,3.0,p,1.61
689,Fumaric acid,Non specificata,Zr,ZrCl4,DEF,Acido acetico,130,24.0,1.0,1.5,0.6667,Precipitation,2,,additive_canonicalized;numeric_decimal_standardized;temperature_numeric_standardized;time_numeric_standardized,,0,INCLUDED,,missing_optional_numeric:Volume solvente,MOF_GROUPED_LIGAND_SPLIT_v6.0_seed260730,DEVELOPMENT,Legante,260730,fumaric acid non specificata,0.0,chloride,4.0,40.0,91.224,4.0,5.0,d,1.33
690,Isophthalic acid,Non specificata,Zr,ZrOCl2·8H2O,MeOH,HNO3,25,2.0,1.5,3.0,0.5,Room Temperature,2,,numeric_decimal_standardized;temperature_numeric_standardized;time_numeric_standardized,,0,INCLUDED,,missing_optional_numeric:Volume solvente,MOF_GROUPED_LIGAND_SPLIT_v6.0_seed260730,DEVELOPMENT,Legante,260730,isophthalic acid non specificata,8.0,chloride,2.0,40.0,91.224,4.0,5.0,d,1.33
691,5-Nitroisophthalic acid,Non specificata,Mg,Mg(NO3)2·6H2O,EtOH,Acido benzoico,200,2.0,4.0,5.0,0.8,Microwave,2,,additive_canonicalized;numeric_decimal_standardized;temperature_numeric_standardized;time_numeric_standardized,,0,INCLUDED,,missing_optional_numeric:Volume solvente,MOF_GROUPED_LIGAND_SPLIT_v6.0_seed260730,DEVELOPMENT,Legante,260730,5-nitroisophthalic acid non specificata,6.0,nitrate,2.0,12.0,24.305,2.0,3.0,s,1.31
692,5-Aminoisophthalic acid,Non specificata,Mn,Mn(OAc)2·4H2O,H2O,Acido acetico,150,18.0,3.0,2.5,1.2,Sonochemical,2,,additive_canonicalized;numeric_decimal_standardized;temperature_numeric_standardized;time_numeric_standardized,,0,INCLUDED,,missing_optional_numeric:Volume solvente,MOF_GROUPED_LIGAND_SPLIT_v6.0_seed260730,DEVELOPMENT,Legante,260730,5-aminoisophthalic acid non specificata,4.0,acetate,2.0,25.0,54.938,7.0,4.0,d,1.55
693,Imidazole-2-carboxaldehyde,Non specificata,Zn,Zn(NO3)2·6H2O,DMF/H2O/EtOH,Acido acetico,85,36.0,1.5,3.0,0.5,Solvothermal,2,,additive_canonicalized;numeric_decimal_standardized;solvent_canonicalized;temperature_numeric_standardized;time_numeric_standardized,,0,INCLUDED,,missing_optional_numeric:Volume solvente,MOF_GROUPED_LIGAND_SPLIT_v6.0_seed260730,DEVELOPMENT,Legante,260730,imidazole-2-carboxaldehyde non specificata,6.0,nitrate,2.0,30.0,65.38,12.0,4.0,d,1.65
694,"4,4',4''-Triaminotriphenylamine",Non specificata,Zn,Zn(OAc)2·2H2O,DMF/H2O,Trietilammina (TEA),130,4.0,0.5,1.0,0.5,Hydrothermal,2,,additive_canonicalized;numeric_decimal_standardized;temperature_numeric_standardized;time_numeric_standardized,,0,INCLUDED,,missing_optional_numeric:Volume solvente,MOF_GROUPED_LIGAND_SPLIT_v6.0_seed260730,DEVELOPMENT,Legante,260730,"4,4',4''-triaminotriphenylamine non specificata",2.0,acetate,2.0,30.0,65.38,12.0,4.0,d,1.65
696,"Pyrazine-2,3-dicarboxylic acid",Non specificata,Cu,Cu(OAc)2·H2O,H2O/THF,HCl,25,2.0,4.0,5.0,0.8,Room Temperature,2,,numeric_decimal_standardized;solvent_canonicalized;temperature_numeric_standardized;time_numeric_standardized,,0,INCLUDED,,missing_optional_numeric:Volume solvente,MOF_GROUPED_LIGAND_SPLIT_v6.0_seed260730,DEVELOPMENT,Legante,260730,"pyrazine-2,3-dicarboxylic acid non specificata",1.0,acetate,2.0,29.0,63.546,11.0,4.0,d,1.9
697,"4,4'-Bipyridine",Non specificata,Co,Co(NO3)2·6H2O,H2O/MeOH,HNO3,150,6.0,2.0,0.5,4.0,Microwave,2,,numeric_decimal_standardized;solvent_canonicalized;temperature_numeric_standardized;time_numeric_standardized,,0,INCLUDED,,missing_optional_numeric:Volume solvente,MOF_GROUPED_LIGAND_SPLIT_v6.0_seed260730,DEVELOPMENT,Legante,260730,"4,4'-bipyridine non specificata",6.0,nitrate,2.0,27.0,58.933,9.0,4.0,d,1.88
698,"1,2,4-Triazole",Non specificata,Co,Co(OAc)2·4H2O,MeCN,Nessuno,100,48.0,0.5,0.5,1.0,Sonochemical,2,,numeric_decimal_standardized;temperature_numeric_standardized;time_numeric_standardized,,0,INCLUDED,,missing_optional_numeric:Volume solvente,MOF_GROUPED_LIGAND_SPLIT_v6.0_seed260730,DEVELOPMENT,Legante,260730,"1,2,4-triazole non specificata",4.0,acetate,2.0,27.0,58.933,9.0,4.0,d,1.88
699,"1,4-Benzenedicarboxylic acid (H2BDC)",Non specificata,Ni,Ni(NO3)2·6H2O,DMF,Trietilammina (TEA),100,48.0,0.5,2.5,0.2,Solvothermal,2,,additive_canonicalized;temperature_numeric_standardized;time_numeric_standardized,,0,INCLUDED,,missing_optional_numeric:Volume solvente,MOF_GROUPED_LIGAND_SPLIT_v6.0_seed260730,DEVELOPMENT,Legante,260730,"1,4-benzenedicarboxylic acid (h2bdc) non specificata",6.0,nitrate,2.0,28.0,58.693,10.0,4.0,d,1.91
701,Fumaric acid,Carbossilati aromatici,Cd,Cd(NO3)2·4H2O,H2O,Nessuno,120,72.0,0.2,0.4,0.5,Hydrothermal,2,,temperature_numeric_standardized;time_numeric_standardized,,0,INCLUDED,,missing_optional_numeric:Volume solvente,MOF_GROUPED_LIGAND_SPLIT_v6.0_seed260730,DEVELOPMENT,Legante,260730,fumaric acid carbossilati aromatici,4.0,nitrate,2.0,48.0,112.414,12.0,5.0,d,1.69
702,"3,3'-dimethyl-4,4'-bipyrazole",Bipyrazole,Cu,Cu(OAc)2·H2O,H2O,Nessuno,160,18.0,0.5,1.515,0.33,Sonochemical,2,,temperature_numeric_standardized;time_numeric_standardized,,0,INCLUDED,,missing_optional_numeric:Volume solvente,MOF_GROUPED_LIGAND_SPLIT_v6.0_seed260730,DEVELOPMENT,Legante,260730,"3,3'-dimethyl-4,4'-bipyrazole bipyrazole",1.0,acetate,2.0,29.0,63.546,11.0,4.0,d,1.9
703,Benzimidazole,Imidazolati,Zn,Zn(OAc)2·2H2O,DEF,Nessuno,120,4.0,2.0,6.061,0.33,Microwave,2,,numeric_decimal_standardized;temperature_numeric_standardized;time_numeric_standardized,,0,INCLUDED,,missing_optional_numeric:Volume solvente,MOF_GROUPED_LIGAND_SPLIT_v6.0_seed260730,DEVELOPMENT,Legante,260730,benzimidazole imidazolati,2.0,acetate,2.0,30.0,65.38,12.0,4.0,d,1.65
704,2-Methylimidazole,Imidazolati,Fe,Fe(NO3)3·9H2O,DMF/H2O/EtOH,Nessuno,25,18.0,0.1,0.067,1.5,Room Temperature,2,,solvent_canonicalized;temperature_numeric_standardized;time_numeric_standardized,,0,INCLUDED,,missing_optional_numeric:Volume solvente,MOF_GROUPED_LIGAND_SPLIT_v6.0_seed260730,DEVELOPMENT,Legante,260730,2-methylimidazole imidazolati,9.0,nitrate,3.0,26.0,55.845,8.0,4.0,d,1.83
705,"1,2,4-Triazole",Triazole,Mg,Mg(NO3)2·6H2O,DMF/H2O,Nessuno,150,24.0,1.0,2.0,0.5,Solvothermal,2,,numeric_decimal_standardized;temperature_numeric_standardized;time_numeric_standardized,,0,INCLUDED,,missing_optional_numeric:Volume solvente,MOF_GROUPED_LIGAND_SPLIT_v6.0_seed260730,DEVELOPMENT,Legante,260730,"1,2,4-triazole triazole",6.0,nitrate,2.0,12.0,24.305,2.0,3.0,s,1.31
707,"1,2,4-Triazole",Triazole,Al,AlCl3·6H2O,DEF,Nessuno,180,12.0,0.5,1.515,0.33,Sonochemical,2,,temperature_numeric_standardized;time_numeric_standardized,,0,INCLUDED,,missing_optional_numeric:Volume solvente,MOF_GROUPED_LIGAND_SPLIT_v6.0_seed260730,DEVELOPMENT,Legante,260730,"1,2,4-triazole triazole",6.0,chloride,3.0,13.0,26.982,13.0,3.0,p,1.61
708,"1,2,4-Triazole",Triazole,Cd,Cd(NO3)2·4H2O,MeOH,Nessuno,160,72.0,0.05,0.042,1.2,Room Temperature,2,,temperature_numeric_standardized;time_numeric_standardized,,0,INCLUDED,,missing_optional_numeric:Volume solvente,MOF_GROUPED_LIGAND_SPLIT_v6.0_seed260730,DEVELOPMENT,Legante,260730,"1,2,4-triazole triazole",4.0,nitrate,2.0,48.0,112.414,12.0,5.0,d,1.69
709,"2,5-Dihydroxyterephthalic acid (H4DOBDC)",Carbossilati aromatici,Co,Co(OAc)2·4H2O,DMF/MeOH,Nessuno,60,48.0,2.0,2.5,0.8,Hydrothermal,2,,numeric_decimal_standardized;temperature_numeric_standardized;time_numeric_standardized,,0,INCLUDED,,missing_optional_numeric:Volume solvente,MOF_GROUPED_LIGAND_SPLIT_v6.0_seed260730,DEVELOPMENT,Legante,260730,"2,5-dihydroxyterephthalic acid (h4dobdc) carbossilati aromatici",4.0,acetate,2.0,27.0,58.933,9.0,4.0,d,1.88
710,2-Methylimidazole,Imidazolati,Fe,Fe(NO3)3·9H2O,DEF,Nessuno,100,48.0,2.0,10.0,0.2,Microwave,2,,numeric_decimal_standardized;temperature_numeric_standardized;time_numeric_standardized,,0,INCLUDED,,missing_optional_numeric:Volume solvente,MOF_GROUPED_LIGAND_SPLIT_v6.0_seed260730,DEVELOPMENT,Legante,260730,2-methylimidazole imidazolati,9.0,nitrate,3.0,26.0,55.845,8.0,4.0,d,1.83
711,"3,5-diamino-4,4'-bipyrazole",Bipyrazole,Mg,Mg(NO3)2·6H2O,DEF,Nessuno,120,12.0,0.5,0.625,0.8,Solvothermal,2,,temperature_numeric_standardized;time_numeric_standardized,,0,INCLUDED,,missing_optional_numeric:Volume solvente,MOF_GROUPED_LIGAND_SPLIT_v6.0_seed260730,DEVELOPMENT,Legante,260730,"3,5-diamino-4,4'-bipyrazole bipyrazole",6.0,nitrate,2.0,12.0,24.305,2.0,3.0,s,1.31
712,"1,2,4-Triazole",Triazole,Al,Al(NO3)3·9H2O,DMF/H2O/EtOH,Nessuno,25,4.0,0.05,0.025,2.0,Solvothermal,2,,numeric_decimal_standardized;solvent_canonicalized;temperature_numeric_standardized;time_numeric_standardized,,0,INCLUDED,,missing_optional_numeric:Volume solvente,MOF_GROUPED_LIGAND_SPLIT_v6.0_seed260730,DEVELOPMENT,Legante,260730,"1,2,4-triazole triazole",9.0,nitrate,3.0,13.0,26.982,13.0,3.0,p,1.61
713,"1,2,4-Triazole",Triazole,Co,Co(OAc)2·4H2O,H2O,Nessuno,80,4.0,0.05,0.1,0.5,Room Temperature,2,,temperature_numeric_standardized;time_numeric_standardized,,0,INCLUDED,,missing_optional_numeric:Volume solvente,MOF_GROUPED_LIGAND_SPLIT_v6.0_seed260730,DEVELOPMENT,Legante,260730,"1,2,4-triazole triazole",4.0,acetate,2.0,27.0,58.933,9.0,4.0,d,1.88
714,"3,3'-dimethyl-4,4'-bipyrazole",Bipyrazole,Zn,Zn(NO3)2·6H2O,MeOH,Nessuno,180,24.0,0.5,0.25,2.0,Solvothermal,2,,numeric_decimal_standardized;temperature_numeric_standardized;time_numeric_standardized,,0,INCLUDED,,missing_optional_numeric:Volume solvente,MOF_GROUPED_LIGAND_SPLIT_v6.0_seed260730,DEVELOPMENT,Legante,260730,"3,3'-dimethyl-4,4'-bipyrazole bipyrazole",6.0,nitrate,2.0,30.0,65.38,12.0,4.0,d,1.65
716,"3,5-diamino-4,4'-bipyrazole",Bipyrazole,Cu,Cu(NO3)2·3H2O,DMF,Nessuno,80,36.0,1.0,5.0,0.2,Room Temperature,2,,numeric_decimal_standardized;temperature_numeric_standardized;time_numeric_standardized,,0,INCLUDED,,missing_optional_numeric:Volume solvente,MOF_GROUPED_LIGAND_SPLIT_v6.0_seed260730,DEVELOPMENT,Legante,260730,"3,5-diamino-4,4'-bipyrazole bipyrazole",3.0,nitrate,2.0,29.0,63.546,11.0,4.0,d,1.9
717,"3,3'-dinitro-4,4'-bipyrazole",Bipyrazole,Al,AlCl3·6H2O,MeOH,Nessuno,180,72.0,0.5,1.515,0.33,Hydrothermal,2,,temperature_numeric_standardized;time_numeric_standardized,,0,INCLUDED,,missing_optional_numeric:Volume solvente,MOF_GROUPED_LIGAND_SPLIT_v6.0_seed260730,DEVELOPMENT,Legante,260730,"3,3'-dinitro-4,4'-bipyrazole bipyrazole",6.0,chloride,3.0,13.0,26.982,13.0,3.0,p,1.61
718,2-Methylimidazole,Imidazolati,Co,Co(NO3)2·6H2O,DMF,Nessuno,100,36.0,1.0,0.833,1.2,Microwave,2,,numeric_decimal_standardized;temperature_numeric_standardized;time_numeric_standardized,,0,INCLUDED,,missing_optional_numeric:Volume solvente,MOF_GROUPED_LIGAND_SPLIT_v6.0_seed260730,DEVELOPMENT,Legante,260730,2-methylimidazole imidazolati,6.0,nitrate,2.0,27.0,58.933,9.0,4.0,d,1.88
719,Fumaric acid,Carbossilati aromatici,Co,Co(NO3)2·6H2O,DMF/MeOH,Nessuno,150,18.0,0.5,0.417,1.2,Room Temperature,2,,temperature_numeric_standardized;time_numeric_standardized,,0,INCLUDED,,missing_optional_numeric:Volume solvente,MOF_GROUPED_LIGAND_SPLIT_v6.0_seed260730,DEVELOPMENT,Legante,260730,fumaric acid carbossilati aromatici,6.0,nitrate,2.0,27.0,58.933,9.0,4.0,d,1.88
721,"1,2,4-Triazole",Triazole,Fe,FeCl3·6H2O,MeOH,Nessuno,180,72.0,0.05,0.25,0.2,Solvothermal,2,,temperature_numeric_standardized;time_numeric_standardized,,0,INCLUDED,,missing_optional_numeric:Volume solvente,MOF_GROUPED_LIGAND_SPLIT_v6.0_seed260730,DEVELOPMENT,Legante,260730,"1,2,4-triazole triazole",6.0,chloride,3.0,26.0,55.845,8.0,4.0,d,1.83
722,"3,3'-dimethyl-4,4'-bipyrazole",Bipyrazole,Al,Al(NO3)3·9H2O,DMF/H2O/EtOH,Nessuno,80,72.0,2.0,10.0,0.2,Room Temperature,2,,numeric_decimal_standardized;solvent_canonicalized;temperature_numeric_standardized;time_numeric_standardized,,0,INCLUDED,,missing_optional_numeric:Volume solvente,MOF_GROUPED_LIGAND_SPLIT_v6.0_seed260730,DEVELOPMENT,Legante,260730,"3,3'-dimethyl-4,4'-bipyrazole bipyrazole",9.0,nitrate,3.0,13.0,26.982,13.0,3.0,p,1.61
723,"2,6-Naphthalenedicarboxylic acid",Carbossilati aromatici,Zr,ZrCl4,DMF/H2O,Nessuno,160,72.0,0.05,0.042,1.2,Room Temperature,2,,temperature_numeric_standardized;time_numeric_standardized,,0,INCLUDED,,missing_optional_numeric:Volume solvente,MOF_GROUPED_LIGAND_SPLIT_v6.0_seed260730,DEVELOPMENT,Legante,260730,"2,6-naphthalenedicarboxylic acid carbossilati aromatici",0.0,chloride,4.0,40.0,91.224,4.0,5.0,d,1.33
724,"2,5-Dihydroxyterephthalic acid (H4DOBDC)",Carbossilati aromatici,Mn,Mn(OAc)2·4H2O,DMF,Nessuno,100,24.0,0.05,0.1,0.5,Hydrothermal,2,,temperature_numeric_standardized;time_numeric_standardized,,0,INCLUDED,,missing_optional_numeric:Volume solvente,MOF_GROUPED_LIGAND_SPLIT_v6.0_seed260730,DEVELOPMENT,Legante,260730,"2,5-dihydroxyterephthalic acid (h4dobdc) carbossilati aromatici",4.0,acetate,2.0,25.0,54.938,7.0,4.0,d,1.55
725,"2,6-Naphthalenedicarboxylic acid",Carbossilati aromatici,Mn,Mn(OAc)2·4H2O,H2O,Nessuno,25,18.0,0.1,0.303,0.33,Solvothermal,2,,temperature_numeric_standardized;time_numeric_standardized,,0,INCLUDED,,missing_optional_numeric:Volume solvente,MOF_GROUPED_LIGAND_SPLIT_v6.0_seed260730,DEVELOPMENT,Legante,260730,"2,6-naphthalenedicarboxylic acid carbossilati aromatici",4.0,acetate,2.0,25.0,54.938,7.0,4.0,d,1.55
726,"1,2,4-Triazole",Triazole,Zn,Zn(NO3)2·6H2O,DMF,Nessuno,25,18.0,0.5,0.5,1.0,Hydrothermal,2,,numeric_decimal_standardized;temperature_numeric_standardized;time_numeric_standardized,,0,INCLUDED,,missing_optional_numeric:Volume solvente,MOF_GROUPED_LIGAND_SPLIT_v6.0_seed260730,DEVELOPMENT,Legante,260730,"1,2,4-triazole triazole",6.0,nitrate,2.0,30.0,65.38,12.0,4.0,d,1.65
727,"3,3'-dinitro-4,4'-bipyrazole",Bipyrazole,Zn,Zn(OAc)2·2H2O,MeOH,Nessuno,100,72.0,0.2,0.1,2.0,Room Temperature,2,,numeric_decimal_standardized;temperature_numeric_standardized;time_numeric_standardized,,0,INCLUDED,,missing_optional_numeric:Volume solvente,MOF_GROUPED_LIGAND_SPLIT_v6.0_seed260730,DEVELOPMENT,Legante,260730,"3,3'-dinitro-4,4'-bipyrazole bipyrazole",2.0,acetate,2.0,30.0,65.38,12.0,4.0,d,1.65
728,"1,4-Benzenedicarboxylic acid (H2BDC)",Carbossilati aromatici,Zn,Zn(OAc)2·2H2O,H2O,Nessuno,120,24.0,2.0,1.667,1.2,Hydrothermal,2,,numeric_decimal_standardized;temperature_numeric_standardized;time_numeric_standardized,,0,INCLUDED,,missing_optional_numeric:Volume solvente,MOF_GROUPED_LIGAND_SPLIT_v6.0_seed260730,DEVELOPMENT,Legante,260730,"1,4-benzenedicarboxylic acid (h2bdc) carbossilati aromatici",2.0,acetate,2.0,30.0,65.38,12.0,4.0,d,1.65
729,"3,3'-dimethyl-4,4'-bipyrazole",Bipyrazole,Mg,Mg(NO3)2·6H2O,DMF,Nessuno,180,24.0,1.0,0.833,1.2,Room Temperature,2,,numeric_decimal_standardized;temperature_numeric_standardized;time_numeric_standardized,,0,INCLUDED,,missing_optional_numeric:Volume solvente,MOF_GROUPED_LIGAND_SPLIT_v6.0_seed260730,DEVELOPMENT,Legante,260730,"3,3'-dimethyl-4,4'-bipyrazole bipyrazole",6.0,nitrate,2.0,12.0,24.305,2.0,3.0,s,1.31
731,"3-amino-4,4'-bipyrazole",Bipyrazole,Zr,ZrCl4,H2O,Nessuno,150,12.0,0.5,1.0,0.5,Solvothermal,2,,numeric_decimal_standardized;temperature_numeric_standardized;time_numeric_standardized,,0,INCLUDED,,missing_optional_numeric:Volume solvente,MOF_GROUPED_LIGAND_SPLIT_v6.0_seed260730,DEVELOPMENT,Legante,260730,"3-amino-4,4'-bipyrazole bipyrazole",0.0,chloride,4.0,40.0,91.224,4.0,5.0,d,1.33
732,"3-amino-4,4'-bipyrazole",Bipyrazole,Ni,Ni(OAc)2·4H2O,DMF/H2O,Nessuno,150,24.0,0.05,0.025,2.0,Hydrothermal,2,,numeric_decimal_standardized;temperature_numeric_standardized;time_numeric_standardized,,0,INCLUDED,,missing_optional_numeric:Volume solvente,MOF_GROUPED_LIGAND_SPLIT_v6.0_seed260730,DEVELOPMENT,Legante,260730,"3-amino-4,4'-bipyrazole bipyrazole",4.0,acetate,2.0,28.0,58.693,10.0,4.0,d,1.91
733,"2,5-Dihydroxyterephthalic acid (H4DOBDC)",Carbossilati aromatici,Mn,Mn(OAc)2·4H2O,DEF,Nessuno,25,48.0,1.0,1.0,1.0,Microwave,2,,numeric_decimal_standardized;temperature_numeric_standardized;time_numeric_standardized,,0,INCLUDED,,missing_optional_numeric:Volume solvente,MOF_GROUPED_LIGAND_SPLIT_v6.0_seed260730,DEVELOPMENT,Legante,260730,"2,5-dihydroxyterephthalic acid (h4dobdc) carbossilati aromatici",4.0,acetate,2.0,25.0,54.938,7.0,4.0,d,1.55
734,"3,3'-dimethyl-4,4'-bipyrazole",Bipyrazole,Ni,Ni(NO3)2·6H2O,DMF/H2O/EtOH,Nessuno,80,18.0,2.0,2.5,0.8,Room Temperature,2,,numeric_decimal_standardized;solvent_canonicalized;temperature_numeric_standardized;time_numeric_standardized,,0,INCLUDED,,missing_optional_numeric:Volume solvente,MOF_GROUPED_LIGAND_SPLIT_v6.0_seed260730,DEVELOPMENT,Legante,260730,"3,3'-dimethyl-4,4'-bipyrazole bipyrazole",6.0,nitrate,2.0,28.0,58.693,10.0,4.0,d,1.91
735,"3,5-diamino-4,4'-bipyrazole",Bipyrazole,Zr,ZrCl4,H2O,Nessuno,100,18.0,0.5,0.25,2.0,Solvothermal,2,,numeric_decimal_standardized;temperature_numeric_standardized;time_numeric_standardized,,0,INCLUDED,,missing_optional_numeric:Volume solvente,MOF_GROUPED_LIGAND_SPLIT_v6.0_seed260730,DEVELOPMENT,Legante,260730,"3,5-diamino-4,4'-bipyrazole bipyrazole",0.0,chloride,4.0,40.0,91.224,4.0,5.0,d,1.33
736,"4,4'-Biphenyldicarboxylic acid (BPDC)",Carbossilati aromatici,Co,Co(OAc)2·4H2O,DMF/MeOH,Nessuno,80,48.0,0.05,0.1,0.5,Solvothermal,2,,temperature_numeric_standardized;time_numeric_standardized,,0,INCLUDED,,missing_optional_numeric:Volume solvente,MOF_GROUPED_LIGAND_SPLIT_v6.0_seed260730,DEVELOPMENT,Legante,260730,"4,4'-biphenyldicarboxylic acid (bpdc) carbossilati aromatici",4.0,acetate,2.0,27.0,58.933,9.0,4.0,d,1.88
737,2-Methylimidazole,Imidazolati,Al,AlCl3·6H2O,DEF,Nessuno,60,48.0,1.0,0.5,2.0,Room Temperature,2,,numeric_decimal_standardized;temperature_numeric_standardized;time_numeric_standardized,,0,INCLUDED,,missing_optional_numeric:Volume solvente,MOF_GROUPED_LIGAND_SPLIT_v6.0_seed260730,DEVELOPMENT,Legante,260730,2-methylimidazole imidazolati,6.0,chloride,3.0,13.0,26.982,13.0,3.0,p,1.61
738,"3-amino-4,4'-bipyrazole",Bipyrazole,Cu,Cu(OAc)2·H2O,DMF,Nessuno,100,4.0,0.5,0.25,2.0,Sonochemical,2,,numeric_decimal_standardized;temperature_numeric_standardized;time_numeric_standardized,,0,INCLUDED,,missing_optional_numeric:Volume solvente,MOF_GROUPED_LIGAND_SPLIT_v6.0_seed260730,DEVELOPMENT,Legante,260730,"3-amino-4,4'-bipyrazole bipyrazole",1.0,acetate,2.0,29.0,63.546,11.0,4.0,d,1.9
739,"3,5-diamino-4,4'-bipyrazole",Bipyrazole,Co,Co(OAc)2·4H2O,MeOH,Nessuno,80,4.0,0.5,0.25,2.0,Solvothermal,2,,numeric_decimal_standardized;temperature_numeric_standardized;time_numeric_standardized,,0,INCLUDED,,missing_optional_numeric:Volume solvente,MOF_GROUPED_LIGAND_SPLIT_v6.0_seed260730,DEVELOPMENT,Legante,260730,"3,5-diamino-4,4'-bipyrazole bipyrazole",4.0,acetate,2.0,27.0,58.933,9.0,4.0,d,1.88
740,"3,3'-dimethyl-4,4'-bipyrazole",Bipyrazole,Al,AlCl3·6H2O,DMA,Nessuno,140,36.0,0.2,0.167,1.2,Room Temperature,2,,temperature_numeric_standardized;time_numeric_standardized,,0,INCLUDED,,missing_optional_numeric:Volume solvente,MOF_GROUPED_LIGAND_SPLIT_v6.0_seed260730,DEVELOPMENT,Legante,260730,"3,3'-dimethyl-4,4'-bipyrazole bipyrazole",6.0,chloride,3.0,13.0,26.982,13.0,3.0,p,1.61
741,"3,3'-dimethyl-4,4'-bipyrazole",Bipyrazole,Zr,ZrOCl2·8H2O,H2O/EtOH,Nessuno,25,24.0,0.5,0.5,1.0,Solvothermal,2,,numeric_decimal_standardized;solvent_canonicalized;temperature_numeric_standardized;time_numeric_standardized,,0,INCLUDED,,missing_optional_numeric:Volume solvente,MOF_GROUPED_LIGAND_SPLIT_v6.0_seed260730,DEVELOPMENT,Legante,260730,"3,3'-dimethyl-4,4'-bipyrazole bipyrazole",8.0,chloride,2.0,40.0,91.224,4.0,5.0,d,1.33
742,2-Methylimidazole,Imidazolati,Mg,Mg(NO3)2·6H2O,DMF/H2O,Nessuno,100,18.0,0.05,0.025,2.0,Solvothermal,2,,numeric_decimal_standardized;temperature_numeric_standardized;time_numeric_standardized,,0,INCLUDED,,missing_optional_numeric:Volume solvente,MOF_GROUPED_LIGAND_SPLIT_v6.0_seed260730,DEVELOPMENT,Legante,260730,2-methylimidazole imidazolati,6.0,nitrate,2.0,12.0,24.305,2.0,3.0,s,1.31
743,"1,2,4-Triazole",Triazole,Al,AlCl3·6H2O,H2O/EtOH,Nessuno,140,18.0,1.0,5.0,0.2,Microwave,2,,numeric_decimal_standardized;solvent_canonicalized;temperature_numeric_standardized;time_numeric_standardized,,0,INCLUDED,,missing_optional_numeric:Volume solvente,MOF_GROUPED_LIGAND_SPLIT_v6.0_seed260730,DEVELOPMENT,Legante,260730,"1,2,4-triazole triazole",6.0,chloride,3.0,13.0,26.982,13.0,3.0,p,1.61
744,"3,5-diamino-4,4'-bipyrazole",Bipyrazole,Mn,Mn(OAc)2·4H2O,H2O/EtOH,Nessuno,80,24.0,1.0,1.25,0.8,Solvothermal,2,,numeric_decimal_standardized;solvent_canonicalized;temperature_numeric_standardized;time_numeric_standardized,,0,INCLUDED,,missing_optional_numeric:Volume solvente,MOF_GROUPED_LIGAND_SPLIT_v6.0_seed260730,DEVELOPMENT,Legante,260730,"3,5-diamino-4,4'-bipyrazole bipyrazole",4.0,acetate,2.0,25.0,54.938,7.0,4.0,d,1.55
745,"2,6-Naphthalenedicarboxylic acid",Carbossilati aromatici,Zr,ZrCl4,DMF/H2O,Nessuno,60,4.0,2.0,1.333,1.5,Hydrothermal,2,,numeric_decimal_standardized;temperature_numeric_standardized;time_numeric_standardized,,0,INCLUDED,,missing_optional_numeric:Volume solvente,MOF_GROUPED_LIGAND_SPLIT_v6.0_seed260730,DEVELOPMENT,Legante,260730,"2,6-naphthalenedicarboxylic acid carbossilati aromatici",0.0,chloride,4.0,40.0,91.224,4.0,5.0,d,1.33
746,"3,3'-dinitro-4,4'-bipyrazole",Bipyrazole,Cu,Cu(NO3)2·3H2O,H2O,Nessuno,160,12.0,0.2,0.133,1.5,Hydrothermal,2,,temperature_numeric_standardized;time_numeric_standardized,,0,INCLUDED,,missing_optional_numeric:Volume solvente,MOF_GROUPED_LIGAND_SPLIT_v6.0_seed260730,DEVELOPMENT,Legante,260730,"3,3'-dinitro-4,4'-bipyrazole bipyrazole",3.0,nitrate,2.0,29.0,63.546,11.0,4.0,d,1.9
747,"3,3'-dinitro-4,4'-bipyrazole",Bipyrazole,Zr,ZrOCl2·8H2O,DMF,Nessuno,160,4.0,2.0,4.0,0.5,Solvothermal,2,,numeric_decimal_standardized;temperature_numeric_standardized;time_numeric_standardized,,0,INCLUDED,,missing_optional_numeric:Volume solvente,MOF_GROUPED_LIGAND_SPLIT_v6.0_seed260730,DEVELOPMENT,Legante,260730,"3,3'-dinitro-4,4'-bipyrazole bipyrazole",8.0,chloride,2.0,40.0,91.224,4.0,5.0,d,1.33
748,Fumaric acid,Carbossilati aromatici,Ni,Ni(OAc)2·4H2O,MeOH,Nessuno,80,12.0,1.0,0.5,2.0,Solvothermal,2,,numeric_decimal_standardized;temperature_numeric_standardized;time_numeric_standardized,,0,INCLUDED,,missing_optional_numeric:Volume solvente,MOF_GROUPED_LIGAND_SPLIT_v6.0_seed260730,DEVELOPMENT,Legante,260730,fumaric acid carbossilati aromatici,4.0,acetate,2.0,28.0,58.693,10.0,4.0,d,1.91
749,"1,2,4-Triazole",Triazole,Co,Co(NO3)2·6H2O,DMF/H2O/EtOH,Nessuno,100,36.0,2.0,10.0,0.2,Microwave,2,,numeric_decimal_standardized;solvent_canonicalized;temperature_numeric_standardized;time_numeric_standardized,,0,INCLUDED,,missing_optional_numeric:Volume solvente,MOF_GROUPED_LIGAND_SPLIT_v6.0_seed260730,DEVELOPMENT,Legante,260730,"1,2,4-triazole triazole",6.0,nitrate,2.0,27.0,58.933,9.0,4.0,d,1.88
750,Benzimidazole,Imidazolati,Fe,Fe(NO3)3·9H2O,DMF/H2O,Nessuno,150,72.0,0.1,0.303,0.33,Microwave,2,,temperature_numeric_standardized;time_numeric_standardized,,0,INCLUDED,,missing_optional_numeric:Volume solvente,MOF_GROUPED_LIGAND_SPLIT_v6.0_seed260730,DEVELOPMENT,Legante,260730,benzimidazole imidazolati,9.0,nitrate,3.0,26.0,55.845,8.0,4.0,d,1.83
751,Fumaric acid,Carbossilati aromatici,Mn,Mn(OAc)2·4H2O,DMF/MeOH,Nessuno,140,72.0,1.0,1.25,0.8,Room Temperature,2,,numeric_decimal_standardized;temperature_numeric_standardized;time_numeric_standardized,,0,INCLUDED,,missing_optional_numeric:Volume solvente,MOF_GROUPED_LIGAND_SPLIT_v6.0_seed260730,DEVELOPMENT,Legante,260730,fumaric acid carbossilati aromatici,4.0,acetate,2.0,25.0,54.938,7.0,4.0,d,1.55
752,"1,4-Benzenedicarboxylic acid (H2BDC)",Carbossilati aromatici,Co,Co(OAc)2·4H2O,H2O/EtOH,Nessuno,120,72.0,1.0,0.833,1.2,Microwave,2,,numeric_decimal_standardized;solvent_canonicalized;temperature_numeric_standardized;time_numeric_standardized,,0,INCLUDED,,missing_optional_numeric:Volume solvente,MOF_GROUPED_LIGAND_SPLIT_v6.0_seed260730,DEVELOPMENT,Legante,260730,"1,4-benzenedicarboxylic acid (h2bdc) carbossilati aromatici",4.0,acetate,2.0,27.0,58.933,9.0,4.0,d,1.88
753,"2,5-Dihydroxyterephthalic acid (H4DOBDC)",Carbossilati aromatici,Cd,Cd(NO3)2·4H2O,DMF/H2O,Nessuno,150,24.0,0.5,1.515,0.33,Sonochemical,2,,temperature_numeric_standardized;time_numeric_standardized,,0,INCLUDED,,missing_optional_numeric:Volume solvente,MOF_GROUPED_LIGAND_SPLIT_v6.0_seed260730,DEVELOPMENT,Legante,260730,"2,5-dihydroxyterephthalic acid (h4dobdc) carbossilati aromatici",4.0,nitrate,2.0,48.0,112.414,12.0,5.0,d,1.69
754,"3,3'-dinitro-4,4'-bipyrazole",Bipyrazole,Mn,Mn(OAc)2·4H2O,H2O,Nessuno,80,24.0,0.1,0.067,1.5,Hydrothermal,2,,temperature_numeric_standardized;time_numeric_standardized,,0,INCLUDED,,missing_optional_numeric:Volume solvente,MOF_GROUPED_LIGAND_SPLIT_v6.0_seed260730,DEVELOPMENT,Legante,260730,"3,3'-dinitro-4,4'-bipyrazole bipyrazole",4.0,acetate,2.0,25.0,54.938,7.0,4.0,d,1.55
755,"2,6-Naphthalenedicarboxylic acid",Carbossilati aromatici,Ni,Ni(NO3)2·6H2O,H2O/EtOH,Nessuno,25,12.0,0.1,0.5,0.2,Hydrothermal,2,,solvent_canonicalized;temperature_numeric_standardized;time_numeric_standardized,,0,INCLUDED,,missing_optional_numeric:Volume solvente,MOF_GROUPED_LIGAND_SPLIT_v6.0_seed260730,DEVELOPMENT,Legante,260730,"2,6-naphthalenedicarboxylic acid carbossilati aromatici",6.0,nitrate,2.0,28.0,58.693,10.0,4.0,d,1.91
756,Benzimidazole,Imidazolati,Mg,Mg(NO3)2·6H2O,DMF/H2O/EtOH,Nessuno,160,36.0,1.0,5.0,0.2,Sonochemical,2,,numeric_decimal_standardized;solvent_canonicalized;temperature_numeric_standardized;time_numeric_standardized,,0,INCLUDED,,missing_optional_numeric:Volume solvente,MOF_GROUPED_LIGAND_SPLIT_v6.0_seed260730,DEVELOPMENT,Legante,260730,benzimidazole imidazolati,6.0,nitrate,2.0,12.0,24.305,2.0,3.0,s,1.31
757,Fumaric acid,Carbossilati aromatici,Zn,Zn(NO3)2·6H2O,DMA,Nessuno,150,18.0,0.2,0.606,0.33,Microwave,2,,temperature_numeric_standardized;time_numeric_standardized,,0,INCLUDED,,missing_optional_numeric:Volume solvente,MOF_GROUPED_LIGAND_SPLIT_v6.0_seed260730,DEVELOPMENT,Legante,260730,fumaric acid carbossilati aromatici,6.0,nitrate,2.0,30.0,65.38,12.0,4.0,d,1.65
758,"2,6-Naphthalenedicarboxylic acid",Carbossilati aromatici,Al,AlCl3·6H2O,H2O/EtOH,Nessuno,25,48.0,0.5,0.5,1.0,Microwave,2,,numeric_decimal_standardized;solvent_canonicalized;temperature_numeric_standardized;time_numeric_standardized,,0,INCLUDED,,missing_optional_numeric:Volume solvente,MOF_GROUPED_LIGAND_SPLIT_v6.0_seed260730,DEVELOPMENT,Legante,260730,"2,6-naphthalenedicarboxylic acid carbossilati aromatici",6.0,chloride,3.0,13.0,26.982,13.0,3.0,p,1.61
759,"3,3'-dinitro-4,4'-bipyrazole",Bipyrazole,Mg,Mg(NO3)2·6H2O,H2O/EtOH,Nessuno,150,24.0,2.0,1.667,1.2,Solvothermal,2,,numeric_decimal_standardized;solvent_canonicalized;temperature_numeric_standardized;time_numeric_standardized,,0,INCLUDED,,missing_optional_numeric:Volume solvente,MOF_GROUPED_LIGAND_SPLIT_v6.0_seed260730,DEVELOPMENT,Legante,260730,"3,3'-dinitro-4,4'-bipyrazole bipyrazole",6.0,nitrate,2.0,12.0,24.305,2.0,3.0,s,1.31
760,"2,6-Naphthalenedicarboxylic acid",Carbossilati aromatici,Ni,Ni(OAc)2·4H2O,DMA,Nessuno,120,24.0,0.1,0.125,0.8,Hydrothermal,2,,temperature_numeric_standardized;time_numeric_standardized,,0,INCLUDED,,missing_optional_numeric:Volume solvente,MOF_GROUPED_LIGAND_SPLIT_v6.0_seed260730,DEVELOPMENT,Legante,260730,"2,6-naphthalenedicarboxylic acid carbossilati aromatici",4.0,acetate,2.0,28.0,58.693,10.0,4.0,d,1.91
761,"3,3'-dinitro-4,4'-bipyrazole",Bipyrazole,Zr,ZrCl4,H2O,Nessuno,120,36.0,0.1,0.05,2.0,Microwave,2,,numeric_decimal_standardized;temperature_numeric_standardized;time_numeric_standardized,,0,INCLUDED,,missing_optional_numeric:Volume solvente,MOF_GROUPED_LIGAND_SPLIT_v6.0_seed260730,DEVELOPMENT,Legante,260730,"3,3'-dinitro-4,4'-bipyrazole bipyrazole",0.0,chloride,4.0,40.0,91.224,4.0,5.0,d,1.33
762,"1,4-Benzenedicarboxylic acid (H2BDC)",Carbossilati aromatici,Fe,Fe(NO3)3·9H2O,DEF,Nessuno,80,24.0,1.0,5.0,0.2,Solvothermal,2,,numeric_decimal_standardized;temperature_numeric_standardized;time_numeric_standardized,,0,INCLUDED,,missing_optional_numeric:Volume solvente,MOF_GROUPED_LIGAND_SPLIT_v6.0_seed260730,DEVELOPMENT,Legante,260730,"1,4-benzenedicarboxylic acid (h2bdc) carbossilati aromatici",9.0,nitrate,3.0,26.0,55.845,8.0,4.0,d,1.83
764,"3,3'-dimethyl-4,4'-bipyrazole",Bipyrazole,Fe,Fe(NO3)3·9H2O,DEF,Nessuno,80,12.0,0.05,0.033,1.5,Room Temperature,2,,temperature_numeric_standardized;time_numeric_standardized,,0,INCLUDED,,missing_optional_numeric:Volume solvente,MOF_GROUPED_LIGAND_SPLIT_v6.0_seed260730,DEVELOPMENT,Legante,260730,"3,3'-dimethyl-4,4'-bipyrazole bipyrazole",9.0,nitrate,3.0,26.0,55.845,8.0,4.0,d,1.83
765,"3,3'-dinitro-4,4'-bipyrazole",Bipyrazole,Co,Co(OAc)2·4H2O,DEF,Nessuno,80,4.0,1.0,3.03,0.33,Microwave,2,,numeric_decimal_standardized;temperature_numeric_standardized;time_numeric_standardized,,0,INCLUDED,,missing_optional_numeric:Volume solvente,MOF_GROUPED_LIGAND_SPLIT_v6.0_seed260730,DEVELOPMENT,Legante,260730,"3,3'-dinitro-4,4'-bipyrazole bipyrazole",4.0,acetate,2.0,27.0,58.933,9.0,4.0,d,1.88
767,"2,5-Dihydroxyterephthalic acid (H4DOBDC)",Carbossilati aromatici,Ni,Ni(OAc)2·4H2O,H2O/EtOH,Nessuno,180,18.0,0.5,1.0,0.5,Solvothermal,2,,numeric_decimal_standardized;solvent_canonicalized;temperature_numeric_standardized;time_numeric_standardized,,0,INCLUDED,,missing_optional_numeric:Volume solvente,MOF_GROUPED_LIGAND_SPLIT_v6.0_seed260730,DEVELOPMENT,Legante,260730,"2,5-dihydroxyterephthalic acid (h4dobdc) carbossilati aromatici",4.0,acetate,2.0,28.0,58.693,10.0,4.0,d,1.91
769,Fumaric acid,Carbossilati aromatici,Al,Al(NO3)3·9H2O,MeOH,Nessuno,180,18.0,0.05,0.042,1.2,Solvothermal,2,,temperature_numeric_standardized;time_numeric_standardized,,0,INCLUDED,,missing_optional_numeric:Volume solvente,MOF_GROUPED_LIGAND_SPLIT_v6.0_seed260730,DEVELOPMENT,Legante,260730,fumaric acid carbossilati aromatici,9.0,nitrate,3.0,13.0,26.982,13.0,3.0,p,1.61
770,"1,4-Benzenedicarboxylic acid (H2BDC)",Carbossilati aromatici,Mg,Mg(NO3)2·6H2O,DMF/H2O/EtOH,Nessuno,140,36.0,0.05,0.1,0.5,Room Temperature,2,,solvent_canonicalized;temperature_numeric_standardized;time_numeric_standardized,,0,INCLUDED,,missing_optional_numeric:Volume solvente,MOF_GROUPED_LIGAND_SPLIT_v6.0_seed260730,DEVELOPMENT,Legante,260730,"1,4-benzenedicarboxylic acid (h2bdc) carbossilati aromatici",6.0,nitrate,2.0,12.0,24.305,2.0,3.0,s,1.31
771,"2,5-Dihydroxyterephthalic acid (H4DOBDC)",Carbossilati aromatici,Fe,Fe(NO3)3·9H2O,DMF/H2O/EtOH,Nessuno,80,24.0,0.5,0.333,1.5,Solvothermal,2,,solvent_canonicalized;temperature_numeric_standardized;time_numeric_standardized,,0,INCLUDED,,missing_optional_numeric:Volume solvente,MOF_GROUPED_LIGAND_SPLIT_v6.0_seed260730,DEVELOPMENT,Legante,260730,"2,5-dihydroxyterephthalic acid (h4dobdc) carbossilati aromatici",9.0,nitrate,3.0,26.0,55.845,8.0,4.0,d,1.83
772,Benzimidazole,Imidazolati,Cd,Cd(NO3)2·4H2O,H2O/EtOH,Nessuno,120,18.0,0.5,2.5,0.2,Microwave,2,,solvent_canonicalized;temperature_numeric_standardized;time_numeric_standardized,,0,INCLUDED,,missing_optional_numeric:Volume solvente,MOF_GROUPED_LIGAND_SPLIT_v6.0_seed260730,DEVELOPMENT,Legante,260730,benzimidazole imidazolati,4.0,nitrate,2.0,48.0,112.414,12.0,5.0,d,1.69
773,"3,3'-dimethyl-4,4'-bipyrazole",Bipyrazole,Cu,Cu(OAc)2·H2O,H2O/EtOH,Nessuno,150,4.0,0.1,0.1,1.0,Sonochemical,2,,numeric_decimal_standardized;solvent_canonicalized;temperature_numeric_standardized;time_numeric_standardized,,0,INCLUDED,,missing_optional_numeric:Volume solvente,MOF_GROUPED_LIGAND_SPLIT_v6.0_seed260730,DEVELOPMENT,Legante,260730,"3,3'-dimethyl-4,4'-bipyrazole bipyrazole",1.0,acetate,2.0,29.0,63.546,11.0,4.0,d,1.9
774,"3,3'-dinitro-4,4'-bipyrazole",Bipyrazole,Co,Co(NO3)2·6H2O,H2O/EtOH,Nessuno,80,72.0,0.2,0.4,0.5,Sonochemical,2,,solvent_canonicalized;temperature_numeric_standardized;time_numeric_standardized,,0,INCLUDED,,missing_optional_numeric:Volume solvente,MOF_GROUPED_LIGAND_SPLIT_v6.0_seed260730,DEVELOPMENT,Legante,260730,"3,3'-dinitro-4,4'-bipyrazole bipyrazole",6.0,nitrate,2.0,27.0,58.933,9.0,4.0,d,1.88
776,"3-amino-4,4'-bipyrazole",Bipyrazole,Zr,ZrOCl2·8H2O,H2O/EtOH,Nessuno,120,48.0,1.0,0.5,2.0,Room Temperature,2,,numeric_decimal_standardized;solvent_canonicalized;temperature_numeric_standardized;time_numeric_standardized,,0,INCLUDED,,missing_optional_numeric:Volume solvente,MOF_GROUPED_LIGAND_SPLIT_v6.0_seed260730,DEVELOPMENT,Legante,260730,"3-amino-4,4'-bipyrazole bipyrazole",8.0,chloride,2.0,40.0,91.224,4.0,5.0,d,1.33
777,"1,4-Benzenedicarboxylic acid (H2BDC)",Carbossilati aromatici,Mn,Mn(OAc)2·4H2O,MeOH,Nessuno,180,36.0,2.0,2.5,0.8,Microwave,2,,numeric_decimal_standardized;temperature_numeric_standardized;time_numeric_standardized,,0,INCLUDED,,missing_optional_numeric:Volume solvente,MOF_GROUPED_LIGAND_SPLIT_v6.0_seed260730,DEVELOPMENT,Legante,260730,"1,4-benzenedicarboxylic acid (h2bdc) carbossilati aromatici",4.0,acetate,2.0,25.0,54.938,7.0,4.0,d,1.55
778,"1,2,4-Triazole",Triazole,Fe,Fe(NO3)3·9H2O,DMA,Nessuno,150,18.0,0.2,0.606,0.33,Hydrothermal,2,,temperature_numeric_standardized;time_numeric_standardized,,0,INCLUDED,,missing_optional_numeric:Volume solvente,MOF_GROUPED_LIGAND_SPLIT_v6.0_seed260730,DEVELOPMENT,Legante,260730,"1,2,4-triazole triazole",9.0,nitrate,3.0,26.0,55.845,8.0,4.0,d,1.83
779,Fumaric acid,Carbossilati aromatici,Cu,Cu(NO3)2·3H2O,DEF,Nessuno,100,24.0,0.05,0.033,1.5,Sonochemical,2,,temperature_numeric_standardized;time_numeric_standardized,,0,INCLUDED,,missing_optional_numeric:Volume solvente,MOF_GROUPED_LIGAND_SPLIT_v6.0_seed260730,DEVELOPMENT,Legante,260730,fumaric acid carbossilati aromatici,3.0,nitrate,2.0,29.0,63.546,11.0,4.0,d,1.9
780,Fumaric acid,Carbossilati aromatici,Zr,ZrCl4,DMF/H2O,Nessuno,180,72.0,0.05,0.25,0.2,Microwave,2,,temperature_numeric_standardized;time_numeric_standardized,,0,INCLUDED,,missing_optional_numeric:Volume solvente,MOF_GROUPED_LIGAND_SPLIT_v6.0_seed260730,DEVELOPMENT,Legante,260730,fumaric acid carbossilati aromatici,0.0,chloride,4.0,40.0,91.224,4.0,5.0,d,1.33
781,"3,5-diamino-4,4'-bipyrazole",Bipyrazole,Zr,ZrCl4,DMA,Nessuno,120,48.0,1.0,1.25,0.8,Hydrothermal,2,,numeric_decimal_standardized;temperature_numeric_standardized;time_numeric_standardized,,0,INCLUDED,,missing_optional_numeric:Volume solvente,MOF_GROUPED_LIGAND_SPLIT_v6.0_seed260730,DEVELOPMENT,Legante,260730,"3,5-diamino-4,4'-bipyrazole bipyrazole",0.0,chloride,4.0,40.0,91.224,4.0,5.0,d,1.33
782,2-Methylimidazole,Imidazolati,Cd,Cd(NO3)2·4H2O,H2O/EtOH,Nessuno,140,36.0,1.0,1.25,0.8,Room Temperature,2,,numeric_decimal_standardized;solvent_canonicalized;temperature_numeric_standardized;time_numeric_standardized,,0,INCLUDED,,missing_optional_numeric:Volume solvente,MOF_GROUPED_LIGAND_SPLIT_v6.0_seed260730,DEVELOPMENT,Legante,260730,2-methylimidazole imidazolati,4.0,nitrate,2.0,48.0,112.414,12.0,5.0,d,1.69
783,"2,5-Dihydroxyterephthalic acid (H4DOBDC)",Carbossilati aromatici,Cu,Cu(NO3)2·3H2O,DMF/H2O,Nessuno,100,4.0,0.05,0.033,1.5,Hydrothermal,2,,temperature_numeric_standardized;time_numeric_standardized,,0,INCLUDED,,missing_optional_numeric:Volume solvente,MOF_GROUPED_LIGAND_SPLIT_v6.0_seed260730,DEVELOPMENT,Legante,260730,"2,5-dihydroxyterephthalic acid (h4dobdc) carbossilati aromatici",3.0,nitrate,2.0,29.0,63.546,11.0,4.0,d,1.9
784,"1,4-Benzenedicarboxylic acid (H2BDC)",Carbossilati aromatici,Al,AlCl3·6H2O,DMF,Nessuno,120,48.0,0.05,0.025,2.0,Room Temperature,2,,numeric_decimal_standardized;temperature_numeric_standardized;time_numeric_standardized,,0,INCLUDED,,missing_optional_numeric:Volume solvente,MOF_GROUPED_LIGAND_SPLIT_v6.0_seed260730,DEVELOPMENT,Legante,260730,"1,4-benzenedicarboxylic acid (h2bdc) carbossilati aromatici",6.0,chloride,3.0,13.0,26.982,13.0,3.0,p,1.61
785,"3,3'-dimethyl-4,4'-bipyrazole",Bipyrazole,Fe,Fe(NO3)3·9H2O,H2O,Nessuno,140,24.0,0.1,0.1,1.0,Microwave,2,,numeric_decimal_standardized;temperature_numeric_standardized;time_numeric_standardized,,0,INCLUDED,,missing_optional_numeric:Volume solvente,MOF_GROUPED_LIGAND_SPLIT_v6.0_seed260730,DEVELOPMENT,Legante,260730,"3,3'-dimethyl-4,4'-bipyrazole bipyrazole",9.0,nitrate,3.0,26.0,55.845,8.0,4.0,d,1.83
786,"1,2,4-Triazole",Triazole,Cu,Cu(OAc)2·H2O,H2O,Nessuno,60,24.0,0.05,0.05,1.0,Microwave,2,,numeric_decimal_standardized;temperature_numeric_standardized;time_numeric_standardized,,0,INCLUDED,,missing_optional_numeric:Volume solvente,MOF_GROUPED_LIGAND_SPLIT_v6.0_seed260730,DEVELOPMENT,Legante,260730,"1,2,4-triazole triazole",1.0,acetate,2.0,29.0,63.546,11.0,4.0,d,1.9
787,"2,5-Dihydroxyterephthalic acid (H4DOBDC)",Carbossilati aromatici,Mn,Mn(OAc)2·4H2O,DMF/H2O/EtOH,Nessuno,25,36.0,0.5,0.5,1.0,Microwave,2,,numeric_decimal_standardized;solvent_canonicalized;temperature_numeric_standardized;time_numeric_standardized,,0,INCLUDED,,missing_optional_numeric:Volume solvente,MOF_GROUPED_LIGAND_SPLIT_v6.0_seed260730,DEVELOPMENT,Legante,260730,"2,5-dihydroxyterephthalic acid (h4dobdc) carbossilati aromatici",4.0,acetate,2.0,25.0,54.938,7.0,4.0,d,1.55
788,2-Methylimidazole,Imidazolati,Al,Al(NO3)3·9H2O,DMF/H2O,Nessuno,140,12.0,1.0,0.5,2.0,Room Temperature,2,,numeric_decimal_standardized;temperature_numeric_standardized;time_numeric_standardized,,0,INCLUDED,,missing_optional_numeric:Volume solvente,MOF_GROUPED_LIGAND_SPLIT_v6.0_seed260730,DEVELOPMENT,Legante,260730,2-methylimidazole imidazolati,9.0,nitrate,3.0,13.0,26.982,13.0,3.0,p,1.61
790,"4,4'-Biphenyldicarboxylic acid (BPDC)",Carbossilati aromatici,Zr,ZrCl4,DEF,Nessuno,25,18.0,0.05,0.152,0.33,Sonochemical,2,,temperature_numeric_standardized;time_numeric_standardized,,0,INCLUDED,,missing_optional_numeric:Volume solvente,MOF_GROUPED_LIGAND_SPLIT_v6.0_seed260730,DEVELOPMENT,Legante,260730,"4,4'-biphenyldicarboxylic acid (bpdc) carbossilati aromatici",0.0,chloride,4.0,40.0,91.224,4.0,5.0,d,1.33
791,"4,4'-Biphenyldicarboxylic acid (BPDC)",Carbossilati aromatici,Mn,Mn(OAc)2·4H2O,DMF,Nessuno,60,4.0,0.05,0.033,1.5,Room Temperature,2,,temperature_numeric_standardized;time_numeric_standardized,,0,INCLUDED,,missing_optional_numeric:Volume solvente,MOF_GROUPED_LIGAND_SPLIT_v6.0_seed260730,DEVELOPMENT,Legante,260730,"4,4'-biphenyldicarboxylic acid (bpdc) carbossilati aromatici",4.0,acetate,2.0,25.0,54.938,7.0,4.0,d,1.55
792,"2,6-Naphthalenedicarboxylic acid",Carbossilati aromatici,Mg,Mg(NO3)2·6H2O,MeOH,Nessuno,140,24.0,1.0,1.0,1.0,Solvothermal,2,,numeric_decimal_standardized;temperature_numeric_standardized;time_numeric_standardized,,0,INCLUDED,,missing_optional_numeric:Volume solvente,MOF_GROUPED_LIGAND_SPLIT_v6.0_seed260730,DEVELOPMENT,Legante,260730,"2,6-naphthalenedicarboxylic acid carbossilati aromatici",6.0,nitrate,2.0,12.0,24.305,2.0,3.0,s,1.31
793,"4,4'-Biphenyldicarboxylic acid (BPDC)",Carbossilati aromatici,Cu,Cu(NO3)2·3H2O,H2O/EtOH,Nessuno,150,36.0,0.1,0.1,1.0,Sonochemical,2,,numeric_decimal_standardized;solvent_canonicalized;temperature_numeric_standardized;time_numeric_standardized,,0,INCLUDED,,missing_optional_numeric:Volume solvente,MOF_GROUPED_LIGAND_SPLIT_v6.0_seed260730,DEVELOPMENT,Legante,260730,"4,4'-biphenyldicarboxylic acid (bpdc) carbossilati aromatici",3.0,nitrate,2.0,29.0,63.546,11.0,4.0,d,1.9
794,"3,3'-dinitro-4,4'-bipyrazole",Bipyrazole,Mn,Mn(OAc)2·4H2O,H2O/EtOH,Nessuno,180,48.0,1.0,2.0,0.5,Solvothermal,2,,numeric_decimal_standardized;solvent_canonicalized;temperature_numeric_standardized;time_numeric_standardized,,0,INCLUDED,,missing_optional_numeric:Volume solvente,MOF_GROUPED_LIGAND_SPLIT_v6.0_seed260730,DEVELOPMENT,Legante,260730,"3,3'-dinitro-4,4'-bipyrazole bipyrazole",4.0,acetate,2.0,25.0,54.938,7.0,4.0,d,1.55
795,2-Methylimidazole,Imidazolati,Cu,Cu(OAc)2·H2O,DMF,Nessuno,25,12.0,0.1,0.067,1.5,Microwave,2,,temperature_numeric_standardized;time_numeric_standardized,,0,INCLUDED,,missing_optional_numeric:Volume solvente,MOF_GROUPED_LIGAND_SPLIT_v6.0_seed260730,DEVELOPMENT,Legante,260730,2-methylimidazole imidazolati,1.0,acetate,2.0,29.0,63.546,11.0,4.0,d,1.9
796,"3,3'-dinitro-4,4'-bipyrazole",Bipyrazole,Zr,ZrOCl2·8H2O,DMA,Nessuno,140,18.0,0.5,1.515,0.33,Room Temperature,2,,temperature_numeric_standardized;time_numeric_standardized,,0,INCLUDED,,missing_optional_numeric:Volume solvente,MOF_GROUPED_LIGAND_SPLIT_v6.0_seed260730,DEVELOPMENT,Legante,260730,"3,3'-dinitro-4,4'-bipyrazole bipyrazole",8.0,chloride,2.0,40.0,91.224,4.0,5.0,d,1.33
797,"1,4-Benzenedicarboxylic acid (H2BDC)",Carbossilati aromatici,Fe,Fe(NO3)3·9H2O,H2O/EtOH,Nessuno,180,4.0,2.0,2.0,1.0,Sonochemical,2,,numeric_decimal_standardized;solvent_canonicalized;temperature_numeric_standardized;time_numeric_standardized,,0,INCLUDED,,missing_optional_numeric:Volume solvente,MOF_GROUPED_LIGAND_SPLIT_v6.0_seed260730,DEVELOPMENT,Legante,260730,"1,4-benzenedicarboxylic acid (h2bdc) carbossilati aromatici",9.0,nitrate,3.0,26.0,55.845,8.0,4.0,d,1.83
800,"4,4'-Biphenyldicarboxylic acid (BPDC)",Carbossilati aromatici,Zr,ZrCl4,H2O,Nessuno,150,12.0,1.0,5.0,0.2,Room Temperature,2,,numeric_decimal_standardized;temperature_numeric_standardized;time_numeric_standardized,,0,INCLUDED,,missing_optional_numeric:Volume solvente,MOF_GROUPED_LIGAND_SPLIT_v6.0_seed260730,DEVELOPMENT,Legante,260730,"4,4'-biphenyldicarboxylic acid (bpdc) carbossilati aromatici",0.0,chloride,4.0,40.0,91.224,4.0,5.0,d,1.33
801,2-Methylimidazole,Imidazolati,Cu,Cu(OAc)2·H2O,H2O,Nessuno,25,12.0,0.5,0.625,0.8,Solvothermal,2,,temperature_numeric_standardized;time_numeric_standardized,,0,INCLUDED,,missing_optional_numeric:Volume solvente,MOF_GROUPED_LIGAND_SPLIT_v6.0_seed260730,DEVELOPMENT,Legante,260730,2-methylimidazole imidazolati,1.0,acetate,2.0,29.0,63.546,11.0,4.0,d,1.9
802,"3,5-diamino-4,4'-bipyrazole",Bipyrazole,Zn,Zn(NO3)2·6H2O,DEF,Nessuno,140,36.0,2.0,2.0,1.0,Hydrothermal,2,,numeric_decimal_standardized;temperature_numeric_standardized;time_numeric_standardized,,0,INCLUDED,,missing_optional_numeric:Volume solvente,MOF_GROUPED_LIGAND_SPLIT_v6.0_seed260730,DEVELOPMENT,Legante,260730,"3,5-diamino-4,4'-bipyrazole bipyrazole",6.0,nitrate,2.0,30.0,65.38,12.0,4.0,d,1.65
803,"3,3'-dimethyl-4,4'-bipyrazole",Bipyrazole,Fe,FeCl3·6H2O,DMF/H2O,Nessuno,180,72.0,0.5,0.417,1.2,Room Temperature,2,,temperature_numeric_standardized;time_numeric_standardized,,0,INCLUDED,,missing_optional_numeric:Volume solvente,MOF_GROUPED_LIGAND_SPLIT_v6.0_seed260730,DEVELOPMENT,Legante,260730,"3,3'-dimethyl-4,4'-bipyrazole bipyrazole",6.0,chloride,3.0,26.0,55.845,8.0,4.0,d,1.83
804,"3,5-diamino-4,4'-bipyrazole",Bipyrazole,Cu,Cu(OAc)2·H2O,H2O,Nessuno,180,18.0,1.0,2.0,0.5,Room Temperature,2,,numeric_decimal_standardized;temperature_numeric_standardized;time_numeric_standardized,,0,INCLUDED,,missing_optional_numeric:Volume solvente,MOF_GROUPED_LIGAND_SPLIT_v6.0_seed260730,DEVELOPMENT,Legante,260730,"3,5-diamino-4,4'-bipyrazole bipyrazole",1.0,acetate,2.0,29.0,63.546,11.0,4.0,d,1.9
806,"1,2,4-Triazole",Triazole,Al,AlCl3·6H2O,DEF,Nessuno,25,48.0,0.2,0.2,1.0,Hydrothermal,2,,numeric_decimal_standardized;temperature_numeric_standardized;time_numeric_standardized,,0,INCLUDED,,missing_optional_numeric:Volume solvente,MOF_GROUPED_LIGAND_SPLIT_v6.0_seed260730,DEVELOPMENT,Legante,260730,"1,2,4-triazole triazole",6.0,chloride,3.0,13.0,26.982,13.0,3.0,p,1.61
807,"3-amino-4,4'-bipyrazole",Bipyrazole,Cd,Cd(NO3)2·4H2O,DMF/H2O/EtOH,Nessuno,140,72.0,1.0,0.667,1.5,Room Temperature,2,,numeric_decimal_standardized;solvent_canonicalized;temperature_numeric_standardized;time_numeric_standardized,,0,INCLUDED,,missing_optional_numeric:Volume solvente,MOF_GROUPED_LIGAND_SPLIT_v6.0_seed260730,DEVELOPMENT,Legante,260730,"3-amino-4,4'-bipyrazole bipyrazole",4.0,nitrate,2.0,48.0,112.414,12.0,5.0,d,1.69
808,"1,4-Benzenedicarboxylic acid (H2BDC)",Carbossilati aromatici,Cu,Cu(OAc)2·H2O,DMF,Nessuno,160,4.0,0.5,0.5,1.0,Room Temperature,2,,numeric_decimal_standardized;temperature_numeric_standardized;time_numeric_standardized,,0,INCLUDED,,missing_optional_numeric:Volume solvente,MOF_GROUPED_LIGAND_SPLIT_v6.0_seed260730,DEVELOPMENT,Legante,260730,"1,4-benzenedicarboxylic acid (h2bdc) carbossilati aromatici",1.0,acetate,2.0,29.0,63.546,11.0,4.0,d,1.9
810,"3,5-diamino-4,4'-bipyrazole",Bipyrazole,Zr,ZrOCl2·8H2O,H2O,Nessuno,80,72.0,2.0,1.333,1.5,Room Temperature,2,,numeric_decimal_standardized;temperature_numeric_standardized;time_numeric_standardized,,0,INCLUDED,,missing_optional_numeric:Volume solvente,MOF_GROUPED_LIGAND_SPLIT_v6.0_seed260730,DEVELOPMENT,Legante,260730,"3,5-diamino-4,4'-bipyrazole bipyrazole",8.0,chloride,2.0,40.0,91.224,4.0,5.0,d,1.33
811,"3,3'-dimethyl-4,4'-bipyrazole",Bipyrazole,Cd,Cd(NO3)2·4H2O,DEF,Nessuno,140,18.0,0.05,0.033,1.5,Room Temperature,2,,temperature_numeric_standardized;time_numeric_standardized,,0,INCLUDED,,missing_optional_numeric:Volume solvente,MOF_GROUPED_LIGAND_SPLIT_v6.0_seed260730,DEVELOPMENT,Legante,260730,"3,3'-dimethyl-4,4'-bipyrazole bipyrazole",4.0,nitrate,2.0,48.0,112.414,12.0,5.0,d,1.69
812,Fumaric acid,Carbossilati aromatici,Zn,Zn(NO3)2·6H2O,MeOH,Nessuno,180,4.0,0.5,0.417,1.2,Hydrothermal,2,,temperature_numeric_standardized;time_numeric_standardized,,0,INCLUDED,,missing_optional_numeric:Volume solvente,MOF_GROUPED_LIGAND_SPLIT_v6.0_seed260730,DEVELOPMENT,Legante,260730,fumaric acid carbossilati aromatici,6.0,nitrate,2.0,30.0,65.38,12.0,4.0,d,1.65
813,"3-amino-4,4'-bipyrazole",Bipyrazole,Mn,Mn(OAc)2·4H2O,DMF/MeOH,Nessuno,180,24.0,0.05,0.1,0.5,Hydrothermal,2,,temperature_numeric_standardized;time_numeric_standardized,,0,INCLUDED,,missing_optional_numeric:Volume solvente,MOF_GROUPED_LIGAND_SPLIT_v6.0_seed260730,DEVELOPMENT,Legante,260730,"3-amino-4,4'-bipyrazole bipyrazole",4.0,acetate,2.0,25.0,54.938,7.0,4.0,d,1.55
814,2-Methylimidazole,Imidazolati,Cd,Cd(NO3)2·4H2O,DMF/MeOH,Nessuno,140,12.0,0.2,0.25,0.8,Solvothermal,2,,temperature_numeric_standardized;time_numeric_standardized,,0,INCLUDED,,missing_optional_numeric:Volume solvente,MOF_GROUPED_LIGAND_SPLIT_v6.0_seed260730,DEVELOPMENT,Legante,260730,2-methylimidazole imidazolati,4.0,nitrate,2.0,48.0,112.414,12.0,5.0,d,1.69
815,"3,3'-dinitro-4,4'-bipyrazole",Bipyrazole,Ni,Ni(NO3)2·6H2O,H2O/EtOH,Nessuno,140,24.0,0.1,0.05,2.0,Hydrothermal,2,,numeric_decimal_standardized;solvent_canonicalized;temperature_numeric_standardized;time_numeric_standardized,,0,INCLUDED,,missing_optional_numeric:Volume solvente,MOF_GROUPED_LIGAND_SPLIT_v6.0_seed260730,DEVELOPMENT,Legante,260730,"3,3'-dinitro-4,4'-bipyrazole bipyrazole",6.0,nitrate,2.0,28.0,58.693,10.0,4.0,d,1.91
816,"3,3'-dimethyl-4,4'-bipyrazole",Bipyrazole,Al,Al(NO3)3·9H2O,DMA,Nessuno,120,4.0,2.0,2.0,1.0,Solvothermal,2,,numeric_decimal_standardized;temperature_numeric_standardized;time_numeric_standardized,,0,INCLUDED,,missing_optional_numeric:Volume solvente,MOF_GROUPED_LIGAND_SPLIT_v6.0_seed260730,DEVELOPMENT,Legante,260730,"3,3'-dimethyl-4,4'-bipyrazole bipyrazole",9.0,nitrate,3.0,13.0,26.982,13.0,3.0,p,1.61
817,"2,6-Naphthalenedicarboxylic acid",Carbossilati aromatici,Zn,Zn(OAc)2·2H2O,DMA,Nessuno,150,24.0,2.0,1.667,1.2,Room Temperature,2,,numeric_decimal_standardized;temperature_numeric_standardized;time_numeric_standardized,,0,INCLUDED,,missing_optional_numeric:Volume solvente,MOF_GROUPED_LIGAND_SPLIT_v6.0_seed260730,DEVELOPMENT,Legante,260730,"2,6-naphthalenedicarboxylic acid carbossilati aromatici",2.0,acetate,2.0,30.0,65.38,12.0,4.0,d,1.65
818,Benzimidazole,Imidazolati,Ni,Ni(NO3)2·6H2O,MeOH,Nessuno,80,18.0,2.0,2.5,0.8,Sonochemical,2,,numeric_decimal_standardized;temperature_numeric_standardized;time_numeric_standardized,,0,INCLUDED,,missing_optional_numeric:Volume solvente,MOF_GROUPED_LIGAND_SPLIT_v6.0_seed260730,DEVELOPMENT,Legante,260730,benzimidazole imidazolati,6.0,nitrate,2.0,28.0,58.693,10.0,4.0,d,1.91
821,"3,3'-dinitro-4,4'-bipyrazole",Bipyrazole,Cu,Cu(OAc)2·H2O,DMF/H2O,Nessuno,100,4.0,0.5,2.5,0.2,Microwave,2,,temperature_numeric_standardized;time_numeric_standardized,,0,INCLUDED,,missing_optional_numeric:Volume solvente,MOF_GROUPED_LIGAND_SPLIT_v6.0_seed260730,DEVELOPMENT,Legante,260730,"3,3'-dinitro-4,4'-bipyrazole bipyrazole",1.0,acetate,2.0,29.0,63.546,11.0,4.0,d,1.9
823,2-Methylimidazole,Imidazolati,Fe,FeCl3·6H2O,DMF/H2O,Nessuno,25,48.0,0.1,0.05,2.0,Hydrothermal,2,,numeric_decimal_standardized;temperature_numeric_standardized;time_numeric_standardized,,0,INCLUDED,,missing_optional_numeric:Volume solvente,MOF_GROUPED_LIGAND_SPLIT_v6.0_seed260730,DEVELOPMENT,Legante,260730,2-methylimidazole imidazolati,6.0,chloride,3.0,26.0,55.845,8.0,4.0,d,1.83
824,"2,6-Naphthalenedicarboxylic acid",Carbossilati aromatici,Ni,Ni(OAc)2·4H2O,DEF,Nessuno,160,12.0,1.0,5.0,0.2,Microwave,2,,numeric_decimal_standardized;temperature_numeric_standardized;time_numeric_standardized,,0,INCLUDED,,missing_optional_numeric:Volume solvente,MOF_GROUPED_LIGAND_SPLIT_v6.0_seed260730,DEVELOPMENT,Legante,260730,"2,6-naphthalenedicarboxylic acid carbossilati aromatici",4.0,acetate,2.0,28.0,58.693,10.0,4.0,d,1.91
825,"3-amino-4,4'-bipyrazole",Bipyrazole,Mn,Mn(OAc)2·4H2O,DMF/H2O/EtOH,Nessuno,160,48.0,0.05,0.042,1.2,Room Temperature,2,,solvent_canonicalized;temperature_numeric_standardized;time_numeric_standardized,,0,INCLUDED,,missing_optional_numeric:Volume solvente,MOF_GROUPED_LIGAND_SPLIT_v6.0_seed260730,DEVELOPMENT,Legante,260730,"3-amino-4,4'-bipyrazole bipyrazole",4.0,acetate,2.0,25.0,54.938,7.0,4.0,d,1.55
826,"2,6-Naphthalenedicarboxylic acid",Carbossilati aromatici,Fe,Fe(NO3)3·9H2O,DEF,Nessuno,120,18.0,0.5,1.515,0.33,Solvothermal,2,,temperature_numeric_standardized;time_numeric_standardized,,0,INCLUDED,,missing_optional_numeric:Volume solvente,MOF_GROUPED_LIGAND_SPLIT_v6.0_seed260730,DEVELOPMENT,Legante,260730,"2,6-naphthalenedicarboxylic acid carbossilati aromatici",9.0,nitrate,3.0,26.0,55.845,8.0,4.0,d,1.83
828,"3,5-diamino-4,4'-bipyrazole",Bipyrazole,Fe,FeCl3·6H2O,DMF/H2O/EtOH,Nessuno,120,48.0,0.2,0.167,1.2,Microwave,2,,solvent_canonicalized;temperature_numeric_standardized;time_numeric_standardized,,0,INCLUDED,,missing_optional_numeric:Volume solvente,MOF_GROUPED_LIGAND_SPLIT_v6.0_seed260730,DEVELOPMENT,Legante,260730,"3,5-diamino-4,4'-bipyrazole bipyrazole",6.0,chloride,3.0,26.0,55.845,8.0,4.0,d,1.83
829,"2,6-Naphthalenedicarboxylic acid",Carbossilati aromatici,Zn,Zn(NO3)2·6H2O,H2O/EtOH,Nessuno,80,18.0,0.5,0.417,1.2,Hydrothermal,2,,solvent_canonicalized;temperature_numeric_standardized;time_numeric_standardized,,0,INCLUDED,,missing_optional_numeric:Volume solvente,MOF_GROUPED_LIGAND_SPLIT_v6.0_seed260730,DEVELOPMENT,Legante,260730,"2,6-naphthalenedicarboxylic acid carbossilati aromatici",6.0,nitrate,2.0,30.0,65.38,12.0,4.0,d,1.65
830,"3-amino-4,4'-bipyrazole",Bipyrazole,Al,Al(NO3)3·9H2O,DMF/H2O/EtOH,Nessuno,60,72.0,2.0,2.0,1.0,Room Temperature,2,,numeric_decimal_standardized;solvent_canonicalized;temperature_numeric_standardized;time_numeric_standardized,,0,INCLUDED,,missing_optional_numeric:Volume solvente,MOF_GROUPED_LIGAND_SPLIT_v6.0_seed260730,DEVELOPMENT,Legante,260730,"3-amino-4,4'-bipyrazole bipyrazole",9.0,nitrate,3.0,13.0,26.982,13.0,3.0,p,1.61
831,"1,4-Benzenedicarboxylic acid (H2BDC)",Carbossilati aromatici,Cd,Cd(NO3)2·4H2O,DMF,Nessuno,180,4.0,0.1,0.067,1.5,Solvothermal,2,,temperature_numeric_standardized;time_numeric_standardized,,0,INCLUDED,,missing_optional_numeric:Volume solvente,MOF_GROUPED_LIGAND_SPLIT_v6.0_seed260730,DEVELOPMENT,Legante,260730,"1,4-benzenedicarboxylic acid (h2bdc) carbossilati aromatici",4.0,nitrate,2.0,48.0,112.414,12.0,5.0,d,1.69
832,Benzimidazole,Imidazolati,Co,Co(OAc)2·4H2O,H2O,Nessuno,80,72.0,2.0,1.667,1.2,Room Temperature,2,,numeric_decimal_standardized;temperature_numeric_standardized;time_numeric_standardized,,0,INCLUDED,,missing_optional_numeric:Volume solvente,MOF_GROUPED_LIGAND_SPLIT_v6.0_seed260730,DEVELOPMENT,Legante,260730,benzimidazole imidazolati,4.0,acetate,2.0,27.0,58.933,9.0,4.0,d,1.88
834,"1,4-Benzenedicarboxylic acid (H2BDC)",Carbossilati aromatici,Co,Co(NO3)2·6H2O,DMF/MeOH,Nessuno,140,4.0,1.0,1.0,1.0,Solvothermal,2,,numeric_decimal_standardized;temperature_numeric_standardized;time_numeric_standardized,,0,INCLUDED,,missing_optional_numeric:Volume solvente,MOF_GROUPED_LIGAND_SPLIT_v6.0_seed260730,DEVELOPMENT,Legante,260730,"1,4-benzenedicarboxylic acid (h2bdc) carbossilati aromatici",6.0,nitrate,2.0,27.0,58.933,9.0,4.0,d,1.88
835,"3,3'-dimethyl-4,4'-bipyrazole",Bipyrazole,Zr,ZrCl4,DMF/MeOH,Nessuno,140,12.0,0.2,0.2,1.0,Hydrothermal,2,,numeric_decimal_standardized;temperature_numeric_standardized;time_numeric_standardized,,0,INCLUDED,,missing_optional_numeric:Volume solvente,MOF_GROUPED_LIGAND_SPLIT_v6.0_seed260730,DEVELOPMENT,Legante,260730,"3,3'-dimethyl-4,4'-bipyrazole bipyrazole",0.0,chloride,4.0,40.0,91.224,4.0,5.0,d,1.33
836,"3,3'-dinitro-4,4'-bipyrazole",Bipyrazole,Zr,ZrCl4,DMA,Nessuno,140,36.0,0.5,0.5,1.0,Microwave,2,,numeric_decimal_standardized;temperature_numeric_standardized;time_numeric_standardized,,0,INCLUDED,,missing_optional_numeric:Volume solvente,MOF_GROUPED_LIGAND_SPLIT_v6.0_seed260730,DEVELOPMENT,Legante,260730,"3,3'-dinitro-4,4'-bipyrazole bipyrazole",0.0,chloride,4.0,40.0,91.224,4.0,5.0,d,1.33
837,"3,5-diamino-4,4'-bipyrazole",Bipyrazole,Cd,Cd(NO3)2·4H2O,H2O,Nessuno,120,36.0,1.0,1.25,0.8,Microwave,2,,numeric_decimal_standardized;temperature_numeric_standardized;time_numeric_standardized,,0,INCLUDED,,missing_optional_numeric:Volume solvente,MOF_GROUPED_LIGAND_SPLIT_v6.0_seed260730,DEVELOPMENT,Legante,260730,"3,5-diamino-4,4'-bipyrazole bipyrazole",4.0,nitrate,2.0,48.0,112.414,12.0,5.0,d,1.69
839,"3,5-diamino-4,4'-bipyrazole",Bipyrazole,Zn,Zn(OAc)2·2H2O,DMA,Nessuno,160,72.0,0.2,0.167,1.2,Hydrothermal,2,,temperature_numeric_standardized;time_numeric_standardized,,0,INCLUDED,,missing_optional_numeric:Volume solvente,MOF_GROUPED_LIGAND_SPLIT_v6.0_seed260730,DEVELOPMENT,Legante,260730,"3,5-diamino-4,4'-bipyrazole bipyrazole",2.0,acetate,2.0,30.0,65.38,12.0,4.0,d,1.65
840,"1,2,4-Triazole",Triazole,Al,Al(NO3)3·9H2O,H2O,Nessuno,60,4.0,0.5,0.333,1.5,Solvothermal,2,,temperature_numeric_standardized;time_numeric_standardized,,0,INCLUDED,,missing_optional_numeric:Volume solvente,MOF_GROUPED_LIGAND_SPLIT_v6.0_seed260730,DEVELOPMENT,Legante,260730,"1,2,4-triazole triazole",9.0,nitrate,3.0,13.0,26.982,13.0,3.0,p,1.61
841,"3,3'-dimethyl-4,4'-bipyrazole",Bipyrazole,Fe,Fe(NO3)3·9H2O,DMF/MeOH,Nessuno,100,36.0,0.1,0.05,2.0,Sonochemical,2,,numeric_decimal_standardized;temperature_numeric_standardized;time_numeric_standardized,,0,INCLUDED,,missing_optional_numeric:Volume solvente,MOF_GROUPED_LIGAND_SPLIT_v6.0_seed260730,DEVELOPMENT,Legante,260730,"3,3'-dimethyl-4,4'-bipyrazole bipyrazole",9.0,nitrate,3.0,26.0,55.845,8.0,4.0,d,1.83
842,"1,4-Benzenedicarboxylic acid (H2BDC)",Carbossilati aromatici,Ni,Ni(NO3)2·6H2O,DMA,Nessuno,80,36.0,0.2,0.167,1.2,Solvothermal,2,,temperature_numeric_standardized;time_numeric_standardized,,0,INCLUDED,,missing_optional_numeric:Volume solvente,MOF_GROUPED_LIGAND_SPLIT_v6.0_seed260730,DEVELOPMENT,Legante,260730,"1,4-benzenedicarboxylic acid (h2bdc) carbossilati aromatici",6.0,nitrate,2.0,28.0,58.693,10.0,4.0,d,1.91
843,Fumaric acid,Carbossilati aromatici,Zr,ZrCl4,H2O/EtOH,Nessuno,120,12.0,0.05,0.042,1.2,Microwave,2,,solvent_canonicalized;temperature_numeric_standardized;time_numeric_standardized,,0,INCLUDED,,missing_optional_numeric:Volume solvente,MOF_GROUPED_LIGAND_SPLIT_v6.0_seed260730,DEVELOPMENT,Legante,260730,fumaric acid carbossilati aromatici,0.0,chloride,4.0,40.0,91.224,4.0,5.0,d,1.33
844,"1,4-Benzenedicarboxylic acid (H2BDC)",Carbossilati aromatici,Co,Co(OAc)2·4H2O,H2O/EtOH,Nessuno,180,36.0,0.5,1.515,0.33,Solvothermal,2,,solvent_canonicalized;temperature_numeric_standardized;time_numeric_standardized,,0,INCLUDED,,missing_optional_numeric:Volume solvente,MOF_GROUPED_LIGAND_SPLIT_v6.0_seed260730,DEVELOPMENT,Legante,260730,"1,4-benzenedicarboxylic acid (h2bdc) carbossilati aromatici",4.0,acetate,2.0,27.0,58.933,9.0,4.0,d,1.88
845,"3-amino-4,4'-bipyrazole",Bipyrazole,Ni,Ni(NO3)2·6H2O,DMF/H2O,Nessuno,100,4.0,2.0,4.0,0.5,Hydrothermal,2,,numeric_decimal_standardized;temperature_numeric_standardized;time_numeric_standardized,,0,INCLUDED,,missing_optional_numeric:Volume solvente,MOF_GROUPED_LIGAND_SPLIT_v6.0_seed260730,DEVELOPMENT,Legante,260730,"3-amino-4,4'-bipyrazole bipyrazole",6.0,nitrate,2.0,28.0,58.693,10.0,4.0,d,1.91
847,"3,3'-dimethyl-4,4'-bipyrazole",Bipyrazole,Fe,Fe(NO3)3·9H2O,DMF/H2O,Nessuno,140,4.0,1.0,0.833,1.2,Microwave,2,,numeric_decimal_standardized;temperature_numeric_standardized;time_numeric_standardized,,0,INCLUDED,,missing_optional_numeric:Volume solvente,MOF_GROUPED_LIGAND_SPLIT_v6.0_seed260730,DEVELOPMENT,Legante,260730,"3,3'-dimethyl-4,4'-bipyrazole bipyrazole",9.0,nitrate,3.0,26.0,55.845,8.0,4.0,d,1.83
848,"3,5-diamino-4,4'-bipyrazole",Bipyrazole,Zr,ZrCl4,DMF,Nessuno,140,12.0,1.0,3.03,0.33,Microwave,2,,numeric_decimal_standardized;temperature_numeric_standardized;time_numeric_standardized,,0,INCLUDED,,missing_optional_numeric:Volume solvente,MOF_GROUPED_LIGAND_SPLIT_v6.0_seed260730,DEVELOPMENT,Legante,260730,"3,5-diamino-4,4'-bipyrazole bipyrazole",0.0,chloride,4.0,40.0,91.224,4.0,5.0,d,1.33
849,"1,4-Benzenedicarboxylic acid (H2BDC)",Carbossilati aromatici,Co,Co(NO3)2·6H2O,DMF,Nessuno,100,4.0,2.0,2.5,0.8,Solvothermal,2,,numeric_decimal_standardized;temperature_numeric_standardized;time_numeric_standardized,,0,INCLUDED,,missing_optional_numeric:Volume solvente,MOF_GROUPED_LIGAND_SPLIT_v6.0_seed260730,DEVELOPMENT,Legante,260730,"1,4-benzenedicarboxylic acid (h2bdc) carbossilati aromatici",6.0,nitrate,2.0,27.0,58.933,9.0,4.0,d,1.88
850,"4,4'-Biphenyldicarboxylic acid (BPDC)",Carbossilati aromatici,Co,Co(OAc)2·4H2O,DMF,Nessuno,150,4.0,0.2,0.167,1.2,Sonochemical,2,,temperature_numeric_standardized;time_numeric_standardized,,0,INCLUDED,,missing_optional_numeric:Volume solvente,MOF_GROUPED_LIGAND_SPLIT_v6.0_seed260730,DEVELOPMENT,Legante,260730,"4,4'-biphenyldicarboxylic acid (bpdc) carbossilati aromatici",4.0,acetate,2.0,27.0,58.933,9.0,4.0,d,1.88
851,"3,3'-dimethyl-4,4'-bipyrazole",Bipyrazole,Mn,Mn(OAc)2·4H2O,H2O,Nessuno,80,12.0,0.2,0.167,1.2,Solvothermal,2,,temperature_numeric_standardized;time_numeric_standardized,,0,INCLUDED,,missing_optional_numeric:Volume solvente,MOF_GROUPED_LIGAND_SPLIT_v6.0_seed260730,DEVELOPMENT,Legante,260730,"3,3'-dimethyl-4,4'-bipyrazole bipyrazole",4.0,acetate,2.0,25.0,54.938,7.0,4.0,d,1.55
853,"1,4-Benzenedicarboxylic acid (H2BDC)",Carbossilati aromatici,Co,Co(OAc)2·4H2O,MeOH,Nessuno,150,18.0,0.2,0.606,0.33,Hydrothermal,2,,temperature_numeric_standardized;time_numeric_standardized,,0,INCLUDED,,missing_optional_numeric:Volume solvente,MOF_GROUPED_LIGAND_SPLIT_v6.0_seed260730,DEVELOPMENT,Legante,260730,"1,4-benzenedicarboxylic acid (h2bdc) carbossilati aromatici",4.0,acetate,2.0,27.0,58.933,9.0,4.0,d,1.88
854,Benzimidazole,Imidazolati,Zr,ZrOCl2·8H2O,DMF,Nessuno,150,72.0,0.1,0.05,2.0,Microwave,2,,numeric_decimal_standardized;temperature_numeric_standardized;time_numeric_standardized,,0,INCLUDED,,missing_optional_numeric:Volume solvente,MOF_GROUPED_LIGAND_SPLIT_v6.0_seed260730,DEVELOPMENT,Legante,260730,benzimidazole imidazolati,8.0,chloride,2.0,40.0,91.224,4.0,5.0,d,1.33
855,Fumaric acid,Carbossilati aromatici,Co,Co(OAc)2·4H2O,DMF,Nessuno,180,72.0,0.2,0.1,2.0,Room Temperature,2,,numeric_decimal_standardized;temperature_numeric_standardized;time_numeric_standardized,,0,INCLUDED,,missing_optional_numeric:Volume solvente,MOF_GROUPED_LIGAND_SPLIT_v6.0_seed260730,DEVELOPMENT,Legante,260730,fumaric acid carbossilati aromatici,4.0,acetate,2.0,27.0,58.933,9.0,4.0,d,1.88
857,"1,4-Benzenedicarboxylic acid (H2BDC)",Carbossilati aromatici,Cd,Cd(NO3)2·4H2O,H2O,Nessuno,60,18.0,0.5,0.25,2.0,Room Temperature,2,,numeric_decimal_standardized;temperature_numeric_standardized;time_numeric_standardized,,0,INCLUDED,,missing_optional_numeric:Volume solvente,MOF_GROUPED_LIGAND_SPLIT_v6.0_seed260730,DEVELOPMENT,Legante,260730,"1,4-benzenedicarboxylic acid (h2bdc) carbossilati aromatici",4.0,nitrate,2.0,48.0,112.414,12.0,5.0,d,1.69
858,"2,5-Dihydroxyterephthalic acid (H4DOBDC)",Carbossilati aromatici,Zn,Zn(NO3)2·6H2O,DMA,Nessuno,120,48.0,0.1,0.067,1.5,Hydrothermal,2,,temperature_numeric_standardized;time_numeric_standardized,,0,INCLUDED,,missing_optional_numeric:Volume solvente,MOF_GROUPED_LIGAND_SPLIT_v6.0_seed260730,DEVELOPMENT,Legante,260730,"2,5-dihydroxyterephthalic acid (h4dobdc) carbossilati aromatici",6.0,nitrate,2.0,30.0,65.38,12.0,4.0,d,1.65
859,Fumaric acid,Carbossilati aromatici,Zr,ZrCl4,MeOH,Nessuno,120,18.0,0.5,1.0,0.5,Sonochemical,2,,numeric_decimal_standardized;temperature_numeric_standardized;time_numeric_standardized,,0,INCLUDED,,missing_optional_numeric:Volume solvente,MOF_GROUPED_LIGAND_SPLIT_v6.0_seed260730,DEVELOPMENT,Legante,260730,fumaric acid carbossilati aromatici,0.0,chloride,4.0,40.0,91.224,4.0,5.0,d,1.33
860,2-Methylimidazole,Imidazolati,Zr,ZrOCl2·8H2O,DMF,Nessuno,120,24.0,0.1,0.303,0.33,Room Temperature,2,,temperature_numeric_standardized;time_numeric_standardized,,0,INCLUDED,,missing_optional_numeric:Volume solvente,MOF_GROUPED_LIGAND_SPLIT_v6.0_seed260730,DEVELOPMENT,Legante,260730,2-methylimidazole imidazolati,8.0,chloride,2.0,40.0,91.224,4.0,5.0,d,1.33
862,"1,2,4-Triazole",Triazole,Cu,Cu(NO3)2·3H2O,DMF/MeOH,Nessuno,140,24.0,2.0,6.061,0.33,Solvothermal,2,,numeric_decimal_standardized;temperature_numeric_standardized;time_numeric_standardized,,0,INCLUDED,,missing_optional_numeric:Volume solvente,MOF_GROUPED_LIGAND_SPLIT_v6.0_seed260730,DEVELOPMENT,Legante,260730,"1,2,4-triazole triazole",3.0,nitrate,2.0,29.0,63.546,11.0,4.0,d,1.9
863,"3,5-diamino-4,4'-bipyrazole",Bipyrazole,Al,AlCl3·6H2O,MeOH,Nessuno,25,12.0,2.0,10.0,0.2,Room Temperature,2,,numeric_decimal_standardized;temperature_numeric_standardized;time_numeric_standardized,,0,INCLUDED,,missing_optional_numeric:Volume solvente,MOF_GROUPED_LIGAND_SPLIT_v6.0_seed260730,DEVELOPMENT,Legante,260730,"3,5-diamino-4,4'-bipyrazole bipyrazole",6.0,chloride,3.0,13.0,26.982,13.0,3.0,p,1.61
864,"3-amino-4,4'-bipyrazole",Bipyrazole,Co,Co(OAc)2·4H2O,DEF,Nessuno,180,72.0,2.0,1.667,1.2,Solvothermal,2,,numeric_decimal_standardized;temperature_numeric_standardized;time_numeric_standardized,,0,INCLUDED,,missing_optional_numeric:Volume solvente,MOF_GROUPED_LIGAND_SPLIT_v6.0_seed260730,DEVELOPMENT,Legante,260730,"3-amino-4,4'-bipyrazole bipyrazole",4.0,acetate,2.0,27.0,58.933,9.0,4.0,d,1.88
865,"3,3'-dimethyl-4,4'-bipyrazole",Bipyrazole,Al,AlCl3·6H2O,DMF/MeOH,Nessuno,60,72.0,2.0,4.0,0.5,Sonochemical,2,,numeric_decimal_standardized;temperature_numeric_standardized;time_numeric_standardized,,0,INCLUDED,,missing_optional_numeric:Volume solvente,MOF_GROUPED_LIGAND_SPLIT_v6.0_seed260730,DEVELOPMENT,Legante,260730,"3,3'-dimethyl-4,4'-bipyrazole bipyrazole",6.0,chloride,3.0,13.0,26.982,13.0,3.0,p,1.61
867,"3-amino-4,4'-bipyrazole",Bipyrazole,Zn,Zn(OAc)2·2H2O,MeOH,Nessuno,120,12.0,0.05,0.1,0.5,Sonochemical,2,,temperature_numeric_standardized;time_numeric_standardized,,0,INCLUDED,,missing_optional_numeric:Volume solvente,MOF_GROUPED_LIGAND_SPLIT_v6.0_seed260730,DEVELOPMENT,Legante,260730,"3-amino-4,4'-bipyrazole bipyrazole",2.0,acetate,2.0,30.0,65.38,12.0,4.0,d,1.65
869,Fumaric acid,Carbossilati aromatici,Ni,Ni(OAc)2·4H2O,DMF,Nessuno,120,24.0,0.1,0.083,1.2,Hydrothermal,2,,temperature_numeric_standardized;time_numeric_standardized,,0,INCLUDED,,missing_optional_numeric:Volume solvente,MOF_GROUPED_LIGAND_SPLIT_v6.0_seed260730,DEVELOPMENT,Legante,260730,fumaric acid carbossilati aromatici,4.0,acetate,2.0,28.0,58.693,10.0,4.0,d,1.91
870,"1,2,4-Triazole",Triazole,Fe,FeCl3·6H2O,DMF,Nessuno,80,36.0,0.1,0.2,0.5,Microwave,2,,temperature_numeric_standardized;time_numeric_standardized,,0,INCLUDED,,missing_optional_numeric:Volume solvente,MOF_GROUPED_LIGAND_SPLIT_v6.0_seed260730,DEVELOPMENT,Legante,260730,"1,2,4-triazole triazole",6.0,chloride,3.0,26.0,55.845,8.0,4.0,d,1.83
871,2-Methylimidazole,Imidazolati,Fe,FeCl3·6H2O,H2O,Nessuno,100,4.0,0.2,0.133,1.5,Room Temperature,2,,temperature_numeric_standardized;time_numeric_standardized,,0,INCLUDED,,missing_optional_numeric:Volume solvente,MOF_GROUPED_LIGAND_SPLIT_v6.0_seed260730,DEVELOPMENT,Legante,260730,2-methylimidazole imidazolati,6.0,chloride,3.0,26.0,55.845,8.0,4.0,d,1.83
872,"4,4'-Biphenyldicarboxylic acid (BPDC)",Carbossilati aromatici,Zr,ZrOCl2·8H2O,MeOH,Nessuno,160,48.0,0.05,0.025,2.0,Sonochemical,2,,numeric_decimal_standardized;temperature_numeric_standardized;time_numeric_standardized,,0,INCLUDED,,missing_optional_numeric:Volume solvente,MOF_GROUPED_LIGAND_SPLIT_v6.0_seed260730,DEVELOPMENT,Legante,260730,"4,4'-biphenyldicarboxylic acid (bpdc) carbossilati aromatici",8.0,chloride,2.0,40.0,91.224,4.0,5.0,d,1.33
873,"3,3'-dinitro-4,4'-bipyrazole",Bipyrazole,Cu,Cu(OAc)2·H2O,DMF/MeOH,Nessuno,80,18.0,0.05,0.1,0.5,Microwave,2,,temperature_numeric_standardized;time_numeric_standardized,,0,INCLUDED,,missing_optional_numeric:Volume solvente,MOF_GROUPED_LIGAND_SPLIT_v6.0_seed260730,DEVELOPMENT,Legante,260730,"3,3'-dinitro-4,4'-bipyrazole bipyrazole",1.0,acetate,2.0,29.0,63.546,11.0,4.0,d,1.9
874,Benzimidazole,Imidazolati,Al,Al(NO3)3·9H2O,DEF,Nessuno,180,12.0,0.05,0.05,1.0,Hydrothermal,2,,numeric_decimal_standardized;temperature_numeric_standardized;time_numeric_standardized,,0,INCLUDED,,missing_optional_numeric:Volume solvente,MOF_GROUPED_LIGAND_SPLIT_v6.0_seed260730,DEVELOPMENT,Legante,260730,benzimidazole imidazolati,9.0,nitrate,3.0,13.0,26.982,13.0,3.0,p,1.61
875,"3-amino-4,4'-bipyrazole",Bipyrazole,Co,Co(OAc)2·4H2O,DMF,Nessuno,25,4.0,0.1,0.2,0.5,Sonochemical,2,,temperature_numeric_standardized;time_numeric_standardized,,0,INCLUDED,,missing_optional_numeric:Volume solvente,MOF_GROUPED_LIGAND_SPLIT_v6.0_seed260730,DEVELOPMENT,Legante,260730,"3-amino-4,4'-bipyrazole bipyrazole",4.0,acetate,2.0,27.0,58.933,9.0,4.0,d,1.88
876,"3-amino-4,4'-bipyrazole",Bipyrazole,Co,Co(NO3)2·6H2O,DMF/H2O,Nessuno,80,12.0,0.5,0.625,0.8,Sonochemical,2,,temperature_numeric_standardized;time_numeric_standardized,,0,INCLUDED,,missing_optional_numeric:Volume solvente,MOF_GROUPED_LIGAND_SPLIT_v6.0_seed260730,DEVELOPMENT,Legante,260730,"3-amino-4,4'-bipyrazole bipyrazole",6.0,nitrate,2.0,27.0,58.933,9.0,4.0,d,1.88
878,"1,4-Benzenedicarboxylic acid (H2BDC)",Carbossilati aromatici,Mn,Mn(OAc)2·4H2O,DMF/H2O/EtOH,Nessuno,150,4.0,0.2,0.167,1.2,Microwave,2,,solvent_canonicalized;temperature_numeric_standardized;time_numeric_standardized,,0,INCLUDED,,missing_optional_numeric:Volume solvente,MOF_GROUPED_LIGAND_SPLIT_v6.0_seed260730,DEVELOPMENT,Legante,260730,"1,4-benzenedicarboxylic acid (h2bdc) carbossilati aromatici",4.0,acetate,2.0,25.0,54.938,7.0,4.0,d,1.55
879,"3,5-diamino-4,4'-bipyrazole",Bipyrazole,Mn,Mn(OAc)2·4H2O,MeOH,Nessuno,120,48.0,0.05,0.152,0.33,Solvothermal,2,,temperature_numeric_standardized;time_numeric_standardized,,0,INCLUDED,,missing_optional_numeric:Volume solvente,MOF_GROUPED_LIGAND_SPLIT_v6.0_seed260730,DEVELOPMENT,Legante,260730,"3,5-diamino-4,4'-bipyrazole bipyrazole",4.0,acetate,2.0,25.0,54.938,7.0,4.0,d,1.55
880,"1,2,4-Triazole",Triazole,Cd,Cd(NO3)2·4H2O,DMF/H2O/EtOH,Nessuno,150,4.0,2.0,2.0,1.0,Hydrothermal,2,,numeric_decimal_standardized;solvent_canonicalized;temperature_numeric_standardized;time_numeric_standardized,,0,INCLUDED,,missing_optional_numeric:Volume solvente,MOF_GROUPED_LIGAND_SPLIT_v6.0_seed260730,DEVELOPMENT,Legante,260730,"1,2,4-triazole triazole",4.0,nitrate,2.0,48.0,112.414,12.0,5.0,d,1.69
881,"3,3'-dinitro-4,4'-bipyrazole",Bipyrazole,Co,Co(NO3)2·6H2O,H2O/EtOH,Nessuno,150,4.0,0.1,0.05,2.0,Room Temperature,2,,numeric_decimal_standardized;solvent_canonicalized;temperature_numeric_standardized;time_numeric_standardized,,0,INCLUDED,,missing_optional_numeric:Volume solvente,MOF_GROUPED_LIGAND_SPLIT_v6.0_seed260730,DEVELOPMENT,Legante,260730,"3,3'-dinitro-4,4'-bipyrazole bipyrazole",6.0,nitrate,2.0,27.0,58.933,9.0,4.0,d,1.88
882,"3,3'-dimethyl-4,4'-bipyrazole",Bipyrazole,Co,Co(NO3)2·6H2O,DMF/H2O,Nessuno,60,18.0,0.05,0.033,1.5,Hydrothermal,2,,temperature_numeric_standardized;time_numeric_standardized,,0,INCLUDED,,missing_optional_numeric:Volume solvente,MOF_GROUPED_LIGAND_SPLIT_v6.0_seed260730,DEVELOPMENT,Legante,260730,"3,3'-dimethyl-4,4'-bipyrazole bipyrazole",6.0,nitrate,2.0,27.0,58.933,9.0,4.0,d,1.88
883,Benzimidazole,Imidazolati,Cu,Cu(NO3)2·3H2O,DEF,Nessuno,80,36.0,0.1,0.05,2.0,Room Temperature,2,,numeric_decimal_standardized;temperature_numeric_standardized;time_numeric_standardized,,0,INCLUDED,,missing_optional_numeric:Volume solvente,MOF_GROUPED_LIGAND_SPLIT_v6.0_seed260730,DEVELOPMENT,Legante,260730,benzimidazole imidazolati,3.0,nitrate,2.0,29.0,63.546,11.0,4.0,d,1.9
884,Fumaric acid,Carbossilati aromatici,Fe,Fe(NO3)3·9H2O,MeOH,Nessuno,160,4.0,2.0,2.0,1.0,Microwave,2,,numeric_decimal_standardized;temperature_numeric_standardized;time_numeric_standardized,,0,INCLUDED,,missing_optional_numeric:Volume solvente,MOF_GROUPED_LIGAND_SPLIT_v6.0_seed260730,DEVELOPMENT,Legante,260730,fumaric acid carbossilati aromatici,9.0,nitrate,3.0,26.0,55.845,8.0,4.0,d,1.83
885,"3-amino-4,4'-bipyrazole",Bipyrazole,Al,Al(NO3)3·9H2O,DEF,Nessuno,25,36.0,2.0,2.5,0.8,Hydrothermal,2,,numeric_decimal_standardized;temperature_numeric_standardized;time_numeric_standardized,,0,INCLUDED,,missing_optional_numeric:Volume solvente,MOF_GROUPED_LIGAND_SPLIT_v6.0_seed260730,DEVELOPMENT,Legante,260730,"3-amino-4,4'-bipyrazole bipyrazole",9.0,nitrate,3.0,13.0,26.982,13.0,3.0,p,1.61
887,"3,3'-dimethyl-4,4'-bipyrazole",Bipyrazole,Co,Co(NO3)2·6H2O,DMF/MeOH,Nessuno,25,36.0,0.05,0.062,0.8,Sonochemical,2,,temperature_numeric_standardized;time_numeric_standardized,,0,INCLUDED,,missing_optional_numeric:Volume solvente,MOF_GROUPED_LIGAND_SPLIT_v6.0_seed260730,DEVELOPMENT,Legante,260730,"3,3'-dimethyl-4,4'-bipyrazole bipyrazole",6.0,nitrate,2.0,27.0,58.933,9.0,4.0,d,1.88
888,"3,5-diamino-4,4'-bipyrazole",Bipyrazole,Fe,Fe(NO3)3·9H2O,DMF/H2O/EtOH,Nessuno,180,72.0,0.05,0.05,1.0,Microwave,2,,numeric_decimal_standardized;solvent_canonicalized;temperature_numeric_standardized;time_numeric_standardized,,0,INCLUDED,,missing_optional_numeric:Volume solvente,MOF_GROUPED_LIGAND_SPLIT_v6.0_seed260730,DEVELOPMENT,Legante,260730,"3,5-diamino-4,4'-bipyrazole bipyrazole",9.0,nitrate,3.0,26.0,55.845,8.0,4.0,d,1.83
889,Benzimidazole,Imidazolati,Mn,Mn(OAc)2·4H2O,DMF/H2O,Nessuno,160,48.0,0.1,0.125,0.8,Hydrothermal,2,,temperature_numeric_standardized;time_numeric_standardized,,0,INCLUDED,,missing_optional_numeric:Volume solvente,MOF_GROUPED_LIGAND_SPLIT_v6.0_seed260730,DEVELOPMENT,Legante,260730,benzimidazole imidazolati,4.0,acetate,2.0,25.0,54.938,7.0,4.0,d,1.55
890,Benzimidazole,Imidazolati,Zn,Zn(NO3)2·6H2O,DMF/H2O/EtOH,Nessuno,25,36.0,0.05,0.033,1.5,Solvothermal,2,,solvent_canonicalized;temperature_numeric_standardized;time_numeric_standardized,,0,INCLUDED,,missing_optional_numeric:Volume solvente,MOF_GROUPED_LIGAND_SPLIT_v6.0_seed260730,DEVELOPMENT,Legante,260730,benzimidazole imidazolati,6.0,nitrate,2.0,30.0,65.38,12.0,4.0,d,1.65
891,"3-amino-4,4'-bipyrazole",Bipyrazole,Cu,Cu(OAc)2·H2O,H2O/EtOH,Nessuno,120,18.0,2.0,1.667,1.2,Microwave,2,,numeric_decimal_standardized;solvent_canonicalized;temperature_numeric_standardized;time_numeric_standardized,,0,INCLUDED,,missing_optional_numeric:Volume solvente,MOF_GROUPED_LIGAND_SPLIT_v6.0_seed260730,DEVELOPMENT,Legante,260730,"3-amino-4,4'-bipyrazole bipyrazole",1.0,acetate,2.0,29.0,63.546,11.0,4.0,d,1.9
892,"3,5-diamino-4,4'-bipyrazole",Bipyrazole,Fe,FeCl3·6H2O,DEF,Nessuno,180,72.0,0.2,0.25,0.8,Microwave,2,,temperature_numeric_standardized;time_numeric_standardized,,0,INCLUDED,,missing_optional_numeric:Volume solvente,MOF_GROUPED_LIGAND_SPLIT_v6.0_seed260730,DEVELOPMENT,Legante,260730,"3,5-diamino-4,4'-bipyrazole bipyrazole",6.0,chloride,3.0,26.0,55.845,8.0,4.0,d,1.83
893,"3,5-diamino-4,4'-bipyrazole",Bipyrazole,Al,Al(NO3)3·9H2O,DEF,Nessuno,180,12.0,0.1,0.5,0.2,Solvothermal,2,,temperature_numeric_standardized;time_numeric_standardized,,0,INCLUDED,,missing_optional_numeric:Volume solvente,MOF_GROUPED_LIGAND_SPLIT_v6.0_seed260730,DEVELOPMENT,Legante,260730,"3,5-diamino-4,4'-bipyrazole bipyrazole",9.0,nitrate,3.0,13.0,26.982,13.0,3.0,p,1.61
895,"2,5-Dihydroxyterephthalic acid (H4DOBDC)",Carbossilati aromatici,Mn,Mn(OAc)2·4H2O,DMF/H2O,Nessuno,60,12.0,0.2,0.1,2.0,Solvothermal,2,,numeric_decimal_standardized;temperature_numeric_standardized;time_numeric_standardized,,0,INCLUDED,,missing_optional_numeric:Volume solvente,MOF_GROUPED_LIGAND_SPLIT_v6.0_seed260730,DEVELOPMENT,Legante,260730,"2,5-dihydroxyterephthalic acid (h4dobdc) carbossilati aromatici",4.0,acetate,2.0,25.0,54.938,7.0,4.0,d,1.55
898,"3-amino-4,4'-bipyrazole",Bipyrazole,Cu,Cu(NO3)2·3H2O,DMF/H2O/EtOH,Nessuno,60,24.0,0.05,0.25,0.2,Hydrothermal,2,,solvent_canonicalized;temperature_numeric_standardized;time_numeric_standardized,,0,INCLUDED,,missing_optional_numeric:Volume solvente,MOF_GROUPED_LIGAND_SPLIT_v6.0_seed260730,DEVELOPMENT,Legante,260730,"3-amino-4,4'-bipyrazole bipyrazole",3.0,nitrate,2.0,29.0,63.546,11.0,4.0,d,1.9
899,"2,6-Naphthalenedicarboxylic acid",Carbossilati aromatici,Fe,FeCl3·6H2O,DEF,Nessuno,160,24.0,0.1,0.1,1.0,Room Temperature,2,,numeric_decimal_standardized;temperature_numeric_standardized;time_numeric_standardized,,0,INCLUDED,,missing_optional_numeric:Volume solvente,MOF_GROUPED_LIGAND_SPLIT_v6.0_seed260730,DEVELOPMENT,Legante,260730,"2,6-naphthalenedicarboxylic acid carbossilati aromatici",6.0,chloride,3.0,26.0,55.845,8.0,4.0,d,1.83
901,Benzimidazole,Imidazolati,Cu,Cu(NO3)2·3H2O,H2O,Nessuno,160,12.0,1.0,1.0,1.0,Room Temperature,2,,numeric_decimal_standardized;temperature_numeric_standardized;time_numeric_standardized,,0,INCLUDED,,missing_optional_numeric:Volume solvente,MOF_GROUPED_LIGAND_SPLIT_v6.0_seed260730,DEVELOPMENT,Legante,260730,benzimidazole imidazolati,3.0,nitrate,2.0,29.0,63.546,11.0,4.0,d,1.9
902,"1,4-Benzenedicarboxylic acid (H2BDC)",Carbossilati aromatici,Zn,Zn(OAc)2·2H2O,H2O,Nessuno,80,24.0,0.2,0.4,0.5,Solvothermal,2,,temperature_numeric_standardized;time_numeric_standardized,,0,INCLUDED,,missing_optional_numeric:Volume solvente,MOF_GROUPED_LIGAND_SPLIT_v6.0_seed260730,DEVELOPMENT,Legante,260730,"1,4-benzenedicarboxylic acid (h2bdc) carbossilati aromatici",2.0,acetate,2.0,30.0,65.38,12.0,4.0,d,1.65
903,"3-amino-4,4'-bipyrazole",Bipyrazole,Al,Al(NO3)3·9H2O,DMF/H2O/EtOH,Nessuno,120,12.0,0.2,0.133,1.5,Microwave,2,,solvent_canonicalized;temperature_numeric_standardized;time_numeric_standardized,,0,INCLUDED,,missing_optional_numeric:Volume solvente,MOF_GROUPED_LIGAND_SPLIT_v6.0_seed260730,DEVELOPMENT,Legante,260730,"3-amino-4,4'-bipyrazole bipyrazole",9.0,nitrate,3.0,13.0,26.982,13.0,3.0,p,1.61
904,"4,4'-Biphenyldicarboxylic acid (BPDC)",Carbossilati aromatici,Co,Co(NO3)2·6H2O,H2O/EtOH,Nessuno,180,18.0,0.2,0.606,0.33,Hydrothermal,2,,solvent_canonicalized;temperature_numeric_standardized;time_numeric_standardized,,0,INCLUDED,,missing_optional_numeric:Volume solvente,MOF_GROUPED_LIGAND_SPLIT_v6.0_seed260730,DEVELOPMENT,Legante,260730,"4,4'-biphenyldicarboxylic acid (bpdc) carbossilati aromatici",6.0,nitrate,2.0,27.0,58.933,9.0,4.0,d,1.88
905,"2,6-Naphthalenedicarboxylic acid",Carbossilati aromatici,Co,Co(NO3)2·6H2O,DEF,Nessuno,100,12.0,0.5,0.5,1.0,Sonochemical,2,,numeric_decimal_standardized;temperature_numeric_standardized;time_numeric_standardized,,0,INCLUDED,,missing_optional_numeric:Volume solvente,MOF_GROUPED_LIGAND_SPLIT_v6.0_seed260730,DEVELOPMENT,Legante,260730,"2,6-naphthalenedicarboxylic acid carbossilati aromatici",6.0,nitrate,2.0,27.0,58.933,9.0,4.0,d,1.88
906,Fumaric acid,Carbossilati aromatici,Zr,ZrOCl2·8H2O,DMF,Nessuno,180,4.0,1.0,1.25,0.8,Hydrothermal,2,,numeric_decimal_standardized;temperature_numeric_standardized;time_numeric_standardized,,0,INCLUDED,,missing_optional_numeric:Volume solvente,MOF_GROUPED_LIGAND_SPLIT_v6.0_seed260730,DEVELOPMENT,Legante,260730,fumaric acid carbossilati aromatici,8.0,chloride,2.0,40.0,91.224,4.0,5.0,d,1.33
910,"4,4'-Biphenyldicarboxylic acid (BPDC)",Carbossilati aromatici,Al,AlCl3·6H2O,DMF/MeOH,Nessuno,80,24.0,1.0,1.25,0.8,Sonochemical,2,,numeric_decimal_standardized;temperature_numeric_standardized;time_numeric_standardized,,0,INCLUDED,,missing_optional_numeric:Volume solvente,MOF_GROUPED_LIGAND_SPLIT_v6.0_seed260730,DEVELOPMENT,Legante,260730,"4,4'-biphenyldicarboxylic acid (bpdc) carbossilati aromatici",6.0,chloride,3.0,13.0,26.982,13.0,3.0,p,1.61
911,"3,3'-dimethyl-4,4'-bipyrazole",Bipyrazole,Zr,ZrCl4,DMA,Nessuno,80,18.0,0.1,0.067,1.5,Hydrothermal,2,,temperature_numeric_standardized;time_numeric_standardized,,0,INCLUDED,,missing_optional_numeric:Volume solvente,MOF_GROUPED_LIGAND_SPLIT_v6.0_seed260730,DEVELOPMENT,Legante,260730,"3,3'-dimethyl-4,4'-bipyrazole bipyrazole",0.0,chloride,4.0,40.0,91.224,4.0,5.0,d,1.33
913,Fumaric acid,Carbossilati aromatici,Cd,Cd(NO3)2·4H2O,MeOH,Nessuno,100,12.0,0.2,0.167,1.2,Microwave,2,,temperature_numeric_standardized;time_numeric_standardized,,0,INCLUDED,,missing_optional_numeric:Volume solvente,MOF_GROUPED_LIGAND_SPLIT_v6.0_seed260730,DEVELOPMENT,Legante,260730,fumaric acid carbossilati aromatici,4.0,nitrate,2.0,48.0,112.414,12.0,5.0,d,1.69
914,"3,3'-dimethyl-4,4'-bipyrazole",Bipyrazole,Cu,Cu(NO3)2·3H2O,DMF,Nessuno,160,24.0,1.0,1.0,1.0,Sonochemical,2,,numeric_decimal_standardized;temperature_numeric_standardized;time_numeric_standardized,,0,INCLUDED,,missing_optional_numeric:Volume solvente,MOF_GROUPED_LIGAND_SPLIT_v6.0_seed260730,DEVELOPMENT,Legante,260730,"3,3'-dimethyl-4,4'-bipyrazole bipyrazole",3.0,nitrate,2.0,29.0,63.546,11.0,4.0,d,1.9
915,"3,3'-dimethyl-4,4'-bipyrazole",Bipyrazole,Zn,Zn(OAc)2·2H2O,DMF/H2O,Nessuno,180,36.0,0.05,0.1,0.5,Room Temperature,2,,temperature_numeric_standardized;time_numeric_standardized,,0,INCLUDED,,missing_optional_numeric:Volume solvente,MOF_GROUPED_LIGAND_SPLIT_v6.0_seed260730,DEVELOPMENT,Legante,260730,"3,3'-dimethyl-4,4'-bipyrazole bipyrazole",2.0,acetate,2.0,30.0,65.38,12.0,4.0,d,1.65
916,"3,3'-dinitro-4,4'-bipyrazole",Bipyrazole,Zn,Zn(OAc)2·2H2O,DEF,Nessuno,80,4.0,0.5,0.25,2.0,Solvothermal,2,,numeric_decimal_standardized;temperature_numeric_standardized;time_numeric_standardized,,0,INCLUDED,,missing_optional_numeric:Volume solvente,MOF_GROUPED_LIGAND_SPLIT_v6.0_seed260730,DEVELOPMENT,Legante,260730,"3,3'-dinitro-4,4'-bipyrazole bipyrazole",2.0,acetate,2.0,30.0,65.38,12.0,4.0,d,1.65
918,Benzimidazole,Imidazolati,Co,Co(NO3)2·6H2O,DMF/H2O,Nessuno,120,24.0,0.5,1.0,0.5,Hydrothermal,2,,numeric_decimal_standardized;temperature_numeric_standardized;time_numeric_standardized,,0,INCLUDED,,missing_optional_numeric:Volume solvente,MOF_GROUPED_LIGAND_SPLIT_v6.0_seed260730,DEVELOPMENT,Legante,260730,benzimidazole imidazolati,6.0,nitrate,2.0,27.0,58.933,9.0,4.0,d,1.88
919,Benzimidazole,Imidazolati,Cd,Cd(NO3)2·4H2O,DMF/H2O/EtOH,Nessuno,150,4.0,0.5,0.625,0.8,Microwave,2,,solvent_canonicalized;temperature_numeric_standardized;time_numeric_standardized,,0,INCLUDED,,missing_optional_numeric:Volume solvente,MOF_GROUPED_LIGAND_SPLIT_v6.0_seed260730,DEVELOPMENT,Legante,260730,benzimidazole imidazolati,4.0,nitrate,2.0,48.0,112.414,12.0,5.0,d,1.69
920,"3-amino-4,4'-bipyrazole",Bipyrazole,Zn,Zn(OAc)2·2H2O,DMF/H2O/EtOH,Nessuno,140,48.0,0.1,0.1,1.0,Sonochemical,2,,numeric_decimal_standardized;solvent_canonicalized;temperature_numeric_standardized;time_numeric_standardized,,0,INCLUDED,,missing_optional_numeric:Volume solvente,MOF_GROUPED_LIGAND_SPLIT_v6.0_seed260730,DEVELOPMENT,Legante,260730,"3-amino-4,4'-bipyrazole bipyrazole",2.0,acetate,2.0,30.0,65.38,12.0,4.0,d,1.65
921,"3,5-diamino-4,4'-bipyrazole",Bipyrazole,Co,Co(OAc)2·4H2O,DMF,Nessuno,160,36.0,0.1,0.083,1.2,Hydrothermal,2,,temperature_numeric_standardized;time_numeric_standardized,,0,INCLUDED,,missing_optional_numeric:Volume solvente,MOF_GROUPED_LIGAND_SPLIT_v6.0_seed260730,DEVELOPMENT,Legante,260730,"3,5-diamino-4,4'-bipyrazole bipyrazole",4.0,acetate,2.0,27.0,58.933,9.0,4.0,d,1.88
922,Benzimidazole,Imidazolati,Cd,Cd(NO3)2·4H2O,DMA,Nessuno,180,4.0,0.05,0.042,1.2,Microwave,2,,temperature_numeric_standardized;time_numeric_standardized,,0,INCLUDED,,missing_optional_numeric:Volume solvente,MOF_GROUPED_LIGAND_SPLIT_v6.0_seed260730,DEVELOPMENT,Legante,260730,benzimidazole imidazolati,4.0,nitrate,2.0,48.0,112.414,12.0,5.0,d,1.69
923,"3,5-diamino-4,4'-bipyrazole",Bipyrazole,Fe,FeCl3·6H2O,DMA,Nessuno,80,4.0,0.05,0.062,0.8,Solvothermal,2,,temperature_numeric_standardized;time_numeric_standardized,,0,INCLUDED,,missing_optional_numeric:Volume solvente,MOF_GROUPED_LIGAND_SPLIT_v6.0_seed260730,DEVELOPMENT,Legante,260730,"3,5-diamino-4,4'-bipyrazole bipyrazole",6.0,chloride,3.0,26.0,55.845,8.0,4.0,d,1.83
924,Benzimidazole,Imidazolati,Cd,Cd(NO3)2·4H2O,DMA,Nessuno,140,24.0,0.1,0.5,0.2,Microwave,2,,temperature_numeric_standardized;time_numeric_standardized,,0,INCLUDED,,missing_optional_numeric:Volume solvente,MOF_GROUPED_LIGAND_SPLIT_v6.0_seed260730,DEVELOPMENT,Legante,260730,benzimidazole imidazolati,4.0,nitrate,2.0,48.0,112.414,12.0,5.0,d,1.69
925,"3,5-diamino-4,4'-bipyrazole",Bipyrazole,Zr,ZrCl4,DEF,Nessuno,25,4.0,2.0,2.0,1.0,Solvothermal,2,,numeric_decimal_standardized;temperature_numeric_standardized;time_numeric_standardized,,0,INCLUDED,,missing_optional_numeric:Volume solvente,MOF_GROUPED_LIGAND_SPLIT_v6.0_seed260730,DEVELOPMENT,Legante,260730,"3,5-diamino-4,4'-bipyrazole bipyrazole",0.0,chloride,4.0,40.0,91.224,4.0,5.0,d,1.33
926,"1,4-Benzenedicarboxylic acid (H2BDC)",Carbossilati aromatici,Al,Al(NO3)3·9H2O,DMF/MeOH,Nessuno,140,72.0,0.1,0.083,1.2,Hydrothermal,2,,temperature_numeric_standardized;time_numeric_standardized,,0,INCLUDED,,missing_optional_numeric:Volume solvente,MOF_GROUPED_LIGAND_SPLIT_v6.0_seed260730,DEVELOPMENT,Legante,260730,"1,4-benzenedicarboxylic acid (h2bdc) carbossilati aromatici",9.0,nitrate,3.0,13.0,26.982,13.0,3.0,p,1.61
927,Benzimidazole,Imidazolati,Cd,Cd(NO3)2·4H2O,DEF,Nessuno,150,24.0,0.2,0.1,2.0,Solvothermal,2,,numeric_decimal_standardized;temperature_numeric_standardized;time_numeric_standardized,,0,INCLUDED,,missing_optional_numeric:Volume solvente,MOF_GROUPED_LIGAND_SPLIT_v6.0_seed260730,DEVELOPMENT,Legante,260730,benzimidazole imidazolati,4.0,nitrate,2.0,48.0,112.414,12.0,5.0,d,1.69
928,2-Methylimidazole,Imidazolati,Cu,Cu(NO3)2·3H2O,DMA,Nessuno,180,48.0,0.05,0.033,1.5,Solvothermal,2,,temperature_numeric_standardized;time_numeric_standardized,,0,INCLUDED,,missing_optional_numeric:Volume solvente,MOF_GROUPED_LIGAND_SPLIT_v6.0_seed260730,DEVELOPMENT,Legante,260730,2-methylimidazole imidazolati,3.0,nitrate,2.0,29.0,63.546,11.0,4.0,d,1.9
930,Benzimidazole,Imidazolati,Cd,Cd(NO3)2·4H2O,MeOH,Nessuno,100,24.0,0.1,0.083,1.2,Hydrothermal,2,,temperature_numeric_standardized;time_numeric_standardized,,0,INCLUDED,,missing_optional_numeric:Volume solvente,MOF_GROUPED_LIGAND_SPLIT_v6.0_seed260730,DEVELOPMENT,Legante,260730,benzimidazole imidazolati,4.0,nitrate,2.0,48.0,112.414,12.0,5.0,d,1.69
932,2-Methylimidazole,Imidazolati,Al,Al(NO3)3·9H2O,DMF/H2O,Nessuno,80,72.0,1.0,1.0,1.0,Microwave,2,,numeric_decimal_standardized;temperature_numeric_standardized;time_numeric_standardized,,0,INCLUDED,,missing_optional_numeric:Volume solvente,MOF_GROUPED_LIGAND_SPLIT_v6.0_seed260730,DEVELOPMENT,Legante,260730,2-methylimidazole imidazolati,9.0,nitrate,3.0,13.0,26.982,13.0,3.0,p,1.61
933,Fumaric acid,Carbossilati aromatici,Fe,Fe(NO3)3·9H2O,DEF,Nessuno,140,12.0,1.0,0.833,1.2,Room Temperature,2,,numeric_decimal_standardized;temperature_numeric_standardized;time_numeric_standardized,,0,INCLUDED,,missing_optional_numeric:Volume solvente,MOF_GROUPED_LIGAND_SPLIT_v6.0_seed260730,DEVELOPMENT,Legante,260730,fumaric acid carbossilati aromatici,9.0,nitrate,3.0,26.0,55.845,8.0,4.0,d,1.83
934,"3,5-diamino-4,4'-bipyrazole",Bipyrazole,Ni,Ni(NO3)2·6H2O,DMF/H2O,Nessuno,80,18.0,2.0,2.0,1.0,Sonochemical,2,,numeric_decimal_standardized;temperature_numeric_standardized;time_numeric_standardized,,0,INCLUDED,,missing_optional_numeric:Volume solvente,MOF_GROUPED_LIGAND_SPLIT_v6.0_seed260730,DEVELOPMENT,Legante,260730,"3,5-diamino-4,4'-bipyrazole bipyrazole",6.0,nitrate,2.0,28.0,58.693,10.0,4.0,d,1.91
937,"3-amino-4,4'-bipyrazole",Bipyrazole,Cu,Cu(OAc)2·H2O,H2O/EtOH,Nessuno,60,24.0,0.1,0.067,1.5,Hydrothermal,2,,solvent_canonicalized;temperature_numeric_standardized;time_numeric_standardized,,0,INCLUDED,,missing_optional_numeric:Volume solvente,MOF_GROUPED_LIGAND_SPLIT_v6.0_seed260730,DEVELOPMENT,Legante,260730,"3-amino-4,4'-bipyrazole bipyrazole",1.0,acetate,2.0,29.0,63.546,11.0,4.0,d,1.9
938,"2,5-Dihydroxyterephthalic acid (H4DOBDC)",Carbossilati aromatici,Zn,Zn(OAc)2·2H2O,MeOH,Nessuno,80,18.0,1.0,0.833,1.2,Hydrothermal,2,,numeric_decimal_standardized;temperature_numeric_standardized;time_numeric_standardized,,0,INCLUDED,,missing_optional_numeric:Volume solvente,MOF_GROUPED_LIGAND_SPLIT_v6.0_seed260730,DEVELOPMENT,Legante,260730,"2,5-dihydroxyterephthalic acid (h4dobdc) carbossilati aromatici",2.0,acetate,2.0,30.0,65.38,12.0,4.0,d,1.65
939,"1,2,4-Triazole",Triazole,Cu,Cu(NO3)2·3H2O,DEF,Nessuno,160,36.0,0.1,0.2,0.5,Solvothermal,2,,temperature_numeric_standardized;time_numeric_standardized,,0,INCLUDED,,missing_optional_numeric:Volume solvente,MOF_GROUPED_LIGAND_SPLIT_v6.0_seed260730,DEVELOPMENT,Legante,260730,"1,2,4-triazole triazole",3.0,nitrate,2.0,29.0,63.546,11.0,4.0,d,1.9
940,"3,5-diamino-4,4'-bipyrazole",Bipyrazole,Cu,Cu(OAc)2·H2O,MeOH,Nessuno,60,72.0,2.0,2.0,1.0,Sonochemical,2,,numeric_decimal_standardized;temperature_numeric_standardized;time_numeric_standardized,,0,INCLUDED,,missing_optional_numeric:Volume solvente,MOF_GROUPED_LIGAND_SPLIT_v6.0_seed260730,DEVELOPMENT,Legante,260730,"3,5-diamino-4,4'-bipyrazole bipyrazole",1.0,acetate,2.0,29.0,63.546,11.0,4.0,d,1.9
941,2-Methylimidazole,Imidazolati,Ni,Ni(NO3)2·6H2O,DMA,Nessuno,160,72.0,0.1,0.125,0.8,Solvothermal,2,,temperature_numeric_standardized;time_numeric_standardized,,0,INCLUDED,,missing_optional_numeric:Volume solvente,MOF_GROUPED_LIGAND_SPLIT_v6.0_seed260730,DEVELOPMENT,Legante,260730,2-methylimidazole imidazolati,6.0,nitrate,2.0,28.0,58.693,10.0,4.0,d,1.91
942,Fumaric acid,Carbossilati aromatici,Zn,Zn(OAc)2·2H2O,DMF,Nessuno,180,4.0,0.2,0.606,0.33,Microwave,2,,temperature_numeric_standardized;time_numeric_standardized,,0,INCLUDED,,missing_optional_numeric:Volume solvente,MOF_GROUPED_LIGAND_SPLIT_v6.0_seed260730,DEVELOPMENT,Legante,260730,fumaric acid carbossilati aromatici,2.0,acetate,2.0,30.0,65.38,12.0,4.0,d,1.65
943,"2,6-Naphthalenedicarboxylic acid",Carbossilati aromatici,Zn,Zn(NO3)2·6H2O,DMF,Nessuno,160,24.0,0.2,0.2,1.0,Microwave,2,,numeric_decimal_standardized;temperature_numeric_standardized;time_numeric_standardized,,0,INCLUDED,,missing_optional_numeric:Volume solvente,MOF_GROUPED_LIGAND_SPLIT_v6.0_seed260730,DEVELOPMENT,Legante,260730,"2,6-naphthalenedicarboxylic acid carbossilati aromatici",6.0,nitrate,2.0,30.0,65.38,12.0,4.0,d,1.65
944,"3,3'-dinitro-4,4'-bipyrazole",Bipyrazole,Cu,Cu(NO3)2·3H2O,DMA,Nessuno,180,4.0,0.2,0.25,0.8,Sonochemical,2,,temperature_numeric_standardized;time_numeric_standardized,,0,INCLUDED,,missing_optional_numeric:Volume solvente,MOF_GROUPED_LIGAND_SPLIT_v6.0_seed260730,DEVELOPMENT,Legante,260730,"3,3'-dinitro-4,4'-bipyrazole bipyrazole",3.0,nitrate,2.0,29.0,63.546,11.0,4.0,d,1.9
945,"1,2,4-Triazole",Triazole,Zr,ZrCl4,DMF/H2O/EtOH,Nessuno,140,24.0,0.2,1.0,0.2,Microwave,2,,numeric_decimal_standardized;solvent_canonicalized;temperature_numeric_standardized;time_numeric_standardized,,0,INCLUDED,,missing_optional_numeric:Volume solvente,MOF_GROUPED_LIGAND_SPLIT_v6.0_seed260730,DEVELOPMENT,Legante,260730,"1,2,4-triazole triazole",0.0,chloride,4.0,40.0,91.224,4.0,5.0,d,1.33
946,"2,6-Naphthalenedicarboxylic acid",Carbossilati aromatici,Cd,Cd(NO3)2·4H2O,H2O/EtOH,Nessuno,120,4.0,0.5,0.25,2.0,Solvothermal,2,,numeric_decimal_standardized;solvent_canonicalized;temperature_numeric_standardized;time_numeric_standardized,,0,INCLUDED,,missing_optional_numeric:Volume solvente,MOF_GROUPED_LIGAND_SPLIT_v6.0_seed260730,DEVELOPMENT,Legante,260730,"2,6-naphthalenedicarboxylic acid carbossilati aromatici",4.0,nitrate,2.0,48.0,112.414,12.0,5.0,d,1.69
947,"3,5-diamino-4,4'-bipyrazole",Bipyrazole,Cd,Cd(NO3)2·4H2O,DMA,Nessuno,100,12.0,1.0,5.0,0.2,Hydrothermal,2,,numeric_decimal_standardized;temperature_numeric_standardized;time_numeric_standardized,,0,INCLUDED,,missing_optional_numeric:Volume solvente,MOF_GROUPED_LIGAND_SPLIT_v6.0_seed260730,DEVELOPMENT,Legante,260730,"3,5-diamino-4,4'-bipyrazole bipyrazole",4.0,nitrate,2.0,48.0,112.414,12.0,5.0,d,1.69
948,"2,5-Dihydroxyterephthalic acid (H4DOBDC)",Carbossilati aromatici,Zr,ZrCl4,MeOH,Nessuno,80,48.0,0.2,0.2,1.0,Sonochemical,2,,numeric_decimal_standardized;temperature_numeric_standardized;time_numeric_standardized,,0,INCLUDED,,missing_optional_numeric:Volume solvente,MOF_GROUPED_LIGAND_SPLIT_v6.0_seed260730,DEVELOPMENT,Legante,260730,"2,5-dihydroxyterephthalic acid (h4dobdc) carbossilati aromatici",0.0,chloride,4.0,40.0,91.224,4.0,5.0,d,1.33
949,"2,6-Naphthalenedicarboxylic acid",Carbossilati aromatici,Zr,ZrCl4,DMF,Nessuno,80,48.0,0.5,1.515,0.33,Microwave,2,,temperature_numeric_standardized;time_numeric_standardized,,0,INCLUDED,,missing_optional_numeric:Volume solvente,MOF_GROUPED_LIGAND_SPLIT_v6.0_seed260730,DEVELOPMENT,Legante,260730,"2,6-naphthalenedicarboxylic acid carbossilati aromatici",0.0,chloride,4.0,40.0,91.224,4.0,5.0,d,1.33
950,"2,6-Naphthalenedicarboxylic acid",Carbossilati aromatici,Fe,FeCl3·6H2O,DEF,Nessuno,180,12.0,0.2,1.0,0.2,Sonochemical,2,,numeric_decimal_standardized;temperature_numeric_standardized;time_numeric_standardized,,0,INCLUDED,,missing_optional_numeric:Volume solvente,MOF_GROUPED_LIGAND_SPLIT_v6.0_seed260730,DEVELOPMENT,Legante,260730,"2,6-naphthalenedicarboxylic acid carbossilati aromatici",6.0,chloride,3.0,26.0,55.845,8.0,4.0,d,1.83
952,"3,3'-dinitro-4,4'-bipyrazole",Bipyrazole,Co,Co(OAc)2·4H2O,DEF,Nessuno,120,4.0,2.0,1.0,2.0,Sonochemical,2,,numeric_decimal_standardized;temperature_numeric_standardized;time_numeric_standardized,,0,INCLUDED,,missing_optional_numeric:Volume solvente,MOF_GROUPED_LIGAND_SPLIT_v6.0_seed260730,DEVELOPMENT,Legante,260730,"3,3'-dinitro-4,4'-bipyrazole bipyrazole",4.0,acetate,2.0,27.0,58.933,9.0,4.0,d,1.88
953,"2,6-Naphthalenedicarboxylic acid",Carbossilati aromatici,Cd,Cd(NO3)2·4H2O,DMA,Nessuno,60,4.0,0.1,0.2,0.5,Hydrothermal,2,,temperature_numeric_standardized;time_numeric_standardized,,0,INCLUDED,,missing_optional_numeric:Volume solvente,MOF_GROUPED_LIGAND_SPLIT_v6.0_seed260730,DEVELOPMENT,Legante,260730,"2,6-naphthalenedicarboxylic acid carbossilati aromatici",4.0,nitrate,2.0,48.0,112.414,12.0,5.0,d,1.69
954,Benzimidazole,Imidazolati,Mn,Mn(OAc)2·4H2O,H2O,Nessuno,160,4.0,0.05,0.1,0.5,Microwave,2,,temperature_numeric_standardized;time_numeric_standardized,,0,INCLUDED,,missing_optional_numeric:Volume solvente,MOF_GROUPED_LIGAND_SPLIT_v6.0_seed260730,DEVELOPMENT,Legante,260730,benzimidazole imidazolati,4.0,acetate,2.0,25.0,54.938,7.0,4.0,d,1.55
955,Benzimidazole,Imidazolati,Cu,Cu(OAc)2·H2O,DMF,Nessuno,25,18.0,1.0,0.5,2.0,Sonochemical,2,,numeric_decimal_standardized;temperature_numeric_standardized;time_numeric_standardized,,0,INCLUDED,,missing_optional_numeric:Volume solvente,MOF_GROUPED_LIGAND_SPLIT_v6.0_seed260730,DEVELOPMENT,Legante,260730,benzimidazole imidazolati,1.0,acetate,2.0,29.0,63.546,11.0,4.0,d,1.9
956,"3-amino-4,4'-bipyrazole",Bipyrazole,Zr,ZrOCl2·8H2O,DEF,Nessuno,140,72.0,0.05,0.25,0.2,Solvothermal,2,,temperature_numeric_standardized;time_numeric_standardized,,0,INCLUDED,,missing_optional_numeric:Volume solvente,MOF_GROUPED_LIGAND_SPLIT_v6.0_seed260730,DEVELOPMENT,Legante,260730,"3-amino-4,4'-bipyrazole bipyrazole",8.0,chloride,2.0,40.0,91.224,4.0,5.0,d,1.33
957,"3-amino-4,4'-bipyrazole",Bipyrazole,Mg,Mg(NO3)2·6H2O,DMF/H2O/EtOH,Nessuno,120,36.0,0.5,1.0,0.5,Solvothermal,2,,numeric_decimal_standardized;solvent_canonicalized;temperature_numeric_standardized;time_numeric_standardized,,0,INCLUDED,,missing_optional_numeric:Volume solvente,MOF_GROUPED_LIGAND_SPLIT_v6.0_seed260730,DEVELOPMENT,Legante,260730,"3-amino-4,4'-bipyrazole bipyrazole",6.0,nitrate,2.0,12.0,24.305,2.0,3.0,s,1.31
959,"3-amino-4,4'-bipyrazole",Bipyrazole,Al,Al(NO3)3·9H2O,DMF,Nessuno,160,48.0,0.05,0.05,1.0,Solvothermal,2,,numeric_decimal_standardized;temperature_numeric_standardized;time_numeric_standardized,,0,INCLUDED,,missing_optional_numeric:Volume solvente,MOF_GROUPED_LIGAND_SPLIT_v6.0_seed260730,DEVELOPMENT,Legante,260730,"3-amino-4,4'-bipyrazole bipyrazole",9.0,nitrate,3.0,13.0,26.982,13.0,3.0,p,1.61
960,"1,2,4-Triazole",Triazole,Co,Co(NO3)2·6H2O,H2O/EtOH,Nessuno,80,24.0,0.05,0.25,0.2,Sonochemical,2,,solvent_canonicalized;temperature_numeric_standardized;time_numeric_standardized,,0,INCLUDED,,missing_optional_numeric:Volume solvente,MOF_GROUPED_LIGAND_SPLIT_v6.0_seed260730,DEVELOPMENT,Legante,260730,"1,2,4-triazole triazole",6.0,nitrate,2.0,27.0,58.933,9.0,4.0,d,1.88
961,"1,4-Benzenedicarboxylic acid (H2BDC)",Carbossilati aromatici,Mn,Mn(OAc)2·4H2O,DMF/H2O,Nessuno,140,12.0,2.0,4.0,0.5,Room Temperature,2,,numeric_decimal_standardized;temperature_numeric_standardized;time_numeric_standardized,,0,INCLUDED,,missing_optional_numeric:Volume solvente,MOF_GROUPED_LIGAND_SPLIT_v6.0_seed260730,DEVELOPMENT,Legante,260730,"1,4-benzenedicarboxylic acid (h2bdc) carbossilati aromatici",4.0,acetate,2.0,25.0,54.938,7.0,4.0,d,1.55
962,Benzimidazole,Imidazolati,Ni,Ni(OAc)2·4H2O,DEF,Nessuno,180,18.0,0.1,0.303,0.33,Sonochemical,2,,temperature_numeric_standardized;time_numeric_standardized,,0,INCLUDED,,missing_optional_numeric:Volume solvente,MOF_GROUPED_LIGAND_SPLIT_v6.0_seed260730,DEVELOPMENT,Legante,260730,benzimidazole imidazolati,4.0,acetate,2.0,28.0,58.693,10.0,4.0,d,1.91
963,"4,4'-Biphenyldicarboxylic acid (BPDC)",Carbossilati aromatici,Fe,Fe(NO3)3·9H2O,H2O/EtOH,Nessuno,60,36.0,0.2,0.25,0.8,Microwave,2,,solvent_canonicalized;temperature_numeric_standardized;time_numeric_standardized,,0,INCLUDED,,missing_optional_numeric:Volume solvente,MOF_GROUPED_LIGAND_SPLIT_v6.0_seed260730,DEVELOPMENT,Legante,260730,"4,4'-biphenyldicarboxylic acid (bpdc) carbossilati aromatici",9.0,nitrate,3.0,26.0,55.845,8.0,4.0,d,1.83
964,Fumaric acid,Carbossilati aromatici,Zn,Zn(OAc)2·2H2O,DEF,Nessuno,120,72.0,1.0,0.667,1.5,Room Temperature,2,,numeric_decimal_standardized;temperature_numeric_standardized;time_numeric_standardized,,0,INCLUDED,,missing_optional_numeric:Volume solvente,MOF_GROUPED_LIGAND_SPLIT_v6.0_seed260730,DEVELOPMENT,Legante,260730,fumaric acid carbossilati aromatici,2.0,acetate,2.0,30.0,65.38,12.0,4.0,d,1.65
965,"1,2,4-Triazole",Triazole,Cd,Cd(NO3)2·4H2O,DMF/H2O/EtOH,Nessuno,100,18.0,0.5,0.333,1.5,Room Temperature,2,,solvent_canonicalized;temperature_numeric_standardized;time_numeric_standardized,,0,INCLUDED,,missing_optional_numeric:Volume solvente,MOF_GROUPED_LIGAND_SPLIT_v6.0_seed260730,DEVELOPMENT,Legante,260730,"1,2,4-triazole triazole",4.0,nitrate,2.0,48.0,112.414,12.0,5.0,d,1.69
966,"2,6-Naphthalenedicarboxylic acid",Carbossilati aromatici,Al,Al(NO3)3·9H2O,DMA,Nessuno,80,12.0,1.0,1.25,0.8,Sonochemical,2,,numeric_decimal_standardized;temperature_numeric_standardized;time_numeric_standardized,,0,INCLUDED,,missing_optional_numeric:Volume solvente,MOF_GROUPED_LIGAND_SPLIT_v6.0_seed260730,DEVELOPMENT,Legante,260730,"2,6-naphthalenedicarboxylic acid carbossilati aromatici",9.0,nitrate,3.0,13.0,26.982,13.0,3.0,p,1.61
967,"2,5-Dihydroxyterephthalic acid (H4DOBDC)",Carbossilati aromatici,Al,AlCl3·6H2O,DMF/H2O,Nessuno,160,12.0,0.1,0.083,1.2,Microwave,2,,temperature_numeric_standardized;time_numeric_standardized,,0,INCLUDED,,missing_optional_numeric:Volume solvente,MOF_GROUPED_LIGAND_SPLIT_v6.0_seed260730,DEVELOPMENT,Legante,260730,"2,5-dihydroxyterephthalic acid (h4dobdc) carbossilati aromatici",6.0,chloride,3.0,13.0,26.982,13.0,3.0,p,1.61
969,"3,3'-dinitro-4,4'-bipyrazole",Bipyrazole,Co,Co(NO3)2·6H2O,MeOH,Nessuno,160,4.0,0.1,0.1,1.0,Hydrothermal,2,,numeric_decimal_standardized;temperature_numeric_standardized;time_numeric_standardized,,0,INCLUDED,,missing_optional_numeric:Volume solvente,MOF_GROUPED_LIGAND_SPLIT_v6.0_seed260730,DEVELOPMENT,Legante,260730,"3,3'-dinitro-4,4'-bipyrazole bipyrazole",6.0,nitrate,2.0,27.0,58.933,9.0,4.0,d,1.88
970,"3,5-diamino-4,4'-bipyrazole",Bipyrazole,Cu,Cu(OAc)2·H2O,DMF/MeOH,Nessuno,100,48.0,1.0,1.25,0.8,Solvothermal,2,,numeric_decimal_standardized;temperature_numeric_standardized;time_numeric_standardized,,0,INCLUDED,,missing_optional_numeric:Volume solvente,MOF_GROUPED_LIGAND_SPLIT_v6.0_seed260730,DEVELOPMENT,Legante,260730,"3,5-diamino-4,4'-bipyrazole bipyrazole",1.0,acetate,2.0,29.0,63.546,11.0,4.0,d,1.9
971,"3,3'-dinitro-4,4'-bipyrazole",Bipyrazole,Cd,Cd(NO3)2·4H2O,MeOH,Nessuno,140,48.0,0.5,0.417,1.2,Sonochemical,2,,temperature_numeric_standardized;time_numeric_standardized,,0,INCLUDED,,missing_optional_numeric:Volume solvente,MOF_GROUPED_LIGAND_SPLIT_v6.0_seed260730,DEVELOPMENT,Legante,260730,"3,3'-dinitro-4,4'-bipyrazole bipyrazole",4.0,nitrate,2.0,48.0,112.414,12.0,5.0,d,1.69
972,"3-amino-4,4'-bipyrazole",Bipyrazole,Ni,Ni(NO3)2·6H2O,H2O,Nessuno,180,36.0,0.05,0.025,2.0,Hydrothermal,2,,numeric_decimal_standardized;temperature_numeric_standardized;time_numeric_standardized,,0,INCLUDED,,missing_optional_numeric:Volume solvente,MOF_GROUPED_LIGAND_SPLIT_v6.0_seed260730,DEVELOPMENT,Legante,260730,"3-amino-4,4'-bipyrazole bipyrazole",6.0,nitrate,2.0,28.0,58.693,10.0,4.0,d,1.91
973,"3,3'-dinitro-4,4'-bipyrazole",Bipyrazole,Zn,Zn(NO3)2·6H2O,DMF/MeOH,Nessuno,60,18.0,0.1,0.125,0.8,Microwave,2,,temperature_numeric_standardized;time_numeric_standardized,,0,INCLUDED,,missing_optional_numeric:Volume solvente,MOF_GROUPED_LIGAND_SPLIT_v6.0_seed260730,DEVELOPMENT,Legante,260730,"3,3'-dinitro-4,4'-bipyrazole bipyrazole",6.0,nitrate,2.0,30.0,65.38,12.0,4.0,d,1.65
974,"3-amino-4,4'-bipyrazole",Bipyrazole,Cu,Cu(OAc)2·H2O,DMF,Nessuno,150,12.0,0.05,0.033,1.5,Sonochemical,2,,temperature_numeric_standardized;time_numeric_standardized,,0,INCLUDED,,missing_optional_numeric:Volume solvente,MOF_GROUPED_LIGAND_SPLIT_v6.0_seed260730,DEVELOPMENT,Legante,260730,"3-amino-4,4'-bipyrazole bipyrazole",1.0,acetate,2.0,29.0,63.546,11.0,4.0,d,1.9
976,"2,6-Naphthalenedicarboxylic acid",Carbossilati aromatici,Cd,Cd(NO3)2·4H2O,DMF/H2O,Nessuno,150,18.0,2.0,10.0,0.2,Hydrothermal,2,,numeric_decimal_standardized;temperature_numeric_standardized;time_numeric_standardized,,0,INCLUDED,,missing_optional_numeric:Volume solvente,MOF_GROUPED_LIGAND_SPLIT_v6.0_seed260730,DEVELOPMENT,Legante,260730,"2,6-naphthalenedicarboxylic acid carbossilati aromatici",4.0,nitrate,2.0,48.0,112.414,12.0,5.0,d,1.69
977,2-Methylimidazole,Imidazolati,Zr,ZrOCl2·8H2O,DMF/H2O,Nessuno,150,36.0,0.1,0.2,0.5,Hydrothermal,2,,temperature_numeric_standardized;time_numeric_standardized,,0,INCLUDED,,missing_optional_numeric:Volume solvente,MOF_GROUPED_LIGAND_SPLIT_v6.0_seed260730,DEVELOPMENT,Legante,260730,2-methylimidazole imidazolati,8.0,chloride,2.0,40.0,91.224,4.0,5.0,d,1.33
978,"4,4'-Biphenyldicarboxylic acid (BPDC)",Carbossilati aromatici,Co,Co(NO3)2·6H2O,DMF/H2O/EtOH,Nessuno,25,18.0,0.2,0.167,1.2,Microwave,2,,solvent_canonicalized;temperature_numeric_standardized;time_numeric_standardized,,0,INCLUDED,,missing_optional_numeric:Volume solvente,MOF_GROUPED_LIGAND_SPLIT_v6.0_seed260730,DEVELOPMENT,Legante,260730,"4,4'-biphenyldicarboxylic acid (bpdc) carbossilati aromatici",6.0,nitrate,2.0,27.0,58.933,9.0,4.0,d,1.88
979,"2,5-Dihydroxyterephthalic acid (H4DOBDC)",Carbossilati aromatici,Zn,Zn(OAc)2·2H2O,MeOH,Nessuno,100,36.0,0.2,0.25,0.8,Solvothermal,2,,temperature_numeric_standardized;time_numeric_standardized,,0,INCLUDED,,missing_optional_numeric:Volume solvente,MOF_GROUPED_LIGAND_SPLIT_v6.0_seed260730,DEVELOPMENT,Legante,260730,"2,5-dihydroxyterephthalic acid (h4dobdc) carbossilati aromatici",2.0,acetate,2.0,30.0,65.38,12.0,4.0,d,1.65
980,"3-amino-4,4'-bipyrazole",Bipyrazole,Co,Co(OAc)2·4H2O,DMF,Nessuno,140,4.0,0.05,0.05,1.0,Microwave,2,,numeric_decimal_standardized;temperature_numeric_standardized;time_numeric_standardized,,0,INCLUDED,,missing_optional_numeric:Volume solvente,MOF_GROUPED_LIGAND_SPLIT_v6.0_seed260730,DEVELOPMENT,Legante,260730,"3-amino-4,4'-bipyrazole bipyrazole",4.0,acetate,2.0,27.0,58.933,9.0,4.0,d,1.88
981,"1,2,4-Triazole",Triazole,Zr,ZrOCl2·8H2O,H2O/EtOH,Nessuno,120,48.0,2.0,4.0,0.5,Hydrothermal,2,,numeric_decimal_standardized;solvent_canonicalized;temperature_numeric_standardized;time_numeric_standardized,,0,INCLUDED,,missing_optional_numeric:Volume solvente,MOF_GROUPED_LIGAND_SPLIT_v6.0_seed260730,DEVELOPMENT,Legante,260730,"1,2,4-triazole triazole",8.0,chloride,2.0,40.0,91.224,4.0,5.0,d,1.33
982,"1,2,4-Triazole",Triazole,Cu,Cu(NO3)2·3H2O,DMA,Nessuno,140,12.0,2.0,6.061,0.33,Microwave,2,,numeric_decimal_standardized;temperature_numeric_standardized;time_numeric_standardized,,0,INCLUDED,,missing_optional_numeric:Volume solvente,MOF_GROUPED_LIGAND_SPLIT_v6.0_seed260730,DEVELOPMENT,Legante,260730,"1,2,4-triazole triazole",3.0,nitrate,2.0,29.0,63.546,11.0,4.0,d,1.9
983,"1,4-Benzenedicarboxylic acid (H2BDC)",Carbossilati aromatici,Cu,Cu(NO3)2·3H2O,DEF,Nessuno,150,48.0,2.0,1.0,2.0,Microwave,2,,numeric_decimal_standardized;temperature_numeric_standardized;time_numeric_standardized,,0,INCLUDED,,missing_optional_numeric:Volume solvente,MOF_GROUPED_LIGAND_SPLIT_v6.0_seed260730,DEVELOPMENT,Legante,260730,"1,4-benzenedicarboxylic acid (h2bdc) carbossilati aromatici",3.0,nitrate,2.0,29.0,63.546,11.0,4.0,d,1.9
984,"1,2,4-Triazole",Triazole,Cu,Cu(OAc)2·H2O,H2O/EtOH,Nessuno,180,72.0,2.0,1.667,1.2,Hydrothermal,2,,numeric_decimal_standardized;solvent_canonicalized;temperature_numeric_standardized;time_numeric_standardized,,0,INCLUDED,,missing_optional_numeric:Volume solvente,MOF_GROUPED_LIGAND_SPLIT_v6.0_seed260730,DEVELOPMENT,Legante,260730,"1,2,4-triazole triazole",1.0,acetate,2.0,29.0,63.546,11.0,4.0,d,1.9
985,"3-amino-4,4'-bipyrazole",Bipyrazole,Mg,Mg(NO3)2·6H2O,DMF,Nessuno,160,24.0,2.0,1.0,2.0,Room Temperature,2,,numeric_decimal_standardized;temperature_numeric_standardized;time_numeric_standardized,,0,INCLUDED,,missing_optional_numeric:Volume solvente,MOF_GROUPED_LIGAND_SPLIT_v6.0_seed260730,DEVELOPMENT,Legante,260730,"3-amino-4,4'-bipyrazole bipyrazole",6.0,nitrate,2.0,12.0,24.305,2.0,3.0,s,1.31
986,2-Methylimidazole,Imidazolati,Co,Co(OAc)2·4H2O,DMA,Nessuno,120,24.0,0.05,0.25,0.2,Microwave,2,,temperature_numeric_standardized;time_numeric_standardized,,0,INCLUDED,,missing_optional_numeric:Volume solvente,MOF_GROUPED_LIGAND_SPLIT_v6.0_seed260730,DEVELOPMENT,Legante,260730,2-methylimidazole imidazolati,4.0,acetate,2.0,27.0,58.933,9.0,4.0,d,1.88
987,Benzimidazole,Imidazolati,Zn,Zn(OAc)2·2H2O,DMA,Nessuno,60,72.0,0.5,0.5,1.0,Solvothermal,2,,numeric_decimal_standardized;temperature_numeric_standardized;time_numeric_standardized,,0,INCLUDED,,missing_optional_numeric:Volume solvente,MOF_GROUPED_LIGAND_SPLIT_v6.0_seed260730,DEVELOPMENT,Legante,260730,benzimidazole imidazolati,2.0,acetate,2.0,30.0,65.38,12.0,4.0,d,1.65
988,"4,4'-Biphenyldicarboxylic acid (BPDC)",Carbossilati aromatici,Zr,ZrOCl2·8H2O,DMF/MeOH,Nessuno,25,72.0,0.1,0.1,1.0,Hydrothermal,2,,numeric_decimal_standardized;temperature_numeric_standardized;time_numeric_standardized,,0,INCLUDED,,missing_optional_numeric:Volume solvente,MOF_GROUPED_LIGAND_SPLIT_v6.0_seed260730,DEVELOPMENT,Legante,260730,"4,4'-biphenyldicarboxylic acid (bpdc) carbossilati aromatici",8.0,chloride,2.0,40.0,91.224,4.0,5.0,d,1.33
989,"3-amino-4,4'-bipyrazole",Bipyrazole,Zr,ZrOCl2·8H2O,DMF/H2O/EtOH,Nessuno,180,4.0,0.5,1.0,0.5,Room Temperature,2,,numeric_decimal_standardized;solvent_canonicalized;temperature_numeric_standardized;time_numeric_standardized,,0,INCLUDED,,missing_optional_numeric:Volume solvente,MOF_GROUPED_LIGAND_SPLIT_v6.0_seed260730,DEVELOPMENT,Legante,260730,"3-amino-4,4'-bipyrazole bipyrazole",8.0,chloride,2.0,40.0,91.224,4.0,5.0,d,1.33
990,Benzimidazole,Imidazolati,Cu,Cu(OAc)2·H2O,DEF,Nessuno,150,48.0,0.2,0.167,1.2,Room Temperature,2,,temperature_numeric_standardized;time_numeric_standardized,,0,INCLUDED,,missing_optional_numeric:Volume solvente,MOF_GROUPED_LIGAND_SPLIT_v6.0_seed260730,DEVELOPMENT,Legante,260730,benzimidazole imidazolati,1.0,acetate,2.0,29.0,63.546,11.0,4.0,d,1.9
992,Benzimidazole,Imidazolati,Ni,Ni(OAc)2·4H2O,DMA,Nessuno,80,72.0,0.05,0.042,1.2,Microwave,2,,temperature_numeric_standardized;time_numeric_standardized,,0,INCLUDED,,missing_optional_numeric:Volume solvente,MOF_GROUPED_LIGAND_SPLIT_v6.0_seed260730,DEVELOPMENT,Legante,260730,benzimidazole imidazolati,4.0,acetate,2.0,28.0,58.693,10.0,4.0,d,1.91
995,"2,5-Dihydroxyterephthalic acid (H4DOBDC)",Carbossilati aromatici,Al,AlCl3·6H2O,DMF,Nessuno,140,48.0,0.2,0.25,0.8,Sonochemical,2,,temperature_numeric_standardized;time_numeric_standardized,,0,INCLUDED,,missing_optional_numeric:Volume solvente,MOF_GROUPED_LIGAND_SPLIT_v6.0_seed260730,DEVELOPMENT,Legante,260730,"2,5-dihydroxyterephthalic acid (h4dobdc) carbossilati aromatici",6.0,chloride,3.0,13.0,26.982,13.0,3.0,p,1.61
998,2-Methylimidazole,Imidazolati,Al,AlCl3·6H2O,DMF/MeOH,Nessuno,60,36.0,2.0,1.333,1.5,Microwave,2,,numeric_decimal_standardized;temperature_numeric_standardized;time_numeric_standardized,,0,INCLUDED,,missing_optional_numeric:Volume solvente,MOF_GROUPED_LIGAND_SPLIT_v6.0_seed260730,DEVELOPMENT,Legante,260730,2-methylimidazole imidazolati,6.0,chloride,3.0,13.0,26.982,13.0,3.0,p,1.61
999,2-Methylimidazole,Imidazolati,Fe,FeCl3·6H2O,DEF,Nessuno,150,18.0,0.2,0.2,1.0,Room Temperature,2,,numeric_decimal_standardized;temperature_numeric_standardized;time_numeric_standardized,,0,INCLUDED,,missing_optional_numeric:Volume solvente,MOF_GROUPED_LIGAND_SPLIT_v6.0_seed260730,DEVELOPMENT,Legante,260730,2-methylimidazole imidazolati,6.0,chloride,3.0,26.0,55.845,8.0,4.0,d,1.83
MOFs_0,"3-nitro-4,4'-bipyrazole",Bipyrazole,Cd,Cd(NO3)2·4H2O,DMF,Nessuno,150,24.0,0.1,0.1,1.0,Solvothermal,0,10.0,numeric_decimal_standardized;salt_hydrate_separator_standardized,,0,INCLUDED,,,MOF_GROUPED_LIGAND_SPLIT_v6.0_seed260730,DEVELOPMENT,Legante,260730,"3-nitro-4,4'-bipyrazole bipyrazole",4.0,nitrate,2.0,48.0,112.414,12.0,5.0,d,1.69
MOFs_1,"3-nitro-4,4'-bipyrazole",Bipyrazole,Cd,Cd(NO3)2·4H2O,DMF,Nessuno,150,24.0,0.1,0.2,0.5,Solvothermal,0,10.0,numeric_decimal_standardized;salt_hydrate_separator_standardized,,0,INCLUDED,,,MOF_GROUPED_LIGAND_SPLIT_v6.0_seed260730,DEVELOPMENT,Legante,260730,"3-nitro-4,4'-bipyrazole bipyrazole",4.0,nitrate,2.0,48.0,112.414,12.0,5.0,d,1.69
MOFs_2,"3-nitro-4,4'-bipyrazole",Bipyrazole,Ni,Ni(NO3)2,MeCN,Trietilammina (TEA),25,48.0,0.1,0.1,1.0,Solvothermal,0,10.0,additive_canonicalized;numeric_decimal_standardized;solvent_canonicalized;temperature_room_to_25,,0,INCLUDED,,,MOF_GROUPED_LIGAND_SPLIT_v6.0_seed260730,DEVELOPMENT,Legante,260730,"3-nitro-4,4'-bipyrazole bipyrazole",0.0,nitrate,2.0,28.0,58.693,10.0,4.0,d,1.91
MOFs_6,"3-(3,5-DiMePz4-yl)pentane-2,4-dione",Altro,Zr,ZrCl4,MeOH,Nessuno,110,94.0,0.3,0.3,1.0,Solvothermal,0,20.0,numeric_decimal_standardized,,0,INCLUDED,,,MOF_GROUPED_LIGAND_SPLIT_v6.0_seed260730,DEVELOPMENT,Legante,260730,"3-(3,5-dimepz4-yl)pentane-2,4-dione altro",0.0,chloride,4.0,40.0,91.224,4.0,5.0,d,1.33
MOFs_8,"3-(3,5-DiMePz4-yl)pentane-2,4-dione",Altro,Zr,ZrCl4,MeOH,Nessuno,110,48.0,0.15,0.15,1.0,Solvothermal,0,10.0,numeric_decimal_standardized,,0,INCLUDED,,,MOF_GROUPED_LIGAND_SPLIT_v6.0_seed260730,DEVELOPMENT,Legante,260730,"3-(3,5-dimepz4-yl)pentane-2,4-dione altro",0.0,chloride,4.0,40.0,91.224,4.0,5.0,d,1.33
MOFs_9,"3-(3,5-DiMePz4-yl)pentane-2,4-dione",Altro,Zr,ZrCl4,MeOH,Nessuno,110,72.0,0.15,0.15,1.0,Solvothermal,0,10.0,numeric_decimal_standardized,,0,INCLUDED,,,MOF_GROUPED_LIGAND_SPLIT_v6.0_seed260730,DEVELOPMENT,Legante,260730,"3-(3,5-dimepz4-yl)pentane-2,4-dione altro",0.0,chloride,4.0,40.0,91.224,4.0,5.0,d,1.33
MOFs_10,"3-amino-4,4'-bipyrazole",Bipyrazole,Ag,Ag2O,MeOH,Nessuno,25,24.0,0.2,0.2,1.0,Solvothermal,0,2.0,numeric_decimal_standardized;solvent_canonicalized;temperature_room_to_25,,0,INCLUDED,,,MOF_GROUPED_LIGAND_SPLIT_v6.0_seed260730,DEVELOPMENT,Legante,260730,"3-amino-4,4'-bipyrazole bipyrazole",0.0,oxide,,47.0,107.868,11.0,5.0,d,1.93
MOFs_11,"3-amino-4,4'-bipyrazole",Bipyrazole,Ag,AgNO3,ButOH,Trietilammina (TEA),25,36.0,0.15,0.15,1.0,Solvothermal,0,16.0,additive_canonicalized;numeric_decimal_standardized;temperature_room_to_25,,0,INCLUDED,,,MOF_GROUPED_LIGAND_SPLIT_v6.0_seed260730,DEVELOPMENT,Legante,260730,"3-amino-4,4'-bipyrazole bipyrazole",0.0,nitrate,,47.0,107.868,11.0,5.0,d,1.93
MOFs_12,"3-amino-4,4'-bipyrazole",Bipyrazole,Ag,AgNO3,DMF,Nessuno,110,48.0,0.2,0.2,1.0,Solvothermal,0,1.5,numeric_decimal_standardized,,0,INCLUDED,,,MOF_GROUPED_LIGAND_SPLIT_v6.0_seed260730,DEVELOPMENT,Legante,260730,"3-amino-4,4'-bipyrazole bipyrazole",0.0,nitrate,,47.0,107.868,11.0,5.0,d,1.93
MOFs_13,"3-amino-4,4'-bipyrazole",Bipyrazole,Ag,AgNO3,MeOH,Trietilammina (TEA),70,72.0,0.15,0.15,1.0,Solvothermal,0,16.0,additive_canonicalized;numeric_decimal_standardized;solvent_canonicalized,,0,INCLUDED,,,MOF_GROUPED_LIGAND_SPLIT_v6.0_seed260730,DEVELOPMENT,Legante,260730,"3-amino-4,4'-bipyrazole bipyrazole",0.0,nitrate,,47.0,107.868,11.0,5.0,d,1.93
MOFs_14,"3-amino-4,4'-bipyrazole",Bipyrazole,Ag,AgNO3,MeOH,Nessuno,25,24.0,0.2,0.2,1.0,Solvothermal,0,2.0,numeric_decimal_standardized;solvent_canonicalized;temperature_room_to_25,,0,INCLUDED,,,MOF_GROUPED_LIGAND_SPLIT_v6.0_seed260730,DEVELOPMENT,Legante,260730,"3-amino-4,4'-bipyrazole bipyrazole",0.0,nitrate,,47.0,107.868,11.0,5.0,d,1.93
MOFs_15,"3-amino-4,4'-bipyrazole",Bipyrazole,Ag,AgNO3,DMF,Nessuno,120,24.0,0.2,0.4,0.5,Solvothermal,0,10.0,numeric_decimal_standardized,,0,INCLUDED,,,MOF_GROUPED_LIGAND_SPLIT_v6.0_seed260730,DEVELOPMENT,Legante,260730,"3-amino-4,4'-bipyrazole bipyrazole",0.0,nitrate,,47.0,107.868,11.0,5.0,d,1.93
MOFs_16,"3-amino-4,4'-bipyrazole",Bipyrazole,Ag,Ag2O,NH3 28%,Nessuno,60,24.0,0.2,0.2,1.0,Solvothermal,0,2.0,numeric_decimal_standardized,,0,INCLUDED,,,MOF_GROUPED_LIGAND_SPLIT_v6.0_seed260730,DEVELOPMENT,Legante,260730,"3-amino-4,4'-bipyrazole bipyrazole",0.0,oxide,,47.0,107.868,11.0,5.0,d,1.93
MOFs_17,"3-amino-4,4'-bipyrazole",Bipyrazole,Ag,AgNO3,DMF/H2O,Nessuno,100,96.0,0.2,0.2,1.0,Solvothermal,0,8.0,numeric_decimal_standardized,,0,INCLUDED,,,MOF_GROUPED_LIGAND_SPLIT_v6.0_seed260730,DEVELOPMENT,Legante,260730,"3-amino-4,4'-bipyrazole bipyrazole",0.0,nitrate,,47.0,107.868,11.0,5.0,d,1.93
MOFs_18,"3-amino-4,4'-bipyrazole",Bipyrazole,Ag,AgNO3,DMF,Nessuno,100,24.0,0.4,0.4,1.0,Solvothermal,0,16.0,numeric_decimal_standardized,,0,INCLUDED,,,MOF_GROUPED_LIGAND_SPLIT_v6.0_seed260730,DEVELOPMENT,Legante,260730,"3-amino-4,4'-bipyrazole bipyrazole",0.0,nitrate,,47.0,107.868,11.0,5.0,d,1.93
MOFs_19,"3-amino-4,4'-bipyrazole",Bipyrazole,Ag,AgNO3,DMF,Nessuno,100,5.0,0.2,0.2,1.0,Solvothermal,0,8.0,numeric_decimal_standardized,,0,INCLUDED,,,MOF_GROUPED_LIGAND_SPLIT_v6.0_seed260730,DEVELOPMENT,Legante,260730,"3-amino-4,4'-bipyrazole bipyrazole",0.0,nitrate,,47.0,107.868,11.0,5.0,d,1.93
MOFs_20,"3-amino-4,4'-bipyrazole",Bipyrazole,Ag,AgNO3,DMF,Nessuno,90,2.0,0.2,0.2,1.0,Solvothermal,0,8.0,numeric_decimal_standardized,,0,INCLUDED,,,MOF_GROUPED_LIGAND_SPLIT_v6.0_seed260730,DEVELOPMENT,Legante,260730,"3-amino-4,4'-bipyrazole bipyrazole",0.0,nitrate,,47.0,107.868,11.0,5.0,d,1.93
MOFs_21,"3-amino-4,4'-bipyrazole",Bipyrazole,Ag,AgNO3,DMF,Nessuno,100,1.0,0.4,0.4,1.0,Solvothermal,0,16.0,numeric_decimal_standardized,,0,INCLUDED,,,MOF_GROUPED_LIGAND_SPLIT_v6.0_seed260730,DEVELOPMENT,Legante,260730,"3-amino-4,4'-bipyrazole bipyrazole",0.0,nitrate,,47.0,107.868,11.0,5.0,d,1.93
MOFs_23,"3-amino-4,4'-bipyrazole",Bipyrazole,Ag,AgNO3,DMF/H2O/EtOH,Nessuno,100,1.0,0.15,0.15,1.0,Solvothermal,0,5.0,numeric_decimal_standardized;solvent_canonicalized,,0,INCLUDED,,,MOF_GROUPED_LIGAND_SPLIT_v6.0_seed260730,DEVELOPMENT,Legante,260730,"3-amino-4,4'-bipyrazole bipyrazole",0.0,nitrate,,47.0,107.868,11.0,5.0,d,1.93
MOFs_24,"3-amino-4,4'-bipyrazole",Bipyrazole,Ag,AgNO3,DMA,Nessuno,100,4.0,0.15,0.15,1.0,Solvothermal,0,8.0,numeric_decimal_standardized,,0,INCLUDED,,,MOF_GROUPED_LIGAND_SPLIT_v6.0_seed260730,DEVELOPMENT,Legante,260730,"3-amino-4,4'-bipyrazole bipyrazole",0.0,nitrate,,47.0,107.868,11.0,5.0,d,1.93
MOFs_25,"3-amino-4,4'-bipyrazole",Bipyrazole,Ag,AgNO3,DMF,Acido benzoico,90,1.0,0.15,0.15,1.0,Solvothermal,0,8.0,numeric_decimal_standardized,,0,INCLUDED,,,MOF_GROUPED_LIGAND_SPLIT_v6.0_seed260730,DEVELOPMENT,Legante,260730,"3-amino-4,4'-bipyrazole bipyrazole",0.0,nitrate,,47.0,107.868,11.0,5.0,d,1.93
MOFs_26,"3-amino-4,4'-bipyrazole",Bipyrazole,Ag,AgNO3,DMF,Nessuno,100,1.5,0.15,0.15,1.0,Solvothermal,0,8.0,numeric_decimal_standardized,,0,INCLUDED,,,MOF_GROUPED_LIGAND_SPLIT_v6.0_seed260730,DEVELOPMENT,Legante,260730,"3-amino-4,4'-bipyrazole bipyrazole",0.0,nitrate,,47.0,107.868,11.0,5.0,d,1.93
MOFs_27,"3-amino-4,4'-bipyrazole",Bipyrazole,Ag,AgNO3,DMF/MeCN,Nessuno,100,1.0,0.15,0.15,1.0,Solvothermal,0,6.0,numeric_decimal_standardized;solvent_canonicalized,,0,INCLUDED,,,MOF_GROUPED_LIGAND_SPLIT_v6.0_seed260730,DEVELOPMENT,Legante,260730,"3-amino-4,4'-bipyrazole bipyrazole",0.0,nitrate,,47.0,107.868,11.0,5.0,d,1.93
MOFs_28,"3-amino-4,4'-bipyrazole",Bipyrazole,Ag,AgNO3,DMF/MeCN,Nessuno,80,24.0,0.15,0.15,1.0,Solvothermal,0,2.0,numeric_decimal_standardized;solvent_canonicalized,,0,INCLUDED,,,MOF_GROUPED_LIGAND_SPLIT_v6.0_seed260730,DEVELOPMENT,Legante,260730,"3-amino-4,4'-bipyrazole bipyrazole",0.0,nitrate,,47.0,107.868,11.0,5.0,d,1.93
MOFs_29,"3-amino-4,4'-bipyrazole",Bipyrazole,Ag,AgNO3,DMF/MeCN,Nessuno,100,1.5,0.15,0.15,1.0,Solvothermal,0,4.0,numeric_decimal_standardized;solvent_canonicalized,,0,INCLUDED,,,MOF_GROUPED_LIGAND_SPLIT_v6.0_seed260730,DEVELOPMENT,Legante,260730,"3-amino-4,4'-bipyrazole bipyrazole",0.0,nitrate,,47.0,107.868,11.0,5.0,d,1.93
MOFs_30,"3-amino-4,4'-bipyrazole",Bipyrazole,Ag,AgNO3,Et3N,Nessuno,25,24.0,0.3,0.3,1.0,Solvothermal,0,10.0,numeric_decimal_standardized;temperature_room_to_25,,0,INCLUDED,,,MOF_GROUPED_LIGAND_SPLIT_v6.0_seed260730,DEVELOPMENT,Legante,260730,"3-amino-4,4'-bipyrazole bipyrazole",0.0,nitrate,,47.0,107.868,11.0,5.0,d,1.93
MOFs_31,"3-amino-4,4'-bipyrazole",Bipyrazole,Ag,AgNO3,DMF,Nessuno,100,48.0,0.2,0.2,1.0,Solvothermal,0,8.0,numeric_decimal_standardized,,0,INCLUDED,,,MOF_GROUPED_LIGAND_SPLIT_v6.0_seed260730,DEVELOPMENT,Legante,260730,"3-amino-4,4'-bipyrazole bipyrazole",0.0,nitrate,,47.0,107.868,11.0,5.0,d,1.93
MOFs_32,"3-amino-4,4'-bipyrazole",Bipyrazole,Ag,AgNO3,DMF,Nessuno,25,72.0,0.3,0.3,1.0,Solvothermal,0,8.0,numeric_decimal_standardized;temperature_room_to_25,,0,INCLUDED,,,MOF_GROUPED_LIGAND_SPLIT_v6.0_seed260730,DEVELOPMENT,Legante,260730,"3-amino-4,4'-bipyrazole bipyrazole",0.0,nitrate,,47.0,107.868,11.0,5.0,d,1.93
MOFs_35,"3-amino-4,4'-bipyrazole",Bipyrazole,Au,Cloro(tri-tert-butilfosfina)Au(I),DMF,Nessuno,25,72.0,0.2,0.2,1.0,Solvothermal,0,8.0,numeric_decimal_standardized;temperature_room_to_25,,0,INCLUDED,,,MOF_GROUPED_LIGAND_SPLIT_v6.0_seed260730,DEVELOPMENT,Legante,260730,"3-amino-4,4'-bipyrazole bipyrazole",0.0,chloride,1.0,79.0,196.967,11.0,6.0,d,2.54
MOFs_36,"3-amino-4,4'-bipyrazole",Bipyrazole,Au,Chlorotriphenylphosphine gold(I),,Nessuno,120,24.0,0.2,0.2,1.0,Solvothermal,0,10.0,numeric_decimal_standardized,,0,INCLUDED,,,MOF_GROUPED_LIGAND_SPLIT_v6.0_seed260730,DEVELOPMENT,Legante,260730,"3-amino-4,4'-bipyrazole bipyrazole",0.0,iodide,1.0,79.0,196.967,11.0,6.0,d,2.54
MOFs_37,"3-amino-4,4'-bipyrazole",Bipyrazole,Au,Cloro(tri-tert-butilfosfina)Au(I),MeOH,Nessuno,25,24.0,0.2,0.2,1.0,Solvothermal,0,2.0,numeric_decimal_standardized;solvent_canonicalized;temperature_room_to_25,,0,INCLUDED,,,MOF_GROUPED_LIGAND_SPLIT_v6.0_seed260730,DEVELOPMENT,Legante,260730,"3-amino-4,4'-bipyrazole bipyrazole",0.0,chloride,1.0,79.0,196.967,11.0,6.0,d,2.54
MOFs_38,"3-amino-4,4'-bipyrazole",Bipyrazole,Au,Cloro(tri-tert-butilfosfina)Au(I),DMF,Nessuno,100,48.0,0.2,0.2,1.0,Solvothermal,0,8.0,numeric_decimal_standardized,,0,INCLUDED,,,MOF_GROUPED_LIGAND_SPLIT_v6.0_seed260730,DEVELOPMENT,Legante,260730,"3-amino-4,4'-bipyrazole bipyrazole",0.0,chloride,1.0,79.0,196.967,11.0,6.0,d,2.54
MOFs_40,"3-amino-4,4'-bipyrazole",Bipyrazole,Cd,Cd(NO3)2·4H2O,DMF/H2O,Nessuno,160,72.0,0.3,0.3,1.0,Solvothermal,0,12.0,numeric_decimal_standardized;salt_hydrate_separator_standardized,,0,INCLUDED,,,MOF_GROUPED_LIGAND_SPLIT_v6.0_seed260730,DEVELOPMENT,Legante,260730,"3-amino-4,4'-bipyrazole bipyrazole",4.0,nitrate,2.0,48.0,112.414,12.0,5.0,d,1.69
MOFs_41,"3-amino-4,4'-bipyrazole",Bipyrazole,Cd,Cd(NO3)2·4H2O,DMF,Nessuno,140,72.0,0.2,0.2,1.0,Solvothermal,0,10.0,numeric_decimal_standardized;salt_hydrate_separator_standardized,,0,INCLUDED,,,MOF_GROUPED_LIGAND_SPLIT_v6.0_seed260730,DEVELOPMENT,Legante,260730,"3-amino-4,4'-bipyrazole bipyrazole",4.0,nitrate,2.0,48.0,112.414,12.0,5.0,d,1.69
MOFs_42,"3-amino-4,4'-bipyrazole",Bipyrazole,Cd,Cd(OAc)2·2H2O,DMF/H2O,Nessuno,140,48.0,0.2,0.1,2.0,Solvothermal,0,10.0,numeric_decimal_standardized;salt_hydrate_separator_standardized,,0,INCLUDED,,,MOF_GROUPED_LIGAND_SPLIT_v6.0_seed260730,DEVELOPMENT,Legante,260730,"3-amino-4,4'-bipyrazole bipyrazole",2.0,acetate,2.0,48.0,112.414,12.0,5.0,d,1.69
MOFs_43,"3-amino-4,4'-bipyrazole",Bipyrazole,Cd,Cd(NO3)2·4H2O,MeOH,Nessuno,120,48.0,0.2,0.1,2.0,Solvothermal,0,10.0,numeric_decimal_standardized;salt_hydrate_separator_standardized,,0,INCLUDED,,,MOF_GROUPED_LIGAND_SPLIT_v6.0_seed260730,DEVELOPMENT,Legante,260730,"3-amino-4,4'-bipyrazole bipyrazole",4.0,nitrate,2.0,48.0,112.414,12.0,5.0,d,1.69
MOFs_44,"3-amino-4,4'-bipyrazole",Bipyrazole,Cd,Cd(NO3)2·4H2O,DMF/H2O,Nessuno,140,120.0,0.2,0.1,2.0,Solvothermal,0,20.0,numeric_decimal_standardized;salt_hydrate_separator_standardized,,0,INCLUDED,,,MOF_GROUPED_LIGAND_SPLIT_v6.0_seed260730,DEVELOPMENT,Legante,260730,"3-amino-4,4'-bipyrazole bipyrazole",4.0,nitrate,2.0,48.0,112.414,12.0,5.0,d,1.69
MOFs_45,"3-amino-4,4'-bipyrazole",Bipyrazole,Cd,Cd(NO3)2·4H2O,DMF,Nessuno,140,48.0,0.2,0.1,2.0,Solvothermal,0,10.0,numeric_decimal_standardized;salt_hydrate_separator_standardized,,0,INCLUDED,,,MOF_GROUPED_LIGAND_SPLIT_v6.0_seed260730,DEVELOPMENT,Legante,260730,"3-amino-4,4'-bipyrazole bipyrazole",4.0,nitrate,2.0,48.0,112.414,12.0,5.0,d,1.69
MOFs_46,"3-amino-4,4'-bipyrazole",Bipyrazole,Cd,Cd(NO3)2·4H2O,DMF,Nessuno,140,48.0,0.8,0.4,2.0,Solvothermal,0,30.0,numeric_decimal_standardized;salt_hydrate_separator_standardized,,0,INCLUDED,,,MOF_GROUPED_LIGAND_SPLIT_v6.0_seed260730,DEVELOPMENT,Legante,260730,"3-amino-4,4'-bipyrazole bipyrazole",4.0,nitrate,2.0,48.0,112.414,12.0,5.0,d,1.69
MOFs_47,"3-amino-4,4'-bipyrazole",Bipyrazole,Cd,Cd(NO3)2·4H2O,DMF,Nessuno,160,24.0,0.2,0.1,2.0,Solvothermal,2,12.0,numeric_decimal_standardized;salt_hydrate_separator_standardized,,0,INCLUDED,,,MOF_GROUPED_LIGAND_SPLIT_v6.0_seed260730,DEVELOPMENT,Legante,260730,"3-amino-4,4'-bipyrazole bipyrazole",4.0,nitrate,2.0,48.0,112.414,12.0,5.0,d,1.69
MOFs_50,"3-amino-4,4'-bipyrazole",Bipyrazole,Cd,Cd(OAc)2·2H2O,DMF,Nessuno,140,48.0,0.2,0.1,2.0,Solvothermal,0,10.0,numeric_decimal_standardized;salt_hydrate_separator_standardized,,0,INCLUDED,,,MOF_GROUPED_LIGAND_SPLIT_v6.0_seed260730,DEVELOPMENT,Legante,260730,"3-amino-4,4'-bipyrazole bipyrazole",2.0,acetate,2.0,48.0,112.414,12.0,5.0,d,1.69
MOFs_51,"3-amino-4,4'-bipyrazole",Bipyrazole,Cd,Cd(NO3)2·4H2O,DMF/EtOH,Nessuno,140,48.0,0.2,0.1,2.0,Solvothermal,0,8.0,numeric_decimal_standardized;salt_hydrate_separator_standardized,,0,INCLUDED,,,MOF_GROUPED_LIGAND_SPLIT_v6.0_seed260730,DEVELOPMENT,Legante,260730,"3-amino-4,4'-bipyrazole bipyrazole",4.0,nitrate,2.0,48.0,112.414,12.0,5.0,d,1.69
MOFs_52,"3-amino-4,4'-bipyrazole",Bipyrazole,Cd,Cd(NO3)2·4H2O,DMF/MeOH,Nessuno,140,72.0,0.2,0.1,2.0,Solvothermal,0,10.0,numeric_decimal_standardized;salt_hydrate_separator_standardized,,0,INCLUDED,,,MOF_GROUPED_LIGAND_SPLIT_v6.0_seed260730,DEVELOPMENT,Legante,260730,"3-amino-4,4'-bipyrazole bipyrazole",4.0,nitrate,2.0,48.0,112.414,12.0,5.0,d,1.69
MOFs_53,"3-amino-4,4'-bipyrazole",Bipyrazole,Cd,Cd(NO3)2·4H2O,,Nessuno,120,48.0,0.15,0.15,1.0,Solvothermal,0,10.0,numeric_decimal_standardized;salt_hydrate_separator_standardized,,0,INCLUDED,,,MOF_GROUPED_LIGAND_SPLIT_v6.0_seed260730,DEVELOPMENT,Legante,260730,"3-amino-4,4'-bipyrazole bipyrazole",4.0,nitrate,2.0,48.0,112.414,12.0,5.0,d,1.69
MOFs_54,"3-amino-4,4'-bipyrazole",Bipyrazole,Cd,Cd(OAc)2·2H2O,,Nessuno,120,48.0,0.15,0.15,1.0,Solvothermal,0,10.0,numeric_decimal_standardized;salt_hydrate_separator_standardized,,0,INCLUDED,,,MOF_GROUPED_LIGAND_SPLIT_v6.0_seed260730,DEVELOPMENT,Legante,260730,"3-amino-4,4'-bipyrazole bipyrazole",2.0,acetate,2.0,48.0,112.414,12.0,5.0,d,1.69
MOFs_55,"3-amino-4,4'-bipyrazole",Bipyrazole,Cu,CuOAc,MeOH,Mesitilene,25,24.0,0.2,0.2,1.0,Solvothermal,0,2.0,numeric_decimal_standardized;solvent_canonicalized;temperature_room_to_25,,0,INCLUDED,,,MOF_GROUPED_LIGAND_SPLIT_v6.0_seed260730,DEVELOPMENT,Legante,260730,"3-amino-4,4'-bipyrazole bipyrazole",0.0,acetate,,29.0,63.546,11.0,4.0,d,1.9
MOFs_56,"3-amino-4,4'-bipyrazole",Bipyrazole,Cu,CuOAc,ButOH,Nessuno,25,36.0,0.15,0.15,1.0,Solvothermal,0,16.0,numeric_decimal_standardized;temperature_room_to_25,,0,INCLUDED,,,MOF_GROUPED_LIGAND_SPLIT_v6.0_seed260730,DEVELOPMENT,Legante,260730,"3-amino-4,4'-bipyrazole bipyrazole",0.0,acetate,,29.0,63.546,11.0,4.0,d,1.9
MOFs_57,"3-amino-4,4'-bipyrazole",Bipyrazole,Cu,CuOAc,DMF,Nessuno,110,48.0,0.2,0.2,1.0,Solvothermal,0,1.5,numeric_decimal_standardized,,0,INCLUDED,,,MOF_GROUPED_LIGAND_SPLIT_v6.0_seed260730,DEVELOPMENT,Legante,260730,"3-amino-4,4'-bipyrazole bipyrazole",0.0,acetate,,29.0,63.546,11.0,4.0,d,1.9
MOFs_58,"3-amino-4,4'-bipyrazole",Bipyrazole,Cu,CuOAc,MeOH,Nessuno,70,72.0,0.15,0.15,1.0,Solvothermal,0,16.0,numeric_decimal_standardized;solvent_canonicalized,,0,INCLUDED,,,MOF_GROUPED_LIGAND_SPLIT_v6.0_seed260730,DEVELOPMENT,Legante,260730,"3-amino-4,4'-bipyrazole bipyrazole",0.0,acetate,,29.0,63.546,11.0,4.0,d,1.9
MOFs_59,"3-amino-4,4'-bipyrazole",Bipyrazole,Cu,CuOAc,DMF,Nessuno,120,24.0,0.2,0.4,0.5,Solvothermal,0,10.0,numeric_decimal_standardized,,0,INCLUDED,,,MOF_GROUPED_LIGAND_SPLIT_v6.0_seed260730,DEVELOPMENT,Legante,260730,"3-amino-4,4'-bipyrazole bipyrazole",0.0,acetate,,29.0,63.546,11.0,4.0,d,1.9
MOFs_60,"3-amino-4,4'-bipyrazole",Bipyrazole,Cu,CuCl,NH3 28%,Nessuno,60,24.0,0.3,0.3,1.0,Solvothermal,0,2.0,numeric_decimal_standardized,,0,INCLUDED,,,MOF_GROUPED_LIGAND_SPLIT_v6.0_seed260730,DEVELOPMENT,Legante,260730,"3-amino-4,4'-bipyrazole bipyrazole",0.0,chloride,,29.0,63.546,11.0,4.0,d,1.9
MOFs_61,"3-amino-4,4'-bipyrazole",Bipyrazole,Cu,CuI,,Nessuno,100,24.0,0.2,0.2,1.0,Solvothermal,0,10.0,numeric_decimal_standardized;exact_duplicate_candidate,DUP_018,0,INCLUDED,,duplicate_representative_retained,MOF_GROUPED_LIGAND_SPLIT_v6.0_seed260730,DEVELOPMENT,Legante,260730,"3-amino-4,4'-bipyrazole bipyrazole",0.0,iodide,,29.0,63.546,11.0,4.0,d,1.9
MOFs_63,"3-amino-4,4'-bipyrazole",Bipyrazole,Cu,CuOAc,H2O/Met,Nessuno,160,72.0,0.5,0.5,1.0,Solvothermal,0,1.0,numeric_decimal_standardized;solvent_canonicalized,,0,INCLUDED,,,MOF_GROUPED_LIGAND_SPLIT_v6.0_seed260730,DEVELOPMENT,Legante,260730,"3-amino-4,4'-bipyrazole bipyrazole",0.0,acetate,,29.0,63.546,11.0,4.0,d,1.9
MOFs_64,"3-amino-4,4'-bipyrazole",Bipyrazole,Cu,CuOAc,DMF,Nessuno,100,48.0,0.2,0.2,1.0,Solvothermal,0,8.0,numeric_decimal_standardized,,0,INCLUDED,,,MOF_GROUPED_LIGAND_SPLIT_v6.0_seed260730,DEVELOPMENT,Legante,260730,"3-amino-4,4'-bipyrazole bipyrazole",0.0,acetate,,29.0,63.546,11.0,4.0,d,1.9
MOFs_65,"3-amino-4,4'-bipyrazole",Bipyrazole,Cu,CuOAc,DMF,Nessuno,25,72.0,0.3,0.3,1.0,Solvothermal,0,10.0,numeric_decimal_standardized;temperature_room_to_25,,0,INCLUDED,,,MOF_GROUPED_LIGAND_SPLIT_v6.0_seed260730,DEVELOPMENT,Legante,260730,"3-amino-4,4'-bipyrazole bipyrazole",0.0,acetate,,29.0,63.546,11.0,4.0,d,1.9
MOFs_72,"3-amino-4,4'-bipyrazole",Bipyrazole,Fe,Fe(NO3)3·9H2O,,Nessuno,140,24.0,0.15,0.15,1.0,Solvothermal,0,10.0,numeric_decimal_standardized;salt_hydrate_separator_standardized,,0,INCLUDED,,,MOF_GROUPED_LIGAND_SPLIT_v6.0_seed260730,DEVELOPMENT,Legante,260730,"3-amino-4,4'-bipyrazole bipyrazole",9.0,nitrate,3.0,26.0,55.845,8.0,4.0,d,1.83
MOFs_73,"3-amino-4,4'-bipyrazole",Bipyrazole,Fe,Fe(NO3)3·9H2O,DMF,Nessuno,120,24.0,0.2,0.1,2.0,Solvothermal,0,10.0,numeric_decimal_standardized;salt_hydrate_separator_standardized,,0,INCLUDED,,,MOF_GROUPED_LIGAND_SPLIT_v6.0_seed260730,DEVELOPMENT,Legante,260730,"3-amino-4,4'-bipyrazole bipyrazole",9.0,nitrate,3.0,26.0,55.845,8.0,4.0,d,1.83
MOFs_74,"3-amino-4,4'-bipyrazole",Bipyrazole,Fe,FeCl3,DMF,Nessuno,120,24.0,0.2,0.1,2.0,Solvothermal,0,10.0,numeric_decimal_standardized,,0,INCLUDED,,,MOF_GROUPED_LIGAND_SPLIT_v6.0_seed260730,DEVELOPMENT,Legante,260730,"3-amino-4,4'-bipyrazole bipyrazole",0.0,chloride,3.0,26.0,55.845,8.0,4.0,d,1.83
MOFs_75,"3-amino-4,4'-bipyrazole",Bipyrazole,Fe,FeCl3,DMF,Acido acetico,25,24.0,0.2,0.1,2.0,Solvothermal,0,1.2,additive_canonicalized;numeric_decimal_standardized;temperature_room_to_25,,0,INCLUDED,,,MOF_GROUPED_LIGAND_SPLIT_v6.0_seed260730,DEVELOPMENT,Legante,260730,"3-amino-4,4'-bipyrazole bipyrazole",0.0,chloride,3.0,26.0,55.845,8.0,4.0,d,1.83
MOFs_76,"3-amino-4,4'-bipyrazole",Bipyrazole,Fe,FeCl3,DMF,Acido acetico,120,24.0,0.2,0.1,2.0,Solvothermal,0,1.2,additive_canonicalized;numeric_decimal_standardized,,0,INCLUDED,,,MOF_GROUPED_LIGAND_SPLIT_v6.0_seed260730,DEVELOPMENT,Legante,260730,"3-amino-4,4'-bipyrazole bipyrazole",0.0,chloride,3.0,26.0,55.845,8.0,4.0,d,1.83
MOFs_77,"3-amino-4,4'-bipyrazole",Bipyrazole,Fe,FeCl3,DMF/H2O,Acido acetico,100,24.0,0.2,0.1,2.0,Solvothermal,0,20.0,additive_canonicalized;numeric_decimal_standardized;solvent_canonicalized,,0,INCLUDED,,,MOF_GROUPED_LIGAND_SPLIT_v6.0_seed260730,DEVELOPMENT,Legante,260730,"3-amino-4,4'-bipyrazole bipyrazole",0.0,chloride,3.0,26.0,55.845,8.0,4.0,d,1.83
MOFs_78,"3-amino-4,4'-bipyrazole",Bipyrazole,Fe,FeCl3,DMF/H2O,Acido acetico,110,72.0,0.2,0.2,1.0,Solvothermal,0,15.0,additive_canonicalized;numeric_decimal_standardized;solvent_canonicalized,,0,INCLUDED,,,MOF_GROUPED_LIGAND_SPLIT_v6.0_seed260730,DEVELOPMENT,Legante,260730,"3-amino-4,4'-bipyrazole bipyrazole",0.0,chloride,3.0,26.0,55.845,8.0,4.0,d,1.83
MOFs_79,"3-amino-4,4'-bipyrazole",Bipyrazole,Mg,Mg(OAc)2·4H2O,H2O,Nessuno,130,48.0,0.15,0.45,0.33333333,Solvothermal,0,0.5,numeric_decimal_standardized;salt_hydrate_separator_standardized,,0,INCLUDED,,,MOF_GROUPED_LIGAND_SPLIT_v6.0_seed260730,DEVELOPMENT,Legante,260730,"3-amino-4,4'-bipyrazole bipyrazole",4.0,acetate,2.0,12.0,24.305,2.0,3.0,s,1.31
MOFs_80,"3-amino-4,4'-bipyrazole",Bipyrazole,Mn,MnCl2·4H2O,,Nessuno,100,24.0,0.2,0.2,1.0,Solvothermal,0,5.0,numeric_decimal_standardized;salt_hydrate_separator_standardized,,0,INCLUDED,,,MOF_GROUPED_LIGAND_SPLIT_v6.0_seed260730,DEVELOPMENT,Legante,260730,"3-amino-4,4'-bipyrazole bipyrazole",4.0,chloride,2.0,25.0,54.938,7.0,4.0,d,1.55
MOFs_81,"3-amino-4,4'-bipyrazole",Bipyrazole,Mn,MnCl2·4H2O,,Nessuno,100,120.0,0.2,0.2,1.0,Solvothermal,0,10.0,numeric_decimal_standardized;salt_hydrate_separator_standardized;time_days_to_hours,,0,INCLUDED,,,MOF_GROUPED_LIGAND_SPLIT_v6.0_seed260730,DEVELOPMENT,Legante,260730,"3-amino-4,4'-bipyrazole bipyrazole",4.0,chloride,2.0,25.0,54.938,7.0,4.0,d,1.55
MOFs_82,"3-amino-4,4'-bipyrazole",Bipyrazole,Mn,Mn(Oac)2·4H2O,,Nessuno,130,72.0,0.2,0.2,1.0,Solvothermal,0,5.0,numeric_decimal_standardized;salt_hydrate_separator_standardized,,0,INCLUDED,,,MOF_GROUPED_LIGAND_SPLIT_v6.0_seed260730,DEVELOPMENT,Legante,260730,"3-amino-4,4'-bipyrazole bipyrazole",4.0,acetate,2.0,25.0,54.938,7.0,4.0,d,1.55
MOFs_83,"3-amino-4,4'-bipyrazole",Bipyrazole,Mn,MnCl2·4H2O,,Nessuno,100,48.0,0.2,0.2,1.0,Solvothermal,0,10.0,numeric_decimal_standardized;salt_hydrate_separator_standardized,,0,INCLUDED,,,MOF_GROUPED_LIGAND_SPLIT_v6.0_seed260730,DEVELOPMENT,Legante,260730,"3-amino-4,4'-bipyrazole bipyrazole",4.0,chloride,2.0,25.0,54.938,7.0,4.0,d,1.55
MOFs_84,"3-amino-4,4'-bipyrazole",Bipyrazole,Mn,MnCl2·4H2O,,Nessuno,160,48.0,0.2,0.2,1.0,Solvothermal,0,5.0,numeric_decimal_standardized;salt_hydrate_separator_standardized,,0,INCLUDED,,,MOF_GROUPED_LIGAND_SPLIT_v6.0_seed260730,DEVELOPMENT,Legante,260730,"3-amino-4,4'-bipyrazole bipyrazole",4.0,chloride,2.0,25.0,54.938,7.0,4.0,d,1.55
MOFs_85,"3-amino-4,4'-bipyrazole",Bipyrazole,Mn,MnCl2·4H2O,,Nessuno,160,72.0,0.2,0.2,1.0,Solvothermal,0,10.0,numeric_decimal_standardized;salt_hydrate_separator_standardized,,0,INCLUDED,,,MOF_GROUPED_LIGAND_SPLIT_v6.0_seed260730,DEVELOPMENT,Legante,260730,"3-amino-4,4'-bipyrazole bipyrazole",4.0,chloride,2.0,25.0,54.938,7.0,4.0,d,1.55
MOFs_86,"3-amino-4,4'-bipyrazole",Bipyrazole,Mn,Mn(Oac)2·4H2O,,Nessuno,160,24.0,0.2,0.2,1.0,Solvothermal,0,10.0,numeric_decimal_standardized;salt_hydrate_separator_standardized,,0,INCLUDED,,,MOF_GROUPED_LIGAND_SPLIT_v6.0_seed260730,DEVELOPMENT,Legante,260730,"3-amino-4,4'-bipyrazole bipyrazole",4.0,acetate,2.0,25.0,54.938,7.0,4.0,d,1.55
MOFs_87,"3-amino-4,4'-bipyrazole",Bipyrazole,Mn,Mn(Oac)2·4H2O,DMF,BDC,140,115.0,0.2,0.2,1.0,Solvothermal,0,10.0,numeric_decimal_standardized;salt_hydrate_separator_standardized,,0,INCLUDED,,,MOF_GROUPED_LIGAND_SPLIT_v6.0_seed260730,DEVELOPMENT,Legante,260730,"3-amino-4,4'-bipyrazole bipyrazole",4.0,acetate,2.0,25.0,54.938,7.0,4.0,d,1.55
MOFs_88,"3-amino-4,4'-bipyrazole",Bipyrazole,Zr,Zr(OCH3)4,HCl 37%,Nessuno,120,48.0,0.15,0.15,1.0,Solvothermal,0,90.0,numeric_decimal_standardized,,0,INCLUDED,,,MOF_GROUPED_LIGAND_SPLIT_v6.0_seed260730,DEVELOPMENT,Legante,260730,"3-amino-4,4'-bipyrazole bipyrazole",0.0,alkoxide,4.0,40.0,91.224,4.0,5.0,d,1.33
MOFs_89,"3-amino-4,4'-bipyrazole",Bipyrazole,Zr,ZrCl4,HCl 37%,Nessuno,120,48.0,0.15,0.15,1.0,Solvothermal,0,90.0,numeric_decimal_standardized,,0,INCLUDED,,,MOF_GROUPED_LIGAND_SPLIT_v6.0_seed260730,DEVELOPMENT,Legante,260730,"3-amino-4,4'-bipyrazole bipyrazole",0.0,chloride,4.0,40.0,91.224,4.0,5.0,d,1.33
MOFs_90,"3-amino-4,4'-bipyrazole",Bipyrazole,Zr,ZrCl4,H2O,Nessuno,100,48.0,0.2,0.1,2.0,Solvothermal,0,10.0,numeric_decimal_standardized,,0,INCLUDED,,,MOF_GROUPED_LIGAND_SPLIT_v6.0_seed260730,DEVELOPMENT,Legante,260730,"3-amino-4,4'-bipyrazole bipyrazole",0.0,chloride,4.0,40.0,91.224,4.0,5.0,d,1.33
MOFs_91,"3-amino-4,4'-bipyrazole",Bipyrazole,Zr,ZrCl4,DMF,Nessuno,120,48.0,0.2,0.1,2.0,Solvothermal,0,10.0,numeric_decimal_standardized,,0,INCLUDED,,,MOF_GROUPED_LIGAND_SPLIT_v6.0_seed260730,DEVELOPMENT,Legante,260730,"3-amino-4,4'-bipyrazole bipyrazole",0.0,chloride,4.0,40.0,91.224,4.0,5.0,d,1.33
MOFs_92,3-MePz-4-COOH,Pyrazole carbossilati,Al,Al(NO3)3·9H2O,DMF,Nessuno,120,24.0,0.2,0.2,1.0,Solvothermal,0,10.0,numeric_decimal_standardized;salt_hydrate_separator_standardized,,0,INCLUDED,,,MOF_GROUPED_LIGAND_SPLIT_v6.0_seed260730,DEVELOPMENT,Legante,260730,3-mepz-4-cooh pyrazole carbossilati,9.0,nitrate,3.0,13.0,26.982,13.0,3.0,p,1.61
MOFs_93,3-MePz-4-COOH,Pyrazole carbossilati,Cu,Cu(OAc)2·H2O,H2O,Nessuno,25,96.0,0.2,0.1,2.0,Solvothermal,2,20.0,numeric_decimal_standardized;salt_hydrate_separator_standardized;temperature_room_to_25,,0,INCLUDED,,,MOF_GROUPED_LIGAND_SPLIT_v6.0_seed260730,DEVELOPMENT,Legante,260730,3-mepz-4-cooh pyrazole carbossilati,1.0,acetate,2.0,29.0,63.546,11.0,4.0,d,1.9
MOFs_94,3-MePz-4-COOH,Pyrazole carbossilati,Fe,Fe2(SO4)3·xH2O,DMF/EtOH,Nessuno,25,24.0,0.2,0.1,2.0,Solvothermal,0,20.0,numeric_decimal_standardized;salt_hydrate_separator_standardized;temperature_room_to_25,,0,INCLUDED,,,MOF_GROUPED_LIGAND_SPLIT_v6.0_seed260730,DEVELOPMENT,Legante,260730,3-mepz-4-cooh pyrazole carbossilati,1.0,sulfate,,26.0,55.845,8.0,4.0,d,1.83
MOFs_95,3-MePz-4-COOH,Pyrazole carbossilati,Fe,FeCl3,DMF/EtOH,Nessuno,25,24.0,0.2,0.1,2.0,Solvothermal,0,20.0,numeric_decimal_standardized;temperature_room_to_25,,0,INCLUDED,,,MOF_GROUPED_LIGAND_SPLIT_v6.0_seed260730,DEVELOPMENT,Legante,260730,3-mepz-4-cooh pyrazole carbossilati,0.0,chloride,3.0,26.0,55.845,8.0,4.0,d,1.83
MOFs_96,3-MePz-4-COOH,Pyrazole carbossilati,Mn,Mn(OAc)2·4H2O,DMF/H2O,Nessuno,120,24.0,0.2,0.1,2.0,Solvothermal,0,15.0,numeric_decimal_standardized;salt_hydrate_separator_standardized,,0,INCLUDED,,,MOF_GROUPED_LIGAND_SPLIT_v6.0_seed260730,DEVELOPMENT,Legante,260730,3-mepz-4-cooh pyrazole carbossilati,4.0,acetate,2.0,25.0,54.938,7.0,4.0,d,1.55
MOFs_97,3-MePz-4-COOH,Pyrazole carbossilati,Mn,Mn(OAc)2·4H2O,DMF/H2O,Nessuno,120,72.0,0.2,0.1,2.0,Solvothermal,0,1.0,numeric_decimal_standardized;salt_hydrate_separator_standardized,,0,INCLUDED,,,MOF_GROUPED_LIGAND_SPLIT_v6.0_seed260730,DEVELOPMENT,Legante,260730,3-mepz-4-cooh pyrazole carbossilati,4.0,acetate,2.0,25.0,54.938,7.0,4.0,d,1.55
MOFs_98,3-MePz-4-COOH,Pyrazole carbossilati,Ni,Ni(NO3)2,DMF/H2O,Nessuno,120,72.0,0.2,0.1,2.0,Solvothermal,1,15.0,numeric_decimal_standardized,,0,INCLUDED,,,MOF_GROUPED_LIGAND_SPLIT_v6.0_seed260730,DEVELOPMENT,Legante,260730,3-mepz-4-cooh pyrazole carbossilati,0.0,nitrate,2.0,28.0,58.693,10.0,4.0,d,1.91
MOFs_99,3-MePz-4-COOH,Pyrazole carbossilati,Zr,ZrCl4,MeOH,Nessuno,110,94.0,0.3,0.3,1.0,Solvothermal,0,20.0,numeric_decimal_standardized,,0,INCLUDED,,,MOF_GROUPED_LIGAND_SPLIT_v6.0_seed260730,DEVELOPMENT,Legante,260730,3-mepz-4-cooh pyrazole carbossilati,0.0,chloride,4.0,40.0,91.224,4.0,5.0,d,1.33
MOFs_101,3-MePz-4-COOH,Pyrazole carbossilati,Zr,ZrCl4,MeOH,Nessuno,110,24.0,0.15,0.15,1.0,Solvothermal,0,10.0,numeric_decimal_standardized,,0,INCLUDED,,,MOF_GROUPED_LIGAND_SPLIT_v6.0_seed260730,DEVELOPMENT,Legante,260730,3-mepz-4-cooh pyrazole carbossilati,0.0,chloride,4.0,40.0,91.224,4.0,5.0,d,1.33
MOFs_103,3-MePz-4-COOH,Pyrazole carbossilati,Zr,ZrCl4,MeOH,Nessuno,110,72.0,0.15,0.15,1.0,Solvothermal,0,10.0,numeric_decimal_standardized,,0,INCLUDED,,,MOF_GROUPED_LIGAND_SPLIT_v6.0_seed260730,DEVELOPMENT,Legante,260730,3-mepz-4-cooh pyrazole carbossilati,0.0,chloride,4.0,40.0,91.224,4.0,5.0,d,1.33
MOFs_104,"3-nitro-4,4'-bipyrazole",Bipyrazole,Cd,Cd(NO3)2·4H2O,DMF/EtOH,Nessuno,140,72.0,0.2,0.1,2.0,Solvothermal,0,11.0,numeric_decimal_standardized;salt_hydrate_separator_standardized,,0,INCLUDED,,,MOF_GROUPED_LIGAND_SPLIT_v6.0_seed260730,DEVELOPMENT,Legante,260730,"3-nitro-4,4'-bipyrazole bipyrazole",4.0,nitrate,2.0,48.0,112.414,12.0,5.0,d,1.69
MOFs_105,"3-nitro-4,4'-bipyrazole",Bipyrazole,Cd,Cd(NO3)2·4H2O,DMF,Nessuno,140,72.0,0.2,0.1,2.0,Solvothermal,0,10.0,numeric_decimal_standardized;salt_hydrate_separator_standardized,,0,INCLUDED,,,MOF_GROUPED_LIGAND_SPLIT_v6.0_seed260730,DEVELOPMENT,Legante,260730,"3-nitro-4,4'-bipyrazole bipyrazole",4.0,nitrate,2.0,48.0,112.414,12.0,5.0,d,1.69
MOFs_106,"3-nitro-4,4'-bipyrazole",Bipyrazole,Cd,Cd(NO3)2·4H2O,DMF,Nessuno,140,72.0,0.6,0.3,2.0,Solvothermal,2,30.0,numeric_decimal_standardized;salt_hydrate_separator_standardized,,0,INCLUDED,,,MOF_GROUPED_LIGAND_SPLIT_v6.0_seed260730,DEVELOPMENT,Legante,260730,"3-nitro-4,4'-bipyrazole bipyrazole",4.0,nitrate,2.0,48.0,112.414,12.0,5.0,d,1.69
MOFs_107,"3-nitro-4,4'-bipyrazole",Bipyrazole,Cd,Cd(OAc)2·2H2O,DMF,Nessuno,140,72.0,0.2,0.1,2.0,Solvothermal,0,10.0,numeric_decimal_standardized;salt_hydrate_separator_standardized,,0,INCLUDED,,,MOF_GROUPED_LIGAND_SPLIT_v6.0_seed260730,DEVELOPMENT,Legante,260730,"3-nitro-4,4'-bipyrazole bipyrazole",2.0,acetate,2.0,48.0,112.414,12.0,5.0,d,1.69
MOFs_108,"3-nitro-4,4'-bipyrazole",Bipyrazole,Cd,Cd(NO3)2·4H2O,DMF,Nessuno,160,24.0,0.2,0.1,2.0,Solvothermal,2,12.0,numeric_decimal_standardized;salt_hydrate_separator_standardized,,0,INCLUDED,,,MOF_GROUPED_LIGAND_SPLIT_v6.0_seed260730,DEVELOPMENT,Legante,260730,"3-nitro-4,4'-bipyrazole bipyrazole",4.0,nitrate,2.0,48.0,112.414,12.0,5.0,d,1.69
MOFs_109,"3-nitro-4,4'-bipyrazole",Bipyrazole,Cd,Cd(NO3)2·4H2O,DMF,Nessuno,160,48.0,0.1,0.1,1.0,Solvothermal,2,15.0,numeric_decimal_standardized;salt_hydrate_separator_standardized,,0,INCLUDED,,,MOF_GROUPED_LIGAND_SPLIT_v6.0_seed260730,DEVELOPMENT,Legante,260730,"3-nitro-4,4'-bipyrazole bipyrazole",4.0,nitrate,2.0,48.0,112.414,12.0,5.0,d,1.69
MOFs_110,"3-nitro-4,4'-bipyrazole",Bipyrazole,Cd,Cd(NO3)2·4H2O,DMF,Nessuno,160,48.0,0.1,0.2,0.5,Solvothermal,2,10.0,numeric_decimal_standardized;salt_hydrate_separator_standardized,,0,INCLUDED,,,MOF_GROUPED_LIGAND_SPLIT_v6.0_seed260730,DEVELOPMENT,Legante,260730,"3-nitro-4,4'-bipyrazole bipyrazole",4.0,nitrate,2.0,48.0,112.414,12.0,5.0,d,1.69
MOFs_111,"3-nitro-4,4'-bipyrazole",Bipyrazole,Cd,Cd(NO3)2·4H2O,DMF/H2O,Nessuno,160,72.0,0.3,0.3,1.0,Solvothermal,0,12.0,numeric_decimal_standardized;salt_hydrate_separator_standardized,,0,INCLUDED,,,MOF_GROUPED_LIGAND_SPLIT_v6.0_seed260730,DEVELOPMENT,Legante,260730,"3-nitro-4,4'-bipyrazole bipyrazole",4.0,nitrate,2.0,48.0,112.414,12.0,5.0,d,1.69
MOFs_112,"3-nitro-4,4'-bipyrazole",Bipyrazole,Cd,Cd(NO3)2·4H2O,DMF/H2O,Nessuno,140,120.0,0.2,0.1,2.0,Solvothermal,0,20.0,numeric_decimal_standardized;salt_hydrate_separator_standardized,,0,INCLUDED,,,MOF_GROUPED_LIGAND_SPLIT_v6.0_seed260730,DEVELOPMENT,Legante,260730,"3-nitro-4,4'-bipyrazole bipyrazole",4.0,nitrate,2.0,48.0,112.414,12.0,5.0,d,1.69
MOFs_132,"3,3'-dinitro-4,4'-bipyrazole",Bipyrazole,Cd,Cd(NO3)2·4H2O,DMF,Nessuno,150,24.0,0.1,0.1,1.0,Solvothermal,1,10.0,numeric_decimal_standardized;salt_hydrate_separator_standardized,,0,INCLUDED,,,MOF_GROUPED_LIGAND_SPLIT_v6.0_seed260730,DEVELOPMENT,Legante,260730,"3,3'-dinitro-4,4'-bipyrazole bipyrazole",4.0,nitrate,2.0,48.0,112.414,12.0,5.0,d,1.69
MOFs_133,"3,3'-dinitro-4,4'-bipyrazole",Bipyrazole,Cd,Cd(NO3)2·4H2O,DMF,Nessuno,150,24.0,0.1,0.2,0.5,Solvothermal,0,10.0,numeric_decimal_standardized;salt_hydrate_separator_standardized,,0,INCLUDED,,,MOF_GROUPED_LIGAND_SPLIT_v6.0_seed260730,DEVELOPMENT,Legante,260730,"3,3'-dinitro-4,4'-bipyrazole bipyrazole",4.0,nitrate,2.0,48.0,112.414,12.0,5.0,d,1.69
MOFs_134,"3,3'-dinitro-4,4'-bipyrazole",Bipyrazole,Cd,Cd(NO3)2·4H2O,DMF/H2O,Nessuno,160,48.0,0.2,0.1,2.0,Solvothermal,0,8.0,numeric_decimal_standardized;salt_hydrate_separator_standardized;solvent_canonicalized,,0,INCLUDED,,,MOF_GROUPED_LIGAND_SPLIT_v6.0_seed260730,DEVELOPMENT,Legante,260730,"3,3'-dinitro-4,4'-bipyrazole bipyrazole",4.0,nitrate,2.0,48.0,112.414,12.0,5.0,d,1.69
MOFs_135,"3,3'-dinitro-4,4'-bipyrazole",Bipyrazole,Co,Co(OAc)2·4H2O,DMF/H2O,Nessuno,160,48.0,0.2,0.1,2.0,Solvothermal,2,8.0,numeric_decimal_standardized;salt_hydrate_separator_standardized;solvent_canonicalized,,0,INCLUDED,,,MOF_GROUPED_LIGAND_SPLIT_v6.0_seed260730,DEVELOPMENT,Legante,260730,"3,3'-dinitro-4,4'-bipyrazole bipyrazole",4.0,acetate,2.0,27.0,58.933,9.0,4.0,d,1.88
MOFs_136,"3,3'-dinitro-4,4'-bipyrazole",Bipyrazole,Co,Cd(OAc)2·4H2O,DMF/H2O,Nessuno,160,24.0,0.2,0.2,1.0,Solvothermal,0,8.0,numeric_decimal_standardized;salt_hydrate_separator_standardized;solvent_canonicalized,,0,INCLUDED,,,MOF_GROUPED_LIGAND_SPLIT_v6.0_seed260730,DEVELOPMENT,Legante,260730,"3,3'-dinitro-4,4'-bipyrazole bipyrazole",4.0,acetate,2.0,27.0,58.933,9.0,4.0,d,1.88
MOFs_137,"3,3'-dinitro-4,4'-bipyrazole",Bipyrazole,Co,Co(NO3)2·6H2O,DMF/H2O,Nessuno,120,24.0,0.1,0.1,1.0,Solvothermal,1,5.0,numeric_decimal_standardized;salt_hydrate_separator_standardized;solvent_canonicalized,,0,INCLUDED,,,MOF_GROUPED_LIGAND_SPLIT_v6.0_seed260730,DEVELOPMENT,Legante,260730,"3,3'-dinitro-4,4'-bipyrazole bipyrazole",6.0,nitrate,2.0,27.0,58.933,9.0,4.0,d,1.88
MOFs_138,"3,3'-dinitro-4,4'-bipyrazole",Bipyrazole,Co,Co(NO3)2·6H2O,DMF/H2O,Nessuno,150,48.0,0.1,0.1,1.0,Solvothermal,0,8.0,numeric_decimal_standardized;salt_hydrate_separator_standardized;solvent_canonicalized,,0,INCLUDED,,,MOF_GROUPED_LIGAND_SPLIT_v6.0_seed260730,DEVELOPMENT,Legante,260730,"3,3'-dinitro-4,4'-bipyrazole bipyrazole",6.0,nitrate,2.0,27.0,58.933,9.0,4.0,d,1.88
MOFs_139,"3,3'-dinitro-4,4'-bipyrazole",Bipyrazole,Co,Cd(OAc)2·4H2O,DMF/H2O,Nessuno,160,24.0,0.1,0.2,0.5,Solvothermal,2,14.0,numeric_decimal_standardized;salt_hydrate_separator_standardized;solvent_canonicalized,,0,INCLUDED,,,MOF_GROUPED_LIGAND_SPLIT_v6.0_seed260730,DEVELOPMENT,Legante,260730,"3,3'-dinitro-4,4'-bipyrazole bipyrazole",4.0,acetate,2.0,27.0,58.933,9.0,4.0,d,1.88
MOFs_140,"3,3'-dinitro-4,4'-bipyrazole",Bipyrazole,Co,Co(NO3)2·6H2O,DMF,Nessuno,160,6.0,0.2,0.1,2.0,Solvothermal,1,10.0,numeric_decimal_standardized;salt_hydrate_separator_standardized,,0,INCLUDED,,,MOF_GROUPED_LIGAND_SPLIT_v6.0_seed260730,DEVELOPMENT,Legante,260730,"3,3'-dinitro-4,4'-bipyrazole bipyrazole",6.0,nitrate,2.0,27.0,58.933,9.0,4.0,d,1.88
MOFs_141,"3,3'-dinitro-4,4'-bipyrazole",Bipyrazole,Cu,Cu(NO3)2·3H2O,DMF/H2O,Nessuno,160,48.0,0.2,0.1,2.0,Solvothermal,2,8.0,numeric_decimal_standardized;salt_hydrate_separator_standardized;solvent_canonicalized,,0,INCLUDED,,,MOF_GROUPED_LIGAND_SPLIT_v6.0_seed260730,DEVELOPMENT,Legante,260730,"3,3'-dinitro-4,4'-bipyrazole bipyrazole",3.0,nitrate,2.0,29.0,63.546,11.0,4.0,d,1.9
MOFs_142,"3,3'-dinitro-4,4'-bipyrazole",Bipyrazole,Cu,Cu(NO3)2·3H2O,DMF/H2O,Nessuno,160,24.0,0.2,0.2,1.0,Solvothermal,2,8.0,numeric_decimal_standardized;salt_hydrate_separator_standardized;solvent_canonicalized,,0,INCLUDED,,,MOF_GROUPED_LIGAND_SPLIT_v6.0_seed260730,DEVELOPMENT,Legante,260730,"3,3'-dinitro-4,4'-bipyrazole bipyrazole",3.0,nitrate,2.0,29.0,63.546,11.0,4.0,d,1.9
MOFs_143,"3,3'-dinitro-4,4'-bipyrazole",Bipyrazole,Cu,Cu(NO3)2·3H2O,DMF/H2O,Nessuno,160,48.0,0.1,0.2,0.5,Solvothermal,0,6.0,numeric_decimal_standardized;salt_hydrate_separator_standardized;solvent_canonicalized,,0,INCLUDED,,,MOF_GROUPED_LIGAND_SPLIT_v6.0_seed260730,DEVELOPMENT,Legante,260730,"3,3'-dinitro-4,4'-bipyrazole bipyrazole",3.0,nitrate,2.0,29.0,63.546,11.0,4.0,d,1.9
MOFs_144,"3,3'-dinitro-4,4'-bipyrazole",Bipyrazole,Cu,Cu(OAc)2·H2O,DMF/H2O,Nessuno,120,24.0,0.1,0.1,1.0,Solvothermal,1,5.0,numeric_decimal_standardized;salt_hydrate_separator_standardized;solvent_canonicalized,,0,INCLUDED,,,MOF_GROUPED_LIGAND_SPLIT_v6.0_seed260730,DEVELOPMENT,Legante,260730,"3,3'-dinitro-4,4'-bipyrazole bipyrazole",1.0,acetate,2.0,29.0,63.546,11.0,4.0,d,1.9
MOFs_145,"3,3'-dinitro-4,4'-bipyrazole",Bipyrazole,Cu,Cu(OAc)2·H2O,DMF/H2O,Nessuno,150,48.0,0.1,0.1,1.0,Solvothermal,0,8.0,numeric_decimal_standardized;salt_hydrate_separator_standardized;solvent_canonicalized,,0,INCLUDED,,,MOF_GROUPED_LIGAND_SPLIT_v6.0_seed260730,DEVELOPMENT,Legante,260730,"3,3'-dinitro-4,4'-bipyrazole bipyrazole",1.0,acetate,2.0,29.0,63.546,11.0,4.0,d,1.9
MOFs_146,"3,3'-dinitro-4,4'-bipyrazole",Bipyrazole,Cu,Cu(NO3)2·3H2O,DMF,Nessuno,160,6.0,0.2,0.1,2.0,Solvothermal,2,10.0,numeric_decimal_standardized;salt_hydrate_separator_standardized,,0,INCLUDED,,,MOF_GROUPED_LIGAND_SPLIT_v6.0_seed260730,DEVELOPMENT,Legante,260730,"3,3'-dinitro-4,4'-bipyrazole bipyrazole",3.0,nitrate,2.0,29.0,63.546,11.0,4.0,d,1.9
MOFs_148,"3,3'-dinitro-4,4'-bipyrazole",Bipyrazole,Zn,Zn(NO3)2·6H2O,DMF/H2O,Nessuno,160,48.0,0.2,0.1,2.0,Solvothermal,2,8.0,numeric_decimal_standardized;salt_hydrate_separator_standardized;solvent_canonicalized,,0,INCLUDED,,,MOF_GROUPED_LIGAND_SPLIT_v6.0_seed260730,DEVELOPMENT,Legante,260730,"3,3'-dinitro-4,4'-bipyrazole bipyrazole",6.0,nitrate,2.0,30.0,65.38,12.0,4.0,d,1.65
MOFs_149,"3,3'-dinitro-4,4'-bipyrazole",Bipyrazole,Zn,Zn(NO3)2·6H2O,DMF/H2O,Nessuno,160,24.0,0.2,0.2,1.0,Solvothermal,0,8.0,numeric_decimal_standardized;salt_hydrate_separator_standardized;solvent_canonicalized,,0,INCLUDED,,,MOF_GROUPED_LIGAND_SPLIT_v6.0_seed260730,DEVELOPMENT,Legante,260730,"3,3'-dinitro-4,4'-bipyrazole bipyrazole",6.0,nitrate,2.0,30.0,65.38,12.0,4.0,d,1.65
MOFs_150,"3,3'-dinitro-4,4'-bipyrazole",Bipyrazole,Zn,Zn(OAc)2·2H2O,DMF/H2O,Nessuno,120,24.0,0.1,0.1,1.0,Solvothermal,1,5.0,numeric_decimal_standardized;salt_hydrate_separator_standardized;solvent_canonicalized,,0,INCLUDED,,,MOF_GROUPED_LIGAND_SPLIT_v6.0_seed260730,DEVELOPMENT,Legante,260730,"3,3'-dinitro-4,4'-bipyrazole bipyrazole",2.0,acetate,2.0,30.0,65.38,12.0,4.0,d,1.65
MOFs_151,"3,3'-dinitro-4,4'-bipyrazole",Bipyrazole,Zn,Zn(OAc)2·2H2O,DMF/H2O,Nessuno,150,48.0,0.1,0.1,1.0,Solvothermal,0,8.0,numeric_decimal_standardized;salt_hydrate_separator_standardized;solvent_canonicalized,,0,INCLUDED,,,MOF_GROUPED_LIGAND_SPLIT_v6.0_seed260730,DEVELOPMENT,Legante,260730,"3,3'-dinitro-4,4'-bipyrazole bipyrazole",2.0,acetate,2.0,30.0,65.38,12.0,4.0,d,1.65
MOFs_152,"3,3'-dinitro-4,4'-bipyrazole",Bipyrazole,Zn,Zn(NO3)2·6H2O,DMF/H2O,Nessuno,160,24.0,0.1,0.2,0.5,Solvothermal,2,14.0,numeric_decimal_standardized;salt_hydrate_separator_standardized;solvent_canonicalized,,0,INCLUDED,,,MOF_GROUPED_LIGAND_SPLIT_v6.0_seed260730,DEVELOPMENT,Legante,260730,"3,3'-dinitro-4,4'-bipyrazole bipyrazole",6.0,nitrate,2.0,30.0,65.38,12.0,4.0,d,1.65
MOFs_153,"3,3'-dinitro-4,4'-bipyrazole",Bipyrazole,Zn,Zn(NO3)2·6H2O,DMF,Nessuno,160,6.0,0.2,0.1,2.0,Solvothermal,2,10.0,numeric_decimal_standardized;salt_hydrate_separator_standardized,,0,INCLUDED,,,MOF_GROUPED_LIGAND_SPLIT_v6.0_seed260730,DEVELOPMENT,Legante,260730,"3,3'-dinitro-4,4'-bipyrazole bipyrazole",6.0,nitrate,2.0,30.0,65.38,12.0,4.0,d,1.65
MOFs_154,"3,3'-dinitro-4,4'-bipyrazole",Bipyrazole,Zr,ZrCl4,DMF,Nessuno,120,48.0,0.1,0.1,1.0,Solvothermal,0,6.0,numeric_decimal_standardized,,0,INCLUDED,,,MOF_GROUPED_LIGAND_SPLIT_v6.0_seed260730,DEVELOPMENT,Legante,260730,"3,3'-dinitro-4,4'-bipyrazole bipyrazole",0.0,chloride,4.0,40.0,91.224,4.0,5.0,d,1.33
MOFs_155,"3,3'-dinitro-4,4'-bipyrazole",Bipyrazole,Zr,ZrCl4,DMF,H2O-Et3N,120,48.0,0.1,0.1,1.0,Solvothermal,0,6.0,numeric_decimal_standardized,,0,INCLUDED,,,MOF_GROUPED_LIGAND_SPLIT_v6.0_seed260730,DEVELOPMENT,Legante,260730,"3,3'-dinitro-4,4'-bipyrazole bipyrazole",0.0,chloride,4.0,40.0,91.224,4.0,5.0,d,1.33
MOFs_156,"3,5-diamino-4,4'-bipyrazole",Bipyrazole,Ag,AgNO3,DMF,Nessuno,100,1.5,0.15,0.15,1.0,Solvothermal,0,8.0,numeric_decimal_standardized,,0,INCLUDED,,,MOF_GROUPED_LIGAND_SPLIT_v6.0_seed260730,DEVELOPMENT,Legante,260730,"3,5-diamino-4,4'-bipyrazole bipyrazole",0.0,nitrate,,47.0,107.868,11.0,5.0,d,1.93
MOFs_157,"3,5-diamino-4,4'-bipyrazole",Bipyrazole,Ag,AgNO3,DMF/MeCN,Nessuno,100,0.45,0.15,0.15,1.0,Solvothermal,0,6.0,numeric_decimal_standardized,,0,INCLUDED,,,MOF_GROUPED_LIGAND_SPLIT_v6.0_seed260730,DEVELOPMENT,Legante,260730,"3,5-diamino-4,4'-bipyrazole bipyrazole",0.0,nitrate,,47.0,107.868,11.0,5.0,d,1.93
MOFs_158,"3,5-diamino-4,4'-bipyrazole",Bipyrazole,Ag,AgNO3,DMF/MeCN,Nessuno,100,1.0,0.15,0.15,1.0,Solvothermal,0,4.0,numeric_decimal_standardized,,0,INCLUDED,,,MOF_GROUPED_LIGAND_SPLIT_v6.0_seed260730,DEVELOPMENT,Legante,260730,"3,5-diamino-4,4'-bipyrazole bipyrazole",0.0,nitrate,,47.0,107.868,11.0,5.0,d,1.93
MOFs_160,"3,5-diamino-4,4'-bipyrazole",Bipyrazole,Ag,Ag2O,MeOH/NH3,Nessuno,25,115.0,0.15,0.15,1.0,Solvothermal,0,20.0,numeric_decimal_standardized;temperature_room_to_25,,0,INCLUDED,,,MOF_GROUPED_LIGAND_SPLIT_v6.0_seed260730,DEVELOPMENT,Legante,260730,"3,5-diamino-4,4'-bipyrazole bipyrazole",0.0,oxide,,47.0,107.868,11.0,5.0,d,1.93
MOFs_163,"3,5-diamino-4,4'-bipyrazole",Bipyrazole,Al,Al(NO3)3∙9H2O,DMF,Nessuno,140,24.0,0.2,0.2,1.0,Solvothermal,0,10.0,numeric_decimal_standardized,,0,INCLUDED,,,MOF_GROUPED_LIGAND_SPLIT_v6.0_seed260730,DEVELOPMENT,Legante,260730,"3,5-diamino-4,4'-bipyrazole bipyrazole",1.0,nitrate,3.0,13.0,26.982,13.0,3.0,p,1.61
MOFs_164,"3,5-diamino-4,4'-bipyrazole",Bipyrazole,Cd,Cd(NO3)2·4H2O,DMF/H2O,Nessuno,160,72.0,0.3,0.3,1.0,Solvothermal,0,12.0,numeric_decimal_standardized;salt_hydrate_separator_standardized,,0,INCLUDED,,,MOF_GROUPED_LIGAND_SPLIT_v6.0_seed260730,DEVELOPMENT,Legante,260730,"3,5-diamino-4,4'-bipyrazole bipyrazole",4.0,nitrate,2.0,48.0,112.414,12.0,5.0,d,1.69
MOFs_165,"3,5-diamino-4,4'-bipyrazole",Bipyrazole,Cd,Cd(NO3)2·4H2O,DMF,Nessuno,140,72.0,0.2,0.1,2.0,Solvothermal,0,10.0,numeric_decimal_standardized;salt_hydrate_separator_standardized,,0,INCLUDED,,,MOF_GROUPED_LIGAND_SPLIT_v6.0_seed260730,DEVELOPMENT,Legante,260730,"3,5-diamino-4,4'-bipyrazole bipyrazole",4.0,nitrate,2.0,48.0,112.414,12.0,5.0,d,1.69
MOFs_166,"3,5-diamino-4,4'-bipyrazole",Bipyrazole,Cd,Cd(NO3)2·4H2O,DMF,Nessuno,140,72.0,0.48,0.2,2.4,Solvothermal,2,20.0,numeric_decimal_standardized;salt_hydrate_separator_standardized,,0,INCLUDED,,,MOF_GROUPED_LIGAND_SPLIT_v6.0_seed260730,DEVELOPMENT,Legante,260730,"3,5-diamino-4,4'-bipyrazole bipyrazole",4.0,nitrate,2.0,48.0,112.414,12.0,5.0,d,1.69
MOFs_167,"3,5-diamino-4,4'-bipyrazole",Bipyrazole,Cd,Cd(NO3)2·4H2O,DMF,Nessuno,140,48.0,1.0,0.5,2.0,Solvothermal,0,60.0,numeric_decimal_standardized;salt_hydrate_separator_standardized,,0,INCLUDED,,,MOF_GROUPED_LIGAND_SPLIT_v6.0_seed260730,DEVELOPMENT,Legante,260730,"3,5-diamino-4,4'-bipyrazole bipyrazole",4.0,nitrate,2.0,48.0,112.414,12.0,5.0,d,1.69
MOFs_168,"3,5-diamino-4,4'-bipyrazole",Bipyrazole,Cd,Cd(OAc)2·2H2O,DMF/H2O,Nessuno,140,48.0,0.2,0.1,2.0,Solvothermal,0,10.0,numeric_decimal_standardized;salt_hydrate_separator_standardized,,0,INCLUDED,,,MOF_GROUPED_LIGAND_SPLIT_v6.0_seed260730,DEVELOPMENT,Legante,260730,"3,5-diamino-4,4'-bipyrazole bipyrazole",2.0,acetate,2.0,48.0,112.414,12.0,5.0,d,1.69
MOFs_169,"3,5-diamino-4,4'-bipyrazole",Bipyrazole,Cd,Cd(NO3)2·4H2O,DMF/H2O,Nessuno,140,120.0,0.2,0.1,2.0,Solvothermal,0,20.0,numeric_decimal_standardized;salt_hydrate_separator_standardized,,0,INCLUDED,,,MOF_GROUPED_LIGAND_SPLIT_v6.0_seed260730,DEVELOPMENT,Legante,260730,"3,5-diamino-4,4'-bipyrazole bipyrazole",4.0,nitrate,2.0,48.0,112.414,12.0,5.0,d,1.69
MOFs_170,"3,5-diamino-4,4'-bipyrazole",Bipyrazole,Co,Co(OAc)2·4H2O,ButOH,Nessuno,130,48.0,0.2,0.2,1.0,Solvothermal,0,8.0,numeric_decimal_standardized;salt_hydrate_separator_standardized,,0,INCLUDED,,,MOF_GROUPED_LIGAND_SPLIT_v6.0_seed260730,DEVELOPMENT,Legante,260730,"3,5-diamino-4,4'-bipyrazole bipyrazole",4.0,acetate,2.0,27.0,58.933,9.0,4.0,d,1.88
MOFs_171,"3,5-diamino-4,4'-bipyrazole",Bipyrazole,Co,Co(OAc)2·4H2O,ButOH,Nessuno,110,72.0,0.2,0.2,1.0,Solvothermal,0,8.0,numeric_decimal_standardized;salt_hydrate_separator_standardized,,0,INCLUDED,,,MOF_GROUPED_LIGAND_SPLIT_v6.0_seed260730,DEVELOPMENT,Legante,260730,"3,5-diamino-4,4'-bipyrazole bipyrazole",4.0,acetate,2.0,27.0,58.933,9.0,4.0,d,1.88
MOFs_172,"3,5-diamino-4,4'-bipyrazole",Bipyrazole,Co,Co(OAc)2·4H2O,DMF,Nessuno,120,3.0,0.5,0.5,1.0,Solvothermal,0,7.5,numeric_decimal_standardized;salt_hydrate_separator_standardized,,0,INCLUDED,,,MOF_GROUPED_LIGAND_SPLIT_v6.0_seed260730,DEVELOPMENT,Legante,260730,"3,5-diamino-4,4'-bipyrazole bipyrazole",4.0,acetate,2.0,27.0,58.933,9.0,4.0,d,1.88
MOFs_173,"3,5-diamino-4,4'-bipyrazole",Bipyrazole,Co,Co(OAc)2·4H2O,DMF,Nessuno,25,24.0,0.2,0.2,1.0,Solvothermal,0,8.0,numeric_decimal_standardized;salt_hydrate_separator_standardized;temperature_room_to_25,,0,INCLUDED,,,MOF_GROUPED_LIGAND_SPLIT_v6.0_seed260730,DEVELOPMENT,Legante,260730,"3,5-diamino-4,4'-bipyrazole bipyrazole",4.0,acetate,2.0,27.0,58.933,9.0,4.0,d,1.88
MOFs_174,"3,5-diamino-4,4'-bipyrazole",Bipyrazole,Co,Co(OAc)2·4H2O,EtOH,Nessuno,70,72.0,0.2,0.2,1.0,Solvothermal,0,10.0,numeric_decimal_standardized;salt_hydrate_separator_standardized,,0,INCLUDED,,,MOF_GROUPED_LIGAND_SPLIT_v6.0_seed260730,DEVELOPMENT,Legante,260730,"3,5-diamino-4,4'-bipyrazole bipyrazole",4.0,acetate,2.0,27.0,58.933,9.0,4.0,d,1.88
MOFs_175,"3,5-diamino-4,4'-bipyrazole",Bipyrazole,Co,Co(OAc)2·4H2O,NH3 28%,Nessuno,70,24.0,0.2,0.2,1.0,Solvothermal,0,0.5,numeric_decimal_standardized;salt_hydrate_separator_standardized,,0,INCLUDED,,,MOF_GROUPED_LIGAND_SPLIT_v6.0_seed260730,DEVELOPMENT,Legante,260730,"3,5-diamino-4,4'-bipyrazole bipyrazole",4.0,acetate,2.0,27.0,58.933,9.0,4.0,d,1.88
MOFs_176,"3,5-diamino-4,4'-bipyrazole",Bipyrazole,Co,Co(OAc)2·4H2O,DMF,Nessuno,160,24.0,0.2,0.2,1.0,Solvothermal,0,10.0,numeric_decimal_standardized;salt_hydrate_separator_standardized,,0,INCLUDED,,,MOF_GROUPED_LIGAND_SPLIT_v6.0_seed260730,DEVELOPMENT,Legante,260730,"3,5-diamino-4,4'-bipyrazole bipyrazole",4.0,acetate,2.0,27.0,58.933,9.0,4.0,d,1.88
MOFs_177,"3,5-diamino-4,4'-bipyrazole",Bipyrazole,Co,Co(NO3)2·6H2O,DMF,Nessuno,160,24.0,0.2,0.2,1.0,Solvothermal,0,10.0,numeric_decimal_standardized;salt_hydrate_separator_standardized,,0,INCLUDED,,,MOF_GROUPED_LIGAND_SPLIT_v6.0_seed260730,DEVELOPMENT,Legante,260730,"3,5-diamino-4,4'-bipyrazole bipyrazole",6.0,nitrate,2.0,27.0,58.933,9.0,4.0,d,1.88
MOFs_178,"3,5-diamino-4,4'-bipyrazole",Bipyrazole,Co,Co(OAc)2·4H2O,DMF,Nessuno,120,24.0,0.2,0.2,1.0,Solvothermal,0,8.0,numeric_decimal_standardized;salt_hydrate_separator_standardized,,0,INCLUDED,,,MOF_GROUPED_LIGAND_SPLIT_v6.0_seed260730,DEVELOPMENT,Legante,260730,"3,5-diamino-4,4'-bipyrazole bipyrazole",4.0,acetate,2.0,27.0,58.933,9.0,4.0,d,1.88
MOFs_179,"3,5-diamino-4,4'-bipyrazole",Bipyrazole,Co,Co(OAc)2·4H2O,NH3 30%,Nessuno,140,24.0,0.2,0.2,1.0,Solvothermal,0,2.0,numeric_decimal_standardized;salt_hydrate_separator_standardized,,0,INCLUDED,,,MOF_GROUPED_LIGAND_SPLIT_v6.0_seed260730,DEVELOPMENT,Legante,260730,"3,5-diamino-4,4'-bipyrazole bipyrazole",4.0,acetate,2.0,27.0,58.933,9.0,4.0,d,1.88
MOFs_180,"3,5-diamino-4,4'-bipyrazole",Bipyrazole,Co,Co(OAc)2·4H2O,DMF,BDC,160,48.0,0.2,0.2,1.0,Solvothermal,0,0.1,numeric_decimal_standardized;salt_hydrate_separator_standardized,,0,INCLUDED,,,MOF_GROUPED_LIGAND_SPLIT_v6.0_seed260730,DEVELOPMENT,Legante,260730,"3,5-diamino-4,4'-bipyrazole bipyrazole",4.0,acetate,2.0,27.0,58.933,9.0,4.0,d,1.88
MOFs_181,"3,5-diamino-4,4'-bipyrazole",Bipyrazole,Co,Co(OAc)2·4H2O,DMF/H2O,BDC,160,48.0,0.2,0.2,1.0,Solvothermal,0,0.1,numeric_decimal_standardized;salt_hydrate_separator_standardized,,0,INCLUDED,,,MOF_GROUPED_LIGAND_SPLIT_v6.0_seed260730,DEVELOPMENT,Legante,260730,"3,5-diamino-4,4'-bipyrazole bipyrazole",4.0,acetate,2.0,27.0,58.933,9.0,4.0,d,1.88
MOFs_182,"3,5-diamino-4,4'-bipyrazole",Bipyrazole,Co,Co(OAc)2·4H2O,DMF,Nessuno,200,144.0,0.2,0.2,1.0,Solvothermal,0,10.0,numeric_decimal_standardized;salt_hydrate_separator_standardized,,0,INCLUDED,,,MOF_GROUPED_LIGAND_SPLIT_v6.0_seed260730,DEVELOPMENT,Legante,260730,"3,5-diamino-4,4'-bipyrazole bipyrazole",4.0,acetate,2.0,27.0,58.933,9.0,4.0,d,1.88
MOFs_183,"3,5-diamino-4,4'-bipyrazole",Bipyrazole,Co,Co(OAc)2·4H2O,DMF/H2O,Nessuno,160,72.0,0.2,0.2,1.0,Solvothermal,0,8.0,numeric_decimal_standardized;salt_hydrate_separator_standardized,,0,INCLUDED,,,MOF_GROUPED_LIGAND_SPLIT_v6.0_seed260730,DEVELOPMENT,Legante,260730,"3,5-diamino-4,4'-bipyrazole bipyrazole",4.0,acetate,2.0,27.0,58.933,9.0,4.0,d,1.88
MOFs_184,"3,5-diamino-4,4'-bipyrazole",Bipyrazole,Co,Co(OAc)2·4H2O,DMF,Nessuno,160,72.0,0.2,0.2,1.0,Solvothermal,0,200.0,numeric_decimal_standardized;salt_hydrate_separator_standardized,,0,INCLUDED,,,MOF_GROUPED_LIGAND_SPLIT_v6.0_seed260730,DEVELOPMENT,Legante,260730,"3,5-diamino-4,4'-bipyrazole bipyrazole",4.0,acetate,2.0,27.0,58.933,9.0,4.0,d,1.88
MOFs_185,"3,5-diamino-4,4'-bipyrazole",Bipyrazole,Co,Co(NO3)2·6H2O,DMF/H2O,Nessuno,160,72.0,0.2,0.2,1.0,Solvothermal,0,8.0,numeric_decimal_standardized;salt_hydrate_separator_standardized,,0,INCLUDED,,,MOF_GROUPED_LIGAND_SPLIT_v6.0_seed260730,DEVELOPMENT,Legante,260730,"3,5-diamino-4,4'-bipyrazole bipyrazole",6.0,nitrate,2.0,27.0,58.933,9.0,4.0,d,1.88
MOFs_186,"3,5-diamino-4,4'-bipyrazole",Bipyrazole,Co,Co(NO3)2·6H2O,DMF/H2O,Nessuno,160,120.0,0.06091321,0.03435954,1.77281809,Solvothermal,0,8.0,numeric_decimal_standardized;salt_hydrate_separator_standardized;exact_duplicate_candidate,DUP_020,0,INCLUDED,,duplicate_representative_retained,MOF_GROUPED_LIGAND_SPLIT_v6.0_seed260730,DEVELOPMENT,Legante,260730,"3,5-diamino-4,4'-bipyrazole bipyrazole",6.0,nitrate,2.0,27.0,58.933,9.0,4.0,d,1.88
MOFs_187,"3,5-diamino-4,4'-bipyrazole",Bipyrazole,Co,Co(NO3)2·6H2O,DMF/H2O,Nessuno,160,72.0,1.2,0.6,2.0,Solvothermal,0,50.0,numeric_decimal_standardized;salt_hydrate_separator_standardized,,0,INCLUDED,,,MOF_GROUPED_LIGAND_SPLIT_v6.0_seed260730,DEVELOPMENT,Legante,260730,"3,5-diamino-4,4'-bipyrazole bipyrazole",6.0,nitrate,2.0,27.0,58.933,9.0,4.0,d,1.88
MOFs_188,"3,5-diamino-4,4'-bipyrazole",Bipyrazole,Co,Co(NO3)2·6H2O,DMF/H2O,Nessuno,160,72.0,1.5,1.5,1.0,Solvothermal,2,65.0,numeric_decimal_standardized;salt_hydrate_separator_standardized,,0,INCLUDED,,,MOF_GROUPED_LIGAND_SPLIT_v6.0_seed260730,DEVELOPMENT,Legante,260730,"3,5-diamino-4,4'-bipyrazole bipyrazole",6.0,nitrate,2.0,27.0,58.933,9.0,4.0,d,1.88
MOFs_189,"3,5-diamino-4,4'-bipyrazole",Bipyrazole,Co,Co(NO3)2·6H2O,DMF/H2O,Nessuno,160,24.0,0.1,0.05,2.0,Solvothermal,0,5.0,numeric_decimal_standardized;salt_hydrate_separator_standardized,,0,INCLUDED,,,MOF_GROUPED_LIGAND_SPLIT_v6.0_seed260730,DEVELOPMENT,Legante,260730,"3,5-diamino-4,4'-bipyrazole bipyrazole",6.0,nitrate,2.0,27.0,58.933,9.0,4.0,d,1.88
MOFs_190,"3,5-diamino-4,4'-bipyrazole",Bipyrazole,Co,Co(NO3)2·6H2O,DMF/EtOH,Nessuno,160,24.0,0.1,0.05,2.0,Solvothermal,2,5.0,numeric_decimal_standardized;salt_hydrate_separator_standardized,,0,INCLUDED,,,MOF_GROUPED_LIGAND_SPLIT_v6.0_seed260730,DEVELOPMENT,Legante,260730,"3,5-diamino-4,4'-bipyrazole bipyrazole",6.0,nitrate,2.0,27.0,58.933,9.0,4.0,d,1.88
MOFs_191,"3,5-diamino-4,4'-bipyrazole",Bipyrazole,Co,Co(NO3)2·6H2O,DMF/H2O,Nessuno,160,24.0,0.1,0.05,2.0,Solvothermal,2,2.0,numeric_decimal_standardized;salt_hydrate_separator_standardized,,0,INCLUDED,,,MOF_GROUPED_LIGAND_SPLIT_v6.0_seed260730,DEVELOPMENT,Legante,260730,"3,5-diamino-4,4'-bipyrazole bipyrazole",6.0,nitrate,2.0,27.0,58.933,9.0,4.0,d,1.88
MOFs_192,"3,5-diamino-4,4'-bipyrazole",Bipyrazole,Co,Co(NO3)2·6H2O,DMF/EtOH,Nessuno,160,16.0,0.2,0.1,2.0,Solvothermal,2,10.0,numeric_decimal_standardized;salt_hydrate_separator_standardized,,0,INCLUDED,,,MOF_GROUPED_LIGAND_SPLIT_v6.0_seed260730,DEVELOPMENT,Legante,260730,"3,5-diamino-4,4'-bipyrazole bipyrazole",6.0,nitrate,2.0,27.0,58.933,9.0,4.0,d,1.88
MOFs_193,"3,5-diamino-4,4'-bipyrazole",Bipyrazole,Co,Co(NO3)2·6H2O,DMF/MeOH,Nessuno,160,24.0,0.1,0.05,2.0,Solvothermal,2,5.0,numeric_decimal_standardized;salt_hydrate_separator_standardized,,0,INCLUDED,,,MOF_GROUPED_LIGAND_SPLIT_v6.0_seed260730,DEVELOPMENT,Legante,260730,"3,5-diamino-4,4'-bipyrazole bipyrazole",6.0,nitrate,2.0,27.0,58.933,9.0,4.0,d,1.88
MOFs_194,"3,5-diamino-4,4'-bipyrazole",Bipyrazole,Co,Co(NO3)2·6H2O,MeOH,Nessuno,120,72.0,0.1,0.1,1.0,Solvothermal,0,10.0,numeric_decimal_standardized;salt_hydrate_separator_standardized,,0,INCLUDED,,,MOF_GROUPED_LIGAND_SPLIT_v6.0_seed260730,DEVELOPMENT,Legante,260730,"3,5-diamino-4,4'-bipyrazole bipyrazole",6.0,nitrate,2.0,27.0,58.933,9.0,4.0,d,1.88
MOFs_195,"3,5-diamino-4,4'-bipyrazole",Bipyrazole,Co,Co(NO3)2·6H2O,DMF/H2O,Nessuno,150,72.0,0.05,0.05,1.0,Solvothermal,2,7.0,numeric_decimal_standardized;salt_hydrate_separator_standardized,,0,INCLUDED,,,MOF_GROUPED_LIGAND_SPLIT_v6.0_seed260730,DEVELOPMENT,Legante,260730,"3,5-diamino-4,4'-bipyrazole bipyrazole",6.0,nitrate,2.0,27.0,58.933,9.0,4.0,d,1.88
MOFs_196,"3,5-diamino-4,4'-bipyrazole",Bipyrazole,Co,Co(OAc)2·4H2O,DMF,Nessuno,110,48.0,0.2,0.2,1.0,Solvothermal,0,8.0,numeric_decimal_standardized;salt_hydrate_separator_standardized,,0,INCLUDED,,,MOF_GROUPED_LIGAND_SPLIT_v6.0_seed260730,DEVELOPMENT,Legante,260730,"3,5-diamino-4,4'-bipyrazole bipyrazole",4.0,acetate,2.0,27.0,58.933,9.0,4.0,d,1.88
MOFs_197,"3,5-diamino-4,4'-bipyrazole",Bipyrazole,Co,Co(OAc)2·4H2O,DMF/H2O,Nessuno,120,24.0,0.2,0.2,1.0,Solvothermal,0,6.7,numeric_decimal_standardized;salt_hydrate_separator_standardized,,0,INCLUDED,,,MOF_GROUPED_LIGAND_SPLIT_v6.0_seed260730,DEVELOPMENT,Legante,260730,"3,5-diamino-4,4'-bipyrazole bipyrazole",4.0,acetate,2.0,27.0,58.933,9.0,4.0,d,1.88
MOFs_203,"3,5-diamino-4,4'-bipyrazole",Bipyrazole,Co,Co(NO3)2·6H2O,DMF/H2O,Nessuno,160,95.0,0.06091321,0.03435954,1.77281809,Solvothermal,0,5.0,numeric_decimal_standardized;salt_hydrate_separator_standardized,,0,INCLUDED,,,MOF_GROUPED_LIGAND_SPLIT_v6.0_seed260730,DEVELOPMENT,Legante,260730,"3,5-diamino-4,4'-bipyrazole bipyrazole",6.0,nitrate,2.0,27.0,58.933,9.0,4.0,d,1.88
MOFs_204,"3,5-diamino-4,4'-bipyrazole",Bipyrazole,Co,Co(NO3)2·6H2O,DMF/H2O,Nessuno,160,24.0,0.1218,0.0687,1.77292576,Solvothermal,0,16.0,numeric_decimal_standardized;salt_hydrate_separator_standardized,,0,INCLUDED,,,MOF_GROUPED_LIGAND_SPLIT_v6.0_seed260730,DEVELOPMENT,Legante,260730,"3,5-diamino-4,4'-bipyrazole bipyrazole",6.0,nitrate,2.0,27.0,58.933,9.0,4.0,d,1.88
MOFs_205,"3,5-diamino-4,4'-bipyrazole",Bipyrazole,Co,Co(NO3)2·6H2O,DMF/H2O,Nessuno,160,24.0,1.2,1.2,1.0,Solvothermal,0,50.0,numeric_decimal_standardized;salt_hydrate_separator_standardized;exact_duplicate_candidate,DUP_021,0,INCLUDED,,duplicate_representative_retained,MOF_GROUPED_LIGAND_SPLIT_v6.0_seed260730,DEVELOPMENT,Legante,260730,"3,5-diamino-4,4'-bipyrazole bipyrazole",6.0,nitrate,2.0,27.0,58.933,9.0,4.0,d,1.88
MOFs_206,"3,5-diamino-4,4'-bipyrazole",Bipyrazole,Co,Co(NO3)2·6H2O,DMF/H2O,Nessuno,160,24.0,1.3,1.3,1.0,Solvothermal,2,62.5,numeric_decimal_standardized;salt_hydrate_separator_standardized,,0,INCLUDED,,,MOF_GROUPED_LIGAND_SPLIT_v6.0_seed260730,DEVELOPMENT,Legante,260730,"3,5-diamino-4,4'-bipyrazole bipyrazole",6.0,nitrate,2.0,27.0,58.933,9.0,4.0,d,1.88
MOFs_207,"3,5-diamino-4,4'-bipyrazole",Bipyrazole,Co,Co(NO3)2·6H2O,DMF/H2O,Nessuno,160,72.0,0.2,0.2,1.0,Solvothermal,2,10.0,numeric_decimal_standardized;salt_hydrate_separator_standardized,,0,INCLUDED,,,MOF_GROUPED_LIGAND_SPLIT_v6.0_seed260730,DEVELOPMENT,Legante,260730,"3,5-diamino-4,4'-bipyrazole bipyrazole",6.0,nitrate,2.0,27.0,58.933,9.0,4.0,d,1.88
MOFs_209,"3,5-diamino-4,4'-bipyrazole",Bipyrazole,Co,Co(NO3)2·6H2O,DMF/H2O,Nessuno,160,24.0,0.2,0.2,1.0,Solvothermal,0,8.0,numeric_decimal_standardized;salt_hydrate_separator_standardized,,0,INCLUDED,,,MOF_GROUPED_LIGAND_SPLIT_v6.0_seed260730,DEVELOPMENT,Legante,260730,"3,5-diamino-4,4'-bipyrazole bipyrazole",6.0,nitrate,2.0,27.0,58.933,9.0,4.0,d,1.88
MOFs_211,"3,5-diamino-4,4'-bipyrazole",Bipyrazole,Co,Co(NO3)2·6H2O,DMF/MeCN/ButOH,Nessuno,160,48.0,0.06091321,0.03435954,1.77281809,Solvothermal,0,3.0,numeric_decimal_standardized;salt_hydrate_separator_standardized;solvent_canonicalized,,0,INCLUDED,,,MOF_GROUPED_LIGAND_SPLIT_v6.0_seed260730,DEVELOPMENT,Legante,260730,"3,5-diamino-4,4'-bipyrazole bipyrazole",6.0,nitrate,2.0,27.0,58.933,9.0,4.0,d,1.88
MOFs_212,"3,5-diamino-4,4'-bipyrazole",Bipyrazole,Co,Co(NO3)2·6H2O,DMF/H2O,Nessuno,160,100.0,0.1827,0.1029,1.7755102,Solvothermal,0,24.0,numeric_decimal_standardized;salt_hydrate_separator_standardized,,0,INCLUDED,,,MOF_GROUPED_LIGAND_SPLIT_v6.0_seed260730,DEVELOPMENT,Legante,260730,"3,5-diamino-4,4'-bipyrazole bipyrazole",6.0,nitrate,2.0,27.0,58.933,9.0,4.0,d,1.88
MOFs_214,"3,5-diamino-4,4'-bipyrazole",Bipyrazole,Co,Co(NO3)2·6H2O,DMF/H2O,Nessuno,160,24.0,1.2,0.6,2.0,Solvothermal,0,50.0,numeric_decimal_standardized;salt_hydrate_separator_standardized,,0,INCLUDED,,,MOF_GROUPED_LIGAND_SPLIT_v6.0_seed260730,DEVELOPMENT,Legante,260730,"3,5-diamino-4,4'-bipyrazole bipyrazole",6.0,nitrate,2.0,27.0,58.933,9.0,4.0,d,1.88
MOFs_217,"3,5-diamino-4,4'-bipyrazole",Bipyrazole,Cu,Cu(OAc)2·H2O,DMF,Nessuno,120,24.0,0.2,0.2,1.0,Solvothermal,0,8.0,numeric_decimal_standardized;salt_hydrate_separator_standardized,,0,INCLUDED,,,MOF_GROUPED_LIGAND_SPLIT_v6.0_seed260730,DEVELOPMENT,Legante,260730,"3,5-diamino-4,4'-bipyrazole bipyrazole",1.0,acetate,2.0,29.0,63.546,11.0,4.0,d,1.9
MOFs_218,"3,5-diamino-4,4'-bipyrazole",Bipyrazole,Cu,Cu(OAc)2·H2O,ButOH,Nessuno,130,48.0,0.2,0.2,1.0,Solvothermal,0,8.0,numeric_decimal_standardized;salt_hydrate_separator_standardized,,0,INCLUDED,,,MOF_GROUPED_LIGAND_SPLIT_v6.0_seed260730,DEVELOPMENT,Legante,260730,"3,5-diamino-4,4'-bipyrazole bipyrazole",1.0,acetate,2.0,29.0,63.546,11.0,4.0,d,1.9
MOFs_219,"3,5-diamino-4,4'-bipyrazole",Bipyrazole,Cu,Cu(OAc)2·H2O,ButOH,Nessuno,110,72.0,0.2,0.2,1.0,Solvothermal,0,8.0,numeric_decimal_standardized;salt_hydrate_separator_standardized,,0,INCLUDED,,,MOF_GROUPED_LIGAND_SPLIT_v6.0_seed260730,DEVELOPMENT,Legante,260730,"3,5-diamino-4,4'-bipyrazole bipyrazole",1.0,acetate,2.0,29.0,63.546,11.0,4.0,d,1.9
MOFs_220,"3,5-diamino-4,4'-bipyrazole",Bipyrazole,Cu,Cu(OAc)2·H2O,DMF,Nessuno,120,3.0,0.5,0.5,1.0,Solvothermal,0,7.5,numeric_decimal_standardized;salt_hydrate_separator_standardized,,0,INCLUDED,,,MOF_GROUPED_LIGAND_SPLIT_v6.0_seed260730,DEVELOPMENT,Legante,260730,"3,5-diamino-4,4'-bipyrazole bipyrazole",1.0,acetate,2.0,29.0,63.546,11.0,4.0,d,1.9
MOFs_221,"3,5-diamino-4,4'-bipyrazole",Bipyrazole,Cu,Cu(OAc)2·H2O,DMF,Nessuno,25,24.0,0.2,0.2,1.0,Solvothermal,0,8.0,numeric_decimal_standardized;salt_hydrate_separator_standardized;temperature_room_to_25,,0,INCLUDED,,,MOF_GROUPED_LIGAND_SPLIT_v6.0_seed260730,DEVELOPMENT,Legante,260730,"3,5-diamino-4,4'-bipyrazole bipyrazole",1.0,acetate,2.0,29.0,63.546,11.0,4.0,d,1.9
MOFs_222,"3,5-diamino-4,4'-bipyrazole",Bipyrazole,Cu,Cu(OAc)2·H2O,EtOH,Nessuno,70,72.0,0.2,0.2,1.0,Solvothermal,0,10.0,numeric_decimal_standardized;salt_hydrate_separator_standardized,,0,INCLUDED,,,MOF_GROUPED_LIGAND_SPLIT_v6.0_seed260730,DEVELOPMENT,Legante,260730,"3,5-diamino-4,4'-bipyrazole bipyrazole",1.0,acetate,2.0,29.0,63.546,11.0,4.0,d,1.9
MOFs_223,"3,5-diamino-4,4'-bipyrazole",Bipyrazole,Cu,Cu(OAc)2·H2O,DMF,Nessuno,80,3.0,0.5,0.5,1.0,Solvothermal,0,7.5,numeric_decimal_standardized;salt_hydrate_separator_standardized,,0,INCLUDED,,,MOF_GROUPED_LIGAND_SPLIT_v6.0_seed260730,DEVELOPMENT,Legante,260730,"3,5-diamino-4,4'-bipyrazole bipyrazole",1.0,acetate,2.0,29.0,63.546,11.0,4.0,d,1.9
MOFs_224,"3,5-diamino-4,4'-bipyrazole",Bipyrazole,Cu,Cu(OAc)2·H2O,NH3 30%,Nessuno,110,24.0,0.2,0.5,0.4,Solvothermal,0,2.0,numeric_decimal_standardized;salt_hydrate_separator_standardized,,0,INCLUDED,,,MOF_GROUPED_LIGAND_SPLIT_v6.0_seed260730,DEVELOPMENT,Legante,260730,"3,5-diamino-4,4'-bipyrazole bipyrazole",1.0,acetate,2.0,29.0,63.546,11.0,4.0,d,1.9
MOFs_225,"3,5-diamino-4,4'-bipyrazole",Bipyrazole,Cu,Cu(NO3)2·3H2O,,Nessuno,110,24.0,0.2,0.2,1.0,Solvothermal,0,10.0,numeric_decimal_standardized;salt_hydrate_separator_standardized,,0,INCLUDED,,,MOF_GROUPED_LIGAND_SPLIT_v6.0_seed260730,DEVELOPMENT,Legante,260730,"3,5-diamino-4,4'-bipyrazole bipyrazole",3.0,nitrate,2.0,29.0,63.546,11.0,4.0,d,1.9
MOFs_226,"3,5-diamino-4,4'-bipyrazole",Bipyrazole,Cu,Cu(OAc)2·H2O,DMF,Nessuno,110,48.0,0.2,0.2,1.0,Solvothermal,0,8.0,numeric_decimal_standardized;salt_hydrate_separator_standardized,,0,INCLUDED,,,MOF_GROUPED_LIGAND_SPLIT_v6.0_seed260730,DEVELOPMENT,Legante,260730,"3,5-diamino-4,4'-bipyrazole bipyrazole",1.0,acetate,2.0,29.0,63.546,11.0,4.0,d,1.9
MOFs_227,"3,5-diamino-4,4'-bipyrazole",Bipyrazole,Cu,Cu(OAc)2·H2O,DMF/H2O,Nessuno,120,24.0,0.2,0.2,1.0,Solvothermal,0,6.7,numeric_decimal_standardized;salt_hydrate_separator_standardized,,0,INCLUDED,,,MOF_GROUPED_LIGAND_SPLIT_v6.0_seed260730,DEVELOPMENT,Legante,260730,"3,5-diamino-4,4'-bipyrazole bipyrazole",1.0,acetate,2.0,29.0,63.546,11.0,4.0,d,1.9
MOFs_228,"3,5-diamino-4,4'-bipyrazole",Bipyrazole,Cu,Cu(NO3)2·3H2O,DMF/H2O,Nessuno,160,24.0,0.1218,0.0687,1.77292576,Solvothermal,0,16.0,numeric_decimal_standardized;salt_hydrate_separator_standardized,,0,INCLUDED,,,MOF_GROUPED_LIGAND_SPLIT_v6.0_seed260730,DEVELOPMENT,Legante,260730,"3,5-diamino-4,4'-bipyrazole bipyrazole",3.0,nitrate,2.0,29.0,63.546,11.0,4.0,d,1.9
MOFs_229,"3,5-diamino-4,4'-bipyrazole",Bipyrazole,Cu,Cu(OAc)2·H2O,DMF/H2O,Nessuno,160,24.0,0.1218,0.0687,1.77292576,Solvothermal,0,16.0,numeric_decimal_standardized;salt_hydrate_separator_standardized,,0,INCLUDED,,,MOF_GROUPED_LIGAND_SPLIT_v6.0_seed260730,DEVELOPMENT,Legante,260730,"3,5-diamino-4,4'-bipyrazole bipyrazole",1.0,acetate,2.0,29.0,63.546,11.0,4.0,d,1.9
MOFs_230,"3,5-diamino-4,4'-bipyrazole",Bipyrazole,Cu,Cu(NO3)2·3H2O,DMF/H2O,Nessuno,160,24.0,0.24,0.13,1.84615385,Solvothermal,0,16.0,numeric_decimal_standardized;salt_hydrate_separator_standardized,,0,INCLUDED,,,MOF_GROUPED_LIGAND_SPLIT_v6.0_seed260730,DEVELOPMENT,Legante,260730,"3,5-diamino-4,4'-bipyrazole bipyrazole",3.0,nitrate,2.0,29.0,63.546,11.0,4.0,d,1.9
MOFs_231,"3,5-diamino-4,4'-bipyrazole",Bipyrazole,Cu,Cu(OAc)2·H2O,DMF/H2O,Nessuno,100,72.0,0.24,0.24,1.0,Solvothermal,0,14.0,numeric_decimal_standardized;salt_hydrate_separator_standardized,,0,INCLUDED,,,MOF_GROUPED_LIGAND_SPLIT_v6.0_seed260730,DEVELOPMENT,Legante,260730,"3,5-diamino-4,4'-bipyrazole bipyrazole",1.0,acetate,2.0,29.0,63.546,11.0,4.0,d,1.9
MOFs_232,"3,5-diamino-4,4'-bipyrazole",Bipyrazole,Cu,Cu(NO3)2·3H2O,DMF/H2O,Nessuno,100,72.0,0.24,0.24,1.0,Solvothermal,0,14.0,numeric_decimal_standardized;salt_hydrate_separator_standardized,,0,INCLUDED,,,MOF_GROUPED_LIGAND_SPLIT_v6.0_seed260730,DEVELOPMENT,Legante,260730,"3,5-diamino-4,4'-bipyrazole bipyrazole",3.0,nitrate,2.0,29.0,63.546,11.0,4.0,d,1.9
MOFs_233,"3,5-diamino-4,4'-bipyrazole",Bipyrazole,Fe,Fe(NO3)3·9H2O,DMF,Nessuno,120,24.0,0.2,0.1,2.0,Solvothermal,0,10.0,numeric_decimal_standardized;salt_hydrate_separator_standardized,,0,INCLUDED,,,MOF_GROUPED_LIGAND_SPLIT_v6.0_seed260730,DEVELOPMENT,Legante,260730,"3,5-diamino-4,4'-bipyrazole bipyrazole",9.0,nitrate,3.0,26.0,55.845,8.0,4.0,d,1.83
MOFs_234,"3,5-diamino-4,4'-bipyrazole",Bipyrazole,Fe,FeCl3,DMF,Nessuno,120,24.0,0.2,0.1,2.0,Solvothermal,0,10.0,numeric_decimal_standardized,,0,INCLUDED,,,MOF_GROUPED_LIGAND_SPLIT_v6.0_seed260730,DEVELOPMENT,Legante,260730,"3,5-diamino-4,4'-bipyrazole bipyrazole",0.0,chloride,3.0,26.0,55.845,8.0,4.0,d,1.83
MOFs_235,"3,5-diamino-4,4'-bipyrazole",Bipyrazole,Mn,MnCl2·4H2O,,Nessuno,100,24.0,0.2,0.2,1.0,Solvothermal,0,5.0,numeric_decimal_standardized;salt_hydrate_separator_standardized,,0,INCLUDED,,,MOF_GROUPED_LIGAND_SPLIT_v6.0_seed260730,DEVELOPMENT,Legante,260730,"3,5-diamino-4,4'-bipyrazole bipyrazole",4.0,chloride,2.0,25.0,54.938,7.0,4.0,d,1.55
MOFs_236,"3,5-diamino-4,4'-bipyrazole",Bipyrazole,Ni,Ni(OAc)2·4H2O,ButOH,Nessuno,130,48.0,0.2,0.2,1.0,Solvothermal,0,8.0,numeric_decimal_standardized;salt_hydrate_separator_standardized,,0,INCLUDED,,,MOF_GROUPED_LIGAND_SPLIT_v6.0_seed260730,DEVELOPMENT,Legante,260730,"3,5-diamino-4,4'-bipyrazole bipyrazole",4.0,acetate,2.0,28.0,58.693,10.0,4.0,d,1.91
MOFs_237,"3,5-diamino-4,4'-bipyrazole",Bipyrazole,Ni,Ni(OAc)2·4H2O,ButOH,Nessuno,110,72.0,0.2,0.2,1.0,Solvothermal,0,8.0,numeric_decimal_standardized;salt_hydrate_separator_standardized,,0,INCLUDED,,,MOF_GROUPED_LIGAND_SPLIT_v6.0_seed260730,DEVELOPMENT,Legante,260730,"3,5-diamino-4,4'-bipyrazole bipyrazole",4.0,acetate,2.0,28.0,58.693,10.0,4.0,d,1.91
MOFs_238,"3,5-diamino-4,4'-bipyrazole",Bipyrazole,Ni,Ni(OAc)2·4H2O,DMF,Nessuno,120,3.0,0.5,0.5,1.0,Solvothermal,0,7.5,numeric_decimal_standardized;salt_hydrate_separator_standardized,,0,INCLUDED,,,MOF_GROUPED_LIGAND_SPLIT_v6.0_seed260730,DEVELOPMENT,Legante,260730,"3,5-diamino-4,4'-bipyrazole bipyrazole",4.0,acetate,2.0,28.0,58.693,10.0,4.0,d,1.91
MOFs_239,"3,5-diamino-4,4'-bipyrazole",Bipyrazole,Ni,Ni(OAc)2·4H2O,DMF,Nessuno,120,24.0,0.2,0.2,1.0,Solvothermal,0,8.0,numeric_decimal_standardized;salt_hydrate_separator_standardized,,0,INCLUDED,,,MOF_GROUPED_LIGAND_SPLIT_v6.0_seed260730,DEVELOPMENT,Legante,260730,"3,5-diamino-4,4'-bipyrazole bipyrazole",4.0,acetate,2.0,28.0,58.693,10.0,4.0,d,1.91
MOFs_240,"3,5-diamino-4,4'-bipyrazole",Bipyrazole,Ni,Ni(OAc)2·4H2O,DMF,Nessuno,25,24.0,0.2,0.2,1.0,Solvothermal,0,8.0,numeric_decimal_standardized;salt_hydrate_separator_standardized;temperature_room_to_25,,0,INCLUDED,,,MOF_GROUPED_LIGAND_SPLIT_v6.0_seed260730,DEVELOPMENT,Legante,260730,"3,5-diamino-4,4'-bipyrazole bipyrazole",4.0,acetate,2.0,28.0,58.693,10.0,4.0,d,1.91
MOFs_241,"3,5-diamino-4,4'-bipyrazole",Bipyrazole,Ni,Ni(OAc)2·4H2O,EtOH,Nessuno,70,72.0,0.2,0.2,1.0,Solvothermal,0,10.0,numeric_decimal_standardized;salt_hydrate_separator_standardized,,0,INCLUDED,,,MOF_GROUPED_LIGAND_SPLIT_v6.0_seed260730,DEVELOPMENT,Legante,260730,"3,5-diamino-4,4'-bipyrazole bipyrazole",4.0,acetate,2.0,28.0,58.693,10.0,4.0,d,1.91
MOFs_242,"3,5-diamino-4,4'-bipyrazole",Bipyrazole,Ni,Ni(NO3)2·6H2O,Mesitilene,Nessuno,25,24.0,0.2,0.2,1.0,Solvothermal,0,2.0,numeric_decimal_standardized;salt_hydrate_separator_standardized;temperature_room_to_25,,0,INCLUDED,,,MOF_GROUPED_LIGAND_SPLIT_v6.0_seed260730,DEVELOPMENT,Legante,260730,"3,5-diamino-4,4'-bipyrazole bipyrazole",6.0,nitrate,2.0,28.0,58.693,10.0,4.0,d,1.91
MOFs_243,"3,5-diamino-4,4'-bipyrazole",Bipyrazole,Ni,Ni(NO3)2·6H2O,DMF,Nessuno,160,24.0,0.2,0.2,1.0,Solvothermal,0,10.0,numeric_decimal_standardized;salt_hydrate_separator_standardized,,0,INCLUDED,,,MOF_GROUPED_LIGAND_SPLIT_v6.0_seed260730,DEVELOPMENT,Legante,260730,"3,5-diamino-4,4'-bipyrazole bipyrazole",6.0,nitrate,2.0,28.0,58.693,10.0,4.0,d,1.91
MOFs_244,"3,5-diamino-4,4'-bipyrazole",Bipyrazole,Ni,Ni(NO3)2·6H2O,DMF,Nessuno,120,24.0,0.2,0.2,1.0,Solvothermal,0,10.0,numeric_decimal_standardized;salt_hydrate_separator_standardized,,0,INCLUDED,,,MOF_GROUPED_LIGAND_SPLIT_v6.0_seed260730,DEVELOPMENT,Legante,260730,"3,5-diamino-4,4'-bipyrazole bipyrazole",6.0,nitrate,2.0,28.0,58.693,10.0,4.0,d,1.91
MOFs_245,"3,5-diamino-4,4'-bipyrazole",Bipyrazole,Ni,Ni(NO3)2·6H2O,DMF,Nessuno,65,96.0,0.2,0.2,1.0,Solvothermal,0,10.0,numeric_decimal_standardized;salt_hydrate_separator_standardized,,0,INCLUDED,,,MOF_GROUPED_LIGAND_SPLIT_v6.0_seed260730,DEVELOPMENT,Legante,260730,"3,5-diamino-4,4'-bipyrazole bipyrazole",6.0,nitrate,2.0,28.0,58.693,10.0,4.0,d,1.91
MOFs_246,"3,5-diamino-4,4'-bipyrazole",Bipyrazole,Ni,Ni(OAc)2·4H2O,DMF,Nessuno,110,48.0,0.2,0.2,1.0,Solvothermal,0,8.0,numeric_decimal_standardized;salt_hydrate_separator_standardized,,0,INCLUDED,,,MOF_GROUPED_LIGAND_SPLIT_v6.0_seed260730,DEVELOPMENT,Legante,260730,"3,5-diamino-4,4'-bipyrazole bipyrazole",4.0,acetate,2.0,28.0,58.693,10.0,4.0,d,1.91
MOFs_247,"3,5-diamino-4,4'-bipyrazole",Bipyrazole,Ni,Ni(OAc)2·4H2O,DMF/H2O,Nessuno,120,24.0,0.2,0.2,1.0,Solvothermal,0,6.7,numeric_decimal_standardized;salt_hydrate_separator_standardized,,0,INCLUDED,,,MOF_GROUPED_LIGAND_SPLIT_v6.0_seed260730,DEVELOPMENT,Legante,260730,"3,5-diamino-4,4'-bipyrazole bipyrazole",4.0,acetate,2.0,28.0,58.693,10.0,4.0,d,1.91
MOFs_248,"3,5-diamino-4,4'-bipyrazole",Bipyrazole,Ni,Ni(NO3)2·6H2O,DMF/H2O,Nessuno,160,24.0,0.24,0.13,1.84615385,Solvothermal,0,16.0,numeric_decimal_standardized;salt_hydrate_separator_standardized,,0,INCLUDED,,,MOF_GROUPED_LIGAND_SPLIT_v6.0_seed260730,DEVELOPMENT,Legante,260730,"3,5-diamino-4,4'-bipyrazole bipyrazole",6.0,nitrate,2.0,28.0,58.693,10.0,4.0,d,1.91
MOFs_249,"3,5-diamino-4,4'-bipyrazole",Bipyrazole,Ni,Ni(OAc)2·4H2O,DMF,Nessuno,140,24.0,0.2,0.2,1.0,Solvothermal,0,10.0,numeric_decimal_standardized;salt_hydrate_separator_standardized,,0,INCLUDED,,,MOF_GROUPED_LIGAND_SPLIT_v6.0_seed260730,DEVELOPMENT,Legante,260730,"3,5-diamino-4,4'-bipyrazole bipyrazole",4.0,acetate,2.0,28.0,58.693,10.0,4.0,d,1.91
MOFs_250,"3,5-diamino-4,4'-bipyrazole",Bipyrazole,Ni,Ni(OAc)2·4H2O,DMF,Nessuno,25,72.0,0.2,0.2,1.0,Solvothermal,0,10.0,numeric_decimal_standardized;salt_hydrate_separator_standardized;temperature_room_to_25,,0,INCLUDED,,,MOF_GROUPED_LIGAND_SPLIT_v6.0_seed260730,DEVELOPMENT,Legante,260730,"3,5-diamino-4,4'-bipyrazole bipyrazole",4.0,acetate,2.0,28.0,58.693,10.0,4.0,d,1.91
MOFs_251,"3,5-diamino-4,4'-bipyrazole",Bipyrazole,Ni,Ni(NO3)2·6H2O,DMF,Nessuno,85,72.0,0.2,0.2,1.0,Solvothermal,0,10.0,numeric_decimal_standardized;salt_hydrate_separator_standardized,,0,INCLUDED,,,MOF_GROUPED_LIGAND_SPLIT_v6.0_seed260730,DEVELOPMENT,Legante,260730,"3,5-diamino-4,4'-bipyrazole bipyrazole",6.0,nitrate,2.0,28.0,58.693,10.0,4.0,d,1.91
MOFs_252,"3,5-diamino-4,4'-bipyrazole",Bipyrazole,Zn,Zn(NO3)2·6H2O,DMF/H2O,Nessuno,160,24.0,0.24,0.13,1.84615385,Solvothermal,0,16.0,numeric_decimal_standardized;salt_hydrate_separator_standardized,,0,INCLUDED,,,MOF_GROUPED_LIGAND_SPLIT_v6.0_seed260730,DEVELOPMENT,Legante,260730,"3,5-diamino-4,4'-bipyrazole bipyrazole",6.0,nitrate,2.0,30.0,65.38,12.0,4.0,d,1.65
MOFs_253,"3,5-diamino-4,4'-bipyrazole",Bipyrazole,Zn,Zn(OAc)2·2H2O,DMF/H2O,Nessuno,160,72.0,0.2,0.2,1.0,Solvothermal,2,13.0,numeric_decimal_standardized;salt_hydrate_separator_standardized,,0,INCLUDED,,,MOF_GROUPED_LIGAND_SPLIT_v6.0_seed260730,DEVELOPMENT,Legante,260730,"3,5-diamino-4,4'-bipyrazole bipyrazole",2.0,acetate,2.0,30.0,65.38,12.0,4.0,d,1.65
MOFs_254,"3,5-diamino-4,4'-bipyrazole",Bipyrazole,Zn,Zn(NO3)2·6H2O,DMF/H2O,Nessuno,160,72.0,0.2,0.2,1.0,Solvothermal,2,13.0,numeric_decimal_standardized;salt_hydrate_separator_standardized,,0,INCLUDED,,,MOF_GROUPED_LIGAND_SPLIT_v6.0_seed260730,DEVELOPMENT,Legante,260730,"3,5-diamino-4,4'-bipyrazole bipyrazole",6.0,nitrate,2.0,30.0,65.38,12.0,4.0,d,1.65
MOFs_255,"3,5-DiMePz-4-COOH",Pyrazole carbossilati,Cu,Cu(OAc)2·H2O,H2O,Nessuno,25,48.0,0.2,0.1,2.0,Solvothermal,2,20.0,numeric_decimal_standardized;salt_hydrate_separator_standardized;temperature_room_to_25,,0,INCLUDED,,,MOF_GROUPED_LIGAND_SPLIT_v6.0_seed260730,DEVELOPMENT,Legante,260730,"3,5-dimepz-4-cooh pyrazole carbossilati",1.0,acetate,2.0,29.0,63.546,11.0,4.0,d,1.9
MOFs_256,"3,5-DiMePz-4-COOH",Pyrazole carbossilati,Cu,Cu(OAc)2·H2O,H2O,Nessuno,25,72.0,1.0,0.5,2.0,Solvothermal,2,100.0,numeric_decimal_standardized;salt_hydrate_separator_standardized;temperature_room_to_25,,0,INCLUDED,,,MOF_GROUPED_LIGAND_SPLIT_v6.0_seed260730,DEVELOPMENT,Legante,260730,"3,5-dimepz-4-cooh pyrazole carbossilati",1.0,acetate,2.0,29.0,63.546,11.0,4.0,d,1.9
MOFs_257,"3,5-DiMePz-4-COOH",Pyrazole carbossilati,Cu,Cu(OAc)2·H2O,EtOH,Nessuno,25,48.0,0.2,0.1,2.0,Solvothermal,1,20.0,numeric_decimal_standardized;salt_hydrate_separator_standardized;temperature_room_to_25,,0,INCLUDED,,,MOF_GROUPED_LIGAND_SPLIT_v6.0_seed260730,DEVELOPMENT,Legante,260730,"3,5-dimepz-4-cooh pyrazole carbossilati",1.0,acetate,2.0,29.0,63.546,11.0,4.0,d,1.9
MOFs_258,"3,5-DiMePz-4-COOH",Pyrazole carbossilati,Zn,Zn(OAc)2·2H2O,H2O,Nessuno,25,48.0,0.2,0.1,2.0,Solvothermal,0,20.0,numeric_decimal_standardized;salt_hydrate_separator_standardized;temperature_room_to_25,,0,INCLUDED,,,MOF_GROUPED_LIGAND_SPLIT_v6.0_seed260730,DEVELOPMENT,Legante,260730,"3,5-dimepz-4-cooh pyrazole carbossilati",2.0,acetate,2.0,30.0,65.38,12.0,4.0,d,1.65
MOFs_259,"3,5-DiMePz-4-COOH",Pyrazole carbossilati,Zn,Zn(OAc)2·2H2O,EtOH,Nessuno,25,48.0,0.2,0.1,2.0,Solvothermal,2,20.0,numeric_decimal_standardized;salt_hydrate_separator_standardized;temperature_room_to_25,,0,INCLUDED,,,MOF_GROUPED_LIGAND_SPLIT_v6.0_seed260730,DEVELOPMENT,Legante,260730,"3,5-dimepz-4-cooh pyrazole carbossilati",2.0,acetate,2.0,30.0,65.38,12.0,4.0,d,1.65
MOFs_260,"3,5-DiMePz-4-COOH",Pyrazole carbossilati,Zn,Zn(OAc)2·2H2O,EtOH,Nessuno,25,72.0,1.0,0.5,2.0,Solvothermal,2,100.0,numeric_decimal_standardized;salt_hydrate_separator_standardized;temperature_room_to_25,,0,INCLUDED,,,MOF_GROUPED_LIGAND_SPLIT_v6.0_seed260730,DEVELOPMENT,Legante,260730,"3,5-dimepz-4-cooh pyrazole carbossilati",2.0,acetate,2.0,30.0,65.38,12.0,4.0,d,1.65
MOFs_261,"3,5-DiMePz-4-COOH",Pyrazole carbossilati,Zr,ZrCl4,MeOH,Nessuno,110,72.0,0.15,0.15,1.0,Solvothermal,0,10.0,numeric_decimal_standardized,,0,INCLUDED,,,MOF_GROUPED_LIGAND_SPLIT_v6.0_seed260730,DEVELOPMENT,Legante,260730,"3,5-dimepz-4-cooh pyrazole carbossilati",0.0,chloride,4.0,40.0,91.224,4.0,5.0,d,1.33
MOFs_262,"3,5-DiMePz-4-COOH",Pyrazole carbossilati,Zr,ZrCl4,MeOH,Nessuno,110,94.0,0.3,0.3,1.0,Solvothermal,0,20.0,numeric_decimal_standardized,,0,INCLUDED,,,MOF_GROUPED_LIGAND_SPLIT_v6.0_seed260730,DEVELOPMENT,Legante,260730,"3,5-dimepz-4-cooh pyrazole carbossilati",0.0,chloride,4.0,40.0,91.224,4.0,5.0,d,1.33
MOFs_265,"3,5-DiMePz-4-COOH",Pyrazole carbossilati,Zr,ZrCl4,MeOH,Nessuno,110,48.0,0.15,0.15,1.0,Solvothermal,0,10.0,numeric_decimal_standardized,,0,INCLUDED,,,MOF_GROUPED_LIGAND_SPLIT_v6.0_seed260730,DEVELOPMENT,Legante,260730,"3,5-dimepz-4-cooh pyrazole carbossilati",0.0,chloride,4.0,40.0,91.224,4.0,5.0,d,1.33
MOFs_267,"3,5-DiMePz-4-COOH",Pyrazole carbossilati,Zr,Zr(OCH3)4,MeOH,Nessuno,120,2.0,0.2,0.1,2.0,Solvothermal,0,0.5,numeric_decimal_standardized;time_hours_standardized,,0,INCLUDED,,,MOF_GROUPED_LIGAND_SPLIT_v6.0_seed260730,DEVELOPMENT,Legante,260730,"3,5-dimepz-4-cooh pyrazole carbossilati",0.0,alkoxide,4.0,40.0,91.224,4.0,5.0,d,1.33
MOFs_268,"3,5-DiMePz-4-COOH",Pyrazole carbossilati,Zr,ZrCl4,H2O,Nessuno,25,72.0,1.0,0.5,2.0,Solvothermal,2,100.0,numeric_decimal_standardized;temperature_room_to_25,,0,INCLUDED,,,MOF_GROUPED_LIGAND_SPLIT_v6.0_seed260730,DEVELOPMENT,Legante,260730,"3,5-dimepz-4-cooh pyrazole carbossilati",0.0,chloride,4.0,40.0,91.224,4.0,5.0,d,1.33
MOFs_269,"4-Amino-4H-1,2,4-triazole",Triazole,Cu,Cu(OAc)2·H2O,EtOH,Nessuno,25,24.0,1.0,2.0,0.5,Solvothermal,0,20.0,numeric_decimal_standardized;salt_hydrate_separator_standardized;temperature_room_to_25,,0,INCLUDED,,,MOF_GROUPED_LIGAND_SPLIT_v6.0_seed260730,DEVELOPMENT,Legante,260730,"4-amino-4h-1,2,4-triazole triazole",1.0,acetate,2.0,29.0,63.546,11.0,4.0,d,1.9
MOFs_270,"4-Amino-4H-1,2,4-triazole",Triazole,Cu,Cu(OAc)2·H2O,DMF,Nessuno,130,48.0,0.5,0.5,1.0,Solvothermal,0,35.0,numeric_decimal_standardized;salt_hydrate_separator_standardized,,0,INCLUDED,,,MOF_GROUPED_LIGAND_SPLIT_v6.0_seed260730,DEVELOPMENT,Legante,260730,"4-amino-4h-1,2,4-triazole triazole",1.0,acetate,2.0,29.0,63.546,11.0,4.0,d,1.9
MOFs_271,"4-Amino-4H-1,2,4-triazole",Triazole,Cu,Cu(OAc)2·H2O,DMF,Nessuno,25,48.0,0.5,1.0,0.5,Solvothermal,0,20.0,numeric_decimal_standardized;salt_hydrate_separator_standardized;temperature_room_to_25,,0,INCLUDED,,,MOF_GROUPED_LIGAND_SPLIT_v6.0_seed260730,DEVELOPMENT,Legante,260730,"4-amino-4h-1,2,4-triazole triazole",1.0,acetate,2.0,29.0,63.546,11.0,4.0,d,1.9
MOFs_272,"4-Amino-4H-1,2,4-triazole",Triazole,Cu,Cu(OAc)2·H2O,EtOH,Nessuno,70,72.0,1.0,2.0,0.5,Solvothermal,0,18.0,numeric_decimal_standardized;salt_hydrate_separator_standardized,,0,INCLUDED,,,MOF_GROUPED_LIGAND_SPLIT_v6.0_seed260730,DEVELOPMENT,Legante,260730,"4-amino-4h-1,2,4-triazole triazole",1.0,acetate,2.0,29.0,63.546,11.0,4.0,d,1.9
MOFs_273,"4-Amino-4H-1,2,4-triazole",Triazole,Zn,Zn(OAc)2·2H2O,EtOH,Nessuno,25,24.0,1.0,1.0,1.0,Solvothermal,0,20.0,numeric_decimal_standardized;salt_hydrate_separator_standardized;temperature_room_to_25,,0,INCLUDED,,,MOF_GROUPED_LIGAND_SPLIT_v6.0_seed260730,DEVELOPMENT,Legante,260730,"4-amino-4h-1,2,4-triazole triazole",2.0,acetate,2.0,30.0,65.38,12.0,4.0,d,1.65
MOFs_274,"4-Amino-4H-1,2,4-triazole",Triazole,Zn,Zn(NO3)2·6H2O,DMF,BTC,160,75.0,0.5,0.5,1.0,Solvothermal,0,0.48,numeric_decimal_standardized;salt_hydrate_separator_standardized,,0,INCLUDED,,,MOF_GROUPED_LIGAND_SPLIT_v6.0_seed260730,DEVELOPMENT,Legante,260730,"4-amino-4h-1,2,4-triazole triazole",6.0,nitrate,2.0,30.0,65.38,12.0,4.0,d,1.65
MOFs_275,"4-Amino-4H-1,2,4-triazole",Triazole,Zn,Zn(NO3)2·6H2O,DMF,Nessuno,160,75.0,0.5,0.5,1.0,Solvothermal,0,35.0,numeric_decimal_standardized;salt_hydrate_separator_standardized,,0,INCLUDED,,,MOF_GROUPED_LIGAND_SPLIT_v6.0_seed260730,DEVELOPMENT,Legante,260730,"4-amino-4h-1,2,4-triazole triazole",6.0,nitrate,2.0,30.0,65.38,12.0,4.0,d,1.65
MOFs_276,"4-Amino-4H-1,2,4-triazole",Triazole,Zn,Zn(NO3)2·6H2O,DMF,Nessuno,25,48.0,0.5,0.5,1.0,Solvothermal,0,50.0,numeric_decimal_standardized;salt_hydrate_separator_standardized;temperature_room_to_25,,0,INCLUDED,,,MOF_GROUPED_LIGAND_SPLIT_v6.0_seed260730,DEVELOPMENT,Legante,260730,"4-amino-4h-1,2,4-triazole triazole",6.0,nitrate,2.0,30.0,65.38,12.0,4.0,d,1.65
MOFs_277,"4-Amino-4H-1,2,4-triazole",Triazole,Zn,Zn(OAc)2·2H2O,EtOH,Nessuno,70,72.0,1.0,2.0,0.5,Solvothermal,0,18.0,numeric_decimal_standardized;salt_hydrate_separator_standardized,,0,INCLUDED,,,MOF_GROUPED_LIGAND_SPLIT_v6.0_seed260730,DEVELOPMENT,Legante,260730,"4-amino-4h-1,2,4-triazole triazole",2.0,acetate,2.0,30.0,65.38,12.0,4.0,d,1.65
MOFs_278,5-MePz-4-COOH,Pyrazole carbossilati,Zn,Zn(NO3)2·6H2O,DMF,Nessuno,120,24.0,0.2,0.2,1.0,Solvothermal,2,10.0,numeric_decimal_standardized;salt_hydrate_separator_standardized,,0,INCLUDED,,,MOF_GROUPED_LIGAND_SPLIT_v6.0_seed260730,DEVELOPMENT,Legante,260730,5-mepz-4-cooh pyrazole carbossilati,6.0,nitrate,2.0,30.0,65.38,12.0,4.0,d,1.65
MOFs_279,5-MePz-4-COOH,Pyrazole carbossilati,Zr,ZrCl4,DMF,Nessuno,120,24.0,0.2,0.2,1.0,Solvothermal,0,10.0,numeric_decimal_standardized,,0,INCLUDED,,,MOF_GROUPED_LIGAND_SPLIT_v6.0_seed260730,DEVELOPMENT,Legante,260730,5-mepz-4-cooh pyrazole carbossilati,0.0,chloride,4.0,40.0,91.224,4.0,5.0,d,1.33
MOFs_280,5-MePz-4-COOH,Pyrazole carbossilati,Zr,ZrCl4,DMF,Acido benzoico,120,36.0,0.15,0.15,1.0,Solvothermal,0,10.0,additive_canonicalized;numeric_decimal_standardized;time_range_midpoint,,0,INCLUDED,,,MOF_GROUPED_LIGAND_SPLIT_v6.0_seed260730,DEVELOPMENT,Legante,260730,5-mepz-4-cooh pyrazole carbossilati,0.0,chloride,4.0,40.0,91.224,4.0,5.0,d,1.33
MOFs_295,Et4BPz,Bipyrazole,Ag,AgNO3,MeOH,Nessuno,25,48.0,0.2,0.2,1.0,Solvothermal,0,10.0,numeric_decimal_standardized;temperature_room_to_25,,0,INCLUDED,,,MOF_GROUPED_LIGAND_SPLIT_v6.0_seed260730,DEVELOPMENT,Legante,260730,et4bpz bipyrazole,0.0,nitrate,,47.0,107.868,11.0,5.0,d,1.93
MOFs_296,Et4BPz,Bipyrazole,Ag,AgPF6,MeOH,Nessuno,25,48.0,0.2,0.2,1.0,Solvothermal,0,10.0,numeric_decimal_standardized;temperature_room_to_25,,0,INCLUDED,,,MOF_GROUPED_LIGAND_SPLIT_v6.0_seed260730,DEVELOPMENT,Legante,260730,et4bpz bipyrazole,0.0,hexafluorophosphate,,47.0,107.868,11.0,5.0,d,1.93
MOFs_298,Et4BPz,Bipyrazole,Ni,Ni(NO3)2·6H2O,DMF/H2O,Nessuno,160,72.0,0.2,0.1,2.0,Solvothermal,0,10.0,numeric_decimal_standardized;salt_hydrate_separator_standardized,,0,INCLUDED,,,MOF_GROUPED_LIGAND_SPLIT_v6.0_seed260730,DEVELOPMENT,Legante,260730,et4bpz bipyrazole,6.0,nitrate,2.0,28.0,58.693,10.0,4.0,d,1.91
MOFs_299,Et4BPz,Bipyrazole,Ni,Ni(OAc)2·4H2O,DMA,Nessuno,150,24.0,0.2,0.2,1.0,Solvothermal,0,10.0,numeric_decimal_standardized;salt_hydrate_separator_standardized,,0,INCLUDED,,,MOF_GROUPED_LIGAND_SPLIT_v6.0_seed260730,DEVELOPMENT,Legante,260730,et4bpz bipyrazole,4.0,acetate,2.0,28.0,58.693,10.0,4.0,d,1.91
MOFs_300,Et4BPz,Bipyrazole,Ni,Ni(NO3)2·6H2O,MeOH,Nessuno,140,48.0,0.2,0.2,1.0,Solvothermal,0,10.0,numeric_decimal_standardized;salt_hydrate_separator_standardized,,0,INCLUDED,,,MOF_GROUPED_LIGAND_SPLIT_v6.0_seed260730,DEVELOPMENT,Legante,260730,et4bpz bipyrazole,6.0,nitrate,2.0,28.0,58.693,10.0,4.0,d,1.91
MOFs_301,Et4BPz,Bipyrazole,Zn,Zn(OAc)2·2H2O,DMF/H2O,Nessuno,140,72.0,0.2,0.1,2.0,Solvothermal,0,10.0,numeric_decimal_standardized;salt_hydrate_separator_standardized,,0,INCLUDED,,,MOF_GROUPED_LIGAND_SPLIT_v6.0_seed260730,DEVELOPMENT,Legante,260730,et4bpz bipyrazole,2.0,acetate,2.0,30.0,65.38,12.0,4.0,d,1.65
MOFs_302,H2Me2BDP,Altro,Ag,AgPF6,MeOH,Nessuno,25,48.0,0.2,0.2,1.0,Solvothermal,2,10.0,numeric_decimal_standardized;temperature_room_to_25,,0,INCLUDED,,,MOF_GROUPED_LIGAND_SPLIT_v6.0_seed260730,DEVELOPMENT,Legante,260730,h2me2bdp altro,0.0,hexafluorophosphate,,47.0,107.868,11.0,5.0,d,1.93
MOFs_307,"PzDC / 1H-3,5-dicarboxylic",Pyrazole carbossilati,Zr,ZrCl4,DMF/MeOH,Nessuno,120,48.0,0.1,0.1,1.0,Solvothermal,0,15.0,numeric_decimal_standardized,,0,INCLUDED,,,MOF_GROUPED_LIGAND_SPLIT_v6.0_seed260730,DEVELOPMENT,Legante,260730,"pzdc / 1h-3,5-dicarboxylic pyrazole carbossilati",0.0,chloride,4.0,40.0,91.224,4.0,5.0,d,1.33
MOFs_308,"PzDC / 1H-3,5-dicarboxylic",Pyrazole carbossilati,Zr,ZrCl4,H2O,Nessuno,120,48.0,0.1,0.1,1.0,Solvothermal,0,20.0,numeric_decimal_standardized,,0,INCLUDED,,,MOF_GROUPED_LIGAND_SPLIT_v6.0_seed260730,DEVELOPMENT,Legante,260730,"pzdc / 1h-3,5-dicarboxylic pyrazole carbossilati",0.0,chloride,4.0,40.0,91.224,4.0,5.0,d,1.33
MOFs_309,"PzDC / 1H-3,5-dicarboxylic",Pyrazole carbossilati,Zr,ZrCl4,DMF/H2O,Nessuno,120,48.0,0.1,0.1,1.0,Solvothermal,0,15.0,numeric_decimal_standardized,,0,INCLUDED,,,MOF_GROUPED_LIGAND_SPLIT_v6.0_seed260730,DEVELOPMENT,Legante,260730,"pzdc / 1h-3,5-dicarboxylic pyrazole carbossilati",0.0,chloride,4.0,40.0,91.224,4.0,5.0,d,1.33
MOFs_310,"PzDC / 1H-3,5-dicarboxylic",Pyrazole carbossilati,Zr,ZrCl4,H2O,Nessuno,25,72.0,0.1,0.075,1.33333333,Solvothermal,0,20.0,numeric_decimal_standardized;temperature_room_to_25,,0,INCLUDED,,,MOF_GROUPED_LIGAND_SPLIT_v6.0_seed260730,DEVELOPMENT,Legante,260730,"pzdc / 1h-3,5-dicarboxylic pyrazole carbossilati",0.0,chloride,4.0,40.0,91.224,4.0,5.0,d,1.33
MOFs_312,"3,3'-dinitro-4,4'-bipyrazole",Bipyrazole,Cd,Cd(NO3)2·4H2O,DMF,Trietilammina (TEA),150,72.0,0.1,0.1,1.0,Solvothermal,1,10.0,additive_canonicalized;numeric_decimal_standardized;salt_hydrate_separator_standardized,,0,INCLUDED,,,MOF_GROUPED_LIGAND_SPLIT_v6.0_seed260730,DEVELOPMENT,Legante,260730,"3,3'-dinitro-4,4'-bipyrazole bipyrazole",4.0,nitrate,2.0,48.0,112.414,12.0,5.0,d,1.69
MOFs_326,"3-nitro-4,4'-bipyrazole",Bipyrazole,Ni,NiCl2·6H2O,DEF,Nessuno,110,24.0,0.1,0.02,5.0,Solvothermal,0,2.0,numeric_decimal_standardized;salt_hydrate_separator_standardized,,0,INCLUDED,,,MOF_GROUPED_LIGAND_SPLIT_v6.0_seed260730,DEVELOPMENT,Legante,260730,"3-nitro-4,4'-bipyrazole bipyrazole",6.0,chloride,2.0,28.0,58.693,10.0,4.0,d,1.91
CurcumineMOFs_327,curc-ind,Curcumina,Zn,Zn(OAc)2·2H2O,DMF,Nessuno,80,72.0,0.1,0.05,2.0,no precipitato,1,20.0,numeric_decimal_standardized;salt_hydrate_separator_standardized,,0,INCLUDED,,,MOF_GROUPED_LIGAND_SPLIT_v6.0_seed260730,DEVELOPMENT,Legante,260730,curc-ind curcumina,2.0,acetate,2.0,30.0,65.38,12.0,4.0,d,1.65
CurcumineMOFs_329,curc-ind,Curcumina,Cu,Cu(OAc)2·H2O,DMF,Nessuno,80,72.0,0.1,0.05,2.0,no precipitato,0,20.0,numeric_decimal_standardized;salt_hydrate_separator_standardized,,0,INCLUDED,,,MOF_GROUPED_LIGAND_SPLIT_v6.0_seed260730,DEVELOPMENT,Legante,260730,curc-ind curcumina,1.0,acetate,2.0,29.0,63.546,11.0,4.0,d,1.9
CurcumineMOFs_334,curc-ind,Curcumina,Zn,Zn(OAc)2·2H2O,MeOH,Nessuno,80,72.0,0.1,0.05,2.0,precipitato nero,0,20.0,numeric_decimal_standardized;salt_hydrate_separator_standardized,,0,INCLUDED,,,MOF_GROUPED_LIGAND_SPLIT_v6.0_seed260730,DEVELOPMENT,Legante,260730,curc-ind curcumina,2.0,acetate,2.0,30.0,65.38,12.0,4.0,d,1.65
CurcumineMOFs_335,curc-ind,Curcumina,Zn,Zn(NO3)2·6H2O,DMF,Nessuno,120,72.0,0.1,0.05,2.0,nessun precipitato,0,15.0,numeric_decimal_standardized;salt_hydrate_separator_standardized,,0,INCLUDED,,,MOF_GROUPED_LIGAND_SPLIT_v6.0_seed260730,DEVELOPMENT,Legante,260730,curc-ind curcumina,6.0,nitrate,2.0,30.0,65.38,12.0,4.0,d,1.65
CurcumineMOFs_338,curc(III)_KC,Curcumina,Zn,Zn(NO3)2·6H2O,DMF,Nessuno,80,48.0,0.1,0.05,2.0,"dopo 48 ore nessun precipitato, posto nella stufa a 100°C per 72h, ma ancora nessun precipitato, allora trasferito nella stufa a 120°, dopo 48h si è formato poco precipitato, filtrato e lavato con acetone.",1,15.0,numeric_decimal_standardized;salt_hydrate_separator_standardized,,0,INCLUDED,,,MOF_GROUPED_LIGAND_SPLIT_v6.0_seed260730,DEVELOPMENT,Legante,260730,curc(iii)_kc curcumina,6.0,nitrate,2.0,30.0,65.38,12.0,4.0,d,1.65
CurcumineMOFs_339,curc(III)_KC,Curcumina,Zn,Zn(OAc)2·2H2O,DMF,Nessuno,120,16.0,0.05,0.05,1.0,dopo 16 ore si è formato già il precipitato nella vial,0,15.0,numeric_decimal_standardized;salt_hydrate_separator_standardized,,0,INCLUDED,,,MOF_GROUPED_LIGAND_SPLIT_v6.0_seed260730,DEVELOPMENT,Legante,260730,curc(iii)_kc curcumina,2.0,acetate,2.0,30.0,65.38,12.0,4.0,d,1.65
Organometallica_363,TpMe2Tl,Organometallica,Ru,[Ru(p-cymene)Cl2]2,CH2Cl2,Nessuno,25,3.0,0.1,0.05,2.0,"Sciolto prima il sale metallico all'interno della vial, una volta solubilizzato ho aggiunto il legante; lasciato in stirring per 3 ore e poi fatto evaporare lentamente il solvente fino a dimezzare il volume. Una volta dimezzato il volume ho aggiunto dietil etere circa 5 ml, ho notato la formazione di una piccola sospensione, quindi l'ho filtrato su filtro con mesh sottili(precipitato bianco-grigio). Le acque madri raccolte ed aspettato di dimezzare nuovamente il volume. Una volta evaporato tutto il solvente, nel residuo ho aggiunto Et2O e poi filtrato. Ora procedo a caratterizzare il precipitato ed aspetto che le acque madri evaporino.",1,20.0,numeric_decimal_standardized;temperature_room_to_25,,0,INCLUDED,,,MOF_GROUPED_LIGAND_SPLIT_v6.0_seed260730,DEVELOPMENT,Legante,260730,tpme2tl organometallica,0.0,chloride,2.0,44.0,101.07,8.0,5.0,d,2.2
Organometallica_370,Et4BPz,Organometallica - pirazoli,Ru,[Ru(p-cymene)Cl2]2,MeOH,Nessuno,25,4.0,0.1,0.1,1.0,"Solubilizzato il dimero del metallo in 10 ml di MeOH, una volta solulbilizzato ho aggiunto il legante e lasciato in stirring per 16 ore.",1,20.0,numeric_decimal_standardized;temperature_room_to_25,,0,INCLUDED,,,MOF_GROUPED_LIGAND_SPLIT_v6.0_seed260730,DEVELOPMENT,Legante,260730,et4bpz organometallica - pirazoli,0.0,chloride,2.0,44.0,101.07,8.0,5.0,d,2.2
Organometallica_372,H2BPZNH2,Organometallica - pirazoli,Ru,[Ru(p-cymene)Cl2]2,MeOH,Nessuno,25,4.0,0.1,0.1,1.0,"Dopo 4 ore ancora nessuna cristallizzazione, evaporato un po di solvente e poi messo in frido appena raffreddato. Aggiunto eteredietilico, perchè non vi era avvenuta cristallizzazione.",2,20.0,numeric_decimal_standardized;temperature_room_to_25,,0,INCLUDED,,,MOF_GROUPED_LIGAND_SPLIT_v6.0_seed260730,DEVELOPMENT,Legante,260730,h2bpznh2 organometallica - pirazoli,0.0,chloride,2.0,44.0,101.07,8.0,5.0,d,2.2
Organometallica_373,"3,5-diamino-4,4'-bipyrazole",Organometallica - pirazoli,Ru,[Ru(p-cymene)Cl2]2,MeOH,Nessuno,25,4.0,0.16,0.16,1.0,"Ho pesato il dimero e sciolto in 10 ml di MeOH; una volta sulubilizzato ho aggiunto il legante e lasciato sotto agitazione per 4 ore. Una volta fatto evaporare completamente il solvente ho notato un precipitato rosso bruno, filtrato con dietil etere e mandato un HNMR comr Ru3. Il precipitato rimasto nella vial l'ho lavato con acetone d ulteriormente filtrato, ora mando anche questo all'HNMR come Ru3.lavato con acetone.",1,20.0,ligand_typography_standardized;numeric_decimal_standardized;temperature_room_to_25,,0,INCLUDED,,,MOF_GROUPED_LIGAND_SPLIT_v6.0_seed260730,DEVELOPMENT,Legante,260730,"3,5-diamino-4,4'-bipyrazole organometallica - pirazoli",0.0,chloride,2.0,44.0,101.07,8.0,5.0,d,2.2
Organometallica_380,"1,4-Di(1H-pyrazol-4-yl)benzene",Organometallica - pirazoli,Ru,[Ru(p-cymene)Cl2]2,MeOH,Nessuno,25,24.0,0.2,0.1,2.0,"To a methanolic (5 mL) solution of pyrazole based ligand , was added a methanolic (5 mL) solution of [RuCl2(η6-p-cymene)]2 , and the reaction mixture was allowed to stir for 4 h at room temperature. Dopo 24 ore ho filtrato l'eccesso di reagenti e lasciato poi dimezzare il volume della soluzione all'aria lentamente. Portato a secco e mandato l'HNMR",1,20.0,numeric_decimal_standardized;temperature_room_to_25,,0,INCLUDED,,,MOF_GROUPED_LIGAND_SPLIT_v6.0_seed260730,DEVELOPMENT,Legante,260730,"1,4-di(1h-pyrazol-4-yl)benzene organometallica - pirazoli",0.0,chloride,2.0,44.0,101.07,8.0,5.0,d,2.2
Organometallica_381,(NO2)2BPz,Organometallica - pirazoli,Ru,[Ru(p-cymene)Cl2]2,MeOH,Nessuno,25,24.0,0.1,0.05,2.0,"filtrato e lavato con metanolo, dopo aver dimezzato il volume della soluzione.Precipitato di colore nero, ma sembra cristallino",0,20.0,numeric_decimal_standardized;temperature_room_to_25,,0,INCLUDED,,,MOF_GROUPED_LIGAND_SPLIT_v6.0_seed260730,DEVELOPMENT,Legante,260730,(no2)2bpz organometallica - pirazoli,0.0,chloride,2.0,44.0,101.07,8.0,5.0,d,2.2
Organometallica_382,NO2BPz,Organometallica - pirazoli,Ru,[Ru(p-cymene)Cl2]2,MeOH,Nessuno,25,24.0,0.1,0.05,2.0,"filtrato per rimuovere l'eccesso di reagenti noon reagito, lasciato ridurre il volume. Lavato con etere dietilico e filtrato(precipitato verdino).Ir del primo precipitato è pessimo. Le acque madri le ho tenute.",1,20.0,numeric_decimal_standardized;temperature_room_to_25,,0,INCLUDED,,,MOF_GROUPED_LIGAND_SPLIT_v6.0_seed260730,DEVELOPMENT,Legante,260730,no2bpz organometallica - pirazoli,0.0,chloride,2.0,44.0,101.07,8.0,5.0,d,2.2
Organometallica_384,"3,3'-diamino-4,4'-bipyrazole",Organometallica - pirazoli,Ru,[Ru(p-cymene)Cl2]2,MeOH,Nessuno,25,24.0,0.1,0.1,1.0,Ho pesato il dimero e sciolto in 10 ml di MeOH; una volta sulubilizzato ho aggiunto il legante e lasciato sotto agitazione per 24 ORE.Fatto evaporare all'aria per ridurre il volume,1,20.0,ligand_typography_standardized;numeric_decimal_standardized;temperature_room_to_25,,0,INCLUDED,,,MOF_GROUPED_LIGAND_SPLIT_v6.0_seed260730,DEVELOPMENT,Legante,260730,"3,3'-diamino-4,4'-bipyrazole organometallica - pirazoli",0.0,chloride,2.0,44.0,101.07,8.0,5.0,d,2.2
Organometallica_385,"1,4-Di(1H-pyrazol-4-yl)benzene BDP",Organometallica - pirazoli,Ir,[Ir(C₅Me₅)Cl₂]₂,MeOH,Nessuno,25,24.0,0.05,0.1,0.5,"Ho sciolto il sale metallico in 10 ml di MeOH, una volta solubilizzato ho aggiunto il linker e lasciato in stirring.",1,20.0,numeric_decimal_standardized;temperature_room_to_25,,0,INCLUDED,,,MOF_GROUPED_LIGAND_SPLIT_v6.0_seed260730,DEVELOPMENT,Legante,260730,"1,4-di(1h-pyrazol-4-yl)benzene bdp organometallica - pirazoli",0.0,chloride,,77.0,192.217,9.0,6.0,d,2.2
Organometallica_387,Ru1,Organometallica,Ru,CAgF3SO3,MeCN,Nessuno,25,3.0,0.06,0.12,0.5,lasciato aperto a temperatura ambiente per cercare di ridurre il volume di solvente e favorire una cristallizzazione,1,20.0,numeric_decimal_standardized;temperature_room_to_25,,0,INCLUDED,,,MOF_GROUPED_LIGAND_SPLIT_v6.0_seed260730,DEVELOPMENT,Legante,260730,ru1 organometallica,0.0,other,,44.0,101.07,8.0,5.0,d,2.2
Organometallica_389,"Ru1,2",Organometallica,Ru,CAgF3SO3,CH2Cl2,Nessuno,25,3.0,0.04,0.08,0.5,"Precipitato bianco formatosi alla fine delle 4 ore, filtrato e lasciato ridurre di volume all'aria.",1,20.0,numeric_decimal_standardized;temperature_room_to_25,,0,INCLUDED,,,MOF_GROUPED_LIGAND_SPLIT_v6.0_seed260730,DEVELOPMENT,Legante,260730,"ru1,2 organometallica",0.0,other,,44.0,101.07,8.0,5.0,d,2.2
Organometallica_390,"Ru1,3 802,63",Organometallica,Ru,CAgF3SO3,CH2Cl2,Nessuno,25,5.0,0.05,0.2,0.25,"Precipitato bianco formatosi alla fine delle 4 ore, filtrato e lasciato ridurre di volume all'aria.",1,20.0,numeric_decimal_standardized;temperature_room_to_25,,0,INCLUDED,,,MOF_GROUPED_LIGAND_SPLIT_v6.0_seed260730,DEVELOPMENT,Legante,260730,"ru1,3 802,63 organometallica",0.0,other,,44.0,101.07,8.0,5.0,d,2.2
Organometallica_391,"Ru1,3 scambio anionico FW=868,73",Organometallica - scambio anionico,Ru,"4,4'-bipiridina",MeCN,Nessuno,25,5.0,0.02,0.02,1.0,"Ho solubilizzato il complesso in 10 ml di MeCN, in un'altra vial ho solubilizzato la bipiridina in altri 10 ml di MeCN, poi ho aggiunto goccia a goccia nella soluzione del complesso.",1,20.0,numeric_decimal_standardized;temperature_room_to_25,,0,INCLUDED,,,MOF_GROUPED_LIGAND_SPLIT_v6.0_seed260730,DEVELOPMENT,Legante,260730,"ru1,3 scambio anionico fw=868,73 organometallica - scambio anionico",0.0,iodide,,44.0,101.07,8.0,5.0,d,2.2
Organometallica_392,"Ru1,3",Organometallica,Ru,CAgF3SO3,CH2Cl2,Nessuno,25,5.0,0.05,0.2,0.25,"Precipitato bianco formatosi alla fine delle 4 ore, filtrato e lasciato ridurre di volume all'aria.",1,20.0,numeric_decimal_standardized;temperature_room_to_25,,0,INCLUDED,,,MOF_GROUPED_LIGAND_SPLIT_v6.0_seed260730,DEVELOPMENT,Legante,260730,"ru1,3 organometallica",0.0,other,,44.0,101.07,8.0,5.0,d,2.2
Organometallica_393,"Ru1,3 scambio anionico2 FW=868,73",Organometallica - scambio anionico,Ru,BDP,MeCN,Nessuno,25,24.0,0.02,0.02,1.0,"Ho solubilizzato il complesso in 52 ml di MeCN, in un'altra vial ho solubilizzato il BDP in altri 5 ml di MeCN, poi ho aggiunto goccia a goccia nella soluzione del complesso. Soluzione torbida, perchè il legante non si è solubilizzato molto bene in MeCN. Dopo 24 ore ho filtrato l'eccesso di reagenti ed ho lasciato ad evaporare il solvente all'aria lentamente.",1,20.0,numeric_decimal_standardized;temperature_room_to_25,,0,INCLUDED,,,MOF_GROUPED_LIGAND_SPLIT_v6.0_seed260730,DEVELOPMENT,Legante,260730,"ru1,3 scambio anionico2 fw=868,73 organometallica - scambio anionico",0.0,other,,44.0,101.07,8.0,5.0,d,2.2
Organometallica_394,"Ru1,3",Organometallica,Ru,CAgF3SO3,CH2Cl2,Nessuno,25,6.0,0.05,0.22,0.22727273,"Filtrato il precipitato formatosi, sciacquato con 5 ml di diclorometano e poi lasciato evaporare all'aria le acque madri.",2,20.0,numeric_decimal_standardized;temperature_room_to_25,,0,INCLUDED,,,MOF_GROUPED_LIGAND_SPLIT_v6.0_seed260730,DEVELOPMENT,Legante,260730,"ru1,3 organometallica",0.0,other,,44.0,101.07,8.0,5.0,d,2.2
Organometallica_396,"Ru1,3",Organometallica,Ru,CAgF3SO3,CH2Cl2,Nessuno,25,5.0,0.05,0.2,0.25,"Solubilizzato separatamente i due reagenti, poi aggiungo goccia a goccia la soluzione di CAgF3SO3 in quella del complesso. Precipitato bianco formatosi alla fine delle 4 ore, filtrato e lasciato ridurre di volume all'aria.",1,15.0,numeric_decimal_standardized;temperature_room_to_25,,0,INCLUDED,,,MOF_GROUPED_LIGAND_SPLIT_v6.0_seed260730,DEVELOPMENT,Legante,260730,"ru1,3 organometallica",0.0,other,,44.0,101.07,8.0,5.0,d,2.2
Organometallica_398,Et4BPz,Organometallica - pirazoli,Rh,[Rh(C5Me5)Cl2]2,MeOH,Nessuno,25,16.0,0.1,0.05,2.0,"Solubilizzato il dimero del metallo in 10 ml di MeOH, una volta solulbilizzato ho aggiunto il legante e lasciato in stirring per 16 ore.",1,20.0,numeric_decimal_standardized;temperature_room_to_25,,0,INCLUDED,,,MOF_GROUPED_LIGAND_SPLIT_v6.0_seed260730,DEVELOPMENT,Legante,260730,et4bpz organometallica - pirazoli,0.0,chloride,2.0,45.0,102.906,9.0,5.0,d,2.28
Organometallica_399,H2BPZNH2,Organometallica,Rh,[Rh(C5Me5)Cl2]3,MeOH,Nessuno,70,24.0,0.1,0.05,2.0,"Solubilizzato il dimero del metallo in 10 ml di MeOH, una volta solulbilizzato ho aggiunto il legante e lasciato in stirring per 16 ore.",2,20.0,numeric_decimal_standardized,,0,INCLUDED,,,MOF_GROUPED_LIGAND_SPLIT_v6.0_seed260730,DEVELOPMENT,Legante,260730,h2bpznh2 organometallica,0.0,chloride,2.0,45.0,102.906,9.0,5.0,d,2.28
Organometallica_400,(NO2)2BPz,Organometallica,Ir,[Ir(C5Me5)Cl2]4,MeOH,Trietilammina (TEA) 2 eq,70,24.0,0.1,0.05,2.0,"Solubilizzato il dimero del metallo in 10 ml di MeOH, una volta solulbilizzato ho aggiunto il legante e lasciato in stirring per 16 ore.",0,20.0,additive_canonicalized;numeric_decimal_standardized,,0,INCLUDED,,,MOF_GROUPED_LIGAND_SPLIT_v6.0_seed260730,DEVELOPMENT,Legante,260730,(no2)2bpz organometallica,0.0,chloride,2.0,77.0,192.217,9.0,6.0,d,2.2
Organometallica_401,NO2BPz,Organometallica,Ir,[Ir(C5Me5)Cl2]5,MeOH,Trietilammina (TEA) 2 eq,70,24.0,0.1,0.05,2.0,"Solubilizzato il dimero del metallo in 10 ml di MeOH, una volta solulbilizzato ho aggiunto il legante e lasciato in stirring per 16 ore.",0,20.0,additive_canonicalized;numeric_decimal_standardized,,0,INCLUDED,,,MOF_GROUPED_LIGAND_SPLIT_v6.0_seed260730,DEVELOPMENT,Legante,260730,no2bpz organometallica,0.0,chloride,2.0,77.0,192.217,9.0,6.0,d,2.2
LitNeg_1,"1,4-Benzenedicarboxylic acid (H2BDC)",Carbossilati aromatici,Zr,ZrCl4,DMF,Nessuno,100,24.0,0.5,0.5,1.0,Solvothermal,1,5.0,numeric_decimal_standardized;time_numeric_standardized;exact_duplicate_candidate,DUP_023,0,INCLUDED,,duplicate_representative_retained,MOF_GROUPED_LIGAND_SPLIT_v6.0_seed260730,DEVELOPMENT,Legante,260730,"1,4-benzenedicarboxylic acid (h2bdc) carbossilati aromatici",0.0,chloride,4.0,40.0,91.224,4.0,5.0,d,1.33
LitNeg_2,"1,4-Benzenedicarboxylic acid (H2BDC)",Carbossilati aromatici,Zr,ZrOCl2·8H2O,H2O,Nessuno,20,0.5,1.5,1.0,1.5,Solvothermal,1,10.0,numeric_decimal_standardized;salt_hydrate_separator_standardized,,0,INCLUDED,,,MOF_GROUPED_LIGAND_SPLIT_v6.0_seed260730,DEVELOPMENT,Legante,260730,"1,4-benzenedicarboxylic acid (h2bdc) carbossilati aromatici",8.0,chloride,2.0,40.0,91.224,4.0,5.0,d,1.33
LitNeg_4,Fumaric acid,Carbossilati alifatici,Zr,ZrOCl2·8H2O,H2O,Nessuno,100,24.0,0.5,0.5,1.0,Solvothermal,1,10.0,numeric_decimal_standardized;salt_hydrate_separator_standardized;time_numeric_standardized,,0,INCLUDED,,,MOF_GROUPED_LIGAND_SPLIT_v6.0_seed260730,DEVELOPMENT,Legante,260730,fumaric acid carbossilati alifatici,8.0,chloride,2.0,40.0,91.224,4.0,5.0,d,1.33
LitNeg_5,"1,4-Benzenedicarboxylic acid (H2BDC)",Carbossilati aromatici,Al,Al(NO3)3·9H2O,DMF,Nessuno,150,24.0,0.5,0.5,1.0,Solvothermal,1,10.0,numeric_decimal_standardized;salt_hydrate_separator_standardized;time_numeric_standardized,,0,INCLUDED,,,MOF_GROUPED_LIGAND_SPLIT_v6.0_seed260730,DEVELOPMENT,Legante,260730,"1,4-benzenedicarboxylic acid (h2bdc) carbossilati aromatici",9.0,nitrate,3.0,13.0,26.982,13.0,3.0,p,1.61
LitNeg_6,"1,4-Benzenedicarboxylic acid (H2BDC)",Carbossilati aromatici,Cr,Cr(NO3)3·9H2O,H2O,Nessuno,220,8.0,1.0,1.0,1.0,Solvothermal,1,4.8,numeric_decimal_standardized;salt_hydrate_separator_standardized;time_numeric_standardized,,0,INCLUDED,,,MOF_GROUPED_LIGAND_SPLIT_v6.0_seed260730,DEVELOPMENT,Legante,260730,"1,4-benzenedicarboxylic acid (h2bdc) carbossilati aromatici",9.0,nitrate,3.0,24.0,51.996,6.0,4.0,d,1.66
LitNeg_9,Benzimidazole,Imidazolati,Zn,Zn(NO3)2,MeOH,Nessuno,25,24.0,1.0,0.25,4.0,Solvothermal,1,10.0,numeric_decimal_standardized;time_numeric_standardized,,0,INCLUDED,,,MOF_GROUPED_LIGAND_SPLIT_v6.0_seed260730,DEVELOPMENT,Legante,260730,benzimidazole imidazolati,0.0,nitrate,2.0,30.0,65.38,12.0,4.0,d,1.65
LitNeg_11,2-Methylimidazole,Imidazolati,Co,Co(NO3)2·6H2O,H2O,Nessuno,25,1.0,2.0,0.5,4.0,Solvothermal,1,10.0,numeric_decimal_standardized;salt_hydrate_separator_standardized;time_numeric_standardized,,0,INCLUDED,,,MOF_GROUPED_LIGAND_SPLIT_v6.0_seed260730,DEVELOPMENT,Legante,260730,2-methylimidazole imidazolati,6.0,nitrate,2.0,27.0,58.933,9.0,4.0,d,1.88
LitNeg_12,2-Methylimidazole,Imidazolati,Zn,Zn(OAc)2·2H2O,H2O,Nessuno,25,0.5,0.04,0.01,4.0,Solvothermal,1,1.0,numeric_decimal_standardized;salt_hydrate_separator_standardized,,0,INCLUDED,,,MOF_GROUPED_LIGAND_SPLIT_v6.0_seed260730,DEVELOPMENT,Legante,260730,2-methylimidazole imidazolati,2.0,acetate,2.0,30.0,65.38,12.0,4.0,d,1.65
LitNeg_13,"1,4-Benzenedicarboxylic acid (H2BDC)",Carbossilati aromatici,Zn,ZnCl2,DEF,Nessuno,100,24.0,0.5,0.5,1.0,Solvothermal,0,10.0,numeric_decimal_standardized;time_numeric_standardized,,0,INCLUDED,,,MOF_GROUPED_LIGAND_SPLIT_v6.0_seed260730,DEVELOPMENT,Legante,260730,"1,4-benzenedicarboxylic acid (h2bdc) carbossilati aromatici",0.0,chloride,2.0,30.0,65.38,12.0,4.0,d,1.65
LitNeg_14,"1,4-Benzenedicarboxylic acid (H2BDC)",Carbossilati aromatici,Zn,ZnSO4·7H2O,DEF,Nessuno,100,24.0,0.5,0.5,1.0,Solvothermal,0,10.0,numeric_decimal_standardized;salt_hydrate_separator_standardized;time_numeric_standardized,,0,INCLUDED,,,MOF_GROUPED_LIGAND_SPLIT_v6.0_seed260730,DEVELOPMENT,Legante,260730,"1,4-benzenedicarboxylic acid (h2bdc) carbossilati aromatici",7.0,sulfate,,30.0,65.38,12.0,4.0,d,1.65
LitNeg2_1,"1,4-Benzenedicarboxylic acid (H2BDC)",Carbossilati aromatici,Fe,Fe(NO3)3·9H2O,DMF,Nessuno,120,24.0,0.5,0.5,1.0,Solvothermal,1,10.0,numeric_decimal_standardized;salt_hydrate_separator_standardized;time_numeric_standardized,,0,INCLUDED,,,MOF_GROUPED_LIGAND_SPLIT_v6.0_seed260730,DEVELOPMENT,Legante,260730,"1,4-benzenedicarboxylic acid (h2bdc) carbossilati aromatici",9.0,nitrate,3.0,26.0,55.845,8.0,4.0,d,1.83
LitNeg2_4,"1,4-Benzenedicarboxylic acid (H2BDC)",Carbossilati aromatici,Co,CoCl2·6H2O,EtOH,Trietilammina (TEA),25,5.0,0.076,0.057,1.34,Solvothermal,1,10.0,numeric_decimal_standardized;salt_hydrate_separator_standardized;time_numeric_standardized,,0,INCLUDED,,,MOF_GROUPED_LIGAND_SPLIT_v6.0_seed260730,DEVELOPMENT,Legante,260730,"1,4-benzenedicarboxylic acid (h2bdc) carbossilati aromatici",6.0,chloride,2.0,27.0,58.933,9.0,4.0,d,1.88
LitNeg2_5,Benzimidazole,Imidazolati,Cd,Cd(NO3)2·4H2O,EtOH,Trietilammina (TEA),25,5.0,0.076,0.057,1.34,Solvothermal,1,10.0,numeric_decimal_standardized;salt_hydrate_separator_standardized;time_numeric_standardized,,0,INCLUDED,,,MOF_GROUPED_LIGAND_SPLIT_v6.0_seed260730,DEVELOPMENT,Legante,260730,benzimidazole imidazolati,4.0,nitrate,2.0,48.0,112.414,12.0,5.0,d,1.69
LitNeg2_6,2-Methylimidazole,Imidazolati,Fe,FeCl2,MeOH,Nessuno,60,24.0,1.0,0.5,2.0,Solvothermal,0,10.0,numeric_decimal_standardized;time_numeric_standardized,,0,INCLUDED,,,MOF_GROUPED_LIGAND_SPLIT_v6.0_seed260730,DEVELOPMENT,Legante,260730,2-methylimidazole imidazolati,0.0,chloride,2.0,26.0,55.845,8.0,4.0,d,1.83
LitNeg2_7,Benzimidazole,Imidazolati,Co,CoCl2·6H2O,EtOH,Trietilammina (TEA),25,5.0,0.0762,0.0567,1.34,Solvothermal,1,10.0,numeric_decimal_standardized;salt_hydrate_separator_standardized;time_numeric_standardized,,0,INCLUDED,,,MOF_GROUPED_LIGAND_SPLIT_v6.0_seed260730,DEVELOPMENT,Legante,260730,benzimidazole imidazolati,6.0,chloride,2.0,27.0,58.933,9.0,4.0,d,1.88
LitNeg2_8,Benzimidazole,Imidazolati,Cu,CuCl2,H2O,Nessuno,25,1.0,1.0,0.5,2.0,Solvothermal,0,10.0,numeric_decimal_standardized;time_numeric_standardized,,0,INCLUDED,,,MOF_GROUPED_LIGAND_SPLIT_v6.0_seed260730,DEVELOPMENT,Legante,260730,benzimidazole imidazolati,0.0,chloride,2.0,29.0,63.546,11.0,4.0,d,1.9
LitNeg2_9,"1,4-Benzenedicarboxylic acid (H2BDC)",Carbossilati aromatici,Zr,ZrCl4,DMF,Acido Acetico (AcOH),120,24.0,0.5,0.5,1.0,Solvothermal,1,10.0,numeric_decimal_standardized;time_numeric_standardized,,0,INCLUDED,,,MOF_GROUPED_LIGAND_SPLIT_v6.0_seed260730,DEVELOPMENT,Legante,260730,"1,4-benzenedicarboxylic acid (h2bdc) carbossilati aromatici",0.0,chloride,4.0,40.0,91.224,4.0,5.0,d,1.33
LitNeg2_10,"1,4-Benzenedicarboxylic acid (H2BDC)",Carbossilati aromatici,Zr,ZrCl4,DMF,Nessuno,90,12.0,1.0,1.0,1.0,Solvothermal,1,3.0,numeric_decimal_standardized;time_numeric_standardized,,0,INCLUDED,,,MOF_GROUPED_LIGAND_SPLIT_v6.0_seed260730,DEVELOPMENT,Legante,260730,"1,4-benzenedicarboxylic acid (h2bdc) carbossilati aromatici",0.0,chloride,4.0,40.0,91.224,4.0,5.0,d,1.33
LitNeg2_11,"1,4-Benzenedicarboxylic acid (H2BDC)",Carbossilati aromatici,Cr,Cr(NO3)3·9H2O,DMF,Nessuno,120,24.0,0.5,0.5,1.0,Solvothermal,1,10.0,numeric_decimal_standardized;salt_hydrate_separator_standardized;time_numeric_standardized,,0,INCLUDED,,,MOF_GROUPED_LIGAND_SPLIT_v6.0_seed260730,DEVELOPMENT,Legante,260730,"1,4-benzenedicarboxylic acid (h2bdc) carbossilati aromatici",9.0,nitrate,3.0,24.0,51.996,6.0,4.0,d,1.66
LitNeg2_12,2-Methylimidazole,Imidazolati,Zn,Zn(NO3)2·6H2O,H2O,Nessuno,25,0.5,0.5,0.5,1.0,Solvothermal,1,10.0,numeric_decimal_standardized;salt_hydrate_separator_standardized,,0,INCLUDED,,,MOF_GROUPED_LIGAND_SPLIT_v6.0_seed260730,DEVELOPMENT,Legante,260730,2-methylimidazole imidazolati,6.0,nitrate,2.0,30.0,65.38,12.0,4.0,d,1.65
LitNeg2_13,"2,5-Dihydroxyterephthalic acid",Carbossilati aromatici,Mg,Mg(OAc)2·4H2O,MeOH,Nessuno,25,16.0,0.02,0.02,1.0,Solvothermal,1,4.0,numeric_decimal_standardized;salt_hydrate_separator_standardized;time_numeric_standardized,,0,INCLUDED,,,MOF_GROUPED_LIGAND_SPLIT_v6.0_seed260730,DEVELOPMENT,Legante,260730,"2,5-dihydroxyterephthalic acid carbossilati aromatici",4.0,acetate,2.0,12.0,24.305,2.0,3.0,s,1.31
