ID,true_class,P_failed,P_amorphous,P_crystalline,predicted_class,variant
1,1,0.08370434391063783,0.5134688436927922,0.4028268123965699,1,historical_v8_schema
3,1,0.034987480709818525,0.5120546832531198,0.45295783603706163,1,historical_v8_schema
8,0,0.10659263819820981,0.4047823235454593,0.4886250382563308,2,historical_v8_schema
9,1,0.022320030244705975,0.5440100488976668,0.43366992085762723,1,historical_v8_schema
11,1,0.013536789715381503,0.6812653968427853,0.3051978134418331,1,historical_v8_schema
12,1,0.02883067513656973,0.641944916807584,0.3292244080558462,1,historical_v8_schema
13,0,0.017106033514374484,0.46355514983988044,0.5193388166457451,2,historical_v8_schema
29,1,0.06475369443435275,0.7157444986222004,0.2195018069434469,1,historical_v8_schema
30,1,0.051802244281772394,0.7213959389759339,0.22680181674229366,1,historical_v8_schema
31,0,0.04395409651417952,0.8277987197998329,0.12824718368598748,1,historical_v8_schema
32,0,0.03848028700624784,0.7815120177473104,0.18000769524644167,1,historical_v8_schema
33,1,0.04704249431899407,0.7266165380251981,0.22634096765580775,1,historical_v8_schema
34,1,0.01648139719687175,0.5976766804122314,0.38584192239089676,1,historical_v8_schema
35,1,0.030198074346609996,0.6727003137926314,0.2971016118607585,1,historical_v8_schema
36,1,0.02235672371823077,0.63549284680791,0.34215042947385926,1,historical_v8_schema
37,1,0.030465732861566654,0.6977689796969501,0.27176528744148326,1,historical_v8_schema
38,1,0.03214050860346723,0.7072492129933794,0.2606102784031532,1,historical_v8_schema
39,1,0.10959978953696087,0.77965736790794,0.110742842555099,1,historical_v8_schema
40,1,0.13406304315600137,0.7863247349211705,0.07961222192282805,1,historical_v8_schema
41,1,0.06657611240529498,0.8459557311910245,0.08746815640368047,1,historical_v8_schema
42,1,0.21789645626235943,0.7101231125472989,0.0719804311903416,1,historical_v8_schema
43,1,0.10689296078888087,0.7822424897815843,0.11086454942953491,1,historical_v8_schema
44,1,0.056756939629611126,0.8304887038869594,0.11275435648342941,1,historical_v8_schema
45,1,0.0905324570395071,0.787834781061623,0.12163276189886983,1,historical_v8_schema
46,1,0.08879282000693592,0.8319039809505114,0.07930319904255259,1,historical_v8_schema
47,1,0.05023069275544755,0.8265027068178523,0.12326660042670004,1,historical_v8_schema
48,1,0.05551775960474818,0.8080271929631916,0.13645504743206016,1,historical_v8_schema
49,1,0.058847877310758016,0.8052555400017192,0.13589658268752275,1,historical_v8_schema
50,1,0.05144495014168557,0.7567984952916985,0.19175655456661583,1,historical_v8_schema
51,1,0.04704603960026535,0.5110804036210816,0.4418735567786529,1,historical_v8_schema
52,1,0.06458684402626594,0.7158125898674998,0.21960056610623416,1,historical_v8_schema
53,1,0.05825565100426402,0.6901798502273677,0.2515644987683682,1,historical_v8_schema
54,1,0.09118070087969044,0.791069086535294,0.11775021258501561,1,historical_v8_schema
55,1,0.05968847692271194,0.8092275242154895,0.13108399886179845,1,historical_v8_schema
56,1,0.07554314254101996,0.7779934363125389,0.14646342114644106,1,historical_v8_schema
57,1,0.08200221987016873,0.8156274175626335,0.1023703625671977,1,historical_v8_schema
58,1,0.07417710039704115,0.7792915444257014,0.1465313551772575,1,historical_v8_schema
59,1,0.06262587897299629,0.8067493003693845,0.1306248206576191,1,historical_v8_schema
60,1,0.0662814693044024,0.8472385101037874,0.08648002059181013,1,historical_v8_schema
61,1,0.06251648295267534,0.8374034279094257,0.1000800891378989,1,historical_v8_schema
62,1,0.07326579734699504,0.7858911379612089,0.14084306469179603,1,historical_v8_schema
63,1,0.07127798845148325,0.7929587034103597,0.13576330813815693,1,historical_v8_schema
64,1,0.03736702894281362,0.862234383535815,0.10039858752137129,1,historical_v8_schema
65,1,0.03479106546431346,0.8599359634090921,0.10527297112659444,1,historical_v8_schema
66,1,0.039903481995382704,0.8402604886398163,0.11983602936480109,1,historical_v8_schema
67,1,0.039033159353881006,0.8616371775571969,0.09932966308892194,1,historical_v8_schema
68,1,0.02957751572785506,0.8423116675028596,0.12811081676928532,1,historical_v8_schema
69,1,0.12404263292422509,0.7046097369280697,0.17134763014770527,1,historical_v8_schema
70,1,0.09799551310672963,0.7367683733218543,0.16523611357141596,1,historical_v8_schema
71,1,0.15401226885930192,0.7170301532576866,0.12895757788301154,1,historical_v8_schema
72,1,0.16966757829411344,0.6051696168968934,0.22516280480899314,1,historical_v8_schema
73,1,0.16259155711027892,0.6832122713689288,0.1541961715207922,1,historical_v8_schema
74,1,0.10817912113609462,0.711721977713525,0.18009890115038035,1,historical_v8_schema
75,1,0.051084366522710874,0.6719127119068882,0.27700292157040096,1,historical_v8_schema
76,2,0.1062439477802669,0.6694436927752179,0.22431235944451527,1,historical_v8_schema
77,1,0.10837418183256406,0.7045754709078512,0.1870503472595847,1,historical_v8_schema
78,1,0.09216327690665171,0.6963947619859936,0.21144196110735475,1,historical_v8_schema
79,1,0.1219215794280594,0.7339420850820013,0.1441363354899392,1,historical_v8_schema
80,1,0.12254013740809276,0.6753912811886108,0.20206858140329648,1,historical_v8_schema
81,1,0.09996332770234796,0.6472581666512723,0.2527785056463796,1,historical_v8_schema
82,1,0.12074225558903798,0.7022621539998175,0.17699559041114452,1,historical_v8_schema
83,1,0.13806130911436168,0.7235917764436832,0.13834691444195513,1,historical_v8_schema
84,1,0.18335631415357134,0.6679449518901701,0.14869873395625857,1,historical_v8_schema
85,1,0.08802248730033871,0.7517653233976709,0.16021218930199027,1,historical_v8_schema
86,1,0.07942390622011433,0.7829500919969407,0.13762600178294498,1,historical_v8_schema
87,1,0.1753841975228232,0.6562305916829028,0.168385210794274,1,historical_v8_schema
88,1,0.07242769935274164,0.756151834249816,0.1714204663974423,1,historical_v8_schema
89,1,0.10691593996179866,0.6750442165767497,0.2180398434614515,1,historical_v8_schema
90,1,0.07787023429124584,0.7650191195027578,0.15711064620599646,1,historical_v8_schema
92,1,0.09324108309969965,0.6382252161425046,0.26853370075779576,1,historical_v8_schema
93,1,0.07939337729066387,0.7823528649258319,0.13825375778350424,1,historical_v8_schema
94,1,0.0773014475205056,0.7641300173644945,0.15856853511499994,1,historical_v8_schema
95,1,0.0634945916288162,0.7246964868388841,0.21180892153229958,1,historical_v8_schema
96,1,0.08723750041047393,0.7182475564132615,0.1945149431762645,1,historical_v8_schema
97,1,0.09296877658282254,0.7229435222077071,0.18408770120947038,1,historical_v8_schema
98,1,0.1089832392535302,0.6816467805224954,0.2093699802239744,1,historical_v8_schema
100,1,0.12606388347163872,0.6945795675667069,0.17935654896165432,1,historical_v8_schema
101,1,0.04935369478472608,0.4127256722063195,0.5379206330089544,2,historical_v8_schema
102,1,0.059088034089161745,0.525262786901668,0.4156491790091702,1,historical_v8_schema
103,1,0.10828655829701708,0.6436446262094246,0.24806881549355822,1,historical_v8_schema
104,1,0.1544955753105882,0.5838124893301415,0.26169193535927016,1,historical_v8_schema
106,1,0.17031189509507333,0.5057668757067315,0.32392122919819516,1,historical_v8_schema
107,1,0.20508769861991194,0.498640357989087,0.29627194339100105,1,historical_v8_schema
108,1,0.10769941330623321,0.11908052490293214,0.7732200617908347,2,historical_v8_schema
109,1,0.1177917166951647,0.4637212656201381,0.41848701768469715,1,historical_v8_schema
110,1,0.08974640755450027,0.29101133464498663,0.6192422578005131,2,historical_v8_schema
111,1,0.11874051996265353,0.41089880037237625,0.4703606796649702,2,historical_v8_schema
112,1,0.12542495150008867,0.434920578858832,0.4396544696410793,2,historical_v8_schema
113,1,0.11734855593494202,0.4281361242442517,0.4545153198208063,2,historical_v8_schema
114,1,0.12634103449556855,0.4264696694678679,0.4471892960365635,2,historical_v8_schema
115,1,0.09648345278170228,0.4207603733653897,0.4827561738529079,2,historical_v8_schema
116,1,0.17740629824349763,0.43347527533822905,0.38911842641827327,1,historical_v8_schema
117,1,0.1563774137390146,0.6819287458750576,0.16169384038592766,1,historical_v8_schema
118,1,0.12207002916440177,0.6752511188772488,0.2026788519583495,1,historical_v8_schema
119,1,0.07535239706384328,0.5698030800510997,0.3548445228850569,1,historical_v8_schema
120,1,0.07778759267707935,0.7168458191922658,0.20536658813065484,1,historical_v8_schema
121,1,0.02463086333731595,0.17092654078080732,0.8044425958818767,2,historical_v8_schema
122,2,0.022842773476263352,0.5875391458692776,0.38961808065445913,1,historical_v8_schema
123,1,0.024691434289500498,0.6246414264866099,0.35066713922388953,1,historical_v8_schema
124,1,0.028481443631055654,0.6056474970773202,0.3658710592916241,1,historical_v8_schema
125,2,0.02354887487040949,0.34731054714540843,0.629140577984182,2,historical_v8_schema
126,2,0.02605302380009662,0.36679549811727785,0.6071514780826256,2,historical_v8_schema
127,2,0.024839792868992457,0.678368951864517,0.2967912552664905,1,historical_v8_schema
128,1,0.05038584286826167,0.6785975700799858,0.27101658705175263,1,historical_v8_schema
129,1,0.02936615385448343,0.6716344402909797,0.29899940585453677,1,historical_v8_schema
130,1,0.037776123520835675,0.6926106516543986,0.2696132248247657,1,historical_v8_schema
131,1,0.03165009659991792,0.6897113950217939,0.2786385083782881,1,historical_v8_schema
132,1,0.05164745575372107,0.7085507845962449,0.23980175965003386,1,historical_v8_schema
133,1,0.0765943167593247,0.7284859834162947,0.1949196998243805,1,historical_v8_schema
134,1,0.08568377377802826,0.7496650188419479,0.16465120738002376,1,historical_v8_schema
135,1,0.05999208193961064,0.7096169700250142,0.23039094803537497,1,historical_v8_schema
136,1,0.09221628684338311,0.7745440269208554,0.13323968623576138,1,historical_v8_schema
137,2,0.06073898952196702,0.6930340935142923,0.2462269169637406,1,historical_v8_schema
138,1,0.09159716207598533,0.7220801235993834,0.18632271432463104,1,historical_v8_schema
139,1,0.06281044101848747,0.7411193932825203,0.1960701656989921,1,historical_v8_schema
140,1,0.08211878108577494,0.7632502254435709,0.1546309934706541,1,historical_v8_schema
141,1,0.1113799118409651,0.758893269246919,0.12972681891211568,1,historical_v8_schema
161,2,0.046999955261222165,0.7920671365494356,0.16093290818934217,1,historical_v8_schema
162,1,0.040498147760975746,0.786293431050297,0.1732084211887271,1,historical_v8_schema
163,0,0.044190083168670485,0.7989739638688762,0.15683595296245326,1,historical_v8_schema
164,2,0.03542132833250327,0.6903818409954201,0.2741968306720766,1,historical_v8_schema
165,1,0.031514509892409906,0.7307602176277548,0.23772527247983533,1,historical_v8_schema
166,1,0.051387545201174605,0.6884849721897158,0.26012748260910945,1,historical_v8_schema
167,1,0.048878088639158,0.6912997947134302,0.25982211664741184,1,historical_v8_schema
168,1,0.02809361849292423,0.6553758405656965,0.3165305409413791,1,historical_v8_schema
169,2,0.024620823077857068,0.6221159152030601,0.3532632617190828,1,historical_v8_schema
170,2,0.04572447952847499,0.7722967110122949,0.18197880945923003,1,historical_v8_schema
171,1,0.04399374426540865,0.768789791864974,0.18721646386961738,1,historical_v8_schema
172,1,0.040859454011899374,0.7095131689133798,0.24962737707472088,1,historical_v8_schema
173,1,0.04080133220621921,0.727734081687606,0.2314645861061746,1,historical_v8_schema
174,1,0.04142329791039917,0.7161273149015166,0.24244938718808412,1,historical_v8_schema
175,2,0.038785275521924296,0.6491444486115632,0.3120702758665126,1,historical_v8_schema
176,1,0.11748353404463052,0.6584776625567473,0.22403880339862217,1,historical_v8_schema
177,2,0.03033252347304655,0.7749462392135014,0.19472123731345198,1,historical_v8_schema
178,1,0.02254466075928833,0.7620872606197254,0.2153680786209862,1,historical_v8_schema
179,1,0.024813730068328984,0.645473231335444,0.32971303859622697,1,historical_v8_schema
180,1,0.029188367665869,0.6565825736045579,0.3142290587295733,1,historical_v8_schema
181,2,0.019162436102853554,0.6258042702519127,0.35503329364523384,1,historical_v8_schema
182,2,0.02655851993952745,0.6198938973629498,0.35354758269752284,1,historical_v8_schema
183,1,0.058712199099522286,0.7512823788417864,0.19000542205869123,1,historical_v8_schema
184,1,0.07769293949093733,0.7634537135689841,0.1588533469400785,1,historical_v8_schema
185,1,0.05385553678068433,0.7927564831970113,0.15338798002230442,1,historical_v8_schema
186,1,0.05671673802078089,0.7704606608402268,0.17282260113899223,1,historical_v8_schema
187,1,0.05685108495853436,0.7706319409282743,0.17251697411319133,1,historical_v8_schema
188,1,0.07361868522926943,0.8368673439714718,0.08951397079925873,1,historical_v8_schema
189,1,0.10302495065823448,0.8378457866235117,0.059129262718253715,1,historical_v8_schema
190,1,0.06893901783562659,0.831980646588418,0.0990803355759555,1,historical_v8_schema
191,1,0.061861765973099,0.8134134413400516,0.12472479268684955,1,historical_v8_schema
192,1,0.06754292454068721,0.3694063347879524,0.5630507406713604,2,historical_v8_schema
193,1,0.0848071271237606,0.7560107717103413,0.1591821011658981,1,historical_v8_schema
194,1,0.0766136533043649,0.7630624525790446,0.16032389411659045,1,historical_v8_schema
195,2,0.053465512101508114,0.7626300092683533,0.18390447863013845,1,historical_v8_schema
196,1,0.03711309049692617,0.6242755181141529,0.3386113913889208,1,historical_v8_schema
197,1,0.13628415560997412,0.7341446401316427,0.1295712042583832,1,historical_v8_schema
198,1,0.13173684017769124,0.7482088998506411,0.12005425997166752,1,historical_v8_schema
199,1,0.027100672095461617,0.4755597307547537,0.4973395971497846,2,historical_v8_schema
200,1,0.02864629659474035,0.42912246380884617,0.5422312395964135,2,historical_v8_schema
201,1,0.016234756135365954,0.2179366054003135,0.7658286384643205,2,historical_v8_schema
202,1,0.02664490431957815,0.5171015970594822,0.45625349862093967,1,historical_v8_schema
203,1,0.024835821909705263,0.4106008799701135,0.5645632981201811,2,historical_v8_schema
204,1,0.023504579311241162,0.3865142366012687,0.58998118408749,2,historical_v8_schema
205,1,0.026116271334668012,0.4893243606975885,0.48455936796774346,1,historical_v8_schema
206,1,0.022849380801282917,0.5561641967070869,0.4209864224916303,1,historical_v8_schema
208,1,0.023016112105779342,0.47448333531878173,0.5025005525754388,2,historical_v8_schema
209,1,0.035068128943236104,0.511331513100498,0.4536003579562659,1,historical_v8_schema
210,1,0.03215664004148836,0.5487608709537704,0.4190824890047412,1,historical_v8_schema
211,1,0.04112621840588715,0.4343034226803505,0.5245703589137624,2,historical_v8_schema
212,1,0.02724535307817498,0.5300512203163874,0.4427034266054376,1,historical_v8_schema
213,1,0.03076744273831484,0.4967777980539557,0.4724547592077295,1,historical_v8_schema
214,1,0.025008512487465513,0.6251855031814543,0.3498059843310802,1,historical_v8_schema
215,1,0.02352321808444824,0.4224995100048951,0.5539772719106566,2,historical_v8_schema
216,1,0.01604033255626991,0.271441638154601,0.712518029289129,2,historical_v8_schema
217,1,0.017982510923400898,0.2143816093155252,0.7676358797610738,2,historical_v8_schema
218,1,0.01708026854697289,0.4159608857012723,0.5669588457517548,2,historical_v8_schema
219,1,0.019432706902119897,0.3583722244833182,0.6221950686145619,2,historical_v8_schema
221,1,0.017482161223531686,0.3064729579281837,0.6760448808482846,2,historical_v8_schema
222,1,0.01680179850515642,0.293151636473658,0.6900465650211856,2,historical_v8_schema
223,0,0.027340384230042078,0.5746132395037057,0.3980463762662523,1,historical_v8_schema
224,2,0.02220828819055189,0.5308868868262989,0.4469048249831491,1,historical_v8_schema
225,1,0.030682700142938713,0.472166752571586,0.49715054728547525,2,historical_v8_schema
226,1,0.021521005673962822,0.5429106087806612,0.4355683855453759,1,historical_v8_schema
229,1,0.02575030533586517,0.37214291848407105,0.6021067761800636,2,historical_v8_schema
230,1,0.019966016189292717,0.48575965643835556,0.49427432737235166,2,historical_v8_schema
231,1,0.02248072092937883,0.44490673400244474,0.5326125450681765,2,historical_v8_schema
232,1,0.02114763811386889,0.4096196729706638,0.5692326889154672,2,historical_v8_schema
233,1,0.01776349060990932,0.4227188062193006,0.5595177031707901,2,historical_v8_schema
234,1,0.015350017648333708,0.20291440704643415,0.7817355753052322,2,historical_v8_schema
235,1,0.015332292300882816,0.1965352016834915,0.7881325060156256,2,historical_v8_schema
237,1,0.020339723237317475,0.5936912604850456,0.38596901627763697,1,historical_v8_schema
240,1,0.018433259045788287,0.28094026448984494,0.7006264764643667,2,historical_v8_schema
241,1,0.023744525078576946,0.5333733523539219,0.4428821225675009,1,historical_v8_schema
243,1,0.014117319219793737,0.24599517827748305,0.7398875025027232,2,historical_v8_schema
244,1,0.022259673332597416,0.41221157253097357,0.5655287541364289,2,historical_v8_schema
245,1,0.01916549341925087,0.4853697435361175,0.4954647630446316,2,historical_v8_schema
246,1,0.03191680692344282,0.6528969378893483,0.31518625518720883,1,historical_v8_schema
247,1,0.03167415588787114,0.6553928793921754,0.31293296471995347,1,historical_v8_schema
248,1,0.03525582587270633,0.6662713122060908,0.2984728619212028,1,historical_v8_schema
249,1,0.021795167874890407,0.311410698227353,0.6667941338977564,2,historical_v8_schema
251,1,0.02996307335956872,0.6704974517601487,0.29953947488028254,1,historical_v8_schema
252,1,0.02299675534712345,0.2758774033760225,0.701125841276854,2,historical_v8_schema
253,1,0.026042722145161706,0.4760744372055757,0.4978828406492627,2,historical_v8_schema
254,1,0.01853915411981725,0.6316844097583315,0.3497764361218512,1,historical_v8_schema
255,1,0.034413131330138666,0.6777438774088427,0.28784299126101864,1,historical_v8_schema
256,1,0.027079448787535657,0.6775646327552329,0.2953559184572314,1,historical_v8_schema
257,1,0.02130721231430888,0.3497754016653418,0.6289173860203492,2,historical_v8_schema
258,1,0.02376382622565877,0.46845207426865026,0.5077840995056909,2,historical_v8_schema
259,1,0.022294176440561544,0.4148988150731757,0.5628070084862627,2,historical_v8_schema
260,1,0.034031080849246394,0.7029936786097061,0.2629752405410475,1,historical_v8_schema
261,1,0.029932848498378066,0.6001073585027024,0.36995979299891946,1,historical_v8_schema
262,1,0.047145767250355866,0.5345040389649418,0.4183501937847023,1,historical_v8_schema
263,1,0.06769877057099344,0.7404204164381286,0.19188081299087792,1,historical_v8_schema
264,1,0.04074833348541353,0.5743365127348958,0.38491515377969054,1,historical_v8_schema
265,1,0.13175446909009303,0.6485350391266971,0.2197104917832099,1,historical_v8_schema
266,1,0.1545388359640102,0.6368193980572177,0.20864176597877213,1,historical_v8_schema
267,1,0.028833314532619975,0.3936057981979506,0.5775608872694293,2,historical_v8_schema
268,1,0.09267877132993711,0.6753307045825797,0.23199052408748316,1,historical_v8_schema
270,1,0.13225331961390685,0.6337481920297252,0.23399848835636786,1,historical_v8_schema
271,1,0.04206689033102386,0.6001610912461298,0.3577720184228463,1,historical_v8_schema
272,1,0.04175063509557832,0.5991395560480965,0.3591098088563251,1,historical_v8_schema
273,1,0.04233807700140718,0.64000446298111,0.3176574600174828,1,historical_v8_schema
274,1,0.07148699899876187,0.6062980154271964,0.3222149855740417,1,historical_v8_schema
275,1,0.13679364099353608,0.6587142466558653,0.20449211235059833,1,historical_v8_schema
276,1,0.08623219670702824,0.6892469612110004,0.22452084208197132,1,historical_v8_schema
277,1,0.03325595765994527,0.5033024338362737,0.4634416085037809,1,historical_v8_schema
278,1,0.09935784064660241,0.6565859003280434,0.2440562590253541,1,historical_v8_schema
279,1,0.14286580514517816,0.6733649489204806,0.18376924593434119,1,historical_v8_schema
280,1,0.06664551775998098,0.6007028694009199,0.3326516128390991,1,historical_v8_schema
281,1,0.021980830288555277,0.45239014778198217,0.5256290219294626,2,historical_v8_schema
282,1,0.0676949538268488,0.689509075971439,0.2427959702017122,1,historical_v8_schema
283,1,0.02977845221004525,0.6405628793097131,0.3296586684802415,1,historical_v8_schema
284,2,0.020448621014296287,0.41287332999231274,0.5666780489933908,2,historical_v8_schema
285,1,0.0182247247494344,0.21569519718663496,0.7660800780639306,2,historical_v8_schema
286,2,0.021397151821718724,0.5355003613731015,0.4431024868051795,1,historical_v8_schema
287,1,0.02994454710308615,0.39914028808209756,0.5709151648148163,2,historical_v8_schema
288,2,0.03174704214083241,0.5086318620957748,0.4596210957633927,1,historical_v8_schema
289,1,0.018472220915331863,0.20619383566235977,0.7753339434223082,2,historical_v8_schema
290,1,0.04539916039433117,0.7049221910878067,0.24967864851786192,1,historical_v8_schema
291,1,0.043856113825404025,0.6864120900277038,0.26973179614689224,1,historical_v8_schema
292,1,0.02940548929024219,0.6781578327047744,0.29243667800498335,1,historical_v8_schema
293,1,0.034630764130269956,0.6958765539352945,0.26949268193443554,1,historical_v8_schema
294,1,0.04016247648981061,0.7037525359669979,0.2560849875431913,1,historical_v8_schema
295,1,0.0368373692609701,0.7013792415351137,0.26178338920391625,1,historical_v8_schema
296,1,0.03443756484735135,0.629134732341401,0.33642770281124745,1,historical_v8_schema
297,1,0.022386119053716767,0.35534964471516617,0.6222642362311169,2,historical_v8_schema
298,1,0.015453450572462665,0.07755428511188392,0.9069922643156532,2,historical_v8_schema
299,1,0.02069927648697679,0.23747589685299236,0.7418248266600308,2,historical_v8_schema
300,1,0.017735378294194505,0.128231433065124,0.8540331886406813,2,historical_v8_schema
301,1,0.01746796206396054,0.0859879924983235,0.8965440454377159,2,historical_v8_schema
302,1,0.013360727181741335,0.07159614339618553,0.9150431294220731,2,historical_v8_schema
303,1,0.01926076751605993,0.16063134318923433,0.8201078892947058,2,historical_v8_schema
304,1,0.015953369807944897,0.15224666417060295,0.8317999660214521,2,historical_v8_schema
305,1,0.015748406469227032,0.14886542092169847,0.8353861726090744,2,historical_v8_schema
306,1,0.013857094923713866,0.062320856824763585,0.9238220482515226,2,historical_v8_schema
307,1,0.03013285586336466,0.5320057778018743,0.43786136633476086,1,historical_v8_schema
308,1,0.02901381050098843,0.7194860223837773,0.2515001671152341,1,historical_v8_schema
309,1,0.0414733421275112,0.7324054494371225,0.2261212084353663,1,historical_v8_schema
310,1,0.053228237647829205,0.7493552495109441,0.19741651284122666,1,historical_v8_schema
324,1,0.07993114898136683,0.8517780032739976,0.06829084774463559,1,historical_v8_schema
325,1,0.07960391409756663,0.8423355917759553,0.07806049412647811,1,historical_v8_schema
326,1,0.056513057498113,0.6488378458683322,0.2946490966335548,1,historical_v8_schema
327,1,0.03930151299970918,0.6400031202067518,0.32069536679353916,1,historical_v8_schema
328,1,0.034555325770894055,0.6094153578158701,0.35602931641323576,1,historical_v8_schema
329,1,0.05986106764075797,0.6355438861553125,0.3045950462039294,1,historical_v8_schema
330,1,0.03476134143218998,0.7299650140452631,0.23527364452254684,1,historical_v8_schema
331,1,0.04900342173179965,0.8153455131577663,0.13565106511043407,1,historical_v8_schema
336,1,0.02201229452244984,0.6666464806619741,0.311341224815576,1,historical_v8_schema
337,1,0.025283841447619616,0.6634983229086762,0.3112178356437041,1,historical_v8_schema
338,1,0.022664888647069652,0.6818240439744838,0.29551106737844646,1,historical_v8_schema
339,1,0.02545878801359228,0.6444233846719667,0.330117827314441,1,historical_v8_schema
340,1,0.02453919073697497,0.6731083656417606,0.30235244362126446,1,historical_v8_schema
341,0,0.06282960662268623,0.8426328545416624,0.09453753883565132,1,historical_v8_schema
348,1,0.05746267455271159,0.5470085776016667,0.39552874784562164,1,historical_v8_schema
362,1,0.010272099137623402,0.6704338178346813,0.31929408302769524,1,historical_v8_schema
369,2,0.014702449031596837,0.7422936543598884,0.24300389660851465,1,historical_v8_schema
371,2,0.013687997569556035,0.7796910757502659,0.20662092668017812,1,historical_v8_schema
372,1,0.016490917150921984,0.6032483269305993,0.3802607559184785,1,historical_v8_schema
374,2,0.02592832586996467,0.3760389482070912,0.598032725922944,2,historical_v8_schema
378,1,0.023255875551340725,0.3123345612744648,0.6644095631741944,2,historical_v8_schema
379,2,0.018842530071970263,0.7858559282877482,0.19530154164028146,1,historical_v8_schema
380,2,0.01757544318076645,0.773037894224761,0.20938666259447258,1,historical_v8_schema
381,1,0.012311153029517057,0.6306286524074056,0.35706019456307725,1,historical_v8_schema
382,2,0.02971144921325965,0.4325003126349293,0.537788238151811,2,historical_v8_schema
383,1,0.0173167658978256,0.7762776759446852,0.20640555815748907,1,historical_v8_schema
384,1,0.015372370161274898,0.8027758040513927,0.18185182578733225,1,historical_v8_schema
385,1,0.012488685659536676,0.7584256020119715,0.22908571232849168,1,historical_v8_schema
386,2,0.011730470585842832,0.7879027506514807,0.2003667787626764,1,historical_v8_schema
387,2,0.018584682356912473,0.8330639004079619,0.14835141723512546,1,historical_v8_schema
388,2,0.01260641435496829,0.801232688999165,0.1861608966458666,1,historical_v8_schema
389,1,0.014350436866400128,0.724042225957124,0.26160733717647583,1,historical_v8_schema
390,1,0.016541581216491238,0.8141187243623159,0.16933969442119282,1,historical_v8_schema
391,1,0.01161571163715328,0.7528279165478502,0.23555637181499658,1,historical_v8_schema
392,1,0.012173433707574025,0.724606958134344,0.263219608158082,1,historical_v8_schema
393,1,0.011607068705391856,0.751657698477395,0.23673523281721295,1,historical_v8_schema
395,1,0.01161571163715328,0.7528279165478502,0.23555637181499658,1,historical_v8_schema
396,1,0.018995345024806445,0.8366986803558987,0.14430597461929484,1,historical_v8_schema
397,1,0.0170792147535882,0.765894439080314,0.21702634616609773,1,historical_v8_schema
398,1,0.021087323144944947,0.8173531782573225,0.16155949859773255,1,historical_v8_schema
399,1,0.034441396012036676,0.8143863727724717,0.15117223121549161,1,historical_v8_schema
400,1,0.01942345130480351,0.8562351301607674,0.12434141853442907,1,historical_v8_schema
401,2,0.014071777005430065,0.06515516668987481,0.9207730563046952,2,historical_v8_schema
403,2,0.01842228998152075,0.05385402413212492,0.9277236858863542,2,historical_v8_schema
405,2,0.019442865269183596,0.07109105206669979,0.9094660826641167,2,historical_v8_schema
406,2,0.019006157248905718,0.05269441403389172,0.9282994287172025,2,historical_v8_schema
407,2,0.011847991826392084,0.042330983818433116,0.9458210243551747,2,historical_v8_schema
408,2,0.014646791008510079,0.05997988980465567,0.9253733191868342,2,historical_v8_schema
409,2,0.011385990457122215,0.05207761321459247,0.9365363963282853,2,historical_v8_schema
410,2,0.011236036096191613,0.04721197532406564,0.9415519885797428,2,historical_v8_schema
411,2,0.022060258587062728,0.04126929083611084,0.9366704505768263,2,historical_v8_schema
412,2,0.017852289063978295,0.04326760797627246,0.9388801029597491,2,historical_v8_schema
413,2,0.023153025926102182,0.038454286108321765,0.938392687965576,2,historical_v8_schema
416,2,0.01593223757693216,0.03909485768566881,0.9449729047373989,2,historical_v8_schema
417,2,0.017640684838425628,0.041719575733518026,0.9406397394280563,2,historical_v8_schema
418,2,0.013489350783267571,0.02957940744869643,0.956931241768036,2,historical_v8_schema
419,2,0.010880480738364234,0.038838469094388726,0.950281050167247,2,historical_v8_schema
420,2,0.013484795581185706,0.03924039212008131,0.947274812298733,2,historical_v8_schema
421,2,0.01181726768169092,0.04358441947762669,0.9445983128406823,2,historical_v8_schema
422,2,0.01592473417147546,0.04469091973119438,0.9393843460973301,2,historical_v8_schema
423,2,0.01454286847880435,0.03105966788090786,0.9543974636402879,2,historical_v8_schema
424,2,0.011800801953606319,0.08429340397121203,0.9039057940751816,2,historical_v8_schema
425,2,0.01700265140292017,0.07408525084430925,0.9089120977527705,2,historical_v8_schema
426,2,0.016539667996595165,0.09970413109061316,0.8837562009127916,2,historical_v8_schema
429,2,0.012192492223238508,0.06407469815042678,0.9237328096263345,2,historical_v8_schema
430,2,0.015322436821212072,0.07747515869860092,0.907202404480187,2,historical_v8_schema
435,2,0.013886074144531392,0.045230106696066114,0.9408838191594024,2,historical_v8_schema
436,2,0.012622239226385595,0.07470201661173023,0.9126757441618842,2,historical_v8_schema
437,2,0.011510863097583897,0.04512736699020839,0.9433617699122077,2,historical_v8_schema
438,2,0.01923524636068437,0.06978998766763003,0.9109747659716856,2,historical_v8_schema
439,2,0.018788471938686227,0.060272938127798464,0.9209385899335153,2,historical_v8_schema
440,2,0.019615363841628684,0.0558454646464728,0.9245391715118985,2,historical_v8_schema
441,2,0.018626216492577972,0.09589345821641639,0.8854803252910055,2,historical_v8_schema
442,2,0.010983709525638244,0.10360965945475348,0.8854066310196083,2,historical_v8_schema
443,2,0.011204713009053513,0.053426548773942616,0.935368738217004,2,historical_v8_schema
444,2,0.01382480793240056,0.06998564055445976,0.9161895515131396,2,historical_v8_schema
445,2,0.009222262335848589,0.12033491192305194,0.8704428257410994,2,historical_v8_schema
446,2,0.013091025075753587,0.027816713676569217,0.9590922612476771,2,historical_v8_schema
447,2,0.02156119811146202,0.03849921500099521,0.9399395868875429,2,historical_v8_schema
448,2,0.015128736699365482,0.044758433197707906,0.9401128301029266,2,historical_v8_schema
449,2,0.015342921984330314,0.04417122875417354,0.9404858492614961,2,historical_v8_schema
450,2,0.0175744217774916,0.04069303700267507,0.9417325412198332,2,historical_v8_schema
451,2,0.03891528587079375,0.08641107356731222,0.874673640561894,2,historical_v8_schema
452,2,0.07206277770260747,0.055970701182286885,0.8719665211151056,2,historical_v8_schema
456,2,0.020211620037691034,0.05738810856398244,0.9224002713983266,2,historical_v8_schema
457,2,0.019427370753835424,0.04463359492594106,0.9359390343202235,2,historical_v8_schema
458,2,0.013287211254020291,0.05603433275186864,0.930678455994111,2,historical_v8_schema
459,2,0.015724533258394256,0.06481344555613583,0.9194620211854698,2,historical_v8_schema
460,2,0.03807571668683378,0.12954712254350215,0.8323771607696641,2,historical_v8_schema
461,2,0.03557463174620086,0.10050555374381429,0.8639198145099848,2,historical_v8_schema
462,2,0.011761395442911991,0.05487003993205748,0.9333685646250305,2,historical_v8_schema
464,2,0.020269323640584168,0.08425822760415297,0.8954724487552628,2,historical_v8_schema
465,2,0.020215389667429466,0.03923031662560645,0.940554293706964,2,historical_v8_schema
466,2,0.01941560272040868,0.08307207273410958,0.8975123245454817,2,historical_v8_schema
468,2,0.01697670740254828,0.08590265927202889,0.8971206333254228,2,historical_v8_schema
470,2,0.019551573370663756,0.12126514670173198,0.8591832799276041,2,historical_v8_schema
471,2,0.009271074720294082,0.1165887418919389,0.8741401833877669,2,historical_v8_schema
473,2,0.015788595291519623,0.10639968706910041,0.87781171763938,2,historical_v8_schema
474,2,0.009232232171779927,0.11559627199497083,0.8751714958332492,2,historical_v8_schema
475,2,0.012645580272349084,0.07681105250817194,0.9105433672194789,2,historical_v8_schema
477,2,0.012372992357801932,0.060924766111796105,0.9267022415304019,2,historical_v8_schema
479,2,0.01773501740315922,0.06818938485273311,0.9140755977441076,2,historical_v8_schema
480,2,0.017839598662480242,0.03178982907112313,0.9503705722663967,2,historical_v8_schema
481,2,0.016326799245669925,0.05491248827229671,0.9287607124820333,2,historical_v8_schema
482,2,0.01654921243464206,0.05415838087918014,0.9292924066861777,2,historical_v8_schema
483,2,0.033566549972545184,0.053157910464025356,0.9132755395634293,2,historical_v8_schema
484,2,0.009912579660214804,0.03814287487357383,0.9519445454662113,2,historical_v8_schema
485,2,0.02185339280247119,0.21475421793338892,0.7633923892641398,2,historical_v8_schema
486,2,0.024484059393242365,0.06482745336666289,0.9106884872400947,2,historical_v8_schema
487,2,0.03527804862172316,0.09477829653587891,0.8699436548423978,2,historical_v8_schema
488,2,0.01967974601622989,0.06323230818897907,0.9170879457947911,2,historical_v8_schema
489,2,0.03022315433998478,0.10178658062249415,0.8679902650375209,2,historical_v8_schema
490,2,0.03100057169203814,0.15303559438601944,0.8159638339219423,2,historical_v8_schema
491,2,0.016457561976788642,0.06856211090074082,0.9149803271224706,2,historical_v8_schema
494,2,0.012078822115303995,0.08032280749052118,0.9075983703941748,2,historical_v8_schema
500,2,0.020826341358417808,0.09979012695926004,0.879383531682322,2,historical_v8_schema
501,2,0.025335126034763747,0.06454150057852893,0.9101233733867073,2,historical_v8_schema
502,2,0.016511304237656316,0.08225507931262241,0.9012336164497212,2,historical_v8_schema
503,2,0.02552055362826613,0.06518018328463937,0.9092992630870945,2,historical_v8_schema
504,2,0.016924151528403906,0.07454061683624608,0.90853523163535,2,historical_v8_schema
505,2,0.02883234097132864,0.21665483134383784,0.7545128276848335,2,historical_v8_schema
507,2,0.021939690489683306,0.06178413475426245,0.9162761747560542,2,historical_v8_schema
508,2,0.02594492408007666,0.06766096923048637,0.906394106689437,2,historical_v8_schema
509,2,0.030381897164852963,0.10948225559626262,0.8601358472388845,2,historical_v8_schema
510,2,0.034707505542057156,0.08416220492473275,0.88113028953321,2,historical_v8_schema
511,2,0.03092683619093763,0.21972727534978315,0.7493458884592792,2,historical_v8_schema
512,2,0.02430142132180578,0.08396803395395219,0.8917305447242421,2,historical_v8_schema
513,2,0.063758513685941,0.09164975119830436,0.8445917351157546,2,historical_v8_schema
514,2,0.010732967862056414,0.038000724369568716,0.9512663077683747,2,historical_v8_schema
515,2,0.017247033551105774,0.0499489628897222,0.9328040035591718,2,historical_v8_schema
516,2,0.01701170780538711,0.057951142101833136,0.9250371500927796,2,historical_v8_schema
518,2,0.06760190778181979,0.08588562508570191,0.8465124671324782,2,historical_v8_schema
519,2,0.09671847411280132,0.14329317151562918,0.7599883543715694,2,historical_v8_schema
520,2,0.01565362349222299,0.0880950391805599,0.896251337327217,2,historical_v8_schema
521,2,0.013847509519923683,0.04535097938154946,0.9408015110985268,2,historical_v8_schema
522,2,0.016878649254824924,0.038134135554346,0.944987215190829,2,historical_v8_schema
524,2,0.02512993470125116,0.0385795460912035,0.9362905192075455,2,historical_v8_schema
525,2,0.017716755301958077,0.02984892533238613,0.9524343193656557,2,historical_v8_schema
526,2,0.01111905292384198,0.03644288580630504,0.9524380612698529,2,historical_v8_schema
527,2,0.015347834724014374,0.030460088947345094,0.9541920763286407,2,historical_v8_schema
528,2,0.024318349018994316,0.03509986567117937,0.9405817853098263,2,historical_v8_schema
529,2,0.043152611187373256,0.07141206379218093,0.8854353250204458,2,historical_v8_schema
530,2,0.014359666444312875,0.037766019435966434,0.9478743141197206,2,historical_v8_schema
531,2,0.013237386462039015,0.05050613853350437,0.9362564750044565,2,historical_v8_schema
532,2,0.02140062751468414,0.059226259530825845,0.91937311295449,2,historical_v8_schema
534,2,0.01788944124950742,0.06429360680022012,0.9178169519502724,2,historical_v8_schema
535,2,0.01961501306509513,0.0403928307382396,0.9399921561966653,2,historical_v8_schema
536,2,0.01921680630428781,0.06913704957987693,0.9116461441158352,2,historical_v8_schema
537,2,0.014769581725104031,0.11820454805977998,0.8670258702151159,2,historical_v8_schema
539,2,0.013842375702715242,0.029312420453032877,0.9568452038442516,2,historical_v8_schema
540,2,0.012431600665551013,0.040136254537050386,0.9474321447973986,2,historical_v8_schema
542,2,0.01206284166811981,0.04923699799825049,0.9387001603336296,2,historical_v8_schema
543,2,0.016917541363173548,0.028116210760677746,0.9549662478761487,2,historical_v8_schema
544,2,0.024816429828125652,0.043003577496159705,0.9321799926757146,2,historical_v8_schema
545,2,0.01581215287984092,0.12084301182801682,0.8633448352921422,2,historical_v8_schema
546,2,0.013241314196146006,0.048669076753165445,0.9380896090506885,2,historical_v8_schema
547,2,0.03135777806599884,0.036490893769071185,0.9321513281649298,2,historical_v8_schema
548,2,0.016604798406459193,0.05478114421955224,0.9286140573739885,2,historical_v8_schema
549,2,0.012243633093573033,0.03963666128197334,0.9481197056244535,2,historical_v8_schema
550,2,0.04588918889467769,0.04850044750519353,0.9056103636001286,2,historical_v8_schema
552,2,0.01455270314947342,0.05172753212078601,0.9337197647297406,2,historical_v8_schema
553,2,0.014007804538536117,0.046038472736562634,0.9399537227249013,2,historical_v8_schema
554,2,0.015953346697579588,0.05036968336240198,0.9336769699400185,2,historical_v8_schema
555,2,0.016563191558204043,0.0432802089194921,0.9401565995223038,2,historical_v8_schema
557,2,0.026833820030633636,0.04018666415888851,0.9329795158104778,2,historical_v8_schema
558,2,0.01879810234571487,0.047618574703948535,0.9335833229503365,2,historical_v8_schema
560,2,0.04284905196542764,0.035870053781458994,0.9212808942531132,2,historical_v8_schema
561,2,0.01987642096114425,0.039095667389181896,0.9410279116496738,2,historical_v8_schema
562,2,0.013738474816238681,0.08196345863276774,0.9042980665509934,2,historical_v8_schema
563,2,0.010972615394760271,0.043534342885586955,0.9454930417196528,2,historical_v8_schema
564,2,0.016039857991928974,0.042514477325947826,0.9414456646821231,2,historical_v8_schema
565,2,0.011954366444920353,0.0742291913446116,0.913816442210468,2,historical_v8_schema
566,2,0.015026301198925996,0.04968318244763999,0.935290516353434,2,historical_v8_schema
567,2,0.015681534144958074,0.047260284564012635,0.9370581812910292,2,historical_v8_schema
568,2,0.019888312121790028,0.04921465131537167,0.9308970365628382,2,historical_v8_schema
570,2,0.011830537800894748,0.09987610017345736,0.8882933620256478,2,historical_v8_schema
571,2,0.020525983032028697,0.04382916583451492,0.9356448511334564,2,historical_v8_schema
572,2,0.018286655690928084,0.035834949709782155,0.9458783945992897,2,historical_v8_schema
573,2,0.01888217012291392,0.041204781651489227,0.9399130482255967,2,historical_v8_schema
575,2,0.02561459991216954,0.042336420319305235,0.932048979768525,2,historical_v8_schema
576,2,0.05799922412066527,0.04762161391937968,0.894379161959955,2,historical_v8_schema
578,2,0.017888197779789086,0.08609577445022663,0.8960160277699842,2,historical_v8_schema
579,2,0.018081564783005245,0.027190027521969015,0.9547284076950258,2,historical_v8_schema
580,2,0.04699361974298799,0.032898628037896754,0.9201077522191152,2,historical_v8_schema
581,2,0.009578951262792472,0.05953501735472934,0.9308860313824782,2,historical_v8_schema
582,2,0.016533902866167967,0.05072363519215599,0.932742461941676,2,historical_v8_schema
583,2,0.01416594120546415,0.03936843108273807,0.9464656277117978,2,historical_v8_schema
584,2,0.017049618263975365,0.09608561439088292,0.8868647673451415,2,historical_v8_schema
585,2,0.013280719595274838,0.03912288852162163,0.9475963918831034,2,historical_v8_schema
586,2,0.016024216413089237,0.07739583242988972,0.906579951157021,2,historical_v8_schema
588,2,0.020907520959880674,0.047032833167800346,0.9320596458723189,2,historical_v8_schema
589,2,0.015192299929792055,0.03283345315077919,0.9519742469194288,2,historical_v8_schema
590,2,0.01546791963605912,0.0387576597555766,0.9457744206083643,2,historical_v8_schema
591,2,0.018206706447919517,0.03870797064011044,0.94308532291197,2,historical_v8_schema
593,2,0.012409491563134142,0.04524694035027897,0.9423435680865869,2,historical_v8_schema
594,2,0.011850062726866574,0.03886805280638873,0.9492818844667447,2,historical_v8_schema
596,2,0.024886631094696205,0.03179995760460686,0.9433134113006969,2,historical_v8_schema
597,2,0.01451266229882801,0.0812480098512986,0.9042393278498733,2,historical_v8_schema
598,2,0.02175254938509788,0.06772271883337513,0.9105247317815269,2,historical_v8_schema
599,2,0.012538364725986545,0.033356486502057615,0.9541051487719558,2,historical_v8_schema
600,2,0.01333059178298001,0.10217096535896456,0.8844984428580553,2,historical_v8_schema
601,2,0.011372002339295693,0.03663041291695333,0.951997584743751,2,historical_v8_schema
602,2,0.02252411113188204,0.04677957523701745,0.9306963136311004,2,historical_v8_schema
603,2,0.01516954606633282,0.060637507375751194,0.924192946557916,2,historical_v8_schema
604,2,0.03030622401013775,0.058733265630871265,0.910960510358991,2,historical_v8_schema
606,2,0.014543272476252946,0.07910152482447866,0.9063552026992685,2,historical_v8_schema
607,2,0.017666706915151858,0.026115614094151893,0.9562176789906962,2,historical_v8_schema
608,2,0.047147593900093716,0.044492402178442116,0.9083600039214641,2,historical_v8_schema
609,2,0.019396492104701818,0.08710251158467477,0.8935009963106235,2,historical_v8_schema
611,2,0.013425335480399852,0.04768239443227508,0.938892270087325,2,historical_v8_schema
612,2,0.018497695955429005,0.030542024813685672,0.9509602792308852,2,historical_v8_schema
614,2,0.013232049892620423,0.10595803931636474,0.8808099107910147,2,historical_v8_schema
615,2,0.013572759841733246,0.06371446727952361,0.922712772878743,2,historical_v8_schema
616,2,0.013970433372844168,0.056921603724484404,0.9291079629026715,2,historical_v8_schema
617,2,0.009731697155934554,0.046508445295037434,0.943759857549028,2,historical_v8_schema
618,2,0.014331071871745607,0.04123247906421064,0.9444364490640436,2,historical_v8_schema
619,2,0.013128685545844999,0.039897633631905606,0.9469736808222493,2,historical_v8_schema
620,2,0.019814052568400537,0.0641780859714555,0.916007861460144,2,historical_v8_schema
621,2,0.02651538797559097,0.035696049854385015,0.9377885621700239,2,historical_v8_schema
622,2,0.023608442072729607,0.05256709637933754,0.9238244615479327,2,historical_v8_schema
624,2,0.01972033261528893,0.03591696712097833,0.9443627002637327,2,historical_v8_schema
625,2,0.03132693156499636,0.06482860479336998,0.9038444636416336,2,historical_v8_schema
626,2,0.011697891682099707,0.057970564425854534,0.9303315438920458,2,historical_v8_schema
627,2,0.01462704383668069,0.03821367023684983,0.9471592859264695,2,historical_v8_schema
629,2,0.011926833978025632,0.03012628256519775,0.9579468834567766,2,historical_v8_schema
630,2,0.01274359683776056,0.04649382553360374,0.9407625776286357,2,historical_v8_schema
632,2,0.035321183302545384,0.060570754211395336,0.9041080624860592,2,historical_v8_schema
633,2,0.014981382548264765,0.09679679761574228,0.8882218198359929,2,historical_v8_schema
634,2,0.021776822742606543,0.04087742107157595,0.9373457561858174,2,historical_v8_schema
635,2,0.012393633506797001,0.08961813331755614,0.8979882331756468,2,historical_v8_schema
636,2,0.015427633622415896,0.0905676913652503,0.8940046750123338,2,historical_v8_schema
637,2,0.013385507369263904,0.04754873443158851,0.9390657581991475,2,historical_v8_schema
638,2,0.016786885108451746,0.04579486766096936,0.937418247230579,2,historical_v8_schema
639,2,0.018421725363373945,0.0481378497133786,0.9334404249232475,2,historical_v8_schema
640,2,0.03463425359005193,0.03681756421810392,0.9285481821918442,2,historical_v8_schema
642,2,0.020772829615565917,0.10915164203927938,0.8700755283451547,2,historical_v8_schema
643,2,0.011714631927902102,0.04281278324890361,0.9454725848231942,2,historical_v8_schema
644,2,0.013220980213797669,0.06089432141978181,0.9258846983664204,2,historical_v8_schema
645,2,0.014937388080583484,0.04890355751214877,0.9361590544072678,2,historical_v8_schema
647,2,0.015966797833432234,0.04730226205617362,0.936730940110394,2,historical_v8_schema
648,2,0.0170204665465784,0.04093550901464489,0.9420440244387767,2,historical_v8_schema
650,2,0.01237233983650901,0.07883088011198727,0.9087967800515038,2,historical_v8_schema
651,2,0.023404264200551892,0.049520687122065005,0.9270750486773831,2,historical_v8_schema
652,2,0.015875198360896545,0.04665203379888477,0.9374727678402186,2,historical_v8_schema
653,2,0.018738712044112982,0.03984194557690328,0.9414193423789836,2,historical_v8_schema
654,2,0.02127024338166387,0.060666004493120956,0.9180637521252151,2,historical_v8_schema
655,2,0.013413965299353226,0.03358138244923771,0.9530046522514091,2,historical_v8_schema
656,2,0.014508271330807664,0.05700318422823185,0.9284885444409603,2,historical_v8_schema
657,2,0.01686303652511719,0.03876095868855894,0.9443760047863239,2,historical_v8_schema
658,2,0.016418324098742082,0.0455102122815771,0.9380714636196807,2,historical_v8_schema
660,2,0.014907429122991186,0.0438623937088387,0.9412301771681701,2,historical_v8_schema
661,2,0.011747717336528182,0.051343166424479586,0.9369091162389921,2,historical_v8_schema
662,2,0.011892579511658573,0.04184101385804081,0.9462664066303006,2,historical_v8_schema
663,2,0.01791904068594195,0.08960513134708958,0.8924758279669684,2,historical_v8_schema
665,2,0.013793680411615846,0.04595797717385221,0.9402483424145319,2,historical_v8_schema
666,2,0.017552979868941766,0.05006148356793437,0.932385536563124,2,historical_v8_schema
668,2,0.024127842580118655,0.06251628311427855,0.9133558743056027,2,historical_v8_schema
669,2,0.016719259277417565,0.05349721756608809,0.9297835231564944,2,historical_v8_schema
670,2,0.014858764233045158,0.04250521066355081,0.9426360251034039,2,historical_v8_schema
671,2,0.01657736066761107,0.028941605109573665,0.9544810342228152,2,historical_v8_schema
672,2,0.024634133083228572,0.04620865209564258,0.9291572148211288,2,historical_v8_schema
673,2,0.01760457726995375,0.03491473943648325,0.9474806832935629,2,historical_v8_schema
674,2,0.017166155562112213,0.10338467488507831,0.8794491695528093,2,historical_v8_schema
675,2,0.013567564852881953,0.05567313182148306,0.930759303325635,2,historical_v8_schema
676,2,0.015484996271953856,0.05194612749341526,0.9325688762346308,2,historical_v8_schema
678,2,0.013842938386083107,0.07156314579241035,0.9145939158215064,2,historical_v8_schema
679,2,0.0208578073437386,0.03973092645103547,0.9394112662052259,2,historical_v8_schema
680,2,0.014278228506648578,0.0940233337203738,0.8916984377729775,2,historical_v8_schema
681,2,0.01565202783456896,0.05182352397826377,0.9325244481871672,2,historical_v8_schema
683,2,0.01420971701727612,0.03870874279203848,0.9470815401906854,2,historical_v8_schema
684,2,0.023097682481681717,0.046686132444900844,0.9302161850734173,2,historical_v8_schema
686,2,0.013265089307543238,0.043266301668177104,0.9434686090242796,2,historical_v8_schema
687,2,0.03168686922028902,0.029942830181004708,0.9383703005987062,2,historical_v8_schema
688,2,0.04159900868439204,0.04653193545741209,0.9118690558581959,2,historical_v8_schema
689,2,0.01613130638454288,0.03865499451855381,0.9452136990969032,2,historical_v8_schema
690,2,0.012706951234481617,0.06739327103784554,0.9198997777276727,2,historical_v8_schema
691,2,0.011031195857800121,0.03314689246811858,0.9558219116740811,2,historical_v8_schema
692,2,0.018149287580567185,0.04566442057492024,0.9361862918445125,2,historical_v8_schema
693,2,0.012247857686936033,0.03396464610073321,0.9537874962123307,2,historical_v8_schema
694,2,0.02114249398011273,0.09938379251180993,0.8794737135080773,2,historical_v8_schema
696,2,0.01494690518166612,0.050628745516061835,0.934424349302272,2,historical_v8_schema
697,2,0.01340331081255038,0.06075483397061071,0.925841855216839,2,historical_v8_schema
698,2,0.022484708628898908,0.10337613914034118,0.8741391522307599,2,historical_v8_schema
699,2,0.020161874334288538,0.06432505474899461,0.9155130709167167,2,historical_v8_schema
701,2,0.017824623529166753,0.33905079549285655,0.6431245809779766,2,historical_v8_schema
702,2,0.023454493310794584,0.16434813701158615,0.8121973696776191,2,historical_v8_schema
703,2,0.01211147922454647,0.03278753715192523,0.9551009836235282,2,historical_v8_schema
704,2,0.017405900237713674,0.15075699283231575,0.8318371069299705,2,historical_v8_schema
705,2,0.012153644560594944,0.16241511373941436,0.8254312416999906,2,historical_v8_schema
707,2,0.10029431721400199,0.045606365870943986,0.8540993169150539,2,historical_v8_schema
708,2,0.03848824143403092,0.5578662066541595,0.4036455519118094,1,historical_v8_schema
709,2,0.01170063157770065,0.08714852018293426,0.9011508482393651,2,historical_v8_schema
710,2,0.013002337068811223,0.03233521025064067,0.9546624526805481,2,historical_v8_schema
711,2,0.029953138656204237,0.09675090515303872,0.873295956190757,2,historical_v8_schema
712,2,0.03466606043359141,0.22202760277124073,0.7433063367951678,2,historical_v8_schema
713,2,0.018545839428720526,0.3096793715707119,0.6717747890005674,2,historical_v8_schema
714,2,0.028907663774361155,0.42200041226130763,0.5490919239643312,2,historical_v8_schema
716,2,0.018914317771696026,0.11410158941377144,0.8669840928145326,2,historical_v8_schema
717,2,0.1438417514137009,0.06394284263605376,0.7922154059502453,2,historical_v8_schema
718,2,0.015898271757961067,0.19671095665661953,0.7873907715854194,2,historical_v8_schema
719,2,0.012001076347068308,0.21384961190516272,0.774149311747769,2,historical_v8_schema
721,2,0.12978141039918673,0.1570580742114337,0.7131605153893796,2,historical_v8_schema
722,2,0.02119627544067963,0.04061832401996764,0.9381854005393526,2,historical_v8_schema
723,2,0.029682540606284072,0.5221597957904317,0.44815766360328424,1,historical_v8_schema
724,2,0.022510095558570017,0.09508031640813937,0.8824095880332905,2,historical_v8_schema
725,2,0.021186489090341265,0.1310484327136199,0.8477650781960387,2,historical_v8_schema
726,2,0.016855671373001573,0.4942618032832623,0.4888825253437361,1,historical_v8_schema
727,2,0.08302831537625222,0.6902067462722018,0.22676493835154596,1,historical_v8_schema
728,2,0.01640812119793329,0.09419963822878677,0.8893922405732799,2,historical_v8_schema
729,2,0.019888116299356117,0.16405707527809127,0.8160548084225525,2,historical_v8_schema
731,2,0.06889861701684043,0.19124650968538398,0.7398548732977757,2,historical_v8_schema
732,2,0.09882980977481683,0.6411161290189142,0.2600540612062689,1,historical_v8_schema
733,2,0.022667573166947508,0.04886631183251403,0.9284661150005384,2,historical_v8_schema
734,2,0.02093697553971803,0.0806711144344078,0.898391910025874,2,historical_v8_schema
735,2,0.03992936446724933,0.5470541724420568,0.41301646309069384,1,historical_v8_schema
736,2,0.014055467578207264,0.14739209573126574,0.838552436690527,2,historical_v8_schema
737,2,0.03874561388156487,0.05250322669593936,0.9087511594224957,2,historical_v8_schema
738,2,0.04183634263648207,0.5330721687619117,0.42509148860160617,1,historical_v8_schema
739,2,0.01669807162586851,0.14751483781066232,0.8357870905634691,2,historical_v8_schema
740,2,0.037739263709275106,0.17831015422199087,0.7839505820687339,2,historical_v8_schema
741,2,0.03008828309055317,0.23044293214389688,0.7394687847655499,2,historical_v8_schema
742,2,0.0174422149257106,0.18228379611342926,0.8002739889608601,2,historical_v8_schema
743,2,0.057727894976881515,0.03507371401164153,0.9071983910114769,2,historical_v8_schema
744,2,0.033146019081393426,0.07818599064489624,0.8886679902737104,2,historical_v8_schema
745,2,0.01602971123063739,0.3170506390039325,0.6669196497654302,2,historical_v8_schema
746,2,0.038478111441967,0.5689532311867976,0.39256865737123525,1,historical_v8_schema
747,2,0.0155843413176243,0.09141158197977063,0.8930040767026051,2,historical_v8_schema
748,2,0.013725398384101405,0.21022916565741687,0.7760454359584816,2,historical_v8_schema
749,2,0.011149367781538242,0.05182798287796878,0.937022649340493,2,historical_v8_schema
750,2,0.02176613092712675,0.3231381078604585,0.6550957612124148,2,historical_v8_schema
751,2,0.010805931117144372,0.07974838967804783,0.9094456792048078,2,historical_v8_schema
752,2,0.016699686597965002,0.08215372579108321,0.9011465876109517,2,historical_v8_schema
753,2,0.015260318262888092,0.11778684275952361,0.8669528389775882,2,historical_v8_schema
754,2,0.03676907605540006,0.2509913356388646,0.7122395883057353,2,historical_v8_schema
755,2,0.014404293083249005,0.13109883345217957,0.8544968734645714,2,historical_v8_schema
756,2,0.011286663134404705,0.04124452353867504,0.9474688133269202,2,historical_v8_schema
757,2,0.010028143949742893,0.15362095293341127,0.8363509031168458,2,historical_v8_schema
758,2,0.023948901674778835,0.10597047646859437,0.8700806218566268,2,historical_v8_schema
759,2,0.014671175270260746,0.08387519817050096,0.9014536265592381,2,historical_v8_schema
760,2,0.022309403683283924,0.2422824607291861,0.7354081355875297,2,historical_v8_schema
761,2,0.04874672154833386,0.6568166391781691,0.2944366392734969,1,historical_v8_schema
762,2,0.015238227784677856,0.04664592046761442,0.9381158517477076,2,historical_v8_schema
764,2,0.02680086460812752,0.2035299326755669,0.7696692027163057,2,historical_v8_schema
765,2,0.01949478165266799,0.08545158960488759,0.8950536287424444,2,historical_v8_schema
767,2,0.01696919014296754,0.0823613479961848,0.9006694618608475,2,historical_v8_schema
769,2,0.012653148699719568,0.11697552006433565,0.8703713312359447,2,historical_v8_schema
770,2,0.015874867849259632,0.07996726874668234,0.9041578634040579,2,historical_v8_schema
771,2,0.014314784478137207,0.1290033658653057,0.856681849656557,2,historical_v8_schema
772,2,0.013644036446283387,0.06833710121960525,0.9180188623341112,2,historical_v8_schema
773,2,0.029408732222075594,0.43367885039696347,0.536912417380961,2,historical_v8_schema
774,2,0.029018058332051944,0.563390686014175,0.4075912556537731,1,historical_v8_schema
776,2,0.029834547231781545,0.24461049194995782,0.7255549608182607,2,historical_v8_schema
777,2,0.017174842501207994,0.04924071716223093,0.9335844403365611,2,historical_v8_schema
778,2,0.019249899473256196,0.1912769569045923,0.7894731436221514,2,historical_v8_schema
779,2,0.015390218815894776,0.13810616983241486,0.8465036113516902,2,historical_v8_schema
780,2,0.01232102169550099,0.24015399174984847,0.7475249865546505,2,historical_v8_schema
781,2,0.06006025058341061,0.3246045006519207,0.6153352487646686,2,historical_v8_schema
782,2,0.014862250214699455,0.08413761623702282,0.9010001335482777,2,historical_v8_schema
783,2,0.01644616006920305,0.2155500131672728,0.7680038267635242,2,historical_v8_schema
784,2,0.018988255426377575,0.09026934504181602,0.8907423995318062,2,historical_v8_schema
785,2,0.043559631233187124,0.5251209958790398,0.431319372887773,1,historical_v8_schema
786,2,0.023112423409877736,0.4683838365304861,0.5085037400596362,2,historical_v8_schema
787,2,0.02334115434973057,0.06572821722239905,0.9109306284278703,2,historical_v8_schema
788,2,0.016601220821768063,0.12309405829303577,0.8603047208851963,2,historical_v8_schema
790,2,0.03175006838083927,0.4090510095285842,0.5591989220905765,2,historical_v8_schema
791,2,0.02117342956547124,0.14422167898386573,0.8346048914506631,2,historical_v8_schema
792,2,0.011994402862199658,0.10606151239247984,0.8819440847453206,2,historical_v8_schema
793,2,0.016830877754351624,0.18355969364599373,0.7996094285996546,2,historical_v8_schema
794,2,0.034835251991499144,0.07264386779598798,0.8925208802125129,2,historical_v8_schema
795,2,0.022478167969884704,0.266699907938237,0.7108219240918783,2,historical_v8_schema
796,2,0.015940521931326928,0.08219201169363985,0.9018674663750331,2,historical_v8_schema
797,2,0.016526076425421213,0.054865981270890166,0.9286079423036887,2,historical_v8_schema
800,2,0.016736484045380636,0.11808040678531742,0.8651831091693019,2,historical_v8_schema
801,2,0.017016807749022086,0.13605459230946415,0.8469285999415138,2,historical_v8_schema
802,2,0.019787586620571836,0.11713465093719477,0.8630777624422334,2,historical_v8_schema
803,2,0.046276565603520836,0.2769160346344405,0.6768073997620385,2,historical_v8_schema
804,2,0.021199486150003055,0.13066383908152132,0.8481366747684755,2,historical_v8_schema
806,2,0.16150610386182185,0.14271430352590533,0.6957795926122727,2,historical_v8_schema
807,2,0.055856929144889836,0.3041779202417685,0.6399651506133417,2,historical_v8_schema
808,2,0.01996650862492692,0.1800908303838815,0.7999426609911915,2,historical_v8_schema
810,2,0.018981985935524213,0.24146471036815054,0.7395533036963252,2,historical_v8_schema
811,2,0.029714308860119634,0.33571634168841413,0.6345693494514663,2,historical_v8_schema
812,2,0.011065770185341637,0.2129827264037374,0.7759515034109208,2,historical_v8_schema
813,2,0.07309648018901592,0.11593646080617162,0.8109670590048123,2,historical_v8_schema
814,2,0.018403199783930325,0.2908670707460234,0.6907297294700462,2,historical_v8_schema
815,2,0.042281774843318916,0.5682578460383808,0.38946037911830034,1,historical_v8_schema
816,2,0.02256940609494941,0.053172971804714766,0.9242576221003357,2,historical_v8_schema
817,2,0.017534076946329875,0.1025014476362707,0.8799644754173994,2,historical_v8_schema
818,2,0.015608131457074438,0.06727346568742307,0.9171184028555025,2,historical_v8_schema
821,2,0.02043286571273173,0.21842336251887084,0.7611437717683973,2,historical_v8_schema
823,2,0.02574430431363694,0.3053949255127576,0.6688607701736055,2,historical_v8_schema
824,2,0.01415674965045299,0.0510230534244751,0.9348201969250719,2,historical_v8_schema
825,2,0.08613589497073179,0.09302271685590205,0.820841388173366,2,historical_v8_schema
826,2,0.014921675951696352,0.09484169036700338,0.8902366336813003,2,historical_v8_schema
828,2,0.04314754601147318,0.2794567597020802,0.6773956942864464,2,historical_v8_schema
829,2,0.015257119140271313,0.1383287129318859,0.8464141679278427,2,historical_v8_schema
830,2,0.053994804668872604,0.08164707781301205,0.8643581175181154,2,historical_v8_schema
831,2,0.018232597058047535,0.14951255059561847,0.8322548523463339,2,historical_v8_schema
832,2,0.015039356020398405,0.0908198881901581,0.8941407557894434,2,historical_v8_schema
834,2,0.016494473064890495,0.11206289386808954,0.8714426330670199,2,historical_v8_schema
835,2,0.03686980946280863,0.5810476376747008,0.3820825528624906,1,historical_v8_schema
836,2,0.04141518595751004,0.45154415083895205,0.5070406632035378,2,historical_v8_schema
837,2,0.0277340746502705,0.2564901377405491,0.7157757876091806,2,historical_v8_schema
839,2,0.05426152610804334,0.5295648129829367,0.41617366090901997,1,historical_v8_schema
840,2,0.023029070403192343,0.2460148810953487,0.7309560485014589,2,historical_v8_schema
841,2,0.039395579860116825,0.5036703500145587,0.4569340701253244,1,historical_v8_schema
842,2,0.018372150678128578,0.12145317274404889,0.8601746765778224,2,historical_v8_schema
843,2,0.011936773118676287,0.2658338258989918,0.722229400982332,2,historical_v8_schema
844,2,0.015647865438087858,0.06745091817985541,0.9169012163820567,2,historical_v8_schema
845,2,0.01925787272909311,0.13904501466837155,0.8416971126025352,2,historical_v8_schema
847,2,0.02479105560217837,0.2038673709425347,0.7713415734552869,2,historical_v8_schema
848,2,0.03717780389085081,0.19588987293897048,0.7669323231701786,2,historical_v8_schema
849,2,0.015562326700845364,0.09203478819375863,0.892402885105396,2,historical_v8_schema
850,2,0.013654761718506995,0.150550557640916,0.835794680640577,2,historical_v8_schema
851,2,0.031771551514935395,0.3461511535734144,0.6220772949116502,2,historical_v8_schema
853,2,0.017641174327040956,0.07350791702794136,0.9088509086450176,2,historical_v8_schema
854,2,0.018283193873302316,0.47556847830929594,0.5061483278174017,2,historical_v8_schema
855,2,0.014530939875315651,0.3027477030791752,0.682721357045509,2,historical_v8_schema
857,2,0.019156125860387802,0.1790893248101854,0.8017545493294267,2,historical_v8_schema
858,2,0.018135844232292316,0.14642700446969106,0.8354371512980165,2,historical_v8_schema
859,2,0.011133629826839646,0.2084271542991913,0.7804392158739689,2,historical_v8_schema
860,2,0.014851264680313088,0.3288925341182859,0.6562562012014008,2,historical_v8_schema
862,2,0.015307204739677473,0.09529116144168245,0.88940163381864,2,historical_v8_schema
863,2,0.025205931254995755,0.037535093047810594,0.9372589756971935,2,historical_v8_schema
864,2,0.03102617304707321,0.15803170568187325,0.8109421212710535,2,historical_v8_schema
865,2,0.04453338777572297,0.06049795154473222,0.8949686606795448,2,historical_v8_schema
867,2,0.12748448226358827,0.30796316485843617,0.5645523528779754,2,historical_v8_schema
869,2,0.016609123703745815,0.30958047291425594,0.6738104033819982,2,historical_v8_schema
870,2,0.029675341408070786,0.352946321981144,0.6173783366107851,2,historical_v8_schema
871,2,0.020183503382880184,0.174713545449512,0.8051029511676078,2,historical_v8_schema
872,2,0.01691451163351302,0.25277029287762187,0.730315195488865,2,historical_v8_schema
873,2,0.02680655167058594,0.36986719930906053,0.6033262490203535,2,historical_v8_schema
874,2,0.029914386451400356,0.06279103793428824,0.9072945756143113,2,historical_v8_schema
875,2,0.05886073941640639,0.5278046409962801,0.41333461958731355,1,historical_v8_schema
876,2,0.02857762144981857,0.3579497348540657,0.6134726436961158,2,historical_v8_schema
878,2,0.015839244398905397,0.06983729315835097,0.9143234624427437,2,historical_v8_schema
879,2,0.08541147959504392,0.21425718910533542,0.7003313312996207,2,historical_v8_schema
880,2,0.011707941207607833,0.16586046558896556,0.8224315932034265,2,historical_v8_schema
881,2,0.021764896826219435,0.43214827155983965,0.5460868316139409,2,historical_v8_schema
882,2,0.022015903832589286,0.463363955820829,0.5146201403465818,2,historical_v8_schema
883,2,0.02099132855783927,0.20590156336892265,0.7731071080732381,2,historical_v8_schema
884,2,0.011122091744146459,0.10909394973732163,0.879783958518532,2,historical_v8_schema
885,2,0.06731266340676911,0.06369242610298448,0.8689949104902464,2,historical_v8_schema
887,2,0.030325165136418062,0.5220100246746735,0.44766481018890847,1,historical_v8_schema
888,2,0.03476297386997747,0.19579863591020674,0.7694383902198159,2,historical_v8_schema
889,2,0.031845747179702885,0.17220442568228833,0.7959498271380087,2,historical_v8_schema
890,2,0.018924679051708953,0.16884293997575422,0.8122323809725367,2,historical_v8_schema
891,2,0.021446214101595418,0.13331477497293226,0.8452390109254723,2,historical_v8_schema
892,2,0.08411782071291315,0.2004450333423298,0.7154371459447569,2,historical_v8_schema
893,2,0.06342745223178325,0.07027643274317028,0.8662961150250466,2,historical_v8_schema
895,2,0.02621965095810896,0.09027959460588664,0.8835007544360044,2,historical_v8_schema
898,2,0.05693937053324205,0.3388680135457439,0.6041926159210139,2,historical_v8_schema
899,2,0.02179122940779493,0.17399201497929356,0.8042167556129114,2,historical_v8_schema
901,2,0.01452993733008071,0.09883718282958967,0.8866328798403296,2,historical_v8_schema
902,2,0.018089161096745358,0.17311912481760872,0.8087917140856459,2,historical_v8_schema
903,2,0.08619500987359752,0.11957703011968457,0.7942279600067179,2,historical_v8_schema
904,2,0.012353840679882397,0.09687545308791722,0.8907707062322003,2,historical_v8_schema
905,2,0.01389486234718135,0.13187885594587556,0.854226281706943,2,historical_v8_schema
906,2,0.009937885279706318,0.14160220724905082,0.8484599074712429,2,historical_v8_schema
910,2,0.017093573160098175,0.0714869765092129,0.9114194503306888,2,historical_v8_schema
911,2,0.04236376660331244,0.4669327448601117,0.49070348853657575,2,historical_v8_schema
913,2,0.013875519292125467,0.266180516367013,0.7199439643408614,2,historical_v8_schema
914,2,0.02813646806038677,0.3686431123501124,0.6032204195895009,2,historical_v8_schema
915,2,0.03096597992916736,0.5831760253289463,0.3858579947418863,1,historical_v8_schema
916,2,0.02522920311509863,0.2991705383958946,0.6756002584890067,2,historical_v8_schema
918,2,0.015848720793170734,0.24114609249377922,0.74300518671305,2,historical_v8_schema
919,2,0.013863303187945052,0.10133030727692943,0.8848063895351255,2,historical_v8_schema
920,2,0.08526411864120875,0.5710926406834219,0.34364324067536933,1,historical_v8_schema
921,2,0.021456174207987344,0.3093947824819011,0.6691490433101116,2,historical_v8_schema
922,2,0.01895800377398022,0.1580996821165308,0.8229423141094889,2,historical_v8_schema
923,2,0.03329541602530528,0.15446072113919745,0.8122438628354972,2,historical_v8_schema
924,2,0.020826501777812676,0.25359580858847974,0.7255776896337074,2,historical_v8_schema
925,2,0.05457019681291037,0.2466575079946281,0.6987722951924615,2,historical_v8_schema
926,2,0.017383453161097934,0.07336866622699895,0.9092478806119031,2,historical_v8_schema
927,2,0.036160881350451625,0.37649445208128957,0.5873446665682588,2,historical_v8_schema
928,2,0.018661030438305963,0.12815853964063542,0.8531804299210585,2,historical_v8_schema
930,2,0.03207397579834501,0.48148549688943293,0.4864405273122221,2,historical_v8_schema
932,2,0.02177635932257021,0.1477467063650636,0.8304769343123661,2,historical_v8_schema
933,2,0.010386021967610334,0.09990628658890081,0.8897076914434888,2,historical_v8_schema
934,2,0.01913534105745329,0.18617747526687053,0.7946871836756761,2,historical_v8_schema
937,2,0.06483179731354322,0.45880052062067195,0.47636768206578484,2,historical_v8_schema
938,2,0.02601033299958707,0.11464217297345893,0.8593474940269541,2,historical_v8_schema
939,2,0.043683515283933994,0.35449436452193644,0.6018221201941295,2,historical_v8_schema
940,2,0.030573294555963613,0.23902371309032092,0.7304029923537154,2,historical_v8_schema
941,2,0.02768180252722169,0.31611864312385396,0.6561995543489243,2,historical_v8_schema
942,2,0.009839280133130476,0.16648565250925318,0.8236750673576162,2,historical_v8_schema
943,2,0.020068137095720147,0.4144852370299886,0.5654466258742913,2,historical_v8_schema
944,2,0.03023430886716995,0.43745499086239964,0.5323107002704304,2,historical_v8_schema
945,2,0.033606070930194784,0.23914891529148294,0.7272450137783221,2,historical_v8_schema
946,2,0.015919788590538657,0.17237383926509647,0.8117063721443648,2,historical_v8_schema
947,2,0.02227856808292783,0.1129922677484133,0.8647291641686587,2,historical_v8_schema
948,2,0.05278112091246412,0.5488223344484882,0.39839654463904767,1,historical_v8_schema
949,2,0.019769535475225954,0.3477322749454205,0.6324981895793536,2,historical_v8_schema
950,2,0.017270192913801784,0.06811480978464698,0.9146149973015512,2,historical_v8_schema
952,2,0.0217400642960908,0.1498052556752122,0.8284546800286969,2,historical_v8_schema
953,2,0.017454628644315944,0.2290484493007316,0.7534969220549523,2,historical_v8_schema
954,2,0.017094343315549647,0.07712151155981029,0.90578414512464,2,historical_v8_schema
955,2,0.018980187508019896,0.2179429702827142,0.7630768422092657,2,historical_v8_schema
956,2,0.09002894756790214,0.17236780704922788,0.7376032453828699,2,historical_v8_schema
957,2,0.053027733730187654,0.06268191178649285,0.8842903544833194,2,historical_v8_schema
959,2,0.09679508208397719,0.2759026774113015,0.6273022405047213,2,historical_v8_schema
960,2,0.01622739643196813,0.2792549744105458,0.704517629157486,2,historical_v8_schema
961,2,0.014792594613454925,0.05310216444112628,0.9321052409454187,2,historical_v8_schema
962,2,0.0367327719164999,0.12531361080614586,0.8379536172773542,2,historical_v8_schema
963,2,0.01735413118044347,0.19420479266745183,0.7884410761521046,2,historical_v8_schema
964,2,0.012403365531161123,0.182052264620705,0.8055443698481338,2,historical_v8_schema
965,2,0.013007571470824006,0.32202294689123134,0.6649694816379446,2,historical_v8_schema
966,2,0.013589202386267242,0.08331385645420981,0.9030969411595228,2,historical_v8_schema
967,2,0.02716987343586952,0.09641240335289954,0.8764177232112309,2,historical_v8_schema
969,2,0.04675357060434693,0.5180919581958837,0.43515447119976924,1,historical_v8_schema
970,2,0.02480466707419414,0.3139219550633091,0.6612733778624967,2,historical_v8_schema
971,2,0.04283882378671228,0.7365742936755714,0.2205868825377163,1,historical_v8_schema
972,2,0.05886051990555716,0.36177553357871467,0.5793639465157281,2,historical_v8_schema
973,2,0.017573514617810173,0.37142602278901704,0.6110004625931726,2,historical_v8_schema
974,2,0.04542434824189119,0.4536710065566633,0.5009046452014454,2,historical_v8_schema
976,2,0.013797643184569908,0.06062200553908301,0.9255803512763472,2,historical_v8_schema
977,2,0.014983123059290896,0.39349375965661426,0.5915231172840949,2,historical_v8_schema
978,2,0.013173107130415375,0.18098123577773395,0.8058456570918506,2,historical_v8_schema
979,2,0.053031206122597034,0.20839357393463792,0.7385752199427651,2,historical_v8_schema
980,2,0.04766967161584679,0.4910472821210151,0.46128304626313804,1,historical_v8_schema
981,2,0.017136586685189182,0.10017826669139972,0.882685146623411,2,historical_v8_schema
982,2,0.014959770009167603,0.07348986541454777,0.9115503645762846,2,historical_v8_schema
983,2,0.016861499241789913,0.07993809188638573,0.9032004088718244,2,historical_v8_schema
984,2,0.01948427521771239,0.21666952855953753,0.76384619622275,2,historical_v8_schema
985,2,0.027788711605122154,0.12192461401759312,0.8502866743772847,2,historical_v8_schema
986,2,0.01812415539897096,0.1638207861030832,0.8180550584979458,2,historical_v8_schema
987,2,0.021677131564339855,0.11892416122328878,0.8593987072123713,2,historical_v8_schema
988,2,0.018981281456165032,0.3830765583950776,0.5979421601487573,2,historical_v8_schema
989,2,0.02471938605196518,0.09364432049551458,0.8816362934525201,2,historical_v8_schema
990,2,0.022463708497581242,0.3150517281331156,0.6624845633693031,2,historical_v8_schema
992,2,0.035691370760686736,0.24827886886448838,0.7160297603748248,2,historical_v8_schema
995,2,0.028842054660715016,0.12377457673238448,0.8473833686069006,2,historical_v8_schema
998,2,0.018229717663018674,0.05522189840155525,0.926548383935426,2,historical_v8_schema
999,2,0.03053301048106808,0.13625697094346537,0.8332100185754665,2,historical_v8_schema
MOFs_0,0,0.6727225240581728,0.24295795267006517,0.08431952327176206,0,historical_v8_schema
MOFs_1,0,0.705908032741757,0.20959146313505186,0.08450050412319104,0,historical_v8_schema
MOFs_2,0,0.7242630730161121,0.21596289078891945,0.05977403619496844,0,historical_v8_schema
MOFs_6,0,0.7806329313745051,0.12219635704372477,0.09717071158177014,0,historical_v8_schema
MOFs_8,0,0.7401184102519602,0.16870597143248328,0.09117561831555648,0,historical_v8_schema
MOFs_9,0,0.7429159902812378,0.17073740491826575,0.08634660480049648,0,historical_v8_schema
MOFs_10,0,0.8011462440249694,0.15348231164649867,0.045371444328531914,0,historical_v8_schema
MOFs_11,0,0.7459135509978255,0.20118397249670156,0.05290247650547292,0,historical_v8_schema
MOFs_12,0,0.7601056980617262,0.19360463600866962,0.04628966592960415,0,historical_v8_schema
MOFs_13,0,0.7946356009108967,0.15245791619197901,0.052906482897124386,0,historical_v8_schema
MOFs_14,0,0.7964359280931436,0.1575659604537259,0.04599811145313051,0,historical_v8_schema
MOFs_15,0,0.6579237537857875,0.2671162717054681,0.07495997450874445,0,historical_v8_schema
MOFs_16,0,0.7763827594510162,0.17639397129041162,0.04722326925857214,0,historical_v8_schema
MOFs_17,0,0.7974637103967215,0.15448829522418656,0.0480479943790919,0,historical_v8_schema
MOFs_18,0,0.7235025437019884,0.19358330460818,0.08291415168983146,0,historical_v8_schema
MOFs_19,0,0.7106308990009361,0.22540189986760795,0.06396720113145593,0,historical_v8_schema
MOFs_20,0,0.7177069317553805,0.22086222594278349,0.06143084230183584,0,historical_v8_schema
MOFs_21,0,0.6274948428601893,0.2797182645374582,0.09278689260235248,0,historical_v8_schema
MOFs_23,0,0.7490538287885928,0.16543174198869878,0.08551442922270838,0,historical_v8_schema
MOFs_24,0,0.7375440122804933,0.1559658253383568,0.10649016238115,0,historical_v8_schema
MOFs_25,0,0.7349642998889259,0.2087460011293508,0.05628969898172332,0,historical_v8_schema
MOFs_26,0,0.719116871003133,0.21879709030463684,0.062086038692230144,0,historical_v8_schema
MOFs_27,0,0.7655883846871913,0.17151175555853532,0.06289985975427347,0,historical_v8_schema
MOFs_28,0,0.7621905357698845,0.18759008604170693,0.05021937818840849,0,historical_v8_schema
MOFs_29,0,0.7479265296626189,0.19191587809675897,0.06015759224062212,0,historical_v8_schema
MOFs_30,0,0.7318714294532944,0.20195104182565832,0.06617752872104729,0,historical_v8_schema
MOFs_31,0,0.7828017628185833,0.1660783404559657,0.05111989672545096,0,historical_v8_schema
MOFs_32,0,0.7778703415043519,0.17131010837804161,0.050819550117606305,0,historical_v8_schema
MOFs_35,0,0.6522125197595674,0.2953736580870383,0.05241382215339436,0,historical_v8_schema
MOFs_36,0,0.5293362728984499,0.39995587106179037,0.07070785603975976,0,historical_v8_schema
MOFs_37,0,0.6669596515569569,0.2808696758773875,0.05217067256565556,0,historical_v8_schema
MOFs_38,0,0.6248969665692087,0.31952635982009575,0.055576673610695515,0,historical_v8_schema
MOFs_40,0,0.8182167439246898,0.08591003276216064,0.09587322331314964,0,historical_v8_schema
MOFs_41,0,0.7851429902414416,0.12436128403078944,0.09049572572776879,0,historical_v8_schema
MOFs_42,0,0.8107491744690207,0.12229824848754897,0.06695257704343019,0,historical_v8_schema
MOFs_43,0,0.8159477512795376,0.08570080751749806,0.09835144120296438,0,historical_v8_schema
MOFs_44,0,0.8351762586017414,0.0762427695849193,0.08858097181333924,0,historical_v8_schema
MOFs_45,0,0.7773484826302646,0.12426131100683771,0.09839020636289772,0,historical_v8_schema
MOFs_46,0,0.7329533568624449,0.07937130910422441,0.18767533403333064,0,historical_v8_schema
MOFs_47,2,0.7530695405561605,0.10205584093401482,0.14487461850982475,0,historical_v8_schema
MOFs_50,0,0.7995140869558657,0.12311942668081541,0.07736648636331889,0,historical_v8_schema
MOFs_51,0,0.7863124201365761,0.09607979818631046,0.11760778167711329,0,historical_v8_schema
MOFs_52,0,0.7592052537585008,0.11813885683141034,0.12265588941008876,0,historical_v8_schema
MOFs_53,0,0.7710712452809434,0.14503204399893863,0.08389671072011812,0,historical_v8_schema
MOFs_54,0,0.7905072052808486,0.14047235202535552,0.06902044269379577,0,historical_v8_schema
MOFs_55,0,0.841491939836073,0.10352597568726472,0.054982084476662446,0,historical_v8_schema
MOFs_56,0,0.808107869663863,0.11808110070047395,0.07381102963566308,0,historical_v8_schema
MOFs_57,0,0.818369532809282,0.12339204869601322,0.05823841849470475,0,historical_v8_schema
MOFs_58,0,0.8437420517789735,0.0833903868799652,0.07286756134106118,0,historical_v8_schema
MOFs_59,0,0.7251455113237286,0.18363029514408327,0.09122419353218814,0,historical_v8_schema
MOFs_60,0,0.808920899295654,0.12459245125930213,0.06648664944504379,0,historical_v8_schema
MOFs_61,0,0.7523509447395678,0.16925170471043186,0.07839735055000033,0,historical_v8_schema
MOFs_63,0,0.8363863703491341,0.0803392814205359,0.08327434823032982,0,historical_v8_schema
MOFs_64,0,0.8313884878984764,0.10411648277904392,0.06449502932247968,0,historical_v8_schema
MOFs_65,0,0.7764799297210547,0.14601805003981733,0.07750202023912779,0,historical_v8_schema
MOFs_72,0,0.5948357019603161,0.20274735609384156,0.2024169419458423,0,historical_v8_schema
MOFs_73,0,0.6056889723896195,0.2283150455313613,0.1659959820790191,0,historical_v8_schema
MOFs_74,0,0.7550580832618553,0.1507853938132855,0.09415652292485921,0,historical_v8_schema
MOFs_75,0,0.76702466465592,0.1440761849145471,0.08889915042953275,0,historical_v8_schema
MOFs_76,0,0.7942484892827633,0.12059247151753077,0.08515903919970601,0,historical_v8_schema
MOFs_77,0,0.7851505621332804,0.09923219077976803,0.1156172470869514,0,historical_v8_schema
MOFs_78,0,0.7771325844708588,0.08915862398218714,0.13370879154695395,0,historical_v8_schema
MOFs_79,0,0.6071467071364198,0.055318027462969876,0.33753526540061024,0,historical_v8_schema
MOFs_80,0,0.8098265544439383,0.09559202676019926,0.0945814187958624,0,historical_v8_schema
MOFs_81,0,0.7560447631640873,0.11096330355694155,0.1329919332789712,0,historical_v8_schema
MOFs_82,0,0.8188535308043609,0.06334336398136287,0.11780310521427605,0,historical_v8_schema
MOFs_83,0,0.7497028535031577,0.11278765155920703,0.13750949493763542,0,historical_v8_schema
MOFs_84,0,0.802388349400476,0.07643342868166854,0.12117822191785532,0,historical_v8_schema
MOFs_85,0,0.7289598588290414,0.10200740003022075,0.1690327411407378,0,historical_v8_schema
MOFs_86,0,0.7212841755072585,0.09674050835240082,0.1819753161403406,0,historical_v8_schema
MOFs_87,0,0.7556296430321766,0.09135706914727192,0.1530132878205513,0,historical_v8_schema
MOFs_88,0,0.7884591435147725,0.0683787217678011,0.1431621347174262,0,historical_v8_schema
MOFs_89,0,0.7788134059546272,0.05798842220921713,0.16319817183615565,0,historical_v8_schema
MOFs_90,0,0.7309176074600693,0.11206901593094454,0.15701337660898615,0,historical_v8_schema
MOFs_91,0,0.7551351227390211,0.1373017958743863,0.10756308138659249,0,historical_v8_schema
MOFs_92,0,0.39079331595849554,0.07001195719361708,0.5391947268478874,2,historical_v8_schema
MOFs_93,2,0.5608716626847973,0.16672660357399433,0.27240173374120835,0,historical_v8_schema
MOFs_94,0,0.5347878556480884,0.24242661880835387,0.22278552554355768,0,historical_v8_schema
MOFs_95,0,0.6389317740926741,0.17894378676540357,0.18212443914192233,0,historical_v8_schema
MOFs_96,0,0.4894484225645987,0.10117039860225846,0.40938117883314284,0,historical_v8_schema
MOFs_97,0,0.5591193607085913,0.11573635737752308,0.3251442819138856,0,historical_v8_schema
MOFs_98,1,0.6563220482548717,0.18952223762291,0.15415571412221815,0,historical_v8_schema
MOFs_99,0,0.7716117390122913,0.07349386945592974,0.15489439153177895,0,historical_v8_schema
MOFs_101,0,0.7313300849682332,0.10389868020630466,0.16477123482546213,0,historical_v8_schema
MOFs_103,0,0.7674129662081166,0.0934522646072141,0.13913476918466924,0,historical_v8_schema
MOFs_104,0,0.7785561086668475,0.09808881924833845,0.123355072084814,0,historical_v8_schema
MOFs_105,0,0.814372232292614,0.1110574504739934,0.0745703172333924,0,historical_v8_schema
MOFs_106,2,0.8156541887020906,0.07395856268059915,0.11038724861731022,0,historical_v8_schema
MOFs_107,0,0.838357812124927,0.1043659019278263,0.057276285947246486,0,historical_v8_schema
MOFs_108,2,0.7712145423956489,0.11273423399838509,0.11605122360596598,0,historical_v8_schema
MOFs_109,2,0.7798827289743124,0.13716445279226247,0.08295281823342501,0,historical_v8_schema
MOFs_110,2,0.7486795100192378,0.17323845404497235,0.0780820359357898,0,historical_v8_schema
MOFs_111,0,0.8387527468286582,0.08951601266064352,0.07173124051069812,0,historical_v8_schema
MOFs_112,0,0.8550946409145368,0.0783619073136336,0.0665434517718295,0,historical_v8_schema
MOFs_132,1,0.7904512307075027,0.12794388829372239,0.08160488099877503,0,historical_v8_schema
MOFs_133,0,0.7448862788201057,0.16545084509478594,0.0896628760851083,0,historical_v8_schema
MOFs_134,0,0.8431354138831619,0.08348154375291877,0.07338304236391922,0,historical_v8_schema
MOFs_135,2,0.8820286858125123,0.05099171384477687,0.06697960034271076,0,historical_v8_schema
MOFs_136,0,0.8866664210909425,0.053733044902623275,0.05960053400643424,0,historical_v8_schema
MOFs_137,1,0.8488737427078284,0.07232839290702717,0.07879786438514441,0,historical_v8_schema
MOFs_138,0,0.8492163600441553,0.06630485752533898,0.08447878243050574,0,historical_v8_schema
MOFs_139,2,0.7866766099109312,0.11470241846294357,0.09862097162612526,0,historical_v8_schema
MOFs_140,1,0.6988209430164665,0.13179293464656333,0.16938612233697026,0,historical_v8_schema
MOFs_141,2,0.8922297812615196,0.05728327148988521,0.05048694724859499,0,historical_v8_schema
MOFs_142,2,0.8989110618747771,0.05184645096413068,0.049242487161092155,0,historical_v8_schema
MOFs_143,0,0.8662357296037726,0.0758024668857505,0.05796180351047672,0,historical_v8_schema
MOFs_144,1,0.8878708382066687,0.05860553140612008,0.05352363038721118,0,historical_v8_schema
MOFs_145,0,0.8878961164563266,0.05525198743645121,0.0568518961072222,0,historical_v8_schema
MOFs_146,2,0.7980742067077743,0.10371032394871386,0.09821546934351189,0,historical_v8_schema
MOFs_148,2,0.8346898006853564,0.08804684915014,0.07726335016450356,0,historical_v8_schema
MOFs_149,0,0.8361404447756957,0.08075141075976382,0.08310814446454044,0,historical_v8_schema
MOFs_150,1,0.8453869059344553,0.06751394647902495,0.08709914758651974,0,historical_v8_schema
MOFs_151,0,0.8378214346266453,0.07404721203003661,0.08813135334331809,0,historical_v8_schema
MOFs_152,2,0.7118489391100773,0.11585119849886127,0.1722998623910613,0,historical_v8_schema
MOFs_153,2,0.7135096746377644,0.1362255956512214,0.15026472971101412,0,historical_v8_schema
MOFs_154,0,0.8533426798109162,0.10012600999859844,0.04653131019048535,0,historical_v8_schema
MOFs_155,0,0.8372860604441223,0.11761271354404845,0.0451012260118291,0,historical_v8_schema
MOFs_156,0,0.7812825185880429,0.17349135917197472,0.04522612223998234,0,historical_v8_schema
MOFs_157,0,0.7967860166190399,0.15901449406409413,0.04419948931686592,0,historical_v8_schema
MOFs_158,0,0.7909524071502271,0.16570311722855785,0.043344475621215045,0,historical_v8_schema
MOFs_160,0,0.7743005826667718,0.19076525380839965,0.034934163524828504,0,historical_v8_schema
MOFs_163,0,0.6597536276126118,0.13328691376084145,0.20695945862654674,0,historical_v8_schema
MOFs_164,0,0.8176868217717549,0.12023258603284825,0.062080592195396876,0,historical_v8_schema
MOFs_165,0,0.7810530942296994,0.16373659334383892,0.05521031242646174,0,historical_v8_schema
MOFs_166,2,0.7703918738752316,0.13665374167039354,0.0929543844543748,0,historical_v8_schema
MOFs_167,0,0.6341693988060068,0.09161751695378588,0.2742130842402073,0,historical_v8_schema
MOFs_168,0,0.8233923369858922,0.13203182174521128,0.04457584126889646,0,historical_v8_schema
MOFs_169,0,0.8361853593179472,0.11011995204077993,0.05369468864127282,0,historical_v8_schema
MOFs_170,0,0.723999941023205,0.10464671558848923,0.17135334338830568,0,historical_v8_schema
MOFs_171,0,0.7352106523770435,0.10973255874097809,0.15505678888197827,0,historical_v8_schema
MOFs_172,0,0.3711678546200912,0.2312307378204354,0.39760140755947326,2,historical_v8_schema
MOFs_173,0,0.6446416861661597,0.19439584311036923,0.16096247072347108,0,historical_v8_schema
MOFs_174,0,0.5650406309819154,0.20910278398503773,0.22585658503304668,0,historical_v8_schema
MOFs_175,0,0.6836671938838539,0.16124203761643865,0.15509076849970743,0,historical_v8_schema
MOFs_176,0,0.563259425761092,0.17230063576256632,0.2644399384763415,0,historical_v8_schema
MOFs_177,0,0.4864709626603071,0.3522116919025796,0.1613173454371133,0,historical_v8_schema
MOFs_178,0,0.6583185428251113,0.15730583134828877,0.18437562582659972,0,historical_v8_schema
MOFs_179,0,0.7059788953505632,0.12973101694630862,0.16429008770312808,0,historical_v8_schema
MOFs_180,0,0.7508570925119891,0.1413315390328117,0.1078113684551991,0,historical_v8_schema
MOFs_181,0,0.7513517754302466,0.1334722941357217,0.11517593043403168,0,historical_v8_schema
MOFs_182,0,0.5983012654484161,0.13399301809255568,0.2677057164590281,0,historical_v8_schema
MOFs_183,0,0.7415311498794815,0.10684083346300098,0.1516280166575174,0,historical_v8_schema
MOFs_184,0,0.5642562265709414,0.08189293410755712,0.35385083932150135,0,historical_v8_schema
MOFs_185,0,0.7042886260999339,0.19006852702361943,0.10564284687644666,0,historical_v8_schema
MOFs_186,0,0.6207429687906143,0.2241876118572913,0.15506941935209437,0,historical_v8_schema
MOFs_187,0,0.40225995200385706,0.12179506962576248,0.4759449783703804,2,historical_v8_schema
MOFs_188,2,0.2963165404083006,0.0978031807812602,0.6058802788104392,2,historical_v8_schema
MOFs_189,0,0.54217635751438,0.2846255228164468,0.17319811966917326,0,historical_v8_schema
MOFs_190,2,0.5885059918705507,0.2515865475534141,0.15990746057603522,0,historical_v8_schema
MOFs_191,2,0.5411434305013247,0.29207106294939966,0.16678550654927551,0,historical_v8_schema
MOFs_192,2,0.3554682763542439,0.37952334822624656,0.2650083754195096,1,historical_v8_schema
MOFs_193,2,0.551998008697179,0.2297801099795838,0.21822188132323722,0,historical_v8_schema
MOFs_194,0,0.5896831540928988,0.2893095707017446,0.12100727520535645,0,historical_v8_schema
MOFs_195,2,0.6421379169916546,0.23511130162494176,0.12275078138340362,0,historical_v8_schema
MOFs_196,0,0.6880313496905263,0.1479932886006864,0.16397536170878718,0,historical_v8_schema
MOFs_197,0,0.6862988493537742,0.15544730623874814,0.15825384440747764,0,historical_v8_schema
MOFs_203,0,0.598197676401113,0.25563682491989503,0.14616549867899195,0,historical_v8_schema
MOFs_204,0,0.5146933242473483,0.2631904835560955,0.22211619219655615,0,historical_v8_schema
MOFs_205,0,0.2798310637925818,0.11986381389550496,0.6003051223119131,2,historical_v8_schema
MOFs_206,2,0.24356017682640307,0.10597183026263021,0.6504679929109668,2,historical_v8_schema
MOFs_207,2,0.6014325476078547,0.2736676077339246,0.1248998446582207,0,historical_v8_schema
MOFs_209,0,0.6590791101225988,0.21207237130603096,0.12884851857137014,0,historical_v8_schema
MOFs_211,0,0.5845347520909158,0.24324083881447306,0.17222440909461106,0,historical_v8_schema
MOFs_212,0,0.6217591957755482,0.2224354196971729,0.15580538452727893,0,historical_v8_schema
MOFs_214,0,0.33322439283798655,0.1314494787526982,0.5353261284093151,2,historical_v8_schema
MOFs_217,0,0.7193399081111638,0.18431397247028966,0.09634611941854661,0,historical_v8_schema
MOFs_218,0,0.774239475697998,0.137036553266209,0.08872397103579302,0,historical_v8_schema
MOFs_219,0,0.7794807480043133,0.14521015644427177,0.07530909555141474,0,historical_v8_schema
MOFs_220,0,0.5304911353516575,0.22843621966837196,0.2410726449799704,0,historical_v8_schema
MOFs_221,0,0.7124874301232245,0.2004463371247665,0.087066232752009,0,historical_v8_schema
MOFs_222,0,0.6559791949133273,0.24679417313398908,0.09722663195268344,0,historical_v8_schema
MOFs_223,0,0.5403005042977357,0.22293733053380582,0.23676216516845838,0,historical_v8_schema
MOFs_224,0,0.6996349943754078,0.17379026049869992,0.1265747451258923,0,historical_v8_schema
MOFs_225,0,0.6318695304866555,0.20263952140359848,0.16549094810974607,0,historical_v8_schema
MOFs_226,0,0.7577098969980824,0.16041035796674996,0.08187974503516743,0,historical_v8_schema
MOFs_227,0,0.6890956679506807,0.22597339727206162,0.08493093477725777,0,historical_v8_schema
MOFs_228,0,0.588038383084908,0.13170053585414787,0.28026108106094405,0,historical_v8_schema
MOFs_229,0,0.6297596945394521,0.15366417097583387,0.2165761344847138,0,historical_v8_schema
MOFs_230,0,0.6081537118792765,0.12620891689831076,0.2656373712224127,0,historical_v8_schema
MOFs_231,0,0.7397581044994369,0.1696518082639168,0.09059008723664631,0,historical_v8_schema
MOFs_232,0,0.7288748226777534,0.15050001779818506,0.12062515952406144,0,historical_v8_schema
MOFs_233,0,0.6449689546075019,0.2585742692017664,0.09645677619073167,0,historical_v8_schema
MOFs_234,0,0.7929246295442706,0.16079500640937006,0.04628036404635927,0,historical_v8_schema
MOFs_235,0,0.8432603901079745,0.09737640145370365,0.05936320843832178,0,historical_v8_schema
MOFs_236,0,0.8351620531743476,0.10442569799232868,0.06041224883332376,0,historical_v8_schema
MOFs_237,0,0.8339211146297023,0.10890565605916291,0.05717322931113465,0,historical_v8_schema
MOFs_238,0,0.6502565779148589,0.1881014406125131,0.161641981472628,0,historical_v8_schema
MOFs_239,0,0.8077843170242409,0.12506206310622242,0.06715361986953663,0,historical_v8_schema
MOFs_240,0,0.7909051996065928,0.1416874355921619,0.06740736480124519,0,historical_v8_schema
MOFs_241,0,0.7554401854123249,0.1715401388911959,0.07301967569647898,0,historical_v8_schema
MOFs_242,0,0.7663945350735721,0.15117144846311042,0.08243401646331727,0,historical_v8_schema
MOFs_243,0,0.7160190109636186,0.16475710598696888,0.11922388304941248,0,historical_v8_schema
MOFs_244,0,0.712793160941994,0.18261764535719982,0.1045891937008061,0,historical_v8_schema
MOFs_245,0,0.7494359714981945,0.16781085582929617,0.08275317267250928,0,historical_v8_schema
MOFs_246,0,0.8204345824556507,0.12027634122257984,0.05928907632176935,0,historical_v8_schema
MOFs_247,0,0.7882820609326257,0.14363487417115842,0.06808306489621577,0,historical_v8_schema
MOFs_248,0,0.6828083514905019,0.1395614063609883,0.1776302421485098,0,historical_v8_schema
MOFs_249,0,0.7827542649147614,0.1415839995631511,0.07566173552208741,0,historical_v8_schema
MOFs_250,0,0.7789236326100971,0.15516408736166323,0.06591228002823964,0,historical_v8_schema
MOFs_251,0,0.745663481652276,0.16330376253493484,0.09103275581278916,0,historical_v8_schema
MOFs_252,0,0.5865052171763177,0.13803032297161433,0.27546445985206797,0,historical_v8_schema
MOFs_253,2,0.7825681135260665,0.13111316170704976,0.08631872476688375,0,historical_v8_schema
MOFs_254,2,0.6829738863024643,0.13980239662904173,0.177223717068494,0,historical_v8_schema
MOFs_255,2,0.6010905686015688,0.10610078921818289,0.29280864218024827,0,historical_v8_schema
MOFs_256,2,0.3324958679817592,0.0938175924902955,0.5736865395279452,2,historical_v8_schema
MOFs_257,1,0.6605571992923546,0.13008055755833495,0.20936224314931046,0,historical_v8_schema
MOFs_258,0,0.6189308987258443,0.09110099932576667,0.28996810194838896,0,historical_v8_schema
MOFs_259,2,0.6591322954195449,0.10083640396907378,0.24003130061138134,0,historical_v8_schema
MOFs_260,2,0.4099560890618517,0.09205763680077604,0.4979862741373722,2,historical_v8_schema
MOFs_261,0,0.7524557684612093,0.10650283932669997,0.1410413922120907,0,historical_v8_schema
MOFs_262,0,0.7594813417389472,0.08799439315057336,0.15252426511047928,0,historical_v8_schema
MOFs_265,0,0.7467962441145444,0.10774322789288102,0.14546052799257458,0,historical_v8_schema
MOFs_267,0,0.6590406554792969,0.18955248178138395,0.15140686273931908,0,historical_v8_schema
MOFs_268,2,0.5266951315647717,0.15109342712284196,0.3222114413123864,0,historical_v8_schema
MOFs_269,0,0.14854131409393018,0.0547791740687878,0.796679511837282,2,historical_v8_schema
MOFs_270,0,0.3877762302802176,0.11688295777509158,0.4953408119446907,2,historical_v8_schema
MOFs_271,0,0.21948292630987778,0.07466595754549978,0.7058511161446224,2,historical_v8_schema
MOFs_272,0,0.16843577056533943,0.05778753330890197,0.7737766961257586,2,historical_v8_schema
MOFs_273,0,0.1918483571203985,0.055802140545831685,0.7523495023337697,2,historical_v8_schema
MOFs_274,0,0.35688630575428204,0.11463758300318173,0.5284761112425362,2,historical_v8_schema
MOFs_275,0,0.1918616373751797,0.12845916344461933,0.6796791991802009,2,historical_v8_schema
MOFs_276,0,0.21260850017346994,0.13980631904330462,0.6475851807832254,2,historical_v8_schema
MOFs_277,0,0.15399569437957855,0.049830868653855116,0.7961734369665664,2,historical_v8_schema
MOFs_278,2,0.4940045103682523,0.18727357254244897,0.3187219170892986,0,historical_v8_schema
MOFs_279,0,0.6713832932820658,0.17774681762504987,0.1508698890928844,0,historical_v8_schema
MOFs_280,0,0.7142784558602808,0.16472905490017095,0.12099248923954817,0,historical_v8_schema
MOFs_295,0,0.7877537581575682,0.1794077803253467,0.03283846151708502,0,historical_v8_schema
MOFs_296,0,0.8039580984643615,0.16019615375475382,0.035845747780884556,0,historical_v8_schema
MOFs_298,0,0.6960594828640428,0.12153171379585943,0.18240880334009751,0,historical_v8_schema
MOFs_299,0,0.7378824296685254,0.10859848172516944,0.15351908860630534,0,historical_v8_schema
MOFs_300,0,0.7845282293926905,0.09686766478928052,0.11860410581802891,0,historical_v8_schema
MOFs_301,0,0.6824612837399445,0.16847306219113514,0.1490656540689202,0,historical_v8_schema
MOFs_302,2,0.6868829000894485,0.24559885859450076,0.06751824131605072,0,historical_v8_schema
MOFs_307,0,0.6926762121513446,0.1481843429940018,0.15913944485465373,0,historical_v8_schema
MOFs_308,0,0.6971287885091815,0.15661566298714183,0.14625554850367667,0,historical_v8_schema
MOFs_309,0,0.7313072876435429,0.14811545169506918,0.12057726066138791,0,historical_v8_schema
MOFs_310,0,0.6496400145865127,0.20145253967808546,0.1489074457354018,0,historical_v8_schema
MOFs_312,1,0.7935337652985586,0.16861202313419044,0.03785421156725095,0,historical_v8_schema
MOFs_326,0,0.5636110929371904,0.1133366543252845,0.32305225273752514,0,historical_v8_schema
CurcumineMOFs_327,1,0.6520865270919793,0.1414466386171621,0.20646683429085838,0,historical_v8_schema
CurcumineMOFs_329,0,0.6954697327721079,0.14301863937416714,0.16151162785372494,0,historical_v8_schema
CurcumineMOFs_334,0,0.6577270710761357,0.12404325570022963,0.2182296732236346,0,historical_v8_schema
CurcumineMOFs_335,0,0.4446590238769912,0.305244488820202,0.25009648730280676,0,historical_v8_schema
CurcumineMOFs_338,1,0.6766101772639604,0.15618895044283948,0.16720087229319996,0,historical_v8_schema
CurcumineMOFs_339,0,0.4912445065238833,0.2719174460031584,0.23683804747295828,0,historical_v8_schema
Organometallica_363,1,0.05350050668171569,0.7465640676413916,0.19993542567689282,1,historical_v8_schema
Organometallica_370,1,0.08557423412153753,0.7442924659177733,0.1701332999606891,1,historical_v8_schema
Organometallica_372,2,0.11870470858056129,0.7879209821126099,0.09337430930682883,1,historical_v8_schema
Organometallica_373,1,0.18145985168592793,0.647331139205997,0.1712090091080749,1,historical_v8_schema
Organometallica_380,1,0.1250682709495653,0.7311126183496349,0.14381911070079967,1,historical_v8_schema
Organometallica_381,0,0.08957100862748132,0.7558441499388084,0.15458484143371015,1,historical_v8_schema
Organometallica_382,1,0.22430645097775942,0.6319780742143186,0.14371547480792188,1,historical_v8_schema
Organometallica_384,1,0.1407364156270056,0.7127790107285291,0.14648457364446532,1,historical_v8_schema
Organometallica_385,1,0.2857741578005525,0.6513907588013419,0.06283508339810555,1,historical_v8_schema
Organometallica_387,1,0.12583186510167813,0.7707930747298524,0.10337506016846941,1,historical_v8_schema
Organometallica_389,1,0.1014260098195297,0.8162367836889245,0.08233720649154565,1,historical_v8_schema
Organometallica_390,1,0.04965799183532826,0.7864395733963778,0.1639024347682937,1,historical_v8_schema
Organometallica_391,1,0.210812148892047,0.725195367355255,0.06399248375269784,1,historical_v8_schema
Organometallica_392,1,0.09820713142310064,0.8073822149751195,0.09441065360177982,1,historical_v8_schema
Organometallica_393,1,0.19087889451091145,0.7052111199841656,0.10390998550492275,1,historical_v8_schema
Organometallica_394,2,0.09811552264142799,0.8064382916970154,0.09544618566155655,1,historical_v8_schema
Organometallica_396,1,0.09805093633042011,0.8073259768473093,0.09462308682227055,1,historical_v8_schema
Organometallica_398,1,0.19464291753810303,0.6686088910136456,0.13674819144825134,1,historical_v8_schema
Organometallica_399,2,0.4895203845433812,0.39919409350222285,0.11128552195439584,0,historical_v8_schema
Organometallica_400,0,0.5554244380695601,0.33312791535495717,0.11144764657548278,0,historical_v8_schema
Organometallica_401,0,0.5901199089181886,0.339015366706894,0.07086472437491745,0,historical_v8_schema
LitNeg_1,1,0.6359612852530312,0.06588199490203041,0.29815671984493847,0,historical_v8_schema
LitNeg_2,1,0.1180612307077569,0.11419523355937995,0.7677435357328631,2,historical_v8_schema
LitNeg_4,1,0.2586795236764044,0.19428017774118087,0.5470402985824148,2,historical_v8_schema
LitNeg_5,1,0.22449315197767547,0.057185758029294806,0.7183210899930297,2,historical_v8_schema
LitNeg_6,1,0.17766153359493703,0.06317971444694881,0.759158751958114,2,historical_v8_schema
LitNeg_9,1,0.42114732967130136,0.08521110201900359,0.49364156830969497,2,historical_v8_schema
LitNeg_11,1,0.08645329850015321,0.15746618651665548,0.7560805149831911,2,historical_v8_schema
LitNeg_12,1,0.47424924117580386,0.1266876292815192,0.39906312954267686,0,historical_v8_schema
LitNeg_13,0,0.3383699584972089,0.10739994227696402,0.554230099225827,2,historical_v8_schema
LitNeg_14,0,0.23570672547515104,0.13183877371760117,0.6324545008072477,2,historical_v8_schema
LitNeg2_1,1,0.4182192616261086,0.07134602337898376,0.5104347149949076,2,historical_v8_schema
LitNeg2_4,1,0.15346190835392143,0.46540337108103114,0.3811347205650474,1,historical_v8_schema
LitNeg2_5,1,0.4649026756623382,0.2463131488722362,0.28878417546542545,0,historical_v8_schema
LitNeg2_6,0,0.5161564467139931,0.12322818988679746,0.3606153633992093,0,historical_v8_schema
LitNeg2_7,1,0.317977509233897,0.4241204603253735,0.25790203044072935,1,historical_v8_schema
LitNeg2_8,0,0.28118548964033363,0.14563514913785303,0.5731793612218132,2,historical_v8_schema
LitNeg2_9,1,0.6058781893406172,0.06063634523919438,0.33348546542018837,0,historical_v8_schema
LitNeg2_10,1,0.48002258512941237,0.061704500228191156,0.4582729146423963,0,historical_v8_schema
LitNeg2_11,1,0.31536195626311203,0.0642233972787361,0.6204146464581519,2,historical_v8_schema
LitNeg2_12,1,0.122525625257865,0.11801702445341662,0.7594573502887183,2,historical_v8_schema
LitNeg2_13,1,0.33466631340038383,0.20444629555867463,0.46088739104094145,2,historical_v8_schema
1,1,0.08321148513867299,0.5136136360524748,0.4031748788088522,1,canonical_with_volume
3,1,0.03495019905562105,0.511971964252615,0.4530778366917637,1,canonical_with_volume
8,0,0.10592180475040311,0.40511925449027886,0.488958940759318,2,canonical_with_volume
9,1,0.022287273363398794,0.5438261458655602,0.433886580771041,1,canonical_with_volume
11,1,0.01353817707240063,0.6809089584864781,0.30555286444112123,1,canonical_with_volume
12,1,0.028846206054518965,0.6413319751352906,0.32982181881019035,1,canonical_with_volume
13,0,0.0171655736968242,0.4626959934303988,0.520138432872777,2,canonical_with_volume
29,1,0.06470282182164012,0.7161338669489625,0.21916331122939747,1,canonical_with_volume
30,1,0.051742945528698986,0.7218519022039669,0.2264051522673341,1,canonical_with_volume
31,0,0.04385503050529811,0.8279295778858936,0.12821539160880813,1,canonical_with_volume
32,0,0.03843457428799564,0.7818573453862352,0.17970808032576907,1,canonical_with_volume
33,1,0.046945269997677265,0.7268843186519891,0.22617041135033358,1,canonical_with_volume
34,1,0.01657747834541098,0.5970845026735432,0.3863380189810458,1,canonical_with_volume
35,1,0.030352067751786435,0.671884677008788,0.29776325523942554,1,canonical_with_volume
36,1,0.022428145026504035,0.634556465118499,0.3430153898549969,1,canonical_with_volume
37,1,0.030556920037439858,0.6968708736814747,0.27257220628108525,1,canonical_with_volume
38,1,0.03226057455084543,0.706413746888395,0.26132567856075956,1,canonical_with_volume
39,1,0.10960121697152223,0.7797504103123362,0.11064837271614156,1,canonical_with_volume
40,1,0.13405456047122433,0.7864859524795631,0.07945948704921263,1,canonical_with_volume
41,1,0.06659248447222015,0.8459913229050481,0.08741619262273173,1,canonical_with_volume
42,1,0.21786618326726245,0.7102235608909949,0.07191025584174274,1,canonical_with_volume
43,1,0.10689944891475289,0.7823878291807203,0.11071272190452691,1,canonical_with_volume
44,1,0.05677340470816087,0.8305348208272584,0.11269177446458065,1,canonical_with_volume
45,1,0.0905455786956352,0.787878761814117,0.12157565949024768,1,canonical_with_volume
46,1,0.08880857916362692,0.8319300653600414,0.07926135547633158,1,canonical_with_volume
47,1,0.050245083893099986,0.8265418220722257,0.1232130940346742,1,canonical_with_volume
48,1,0.055533493690323246,0.8080656773783528,0.1364008289313239,1,canonical_with_volume
49,1,0.05886385402568678,0.8052889989401042,0.13584714703420897,1,canonical_with_volume
50,1,0.051458721987536704,0.7568422940852895,0.19169898392717383,1,canonical_with_volume
51,1,0.04705242988486388,0.5111322036862922,0.44181536642884384,1,canonical_with_volume
52,1,0.06459954895740323,0.715979187631307,0.21942126341128976,1,canonical_with_volume
53,1,0.05826359447018759,0.6903906761532186,0.2513457293765938,1,canonical_with_volume
54,1,0.0912115925911175,0.7911430954502094,0.11764531195867314,1,canonical_with_volume
55,1,0.05970457156460052,0.8092656204697524,0.1310298079656469,1,canonical_with_volume
56,1,0.07556152213798686,0.7781134107191414,0.1463250671428717,1,canonical_with_volume
57,1,0.08202197375949727,0.8157128041387542,0.10226522210174849,1,canonical_with_volume
58,1,0.07419546108155808,0.7794113870865559,0.14639315183188595,1,canonical_with_volume
59,1,0.0626383328068836,0.8068987931804383,0.13046287401267792,1,canonical_with_volume
60,1,0.06629836430294428,0.8472673966280051,0.0864342390690506,1,canonical_with_volume
61,1,0.06253133177868372,0.8374436946393301,0.10002497358198606,1,canonical_with_volume
62,1,0.07327602278685974,0.7860157597813691,0.14070821743177128,1,canonical_with_volume
63,1,0.0712816847355194,0.7930318093994198,0.13568650586506076,1,canonical_with_volume
64,1,0.03736891258144708,0.8622539826797966,0.1003771047387563,1,canonical_with_volume
65,1,0.03479293487339596,0.859963338971614,0.10524372615498997,1,canonical_with_volume
66,1,0.039908267935300036,0.840304653827491,0.119787078237209,1,canonical_with_volume
67,1,0.03903501663529398,0.8616587026261777,0.09930628073852825,1,canonical_with_volume
68,1,0.02957940079318853,0.8423297313213367,0.12809086788547472,1,canonical_with_volume
69,1,0.12403963054765618,0.7044931917411292,0.1714671777112145,1,canonical_with_volume
70,1,0.09799270362995108,0.7366265028676806,0.16538079350236826,1,canonical_with_volume
71,1,0.1540159477202502,0.7169998523086581,0.12898419997109156,1,canonical_with_volume
72,1,0.16963557184869935,0.6051065179488632,0.2252579102024374,1,canonical_with_volume
73,1,0.16258538305153886,0.6830765208410937,0.15433809610736732,1,canonical_with_volume
74,1,0.10817616120731283,0.71161151576018,0.18021232303250717,1,canonical_with_volume
75,1,0.051080798452745504,0.6718286058746046,0.27709059567264993,1,canonical_with_volume
76,2,0.10624228115409248,0.6693529920191856,0.22440472682672175,1,canonical_with_volume
77,1,0.10837289218349182,0.7044458752594767,0.18718123255703137,1,canonical_with_volume
78,1,0.0921631531436147,0.696255649718904,0.21158119713748133,1,canonical_with_volume
79,1,0.121924951119878,0.7338973101194097,0.1441777387607122,1,canonical_with_volume
80,1,0.12253685011372349,0.6752974201983428,0.20216572968793373,1,canonical_with_volume
81,1,0.09994157489424992,0.6471965811326527,0.2528618439730975,1,canonical_with_volume
82,1,0.12074214567468586,0.702160539950674,0.17709731437464013,1,canonical_with_volume
83,1,0.13807153415295975,0.7235560085625099,0.1383724572845304,1,canonical_with_volume
84,1,0.18334755467104197,0.6680771178393194,0.1485753274896386,1,canonical_with_volume
85,1,0.08803183170387696,0.7518403599477809,0.16012780834834214,1,canonical_with_volume
86,1,0.07943116755051818,0.7829930025539171,0.13757582989556466,1,canonical_with_volume
87,1,0.175360616552853,0.6562924136155857,0.16834696983156122,1,canonical_with_volume
88,1,0.07243608897916222,0.7562075281508488,0.17135638286998883,1,canonical_with_volume
89,1,0.10691995199069759,0.6751132450672416,0.21796680294206078,1,canonical_with_volume
90,1,0.07788035358817853,0.7650447921412492,0.15707485427057227,1,canonical_with_volume
92,1,0.09324428054910672,0.638289399355562,0.26846632009533133,1,canonical_with_volume
93,1,0.07940130933529721,0.7823876546564793,0.1382110360082235,1,canonical_with_volume
94,1,0.07730493134554628,0.7641727422972222,0.1585223263572315,1,canonical_with_volume
95,1,0.06349344203275895,0.7247045090854021,0.21180204888183884,1,canonical_with_volume
96,1,0.08724252093788504,0.7182996547980666,0.19445782426404834,1,canonical_with_volume
97,1,0.09297490522631384,0.7229449398400398,0.1840801549336463,1,canonical_with_volume
98,1,0.1089888473200758,0.6816766633373518,0.20933448934257223,1,canonical_with_volume
100,1,0.12603618839941413,0.6945394799995203,0.17942433160106547,1,canonical_with_volume
101,1,0.049351063948823354,0.4128902988214349,0.5377586372297417,2,canonical_with_volume
102,1,0.05909036691484121,0.525306200496174,0.41560343258898474,1,canonical_with_volume
103,1,0.1082812215267124,0.6437026539480691,0.24801612452521832,1,canonical_with_volume
104,1,0.15443958940261449,0.5840648936019461,0.2614955169954393,1,canonical_with_volume
106,1,0.1702161561163658,0.5059797443771057,0.3238040995065285,1,canonical_with_volume
107,1,0.20500242523689913,0.4987895753446453,0.29620799941845555,1,canonical_with_volume
108,1,0.10766159406598472,0.11910171013376558,0.7732366958002498,2,canonical_with_volume
109,1,0.11778955100162941,0.46370525368265547,0.418505195315715,1,canonical_with_volume
110,1,0.08974997831824492,0.29099963996489475,0.6192503817168604,2,canonical_with_volume
111,1,0.11871255289698648,0.4109008753367594,0.47038657176625404,2,canonical_with_volume
112,1,0.12541489874743827,0.4349008719872334,0.4396842292653283,2,canonical_with_volume
113,1,0.11734192194502181,0.42812289046659757,0.45453518758838046,2,canonical_with_volume
114,1,0.12632552393135346,0.4264563323331376,0.44721814373550883,2,canonical_with_volume
115,1,0.09647631513225444,0.42077123370255276,0.4827524511651927,2,canonical_with_volume
116,1,0.1773788146319486,0.4334972800536828,0.38912390531436847,1,canonical_with_volume
117,1,0.15634962487548137,0.6819924330988429,0.16165794202567565,1,canonical_with_volume
118,1,0.12204418333893827,0.6753025194677924,0.20265329719326935,1,canonical_with_volume
119,1,0.07532985481519613,0.5698702119659039,0.3547999332188998,1,canonical_with_volume
120,1,0.07778748551180616,0.7168549835899583,0.20535753089823539,1,canonical_with_volume
121,1,0.02466192199306408,0.17079494365990172,0.8045431343470343,2,canonical_with_volume
122,2,0.022862577613152246,0.5872421132256971,0.38989530916115067,1,canonical_with_volume
123,1,0.024703118850768563,0.6244226049231616,0.35087427622606976,1,canonical_with_volume
124,1,0.028485218465174034,0.6053834678561678,0.36613131367865814,1,canonical_with_volume
125,2,0.023556938433398053,0.34697178781193305,0.6294712737546688,2,canonical_with_volume
126,2,0.026062770887849123,0.36642019088430033,0.6075170382278505,2,canonical_with_volume
127,2,0.024848460666103432,0.6780665160303985,0.29708502330349806,1,canonical_with_volume
128,1,0.05038194346294752,0.6783932943890136,0.27122476214803887,1,canonical_with_volume
129,1,0.02937872328310025,0.6714484087646733,0.29917286795222653,1,canonical_with_volume
130,1,0.0377899424282839,0.6924251381121175,0.2697849194595986,1,canonical_with_volume
131,1,0.03165786839234797,0.6895788807821106,0.2787632508255413,1,canonical_with_volume
132,1,0.0516516575149334,0.7083466303436783,0.2400017121413882,1,canonical_with_volume
133,1,0.07656053639481822,0.7287732443666535,0.19466621923852837,1,canonical_with_volume
134,1,0.08562172838110739,0.7499253877747616,0.16445288384413084,1,canonical_with_volume
135,1,0.05992796339222414,0.7098915543144693,0.23018048229330662,1,canonical_with_volume
136,1,0.09211195157446513,0.7747746763170253,0.13311337210850954,1,canonical_with_volume
137,2,0.060701108921559915,0.6933291383137958,0.24596975276464414,1,canonical_with_volume
138,1,0.09153178183382034,0.722472877779038,0.18599534038714172,1,canonical_with_volume
139,1,0.06273161850867338,0.7415806679444613,0.1956877135468652,1,canonical_with_volume
140,1,0.0820287715176409,0.7636250007394562,0.15434622774290296,1,canonical_with_volume
141,1,0.11128544187930202,0.7591369488394032,0.1295776092812947,1,canonical_with_volume
161,2,0.046885381692088425,0.7940743056450278,0.15904031266288376,1,canonical_with_volume
162,1,0.04036169960661135,0.788557826718756,0.1710804736746327,1,canonical_with_volume
163,0,0.04409235834050518,0.8013007120586911,0.15460692960080358,1,canonical_with_volume
164,2,0.035100703960533816,0.7001104935800612,0.26478880245940495,1,canonical_with_volume
165,1,0.031171432933865654,0.7399326959819734,0.22889587108416076,1,canonical_with_volume
166,1,0.05127600567885212,0.6925249439675887,0.25619905035355917,1,canonical_with_volume
167,1,0.04871977330713583,0.6957304051926547,0.25554982150020933,1,canonical_with_volume
168,1,0.02764043976228981,0.6652219840655266,0.3071375761721835,1,canonical_with_volume
169,2,0.02455681462314074,0.6247861217110293,0.3506570636658298,1,canonical_with_volume
170,2,0.04540861875495675,0.7781638193013282,0.17642756194371512,1,canonical_with_volume
171,1,0.04360859113414864,0.7766426667110835,0.17974874215476794,1,canonical_with_volume
172,1,0.04020381248441947,0.7177253033454238,0.2420708841701566,1,canonical_with_volume
173,1,0.040442103332645356,0.7368137821809677,0.2227441144863867,1,canonical_with_volume
174,1,0.040903660775876184,0.7257523968536329,0.23334394237049083,1,canonical_with_volume
175,2,0.03858229192992611,0.6533131155372214,0.3081045925328525,1,canonical_with_volume
176,1,0.1096542651545444,0.6715013180887512,0.2188444167567043,1,canonical_with_volume
177,2,0.03013277228106708,0.7782852752942525,0.1915819524246804,1,canonical_with_volume
178,1,0.02228694671577343,0.7670115111879959,0.21070154209623054,1,canonical_with_volume
179,1,0.023592573438489788,0.6557646563739226,0.3206427701875876,1,canonical_with_volume
180,1,0.027253501742187915,0.6675262522808494,0.30522024597696273,1,canonical_with_volume
181,2,0.01881320039113014,0.6313934010820387,0.3497933985268311,1,canonical_with_volume
182,2,0.026473064063655242,0.6223707506743187,0.351156185262026,1,canonical_with_volume
183,1,0.05739609925930883,0.7536544814655018,0.18894941927518932,1,canonical_with_volume
184,1,0.0752257603981197,0.7662125370098809,0.15856170259199928,1,canonical_with_volume
185,1,0.05388673096373532,0.792480671690841,0.15363259734542378,1,canonical_with_volume
186,1,0.05675317967528033,0.7701316955241009,0.1731151248006188,1,canonical_with_volume
187,1,0.05688766357327419,0.7703031709144599,0.17280916551226583,1,canonical_with_volume
188,1,0.07365693720398794,0.8365854493124261,0.08975761348358585,1,canonical_with_volume
189,1,0.10315313344776807,0.8375338369841498,0.05931302956808207,1,canonical_with_volume
190,1,0.06899453954826085,0.8316898179456398,0.0993156425060994,1,canonical_with_volume
191,1,0.06189781846410712,0.8131028341900848,0.12499934734580813,1,canonical_with_volume
192,1,0.06759882329612679,0.369470175297591,0.562931001406282,2,canonical_with_volume
193,1,0.08481324807381228,0.7556728691694503,0.15951388275673728,1,canonical_with_volume
194,1,0.07661791227736746,0.7627581363605405,0.1606239513620919,1,canonical_with_volume
195,2,0.05346888191517437,0.7623029590805779,0.18422815900424766,1,canonical_with_volume
196,1,0.03712157124797634,0.6239368309691181,0.33894159778290556,1,canonical_with_volume
197,1,0.13632541037731077,0.7338745654112743,0.12980002421141498,1,canonical_with_volume
198,1,0.13177953691403058,0.7478471141200342,0.12037334896593507,1,canonical_with_volume
199,1,0.027113537164285523,0.47556342446431826,0.49732303837139624,2,canonical_with_volume
200,1,0.028658073247052593,0.4291128838832426,0.5422290428697047,2,canonical_with_volume
201,1,0.016242282485030155,0.21796971839970777,0.765787999115262,2,canonical_with_volume
202,1,0.026652970794802812,0.5171451371893884,0.45620189201580885,1,canonical_with_volume
203,1,0.024841320244487826,0.4107220857548709,0.5644365940006412,2,canonical_with_volume
204,1,0.02351194232799372,0.3865873260274044,0.5899007316446018,2,canonical_with_volume
205,1,0.02612858903119473,0.4893469711062942,0.48452443986251115,1,canonical_with_volume
206,1,0.022856211858461796,0.556127536041757,0.4210162520997811,1,canonical_with_volume
208,1,0.023028052455647322,0.47450618151661383,0.5024657660277387,2,canonical_with_volume
209,1,0.03509859539522824,0.5112835097369686,0.45361789486780313,1,canonical_with_volume
210,1,0.032183933401537225,0.5486674808587467,0.4191485857397159,1,canonical_with_volume
211,1,0.041180183941351395,0.4341713437155025,0.524648472343146,2,canonical_with_volume
212,1,0.027260323877045068,0.530031763305385,0.44270791281757,1,canonical_with_volume
213,1,0.03078582388257566,0.49675407835325414,0.47246009776417025,1,canonical_with_volume
214,1,0.02501714336674333,0.625032641162686,0.3499502154705707,1,canonical_with_volume
215,1,0.023529186603404015,0.4222949712922712,0.5541758421043247,2,canonical_with_volume
216,1,0.01604722012131657,0.27122865667302054,0.7127241232056629,2,canonical_with_volume
217,1,0.01799410920389344,0.21409660130490124,0.7679092894912052,2,canonical_with_volume
218,1,0.017085099169574538,0.41589700545167785,0.5670178953787476,2,canonical_with_volume
219,1,0.01943952974047391,0.35830488678230543,0.6222555834772207,2,canonical_with_volume
221,1,0.017488807312382705,0.30640979418828995,0.6761013984993273,2,canonical_with_volume
222,1,0.016807097709348774,0.293149417513052,0.6900434847775991,2,canonical_with_volume
223,0,0.027349954659302317,0.574599985360621,0.3980500599800766,1,canonical_with_volume
224,2,0.022215665496399306,0.5307544365373384,0.44702989796626225,1,canonical_with_volume
225,1,0.030690948336373397,0.47219378689129793,0.4971152647723287,2,canonical_with_volume
226,1,0.021528939772220552,0.5429659613780471,0.43550509884973226,1,canonical_with_volume
229,1,0.025766314681132784,0.3721636820877043,0.6020700032311628,2,canonical_with_volume
230,1,0.01997471128686806,0.48576267669346485,0.49426261201966704,2,canonical_with_volume
231,1,0.02249479063915316,0.4449246681616068,0.5325805411992399,2,canonical_with_volume
232,1,0.021153440472615758,0.4094472567908534,0.5693993027365307,2,canonical_with_volume
233,1,0.017768805993242293,0.4226496439648968,0.5595815500418608,2,canonical_with_volume
234,1,0.01535811339732869,0.2027382420207166,0.7819036445819547,2,canonical_with_volume
235,1,0.015340512254562753,0.19635042335321742,0.7883090643922197,2,canonical_with_volume
237,1,0.02034690471708554,0.5936044114869952,0.3860486837959192,1,canonical_with_volume
240,1,0.018440125379771265,0.28089399022612216,0.7006658843941065,2,canonical_with_volume
241,1,0.02375068759296263,0.5331847779152893,0.44306453449174804,1,canonical_with_volume
243,1,0.014122729333863656,0.2458569666704302,0.7400203039957062,2,canonical_with_volume
244,1,0.022268411194753687,0.4121691116538667,0.5655624771513794,2,canonical_with_volume
245,1,0.019179696477451907,0.4853218258949501,0.4954984776275979,2,canonical_with_volume
246,1,0.03193155940154037,0.6528522444415361,0.3152161961569235,1,canonical_with_volume
247,1,0.031696495656771094,0.6553101600695692,0.31299334427365966,1,canonical_with_volume
248,1,0.03527767211132798,0.6661617850837647,0.2985605428049074,1,canonical_with_volume
249,1,0.0218086953713403,0.3113656894454465,0.666825615183213,2,canonical_with_volume
251,1,0.02997351231852992,0.6704982270673173,0.2995282606141527,1,canonical_with_volume
252,1,0.02300578397446564,0.2758437968322806,0.7011504191932536,2,canonical_with_volume
253,1,0.026063097183987673,0.4760341349838047,0.49790276783220766,2,canonical_with_volume
254,1,0.018546826830079247,0.6315136234123699,0.34993954975755076,1,canonical_with_volume
255,1,0.03442878993982403,0.677669379117222,0.28790183094295385,1,canonical_with_volume
256,1,0.027092937554607805,0.6774661651596854,0.2954408972857069,1,canonical_with_volume
257,1,0.02131572266770343,0.3496338757883484,0.6290504015439482,2,canonical_with_volume
258,1,0.023777313772203663,0.46835074498599355,0.5078719412418029,2,canonical_with_volume
259,1,0.022302594202557417,0.4147505742135871,0.5629468315838555,2,canonical_with_volume
260,1,0.03404495756462739,0.7028348506429372,0.26312019179243545,1,canonical_with_volume
261,1,0.029937287689081916,0.5998453675331883,0.37021734477772983,1,canonical_with_volume
262,1,0.04715183192202615,0.5344463331745339,0.41840183490343985,1,canonical_with_volume
263,1,0.06773629697097842,0.7403000831646203,0.19196361986440127,1,canonical_with_volume
264,1,0.04071484448428911,0.574182644193216,0.38510251132249496,1,canonical_with_volume
265,1,0.1317735823210032,0.6483075330040651,0.21991888467493173,1,canonical_with_volume
266,1,0.154562526246603,0.6365870914437564,0.20885038230964065,1,canonical_with_volume
267,1,0.028845293911023542,0.3934096386964235,0.5777450673925528,2,canonical_with_volume
268,1,0.09269011251375199,0.6751362880943367,0.2321735993919113,1,canonical_with_volume
270,1,0.13225766917064954,0.6335906860009538,0.2341516448283966,1,canonical_with_volume
271,1,0.042072560593826275,0.6001017957632375,0.3578256436429361,1,canonical_with_volume
272,1,0.04175798362747151,0.5990457915457857,0.35919622482674274,1,canonical_with_volume
273,1,0.042341223357012285,0.639921195632585,0.3177375810104027,1,canonical_with_volume
274,1,0.0714744817980108,0.6061114137692962,0.3224141044326929,1,canonical_with_volume
275,1,0.1368050004652379,0.6584960141952567,0.20469898533950537,1,canonical_with_volume
276,1,0.08624058038560033,0.6890927693478768,0.22466665026652294,1,canonical_with_volume
277,1,0.03326093441035393,0.5031402857010414,0.46359877988860454,1,canonical_with_volume
278,1,0.09937163635671489,0.656385195712436,0.244243167930849,1,canonical_with_volume
279,1,0.14288214153440787,0.6731248262552365,0.1839930322103555,1,canonical_with_volume
280,1,0.06663892505860979,0.6005470121651535,0.33281406277623654,1,canonical_with_volume
281,1,0.02198572787271817,0.45220923951116476,0.5258050326161169,2,canonical_with_volume
282,1,0.06772064150358596,0.689252563372526,0.24302679512388797,1,canonical_with_volume
283,1,0.029784625852728404,0.6402549138642657,0.32996046028300596,1,canonical_with_volume
284,2,0.020487229962200492,0.4124074001719914,0.5671053698658081,2,canonical_with_volume
285,1,0.0182692011899566,0.2151848446251508,0.7665459541848926,2,canonical_with_volume
286,2,0.021435690174066928,0.5350581163225919,0.443506193503341,1,canonical_with_volume
287,1,0.02994847235565331,0.3988057084640465,0.5712458191803,2,canonical_with_volume
288,2,0.03174753991156573,0.5083797188152968,0.45987274127313754,1,canonical_with_volume
289,1,0.018479954421362806,0.2058679921577678,0.7756520534208693,2,canonical_with_volume
290,1,0.04540237372009545,0.7045094895959914,0.2500881366839131,1,canonical_with_volume
291,1,0.0438588773722423,0.6859844058526556,0.27015671677510206,1,canonical_with_volume
292,1,0.0294226884251766,0.6777408187809082,0.29283649279391516,1,canonical_with_volume
293,1,0.034644043784043115,0.6954782028983023,0.2698777533176546,1,canonical_with_volume
294,1,0.040171532779759586,0.7033393448347728,0.2564891223854675,1,canonical_with_volume
295,1,0.03690363348878044,0.7010148544538701,0.2620815120573495,1,canonical_with_volume
296,1,0.03448276859087847,0.6288521850532269,0.33666504635589445,1,canonical_with_volume
297,1,0.022400376735671225,0.35495636282626075,0.622643260438068,2,canonical_with_volume
298,1,0.015453198178107393,0.07755099284963668,0.9069958089722556,2,canonical_with_volume
299,1,0.020701261057106967,0.2376326769077326,0.7416660620351605,2,canonical_with_volume
300,1,0.017737959085915182,0.12833011166310943,0.8539319292509753,2,canonical_with_volume
301,1,0.017471155728484334,0.08603089576018999,0.8964979485113257,2,canonical_with_volume
302,1,0.013362993574740682,0.07158276778305572,0.9150542386422035,2,canonical_with_volume
303,1,0.019255999182430622,0.16071455791415212,0.8200294429034173,2,canonical_with_volume
304,1,0.015951272597735187,0.15228991570847195,0.8317588116937928,2,canonical_with_volume
305,1,0.01574513572685071,0.14890203155301862,0.8353528327201306,2,canonical_with_volume
306,1,0.013861989705739675,0.06228620061751736,0.9238518096767431,2,canonical_with_volume
307,1,0.03014381664069659,0.5314744056696523,0.438381777689651,1,canonical_with_volume
308,1,0.029031837916280435,0.7190556795059388,0.2519124825777807,1,canonical_with_volume
309,1,0.04153195250396089,0.7320208589283337,0.22644718856770546,1,canonical_with_volume
310,1,0.05330571383928793,0.748948744464802,0.19774554169591008,1,canonical_with_volume
324,1,0.07969123079158935,0.8520634105122336,0.06824535869617714,1,canonical_with_volume
325,1,0.07938064723481478,0.8426174755399714,0.07800187722521387,1,canonical_with_volume
326,1,0.05644421511530172,0.649285016301576,0.2942707685831223,1,canonical_with_volume
327,1,0.039255217531015525,0.6403685612003879,0.32037622126859666,1,canonical_with_volume
328,1,0.03453466623878456,0.6099783834751047,0.3554869502861107,1,canonical_with_volume
329,1,0.05981213463638399,0.6361447491463144,0.3040431162173016,1,canonical_with_volume
330,1,0.0347300833912265,0.7301980917887326,0.23507182482004083,1,canonical_with_volume
331,1,0.04880634660899248,0.815998390235235,0.13519526315577252,1,canonical_with_volume
336,1,0.02206738018321458,0.6653885509759896,0.3125440688407958,1,canonical_with_volume
337,1,0.025352951454897445,0.6624949286990407,0.3121521198460618,1,canonical_with_volume
338,1,0.02271154030160181,0.6805933054077509,0.29669515429064724,1,canonical_with_volume
339,1,0.02553807424792959,0.6434505211378208,0.3310114046142496,1,canonical_with_volume
340,1,0.024752331824122887,0.6715260459174025,0.3037216222584745,1,canonical_with_volume
341,0,0.06251233347891402,0.8435521830985802,0.09393548342250564,1,canonical_with_volume
348,1,0.05753125147759562,0.5466353595397307,0.39583338898267345,1,canonical_with_volume
362,1,0.010272876862592773,0.6699319018083314,0.3197952213290757,1,canonical_with_volume
369,2,0.014699608560080272,0.742554210240087,0.24274618119983266,1,canonical_with_volume
371,2,0.013690750057101495,0.7798337439383198,0.2064755060045786,1,canonical_with_volume
372,1,0.01648820820372388,0.6030643279812082,0.3804474638150678,1,canonical_with_volume
374,2,0.02600796601348415,0.37462017551032933,0.5993718584761866,2,canonical_with_volume
378,1,0.023325088622295376,0.31095666230872987,0.6657182490689746,2,canonical_with_volume
379,2,0.018848910787551777,0.7860558215001566,0.19509526771229146,1,canonical_with_volume
380,2,0.017572140859213846,0.7733011933710026,0.20912666576978367,1,canonical_with_volume
381,1,0.012312792424725763,0.629697129290129,0.3579900782851452,1,canonical_with_volume
382,2,0.029857778149578906,0.43055923868263823,0.5395829831677829,2,canonical_with_volume
383,1,0.017312854404624507,0.7765444833507595,0.20614266224461586,1,canonical_with_volume
384,1,0.01540616570001841,0.8021271650924957,0.1824666692074858,1,canonical_with_volume
385,1,0.012502675239120017,0.7580714964121921,0.2294258283486878,1,canonical_with_volume
386,2,0.011734214596809548,0.7875661062067593,0.2006996791964312,1,canonical_with_volume
387,2,0.01869844370217895,0.833091282421167,0.14821027387665395,1,canonical_with_volume
388,2,0.012614372671646699,0.8013711799879593,0.18601444734039393,1,canonical_with_volume
389,1,0.014348866194194428,0.7242803176975677,0.26137081610823776,1,canonical_with_volume
390,1,0.01663116460309493,0.8141992984648017,0.16916953693210346,1,canonical_with_volume
391,1,0.011623482125459841,0.7529902828861144,0.23538623498842587,1,canonical_with_volume
392,1,0.012169383756159289,0.7243000570260064,0.2635305592178343,1,canonical_with_volume
393,1,0.011614844478415385,0.7518189635219343,0.23656619199965026,1,canonical_with_volume
395,1,0.011623482125459841,0.7529902828861144,0.23538623498842587,1,canonical_with_volume
396,1,0.019130741340227932,0.8367019375106046,0.14416732114916742,1,canonical_with_volume
397,1,0.017067318112511297,0.7661723163190705,0.21676036556841816,1,canonical_with_volume
398,1,0.021097904598103755,0.8173747858375997,0.16152730956429645,1,canonical_with_volume
399,1,0.03434578496779945,0.8146952964539989,0.15095891857820173,1,canonical_with_volume
400,1,0.019491993305050886,0.8550936067837454,0.12541439991120368,1,canonical_with_volume
401,2,0.014050500544423422,0.06602452350865048,0.9199249759469261,2,canonical_with_volume
403,2,0.01826382880425734,0.05446596232803426,0.9272702088677083,2,canonical_with_volume
405,2,0.019482483990192846,0.07064304264922432,0.9098744733605828,2,canonical_with_volume
406,2,0.019015171341997483,0.052628695504750564,0.9283561331532519,2,canonical_with_volume
407,2,0.011844918130439187,0.04215467546172516,0.9460004064078356,2,canonical_with_volume
408,2,0.014642275247179242,0.05968976909173568,0.9256679556610851,2,canonical_with_volume
409,2,0.011384534190242268,0.05169906832422372,0.9369163974855339,2,canonical_with_volume
410,2,0.011234536412141869,0.047084257705866356,0.9416812058819918,2,canonical_with_volume
411,2,0.021823652341322407,0.04136952313224862,0.9368068245264289,2,canonical_with_volume
412,2,0.017760352420281407,0.04333189870182962,0.9389077488778889,2,canonical_with_volume
413,2,0.022878215134561876,0.03852287994218378,0.9385989049232542,2,canonical_with_volume
416,2,0.01590067440504664,0.03918667937753298,0.9449126462174204,2,canonical_with_volume
417,2,0.017539087643583945,0.041928877598373014,0.940532034758043,2,canonical_with_volume
418,2,0.013490919420955191,0.02958259526290912,0.9569264853161357,2,canonical_with_volume
419,2,0.01088099686559417,0.03883336222546682,0.950285640908939,2,canonical_with_volume
420,2,0.013486170362654275,0.03923884296676561,0.9472749866705801,2,canonical_with_volume
421,2,0.011818031350477414,0.043576798715354165,0.9446051699341683,2,canonical_with_volume
422,2,0.01592614255043921,0.04468097816763664,0.939392879281924,2,canonical_with_volume
423,2,0.014545562636287312,0.031063099391633694,0.9543913379720789,2,canonical_with_volume
424,2,0.011783181356894563,0.08441946713591747,0.903797351507188,2,canonical_with_volume
425,2,0.017005349930621194,0.07401346705571343,0.9089811830136653,2,canonical_with_volume
426,2,0.016516288705488873,0.10466690411276054,0.8788168071817506,2,canonical_with_volume
429,2,0.011941644622136037,0.06978879746880218,0.9182695579090616,2,canonical_with_volume
430,2,0.015324115531396794,0.07741934122318504,0.9072565432454183,2,canonical_with_volume
435,2,0.013888489533724329,0.045211835252419334,0.9408996752138563,2,canonical_with_volume
436,2,0.012623326368238656,0.07457852321415978,0.9127981504176015,2,canonical_with_volume
437,2,0.01150766920052243,0.04594044393263372,0.9425518868668439,2,canonical_with_volume
438,2,0.019278299617338387,0.0693078847039279,0.9114138156787337,2,canonical_with_volume
439,2,0.01882999621255775,0.060348193037438325,0.9208218107500039,2,canonical_with_volume
440,2,0.019445973441048058,0.05655768115920318,0.9239963453997487,2,canonical_with_volume
441,2,0.01856306490571895,0.09648306716693222,0.8849538679273489,2,canonical_with_volume
442,2,0.010984871438197819,0.1031841855746572,0.8858309429871449,2,canonical_with_volume
443,2,0.01120531851411014,0.05307106263946473,0.9357236188464252,2,canonical_with_volume
444,2,0.013822541778469236,0.06960850027431348,0.9165689579472172,2,canonical_with_volume
445,2,0.009223181776297239,0.11938663464174136,0.8713901835819613,2,canonical_with_volume
446,2,0.013126671317675021,0.028123917984613982,0.9587494106977108,2,canonical_with_volume
447,2,0.02131593868494039,0.038586594749768735,0.9400974665652909,2,canonical_with_volume
448,2,0.015142707506384072,0.044361720709244656,0.9404955717843713,2,canonical_with_volume
449,2,0.015363336226282394,0.0438652006859073,0.9407714630878103,2,canonical_with_volume
450,2,0.017469285013796444,0.04082964945473122,0.9417010655314723,2,canonical_with_volume
451,2,0.038402458148958936,0.08732493529425654,0.8742726065567845,2,canonical_with_volume
452,2,0.07203780069049237,0.05618146064054048,0.8717807386689671,2,canonical_with_volume
456,2,0.02027012896585115,0.05726897226470322,0.9224608987694456,2,canonical_with_volume
457,2,0.019434928152299497,0.044637427000629504,0.935927644847071,2,canonical_with_volume
458,2,0.013292783592109992,0.05575804597635441,0.9309491704315356,2,canonical_with_volume
459,2,0.015727349718420977,0.06474303248382143,0.9195296177977575,2,canonical_with_volume
460,2,0.03811299557123104,0.12955131184861501,0.8323356925801539,2,canonical_with_volume
461,2,0.03557630892357816,0.10045890051343555,0.8639647905629863,2,canonical_with_volume
462,2,0.011782543219146967,0.05582751502100309,0.9323899417598498,2,canonical_with_volume
464,2,0.020308805962774724,0.08367083585348364,0.8960203581837417,2,canonical_with_volume
465,2,0.02022047930448275,0.03921749226173475,0.9405620284337826,2,canonical_with_volume
466,2,0.019310074196174944,0.08471801890722766,0.8959719068965974,2,canonical_with_volume
468,2,0.017008763119048642,0.08515910119187434,0.897832135689077,2,canonical_with_volume
470,2,0.019556921610913776,0.12129404706861582,0.8591490313204703,2,canonical_with_volume
471,2,0.009268943636788894,0.11649628120967137,0.8742347751535396,2,canonical_with_volume
473,2,0.01579145191374313,0.10588979025358826,0.8783187578326687,2,canonical_with_volume
474,2,0.009233302028484158,0.11438716348091375,0.876379534490602,2,canonical_with_volume
475,2,0.012646497339650073,0.07682261967835782,0.910530882981992,2,canonical_with_volume
477,2,0.012380942773215595,0.06055995781839153,0.9270590994083928,2,canonical_with_volume
479,2,0.017745741435535378,0.06814469615896282,0.9141095624055017,2,canonical_with_volume
480,2,0.017639333177125738,0.03177846936559628,0.9505821974572779,2,canonical_with_volume
481,2,0.016340603861826272,0.054486201405558043,0.9291731947326156,2,canonical_with_volume
482,2,0.01656756753908909,0.0538454086986989,0.9295870237622119,2,canonical_with_volume
483,2,0.033589229902143886,0.05315295880450526,0.9132578112933507,2,canonical_with_volume
484,2,0.009923267299498984,0.03853878555136854,0.9515379471491325,2,canonical_with_volume
485,2,0.021698148149673732,0.21735786884863306,0.7609439830016931,2,canonical_with_volume
486,2,0.02415347202342881,0.06581281122756272,0.9100337167490085,2,canonical_with_volume
487,2,0.035424667392175674,0.09461853923576757,0.8699567933720567,2,canonical_with_volume
488,2,0.019681172196469053,0.06309839740042414,0.9172204304031066,2,canonical_with_volume
489,2,0.030207772774459265,0.10205499041232269,0.8677372368132181,2,canonical_with_volume
490,2,0.031003138780165848,0.15284412779863443,0.8161527334211995,2,canonical_with_volume
491,2,0.016459294699627706,0.06852185630939626,0.915018848990976,2,canonical_with_volume
494,2,0.012098088013869832,0.07971723506552884,0.9081846769206013,2,canonical_with_volume
500,2,0.019402735815198302,0.09947111724520936,0.8811261469395921,2,canonical_with_volume
501,2,0.02542337544103849,0.06412287061451952,0.910453753944442,2,canonical_with_volume
502,2,0.016546031999265094,0.08215455946157016,0.9012994085391647,2,canonical_with_volume
503,2,0.02560781817388233,0.06476897320982813,0.9096232086162895,2,canonical_with_volume
504,2,0.016677700860905288,0.07599600167477802,0.9073262974643166,2,canonical_with_volume
505,2,0.028444759205262654,0.2191900355098108,0.7523652052849265,2,canonical_with_volume
507,2,0.022070036726560546,0.06129643946139014,0.9166335238120493,2,canonical_with_volume
508,2,0.026035537365945417,0.06722828425072921,0.9067361783833253,2,canonical_with_volume
509,2,0.03045314842072672,0.1090972169578549,0.8604496346214183,2,canonical_with_volume
510,2,0.03473001004633308,0.08412269150683949,0.8811472984468273,2,canonical_with_volume
511,2,0.03101025649357083,0.21948584026496468,0.7495039032414643,2,canonical_with_volume
512,2,0.024348077284515712,0.08328971308012711,0.8923622096353572,2,canonical_with_volume
513,2,0.06420443818257707,0.09113363542385274,0.8446619263935702,2,canonical_with_volume
514,2,0.01075258919002196,0.0383979396631863,0.9508494711467916,2,canonical_with_volume
515,2,0.01732219530548354,0.050453541113406185,0.9322242635811102,2,canonical_with_volume
516,2,0.017034271310882768,0.05773858850104546,0.9252271401880716,2,canonical_with_volume
518,2,0.06810748844297229,0.08543494547938832,0.8464575660776394,2,canonical_with_volume
519,2,0.09691123281438269,0.14316645504203918,0.759922312143578,2,canonical_with_volume
520,2,0.015636425551030585,0.08780306966738423,0.8965605047815852,2,canonical_with_volume
521,2,0.013848983164739474,0.04524455513334571,0.9409064617019147,2,canonical_with_volume
522,2,0.016894341457064567,0.038066055136335486,0.9450396034065999,2,canonical_with_volume
524,2,0.025136229656471023,0.03858144587389132,0.9362823244696377,2,canonical_with_volume
525,2,0.017727023213924234,0.029851608817928352,0.9524213679681474,2,canonical_with_volume
526,2,0.011120106225546914,0.03643793647723815,0.9524419572972148,2,canonical_with_volume
527,2,0.0154001176631108,0.03104707043676771,0.9535528119001215,2,canonical_with_volume
528,2,0.02437811289346556,0.03499864929667782,0.9406232378098566,2,canonical_with_volume
529,2,0.043146974510827954,0.07136931896583211,0.8854837065233399,2,canonical_with_volume
530,2,0.014365894316977703,0.037698524915191954,0.9479355807678302,2,canonical_with_volume
531,2,0.013262088381512783,0.05040163313768234,0.9363362784808048,2,canonical_with_volume
532,2,0.021363864190856854,0.059238506809506195,0.9193976289996368,2,canonical_with_volume
534,2,0.017911126911622822,0.06386184377589288,0.9182270293124842,2,canonical_with_volume
535,2,0.019617739871086115,0.04021453462206732,0.9401677255068466,2,canonical_with_volume
536,2,0.019237053382622913,0.07060500842716697,0.9101579381902101,2,canonical_with_volume
537,2,0.01473767710921016,0.12040463315375187,0.8648576897370379,2,canonical_with_volume
539,2,0.01385194100076475,0.029268834953671635,0.9568792240455636,2,canonical_with_volume
540,2,0.012438802975531658,0.040044772041151304,0.947516424983317,2,canonical_with_volume
542,2,0.012064172466222505,0.04922626134334529,0.9387095661904321,2,canonical_with_volume
543,2,0.016929427716821932,0.028118850519187954,0.9549517217639901,2,canonical_with_volume
544,2,0.02483924401704887,0.042995301841736486,0.9321654541412145,2,canonical_with_volume
545,2,0.015822210212260022,0.12157069588201047,0.8626070939057294,2,canonical_with_volume
546,2,0.013249089087345506,0.04850629112223858,0.938244619790416,2,canonical_with_volume
547,2,0.031369324043806365,0.03649490101986136,0.9321357749363322,2,canonical_with_volume
548,2,0.016618100676993607,0.05453102457982602,0.9288508747431803,2,canonical_with_volume
549,2,0.012249918384375046,0.03949550945893113,0.9482545721566937,2,canonical_with_volume
550,2,0.04590271950824641,0.04843687660460514,0.9056604038871483,2,canonical_with_volume
552,2,0.014568628683190537,0.05140544321519679,0.9340259281016127,2,canonical_with_volume
553,2,0.014008028413838733,0.04592075303130717,0.9400712185548541,2,canonical_with_volume
554,2,0.015985599337454214,0.050922196445051096,0.9330922042174947,2,canonical_with_volume
555,2,0.016493508785722824,0.04350894418290091,0.9399975470313763,2,canonical_with_volume
557,2,0.0269724840028671,0.04003950331253713,0.9329880126845957,2,canonical_with_volume
558,2,0.01880517356953746,0.04734136528638799,0.9338534611440745,2,canonical_with_volume
560,2,0.04288017099091742,0.03587406595344192,0.9212457630556405,2,canonical_with_volume
561,2,0.019886066657084304,0.03909842486292987,0.9410155084799858,2,canonical_with_volume
562,2,0.01374200871943527,0.0817213878891068,0.9045366033914578,2,canonical_with_volume
563,2,0.010988549358959371,0.04373098897731349,0.9452804616637271,2,canonical_with_volume
564,2,0.016053737361394357,0.042386629328777244,0.9415596333098283,2,canonical_with_volume
565,2,0.011956970941089027,0.07410565386999822,0.9139373751889126,2,canonical_with_volume
566,2,0.01503225542426816,0.04954539642795794,0.9354223481477739,2,canonical_with_volume
567,2,0.01568894499860965,0.046962956521737126,0.9373480984796532,2,canonical_with_volume
568,2,0.019869226237856804,0.04914374027681411,0.930987033485329,2,canonical_with_volume
570,2,0.011834723712812993,0.09929263621680769,0.8888726400703792,2,canonical_with_volume
571,2,0.020537626779902132,0.04362212059933605,0.9358402526207619,2,canonical_with_volume
572,2,0.018348035062327836,0.036138813505777426,0.9455131514318947,2,canonical_with_volume
573,2,0.018737992776537975,0.041378962896767436,0.9398830443266946,2,canonical_with_volume
575,2,0.025686073853610398,0.04218774515483007,0.9321261809915593,2,canonical_with_volume
576,2,0.05829058644014871,0.047395859188547995,0.8943135543713032,2,canonical_with_volume
578,2,0.017893974680343892,0.08582602309305781,0.8962800022265982,2,canonical_with_volume
579,2,0.01809212749541126,0.027193181860819485,0.9547146906437693,2,canonical_with_volume
580,2,0.04701197881366611,0.03290175385215858,0.9200862673341753,2,canonical_with_volume
581,2,0.009587197555823556,0.06047047537866317,0.9299423270655132,2,canonical_with_volume
582,2,0.016573773072716076,0.0504564302417765,0.9329697966855074,2,canonical_with_volume
583,2,0.014169176140205837,0.03937220608393886,0.9464586177758553,2,canonical_with_volume
584,2,0.01705229296668689,0.09569867369767729,0.8872490333356358,2,canonical_with_volume
585,2,0.013286941958519566,0.03899066749169349,0.9477223905497868,2,canonical_with_volume
586,2,0.016019708783482352,0.07742743670915647,0.9065528545073611,2,canonical_with_volume
588,2,0.020942270648036974,0.04688443866067815,0.9321732906912849,2,canonical_with_volume
589,2,0.01519887604439202,0.03271587256342882,0.9520852513921791,2,canonical_with_volume
590,2,0.015496892719036991,0.03962593738684272,0.9448771698941202,2,canonical_with_volume
591,2,0.0180760718296175,0.038787116193580745,0.9431368119768018,2,canonical_with_volume
593,2,0.012415279225050736,0.04517972881586748,0.9424049919590818,2,canonical_with_volume
594,2,0.01184519650811234,0.03879721115711283,0.9493575923347748,2,canonical_with_volume
596,2,0.024900240770318566,0.03180412320746939,0.943295636022212,2,canonical_with_volume
597,2,0.014515873477233014,0.08119100919840319,0.9042931173243636,2,canonical_with_volume
598,2,0.021762242370541144,0.06768496862214914,0.9105527890073097,2,canonical_with_volume
599,2,0.012579659691808161,0.03344331628384768,0.9539770240243441,2,canonical_with_volume
600,2,0.01333828374608646,0.10141293528933892,0.8852487809645746,2,canonical_with_volume
601,2,0.011372793868445676,0.03663264876539935,0.9519945573661549,2,canonical_with_volume
602,2,0.022561568194518298,0.046681337276772684,0.9307570945287089,2,canonical_with_volume
603,2,0.0151697673587224,0.06038375143091248,0.9244464812103652,2,canonical_with_volume
604,2,0.030318077341103207,0.05877539406506739,0.9109065285938294,2,canonical_with_volume
606,2,0.014557665827629332,0.07835395567987749,0.9070883784924932,2,canonical_with_volume
607,2,0.017691213904429272,0.026091081544745556,0.9562177045508251,2,canonical_with_volume
608,2,0.04729514002612871,0.04470201059084318,0.908002849383028,2,canonical_with_volume
609,2,0.019271769280934443,0.08876208706682222,0.8919661436522434,2,canonical_with_volume
611,2,0.013445177452897139,0.04758483725443198,0.9389699852926707,2,canonical_with_volume
612,2,0.018587022375864355,0.030449826521000735,0.9509631511031349,2,canonical_with_volume
614,2,0.013232281746479165,0.1058056917074422,0.8809620265460785,2,canonical_with_volume
615,2,0.013576274686773596,0.06362045917862452,0.9228032661346017,2,canonical_with_volume
616,2,0.01397173557900161,0.056908759820528385,0.9291195046004701,2,canonical_with_volume
617,2,0.00973681290601922,0.04718186703273057,0.9430813200612502,2,canonical_with_volume
618,2,0.01435296800334617,0.04106250769838672,0.9445845242982671,2,canonical_with_volume
619,2,0.013129659192767255,0.039898223169900035,0.9469721176373327,2,canonical_with_volume
620,2,0.01984719999122989,0.06401390785869147,0.9161388921500786,2,canonical_with_volume
621,2,0.026667370526596568,0.03556290097642788,0.9377697284969755,2,canonical_with_volume
622,2,0.023572981830891356,0.05255560764474578,0.9238714105243628,2,canonical_with_volume
624,2,0.019747227227198533,0.03580483234840088,0.9444479404244005,2,canonical_with_volume
625,2,0.03138771395381833,0.06431134789682268,0.904300938149359,2,canonical_with_volume
626,2,0.011702787187264807,0.059327555140743185,0.9289696576719919,2,canonical_with_volume
627,2,0.014599174946048647,0.03836704560123766,0.9470337794527136,2,canonical_with_volume
629,2,0.011928896479176096,0.030057413648638478,0.9580136898721854,2,canonical_with_volume
630,2,0.012758879165822891,0.04640408109306744,0.9408370397411097,2,canonical_with_volume
632,2,0.03532654016814801,0.0605454468174383,0.9041280130144136,2,canonical_with_volume
633,2,0.014984978770298616,0.09634935619206843,0.888665665037633,2,canonical_with_volume
634,2,0.021784332754251935,0.040874146236632214,0.9373415210091158,2,canonical_with_volume
635,2,0.012404191868902757,0.08970354351700259,0.8978922646140947,2,canonical_with_volume
636,2,0.015441483495150588,0.08989115757463725,0.8946673589302121,2,canonical_with_volume
637,2,0.013391933791591435,0.047554276140989934,0.9390537900674185,2,canonical_with_volume
638,2,0.016795620023146517,0.04566246525280259,0.9375419147240508,2,canonical_with_volume
639,2,0.01846950291644915,0.04792279807924528,0.9336076990043056,2,canonical_with_volume
640,2,0.034619194819151,0.03677966821909639,0.9286011369617526,2,canonical_with_volume
642,2,0.020803796188162495,0.10856234524942185,0.8706338585624157,2,canonical_with_volume
643,2,0.011722588029173293,0.042770729290728844,0.9455066826800977,2,canonical_with_volume
644,2,0.013219255832402008,0.06195876075182534,0.9248219834157725,2,canonical_with_volume
645,2,0.014907093395992131,0.04927200784320527,0.9358208987608025,2,canonical_with_volume
647,2,0.015971516994582737,0.047074691659763045,0.936953791345654,2,canonical_with_volume
648,2,0.017021406697554187,0.040820235673081046,0.9421583576293648,2,canonical_with_volume
650,2,0.01237344809078676,0.0787091892120924,0.9089173626971209,2,canonical_with_volume
651,2,0.023415136167859247,0.04950480834628433,0.9270800554858565,2,canonical_with_volume
652,2,0.015877776437833165,0.04662003738868453,0.9375021861734822,2,canonical_with_volume
653,2,0.018802349366916625,0.04017020225464525,0.941027448378438,2,canonical_with_volume
654,2,0.021304437562232756,0.06025193161701973,0.9184436308207474,2,canonical_with_volume
655,2,0.013415532908796475,0.033583799897780126,0.9530006671934235,2,canonical_with_volume
656,2,0.014509175690836868,0.05668577121727069,0.9288050530918923,2,canonical_with_volume
657,2,0.016886328191582745,0.038696355771469695,0.9444173160369476,2,canonical_with_volume
658,2,0.016414588078582815,0.04549861229926863,0.9380867996221485,2,canonical_with_volume
660,2,0.014921183217206825,0.04367377525510416,0.9414050415276889,2,canonical_with_volume
661,2,0.011748035221334174,0.050966186203600106,0.9372857785750656,2,canonical_with_volume
662,2,0.011927291255223509,0.042282745626176774,0.9457899631185996,2,canonical_with_volume
663,2,0.01783839008072158,0.09036928350000802,0.8917923264192704,2,canonical_with_volume
665,2,0.013803994937350891,0.045843207471927466,0.9403527975907215,2,canonical_with_volume
666,2,0.017544526358718365,0.049903864253813185,0.9325516093874685,2,canonical_with_volume
668,2,0.024134488280493104,0.06234536135818555,0.9135201503613213,2,canonical_with_volume
669,2,0.016727224523545362,0.05346085517488465,0.92981192030157,2,canonical_with_volume
670,2,0.014862683121168034,0.0424725392710351,0.9426647776077968,2,canonical_with_volume
671,2,0.016637575708823144,0.028982901328861856,0.9543795229623151,2,canonical_with_volume
672,2,0.024691641887729154,0.04594708056912436,0.9293612775431465,2,canonical_with_volume
673,2,0.01760992505126841,0.03491943703402718,0.9474706379147044,2,canonical_with_volume
674,2,0.01717790748523862,0.1026197287463438,0.8802023637684175,2,canonical_with_volume
675,2,0.013601394745954967,0.05556623406483394,0.930832371189211,2,canonical_with_volume
676,2,0.01547697498362844,0.05185042523434151,0.93267259978203,2,canonical_with_volume
678,2,0.01384898029257252,0.07105907190730504,0.9150919478001224,2,canonical_with_volume
679,2,0.020866692820450436,0.03964821533746116,0.9394850918420884,2,canonical_with_volume
680,2,0.014286583346728002,0.09533176071356221,0.8903816559397096,2,canonical_with_volume
681,2,0.015591771749809576,0.05221952686079515,0.9321887013893952,2,canonical_with_volume
683,2,0.01421863602569027,0.03857226772192483,0.9472090962523848,2,canonical_with_volume
684,2,0.023159040727529986,0.04658747537754208,0.9302534838949279,2,canonical_with_volume
686,2,0.013267797874836175,0.0432478980824675,0.9434843040426963,2,canonical_with_volume
687,2,0.03172984197962408,0.029945433471858428,0.9383247245485173,2,canonical_with_volume
688,2,0.0416197135416066,0.046521633025283116,0.9118586534331102,2,canonical_with_volume
689,2,0.01618621186509116,0.039052234402549985,0.9447615537323587,2,canonical_with_volume
690,2,0.01271432678059978,0.06711349768659898,0.9201721755328012,2,canonical_with_volume
691,2,0.011031978855640848,0.033153775538681554,0.9558142456056774,2,canonical_with_volume
692,2,0.01819133980795455,0.04548216801470745,0.936326492177338,2,canonical_with_volume
693,2,0.012253461603612131,0.03386609403436507,0.9538804443620228,2,canonical_with_volume
694,2,0.021100274232295275,0.09950334410455951,0.8793963816631452,2,canonical_with_volume
696,2,0.014967298037962488,0.05027215078011399,0.9347605511819235,2,canonical_with_volume
697,2,0.013399324208687734,0.06060691073111092,0.9259937650602015,2,canonical_with_volume
698,2,0.022540780450106334,0.10386647976458672,0.8735927397853069,2,canonical_with_volume
699,2,0.02005756256180804,0.06508092897798703,0.9148615084602048,2,canonical_with_volume
701,2,0.01785811876558999,0.3374859417198496,0.6446559395145602,2,canonical_with_volume
702,2,0.023421146630460802,0.1646075801150297,0.8119712732545094,2,canonical_with_volume
703,2,0.012123820207963163,0.032708843032123264,0.9551673367599136,2,canonical_with_volume
704,2,0.01742523757113747,0.15027647374158729,0.8322982886872752,2,canonical_with_volume
705,2,0.012192747760628345,0.16316613122586018,0.8246411210135113,2,canonical_with_volume
707,2,0.09983227018499476,0.04620834332479447,0.8539593864902106,2,canonical_with_volume
708,2,0.038469080967595146,0.5573992984817161,0.4041316205506887,1,canonical_with_volume
709,2,0.011700906556921159,0.08725641564236954,0.9010426778007092,2,canonical_with_volume
710,2,0.013012638654184701,0.03229067661368258,0.9546966847321326,2,canonical_with_volume
711,2,0.029971855603295492,0.0974518852144382,0.8725762591822662,2,canonical_with_volume
712,2,0.03462868318823619,0.22116560228672272,0.744205714525041,2,canonical_with_volume
713,2,0.018550814601413484,0.3088642011420178,0.6725849842565687,2,canonical_with_volume
714,2,0.02888111626574491,0.4221415620054016,0.5489773217288535,2,canonical_with_volume
716,2,0.018927283025109286,0.11378242235705487,0.8672902946178358,2,canonical_with_volume
717,2,0.14018199619691296,0.06676448651432298,0.7930535172887639,2,canonical_with_volume
718,2,0.0158995066220955,0.1962840076248185,0.787816485753086,2,canonical_with_volume
719,2,0.012007200252318983,0.212065872651079,0.775926927096602,2,canonical_with_volume
721,2,0.12994684895469252,0.1565292997461299,0.7135238512991776,2,canonical_with_volume
722,2,0.021170631606931865,0.04059102609631581,0.9382383422967522,2,canonical_with_volume
723,2,0.029688062370388894,0.5209618419012145,0.4493500957283966,1,canonical_with_volume
724,2,0.02250985924431858,0.09518451624390936,0.882305624511772,2,canonical_with_volume
725,2,0.02118857255881124,0.13071670972271174,0.848094717718477,2,canonical_with_volume
726,2,0.01685750772844116,0.4938562281509883,0.4892862641205705,1,canonical_with_volume
727,2,0.07839263063995597,0.699521100411823,0.222086268948221,1,canonical_with_volume
728,2,0.016361810690228826,0.09449537667200061,0.8891428126377705,2,canonical_with_volume
729,2,0.01988032591950071,0.16474714627931508,0.8153725278011841,2,canonical_with_volume
731,2,0.06886620795499036,0.19137042888310157,0.7397633631619082,2,canonical_with_volume
732,2,0.09883468706583079,0.6410947679026452,0.260070545031524,1,canonical_with_volume
733,2,0.02266372440535123,0.04890346018504253,0.9284328154096062,2,canonical_with_volume
734,2,0.02090736328387509,0.08075231860078458,0.8983403181153402,2,canonical_with_volume
735,2,0.0399498818619857,0.5468832701514701,0.4131668479865441,1,canonical_with_volume
736,2,0.014052909889500637,0.1474987610476613,0.8384483290628381,2,canonical_with_volume
737,2,0.039083291215094046,0.05223566893788502,0.9086810398470209,2,canonical_with_volume
738,2,0.04183926103478578,0.5330751949720234,0.4250855439931908,1,canonical_with_volume
739,2,0.016703217941702746,0.14756433782116607,0.8357324442371312,2,canonical_with_volume
740,2,0.03766993863312157,0.17834693492211853,0.7839831264447599,2,canonical_with_volume
741,2,0.03006873070417589,0.2308403650239116,0.7390909042719125,2,canonical_with_volume
742,2,0.017456199876341734,0.1823837136107493,0.800160086512909,2,canonical_with_volume
743,2,0.05779444108950933,0.035393727532283356,0.9068118313782072,2,canonical_with_volume
744,2,0.03315546344467377,0.07806834079826322,0.888776195757063,2,canonical_with_volume
745,2,0.016034711583242267,0.31621346673741213,0.6677518216793457,2,canonical_with_volume
746,2,0.03810865437398657,0.5742634276764644,0.3876279179495489,1,canonical_with_volume
747,2,0.01527116661681971,0.09981441443800529,0.884914418945175,2,canonical_with_volume
748,2,0.013776229593616046,0.2074407136150976,0.7787830567912863,2,canonical_with_volume
749,2,0.011172400801774632,0.05231374793170724,0.9365138512665181,2,canonical_with_volume
750,2,0.021877521166707107,0.32269983187944773,0.6554226469538451,2,canonical_with_volume
751,2,0.010824741782500282,0.08002009893658724,0.9091551592809124,2,canonical_with_volume
752,2,0.01669751311076064,0.08238457415598391,0.9009179127332554,2,canonical_with_volume
753,2,0.015257737310831795,0.11787027755124149,0.8668719851379266,2,canonical_with_volume
754,2,0.03511001457719729,0.2610698705495753,0.7038201148732273,2,canonical_with_volume
755,2,0.01440565289892032,0.13071601352838402,0.8548783335726956,2,canonical_with_volume
756,2,0.011294352608215602,0.0411879735899207,0.9475176738018636,2,canonical_with_volume
757,2,0.010037095799638305,0.15135494118128584,0.8386079630190758,2,canonical_with_volume
758,2,0.023965812308040985,0.10571815122854247,0.8703160364634166,2,canonical_with_volume
759,2,0.014055116369979945,0.09172240170284487,0.8942224819271751,2,canonical_with_volume
760,2,0.02231497769270472,0.24177952239549272,0.7359054999118025,2,canonical_with_volume
761,2,0.04769171503453053,0.6589537872141442,0.2933544977513251,1,canonical_with_volume
762,2,0.01523302576388445,0.046642204370980565,0.9381247698651349,2,canonical_with_volume
764,2,0.02673128937485577,0.20381949182361928,0.7694492188015251,2,canonical_with_volume
765,2,0.018879448355314205,0.08729832088487782,0.8938222307598078,2,canonical_with_volume
767,2,0.0169691335006976,0.08244722507348126,0.900583641425821,2,canonical_with_volume
769,2,0.012731241946332295,0.11570301900921008,0.8715657390444574,2,canonical_with_volume
770,2,0.01587701046550902,0.08057353833591178,0.9035494511985791,2,canonical_with_volume
771,2,0.014314964423316142,0.12935702988318099,0.8563280056935029,2,canonical_with_volume
772,2,0.013660172439704663,0.06807472207655418,0.918265105483741,2,canonical_with_volume
773,2,0.029364669640871338,0.43394495765835317,0.5366903727007755,2,canonical_with_volume
774,2,0.028552891056391718,0.570506613024034,0.40094049591957426,1,canonical_with_volume
776,2,0.02982789343556733,0.244790201458906,0.7253819051055267,2,canonical_with_volume
777,2,0.01713956528881493,0.04921799261639815,0.9336424420947869,2,canonical_with_volume
778,2,0.019351798618442197,0.19018251159242522,0.7904656897891325,2,canonical_with_volume
779,2,0.015419069421488464,0.13627334565812324,0.8483075849203882,2,canonical_with_volume
780,2,0.012355148198798776,0.23793382531451907,0.7497110264866821,2,canonical_with_volume
781,2,0.06010025493468125,0.32415335218902863,0.6157463928762901,2,canonical_with_volume
782,2,0.014885784668532005,0.083862399225602,0.9012518161058659,2,canonical_with_volume
783,2,0.016447264266607045,0.21571775521086817,0.7678349805225249,2,canonical_with_volume
784,2,0.018971880029659747,0.09057320469415539,0.8904549152761847,2,canonical_with_volume
785,2,0.043489233376326396,0.5254702196864796,0.431040546937194,1,canonical_with_volume
786,2,0.02310578034976654,0.4677304220430254,0.5091637976072081,2,canonical_with_volume
787,2,0.02333915594393561,0.06578577639505587,0.9108750676610085,2,canonical_with_volume
788,2,0.016638740677363744,0.12257314469796854,0.8607881146246678,2,canonical_with_volume
790,2,0.03173006739094066,0.4090820496662468,0.5591878829428125,2,canonical_with_volume
791,2,0.021169853428343793,0.144314963810663,0.834515182760993,2,canonical_with_volume
792,2,0.011995663056238861,0.10629125095052767,0.8817130859932334,2,canonical_with_volume
793,2,0.016829379529726837,0.18352096002748716,0.799649660442786,2,canonical_with_volume
794,2,0.03152500763620089,0.07451860676620368,0.8939563855975954,2,canonical_with_volume
795,2,0.02248043456339096,0.26615512434430005,0.711364441092309,2,canonical_with_volume
796,2,0.014956631063517495,0.09188649219671266,0.8931568767397697,2,canonical_with_volume
797,2,0.016514631429448402,0.05488008651743904,0.9286052820531124,2,canonical_with_volume
800,2,0.016740893058799052,0.11794921755971471,0.8653098893814862,2,canonical_with_volume
801,2,0.017025474381923054,0.13555281679023798,0.847421708827839,2,canonical_with_volume
802,2,0.019799047502697984,0.11686452725561444,0.8633364252416876,2,canonical_with_volume
803,2,0.04617216004904337,0.27721315604519137,0.6766146839057652,2,canonical_with_volume
804,2,0.02124459449308793,0.130520687071116,0.848234718435796,2,canonical_with_volume
806,2,0.16020735027874364,0.14382647369874244,0.6959661760225139,2,canonical_with_volume
807,2,0.05583327583234922,0.3041554942495609,0.6400112299180899,2,canonical_with_volume
808,2,0.019962456357818053,0.18090534169136324,0.7991322019508186,2,canonical_with_volume
810,2,0.01898991938005924,0.2415242306191867,0.739485850000754,2,canonical_with_volume
811,2,0.02967465137199796,0.3360445120510193,0.6342808365769828,2,canonical_with_volume
812,2,0.01107564908394914,0.21070555620270648,0.7782187947133443,2,canonical_with_volume
813,2,0.07309889511642564,0.11595243619215223,0.810948668691422,2,canonical_with_volume
814,2,0.01842660985136849,0.2902803956676555,0.6912929944809759,2,canonical_with_volume
815,2,0.041824255474360104,0.5781928268077616,0.37998291771787807,1,canonical_with_volume
816,2,0.022527495550245937,0.05313859095236113,0.9243339134973927,2,canonical_with_volume
817,2,0.017556544736456698,0.10202880765390701,0.8804146476096363,2,canonical_with_volume
818,2,0.015618752795439887,0.06640209422072872,0.9179791529838314,2,canonical_with_volume
821,2,0.02010195885703987,0.22621997840635638,0.7536780627366036,2,canonical_with_volume
823,2,0.025797834035501135,0.3048845124537639,0.6693176535107349,2,canonical_with_volume
824,2,0.014170359793589861,0.050759990200634694,0.9350696500057754,2,canonical_with_volume
825,2,0.08613365097686371,0.09303514145851212,0.8208312075646241,2,canonical_with_volume
826,2,0.014928547780990313,0.09447773559847641,0.8905937166205333,2,canonical_with_volume
828,2,0.04319223621286639,0.2794383115632454,0.677369452223888,2,canonical_with_volume
829,2,0.015258526024133563,0.13781975928680426,0.8469217146890621,2,canonical_with_volume
830,2,0.05399682956135884,0.08180146831274679,0.8642017021258943,2,canonical_with_volume
831,2,0.018224104952794206,0.15085778850416967,0.830918106543036,2,canonical_with_volume
832,2,0.015050579565615188,0.09009989260829762,0.8948495278260871,2,canonical_with_volume
834,2,0.016492859399210854,0.11298138617931941,0.8705257544214696,2,canonical_with_volume
835,2,0.03681289382845749,0.581453793108611,0.38173331306293135,1,canonical_with_volume
836,2,0.037799864673880634,0.4591115674275644,0.5030885678985549,2,canonical_with_volume
837,2,0.02775123121860577,0.256174977797053,0.7160737909843411,2,canonical_with_volume
839,2,0.05429655547167755,0.5293501925213749,0.4163532520069474,1,canonical_with_volume
840,2,0.023036101127368203,0.2453198165021312,0.7316440823705006,2,canonical_with_volume
841,2,0.039335341152095867,0.5039183949420561,0.45674626390584794,1,canonical_with_volume
842,2,0.01837093387058551,0.12230037836254137,0.8593286877668731,2,canonical_with_volume
843,2,0.011956669132964021,0.2638393897851652,0.7242039410818706,2,canonical_with_volume
844,2,0.01564635416799036,0.06753602192862376,0.9168176239033858,2,canonical_with_volume
845,2,0.019256277240533637,0.13916785597318893,0.8415758667862774,2,canonical_with_volume
847,2,0.02473161359802211,0.20409466220037142,0.7711737242016063,2,canonical_with_volume
848,2,0.03720621710986978,0.1953492734764081,0.767444509413722,2,canonical_with_volume
849,2,0.015559766686224724,0.09285844668274575,0.8915817866310296,2,canonical_with_volume
850,2,0.013654479624372527,0.15060936571566858,0.8357361546599589,2,canonical_with_volume
851,2,0.03173971737109025,0.3463075164835454,0.6219527661453643,2,canonical_with_volume
853,2,0.017639622655566598,0.07378031345577583,0.9085800638886575,2,canonical_with_volume
854,2,0.018287104117790193,0.47497279354935673,0.5067401023328529,2,canonical_with_volume
855,2,0.014554787359150868,0.30053124720935465,0.6849139654314945,2,canonical_with_volume
857,2,0.01914743831478872,0.18055698802602965,0.8002955736591817,2,canonical_with_volume
858,2,0.018135873013225372,0.14658882254551134,0.8352753044412632,2,canonical_with_volume
859,2,0.011178706493577363,0.2059044292607635,0.782916864245659,2,canonical_with_volume
860,2,0.014851739352421862,0.3286103453179751,0.6565379153296029,2,canonical_with_volume
862,2,0.015307080396793132,0.09693168064035271,0.8877612389628542,2,canonical_with_volume
863,2,0.025256840595596672,0.037452808829913226,0.9372903505744901,2,canonical_with_volume
864,2,0.031024407709093146,0.15805757515116592,0.8109180171397408,2,canonical_with_volume
865,2,0.04453974073296171,0.06051541193893184,0.8949448473281063,2,canonical_with_volume
867,2,0.1274733948390609,0.3079932621688662,0.5645333429920729,2,canonical_with_volume
869,2,0.016642245619465364,0.3073133120957078,0.6760444422848269,2,canonical_with_volume
870,2,0.02978104670983852,0.3522226397819891,0.6179963135081723,2,canonical_with_volume
871,2,0.02021955700929757,0.17442040580007412,0.8053600371906283,2,canonical_with_volume
872,2,0.01691222389721653,0.25292986930228173,0.7301579068005017,2,canonical_with_volume
873,2,0.026185562990807335,0.3800934485750453,0.5937209884341472,2,canonical_with_volume
874,2,0.030122623822819276,0.06254223458980519,0.9073351415873754,2,canonical_with_volume
875,2,0.05887289282946717,0.5277584341687016,0.4133686730018312,1,canonical_with_volume
876,2,0.02858164526401289,0.35792377008841664,0.6134945846475705,2,canonical_with_volume
878,2,0.015837674686392997,0.06989241763800208,0.9142699076756049,2,canonical_with_volume
879,2,0.0853989402232197,0.21417009374169116,0.7004309660350891,2,canonical_with_volume
880,2,0.011716105963592426,0.16506494361112056,0.8232189504252869,2,canonical_with_volume
881,2,0.02166041988395427,0.44016708004872784,0.5381725000673179,2,canonical_with_volume
882,2,0.02198309477247146,0.4635212572418207,0.5144956479857079,2,canonical_with_volume
883,2,0.021001692007667504,0.20508979157582713,0.7739085164165052,2,canonical_with_volume
884,2,0.011159935074020182,0.10716453051622965,0.8816755344097502,2,canonical_with_volume
885,2,0.06733549912665246,0.06379339028979866,0.8688711105835487,2,canonical_with_volume
887,2,0.03028973453303495,0.5222714499634848,0.4474388155034803,1,canonical_with_volume
888,2,0.03478980998423434,0.1957105100289963,0.7694996799867694,2,canonical_with_volume
889,2,0.032064697020719034,0.17114743367349589,0.7967878693057849,2,canonical_with_volume
890,2,0.018926487618489373,0.16759583042065335,0.8134776819608572,2,canonical_with_volume
891,2,0.021446647183976934,0.1334001790887468,0.8451531737272762,2,canonical_with_volume
892,2,0.08420305968360849,0.20037641783539123,0.7154205224810002,2,canonical_with_volume
893,2,0.0635297915156381,0.07028870571809417,0.8661815027662677,2,canonical_with_volume
895,2,0.02621888348991053,0.0904145435799204,0.8833665729301691,2,canonical_with_volume
898,2,0.056932088434247505,0.3388245043925848,0.6042434071731677,2,canonical_with_volume
899,2,0.02180652730960196,0.17386488931220584,0.8043285833781921,2,canonical_with_volume
901,2,0.014538069153241871,0.09774517924474832,0.8877167516020098,2,canonical_with_volume
902,2,0.018058075768192378,0.1745434974539658,0.8073984267778418,2,canonical_with_volume
903,2,0.08621909207465604,0.11969803232902325,0.7940828755963207,2,canonical_with_volume
904,2,0.012353508699067128,0.09685551885393835,0.8907909724469945,2,canonical_with_volume
905,2,0.013896754842174876,0.13147403061319002,0.854629214544635,2,canonical_with_volume
906,2,0.009947857154052959,0.14004148059659585,0.8500106622493512,2,canonical_with_volume
910,2,0.01709134460613493,0.07160471172861221,0.9113039436652528,2,canonical_with_volume
911,2,0.04230272390252686,0.4672069369760071,0.490490339121466,2,canonical_with_volume
913,2,0.01389242951496513,0.2640544445532147,0.72205312593182,2,canonical_with_volume
914,2,0.028061360446007492,0.36871125414738903,0.6032273854066034,2,canonical_with_volume
915,2,0.030925943247814145,0.5834284507876689,0.38564560596451686,1,canonical_with_volume
916,2,0.02375731879408028,0.30901718208634266,0.667225499119577,2,canonical_with_volume
918,2,0.015851367560449667,0.2405414664209427,0.7436071660186077,2,canonical_with_volume
919,2,0.013880828937744965,0.10037150900402977,0.8857476620582252,2,canonical_with_volume
920,2,0.0852645491347746,0.5711157143542012,0.3436197365110243,1,canonical_with_volume
921,2,0.021468047512437662,0.30941231048091555,0.6691196420066466,2,canonical_with_volume
922,2,0.018983358453084413,0.1569858690126462,0.8240307725342694,2,canonical_with_volume
923,2,0.03332999394941234,0.15448924360725913,0.8121807624433284,2,canonical_with_volume
924,2,0.02087826862376427,0.2521462421036369,0.7269754892725988,2,canonical_with_volume
925,2,0.054618060318951764,0.24633382911124968,0.6990481105697984,2,canonical_with_volume
926,2,0.017374055855781927,0.073526421847731,0.9090995222964869,2,canonical_with_volume
927,2,0.036235121096317505,0.375935725048167,0.5878291538555155,2,canonical_with_volume
928,2,0.018669922182502425,0.12770661190038338,0.853623465917114,2,canonical_with_volume
930,2,0.03210402190169752,0.4804245095822163,0.48747146851608625,2,canonical_with_volume
932,2,0.02189026557975325,0.14699557755154888,0.8311141568686978,2,canonical_with_volume
933,2,0.010413164836458901,0.09851397981576725,0.8910728553477738,2,canonical_with_volume
934,2,0.01914055529814124,0.18591115429562796,0.7949482904062307,2,canonical_with_volume
937,2,0.06482513132587032,0.4588118560835642,0.47636301259056546,2,canonical_with_volume
938,2,0.026010613269814655,0.11487702357025971,0.8591123631599256,2,canonical_with_volume
939,2,0.04357666435829422,0.35421299085873215,0.6022103447829735,2,canonical_with_volume
940,2,0.03059010284871958,0.23879150561301166,0.7306183915382688,2,canonical_with_volume
941,2,0.027754360508913084,0.31580628407200045,0.6564393554190864,2,canonical_with_volume
942,2,0.00984470875023177,0.16515338124421236,0.8250019100055558,2,canonical_with_volume
943,2,0.02007118472847412,0.4140035782484047,0.5659252370231211,2,canonical_with_volume
944,2,0.029703315045386695,0.44726102612770746,0.5230356588269058,2,canonical_with_volume
945,2,0.033644467315388546,0.2382822738873612,0.72807325879725,2,canonical_with_volume
946,2,0.0159218382246447,0.17189723861232684,0.8121809231630284,2,canonical_with_volume
947,2,0.022292843811428084,0.11277393916089463,0.8649332170276773,2,canonical_with_volume
948,2,0.052770779807690904,0.5491182677209304,0.3981109524713786,1,canonical_with_volume
949,2,0.019769682617186434,0.3468421839372744,0.6333881334455391,2,canonical_with_volume
950,2,0.01728924705536737,0.06801681657746744,0.9146939363671651,2,canonical_with_volume
952,2,0.021359871902590546,0.15552640326740283,0.8231137248300064,2,canonical_with_volume
953,2,0.01745739421419498,0.22857401053287144,0.7539685952529334,2,canonical_with_volume
954,2,0.017159863667874774,0.07683669432975379,0.9060034420023715,2,canonical_with_volume
955,2,0.018980311336860442,0.21731432360956474,0.7637053650535748,2,canonical_with_volume
956,2,0.08999728183831136,0.1724322462348747,0.737570471926814,2,canonical_with_volume
957,2,0.0530159125856907,0.06270260164143476,0.8842814857728745,2,canonical_with_volume
959,2,0.09678407679996402,0.27601824556791527,0.6271976776321206,2,canonical_with_volume
960,2,0.016243465443565662,0.2784265411848831,0.7053299933715511,2,canonical_with_volume
961,2,0.014781062651753817,0.05307395388773201,0.9321449834605141,2,canonical_with_volume
962,2,0.037029786852209014,0.1247486928074115,0.8382215203403794,2,canonical_with_volume
963,2,0.01735119216969702,0.1942816174462605,0.7883671903840423,2,canonical_with_volume
964,2,0.012414716509303102,0.1817508772304547,0.8058344062602422,2,canonical_with_volume
965,2,0.013008904193198344,0.3212519723422244,0.6657391234645772,2,canonical_with_volume
966,2,0.01359746337392342,0.08301381975033503,0.9033887168757415,2,canonical_with_volume
967,2,0.02717168852555479,0.09655186744327326,0.876276444031172,2,canonical_with_volume
969,2,0.04643187965232468,0.525063544850462,0.4285045754972132,1,canonical_with_volume
970,2,0.02482590809739177,0.3138063247560507,0.6613677671465574,2,canonical_with_volume
971,2,0.04240757210156437,0.7397360952808965,0.21785633261753898,1,canonical_with_volume
972,2,0.058859745056348285,0.36191987084085353,0.5792203841027981,2,canonical_with_volume
973,2,0.017234778938057197,0.3751186497672595,0.6076465712946831,2,canonical_with_volume
974,2,0.04542811540659007,0.45368523648338566,0.5008866481100243,2,canonical_with_volume
976,2,0.013809930791320646,0.06038054755392549,0.9258095216547539,2,canonical_with_volume
977,2,0.01499209384108345,0.3932573015534343,0.5917506046054822,2,canonical_with_volume
978,2,0.013172391992536413,0.18104892251742247,0.8057786854900411,2,canonical_with_volume
979,2,0.05303040815872355,0.20858490747671488,0.7383846843645616,2,canonical_with_volume
980,2,0.04767572350522427,0.4910253745440927,0.461298901950683,1,canonical_with_volume
981,2,0.01707806848318322,0.10177242454150216,0.8811495069753145,2,canonical_with_volume
982,2,0.014968319741321491,0.0750508623088704,0.909980817949808,2,canonical_with_volume
983,2,0.01685697243310346,0.08012854593480083,0.9030144816320957,2,canonical_with_volume
984,2,0.01947162751001809,0.21721146644685618,0.7633169060431256,2,canonical_with_volume
985,2,0.027785737586883963,0.12207974621657976,0.8501345161965362,2,canonical_with_volume
986,2,0.018133064966391065,0.16353902790099523,0.8183279071326137,2,canonical_with_volume
987,2,0.021855792268155736,0.11769831967448266,0.8604458880573616,2,canonical_with_volume
988,2,0.018977693896349814,0.38324941188910544,0.5977728942145447,2,canonical_with_volume
989,2,0.024717627798543543,0.09377709466191639,0.8815052775395401,2,canonical_with_volume
990,2,0.022496940466548813,0.3145750601323569,0.6629279994010941,2,canonical_with_volume
992,2,0.03596089003453464,0.24676525531649268,0.7172738546489726,2,canonical_with_volume
995,2,0.02884143606044149,0.12390853321187381,0.8472500307276848,2,canonical_with_volume
998,2,0.01833328504574851,0.05485581499632239,0.9268108999579291,2,canonical_with_volume
999,2,0.0307731821643064,0.13608000276393942,0.8331468150717541,2,canonical_with_volume
MOFs_0,0,0.6726628043326611,0.24311207637347146,0.0842251192938673,0,canonical_with_volume
MOFs_1,0,0.7058883119304935,0.20972373545175657,0.08438795261774996,0,canonical_with_volume
MOFs_2,0,0.7241212736629818,0.21610672679105014,0.05977199954596799,0,canonical_with_volume
MOFs_6,0,0.7804305891882957,0.12324257108139422,0.09632683973031009,0,canonical_with_volume
MOFs_8,0,0.7398744398106687,0.16994381561976785,0.09018174456956338,0,canonical_with_volume
MOFs_9,0,0.7426802092935899,0.17195105079826362,0.08536873990814635,0,canonical_with_volume
MOFs_10,0,0.8011050164880908,0.15353331342139018,0.04536167009051893,0,canonical_with_volume
MOFs_11,0,0.7458457722216123,0.2012909467723294,0.05286328100605821,0,canonical_with_volume
MOFs_12,0,0.7600703980883471,0.19366529592017617,0.04626430599147659,0,canonical_with_volume
MOFs_13,0,0.7946094593376256,0.1525147879892964,0.052875752673078126,0,canonical_with_volume
MOFs_14,0,0.7963758615473003,0.1576440069221355,0.04598013153056414,0,canonical_with_volume
MOFs_15,0,0.6578812415882614,0.26721184714462315,0.07490691126711532,0,canonical_with_volume
MOFs_16,0,0.7763378021944696,0.17645737605943337,0.04720482174609697,0,canonical_with_volume
MOFs_17,0,0.7974196331600035,0.15455159007090252,0.04802877676909383,0,canonical_with_volume
MOFs_18,0,0.7234814323366916,0.1936783953230871,0.08284017234022124,0,canonical_with_volume
MOFs_19,0,0.7105807533196086,0.22550853753005123,0.06391070915034021,0,canonical_with_volume
MOFs_20,0,0.7176615685786817,0.2209609005634526,0.061377530857865556,0,canonical_with_volume
MOFs_21,0,0.6274720191998925,0.2798314791300267,0.09269650167008085,0,canonical_with_volume
MOFs_23,0,0.7490210865118467,0.16551930077088148,0.08545961271727177,0,canonical_with_volume
MOFs_24,0,0.7375367318611847,0.15604433784698457,0.10641893029183055,0,canonical_with_volume
MOFs_25,0,0.7348644016232161,0.20890545810337016,0.05623014027341368,0,canonical_with_volume
MOFs_26,0,0.7190676181819872,0.21890274503004326,0.06202963678796955,0,canonical_with_volume
MOFs_27,0,0.7655312055466694,0.17162202975546897,0.06284676469786171,0,canonical_with_volume
MOFs_28,0,0.7621175671493228,0.18769720632211656,0.05018522652856062,0,canonical_with_volume
MOFs_29,0,0.7478565721446728,0.19203516309656105,0.06010826475876608,0,canonical_with_volume
MOFs_30,0,0.7318032300619012,0.2020630268391247,0.06613374309897414,0,canonical_with_volume
MOFs_31,0,0.782753110290121,0.16616717536224043,0.05107971434763858,0,canonical_with_volume
MOFs_32,0,0.7778549252357101,0.17134221139285966,0.05080286337143012,0,canonical_with_volume
MOFs_35,0,0.6522284701589561,0.29536377392276164,0.05240775591828225,0,canonical_with_volume
MOFs_36,0,0.5293467283966746,0.3999656600220803,0.07068761158124506,0,canonical_with_volume
MOFs_37,0,0.6669715907933486,0.28086526711945653,0.05216314208719487,0,canonical_with_volume
MOFs_38,0,0.6249114444626102,0.31952871726260884,0.05555983827478093,0,canonical_with_volume
MOFs_40,0,0.8181931325869061,0.08591144796322628,0.09589541944986762,0,canonical_with_volume
MOFs_41,0,0.7851300585558187,0.12434074425874353,0.09052919718543759,0,canonical_with_volume
MOFs_42,0,0.8107343918200327,0.12231193890865377,0.06695366927131358,0,canonical_with_volume
MOFs_43,0,0.8159176578541029,0.08570879818781064,0.09837354395808635,0,canonical_with_volume
MOFs_44,0,0.835140668728416,0.07624886833417391,0.0886104629374099,0,canonical_with_volume
MOFs_45,0,0.7773291552017032,0.12425008286697278,0.09842076193132401,0,canonical_with_volume
MOFs_46,0,0.7329167585352776,0.07938359885886276,0.18769964260585953,0,canonical_with_volume
MOFs_47,2,0.7530416906432137,0.10205960606899324,0.144898703287793,0,canonical_with_volume
MOFs_50,0,0.7994982393014524,0.12313077501499456,0.07737098568355305,0,canonical_with_volume
MOFs_51,0,0.7862972709745737,0.0960750936506678,0.1176276353747583,0,canonical_with_volume
MOFs_52,0,0.7591667820728171,0.11814753369109018,0.12268568423609269,0,canonical_with_volume
MOFs_53,0,0.7710723619451902,0.14500024310362467,0.08392739495118516,0,canonical_with_volume
MOFs_54,0,0.7905025396762657,0.14046863938214066,0.06902882094159356,0,canonical_with_volume
MOFs_55,0,0.8414184615797509,0.1036225294651013,0.054959008955147916,0,canonical_with_volume
MOFs_56,0,0.8081039566475472,0.11811011733195476,0.07378592602049794,0,canonical_with_volume
MOFs_57,0,0.8183262011957704,0.12345394333707878,0.058219855467150805,0,canonical_with_volume
MOFs_58,0,0.8437359256688359,0.08340963445040274,0.07285443988076139,0,canonical_with_volume
MOFs_59,0,0.7251270403494021,0.18367626316056987,0.09119669649002807,0,canonical_with_volume
MOFs_60,0,0.808892286197908,0.12463819594529804,0.0664695178567939,0,canonical_with_volume
MOFs_61,0,0.7523341483576649,0.16927785684152186,0.07838799480081324,0,canonical_with_volume
MOFs_63,0,0.8363747532535546,0.0803743949236389,0.08325085182280634,0,canonical_with_volume
MOFs_64,0,0.8313574111001965,0.10416988124065876,0.06447270765914488,0,canonical_with_volume
MOFs_65,0,0.7764493391852024,0.14605775472413896,0.07749290609065854,0,canonical_with_volume
MOFs_72,0,0.5947468184951041,0.20290852918555732,0.20234465231933849,0,canonical_with_volume
MOFs_73,0,0.6056006777333749,0.22849928836189548,0.1659000339047296,0,canonical_with_volume
MOFs_74,0,0.7550351614441226,0.15082679774580646,0.0941380408100709,0,canonical_with_volume
MOFs_75,0,0.7668970117342871,0.1442247967968992,0.08887819146881351,0,canonical_with_volume
MOFs_76,0,0.7941297586897609,0.12074939114409153,0.08512085016614737,0,canonical_with_volume
MOFs_77,0,0.7851586537939201,0.09927126483534393,0.11557008137073584,0,canonical_with_volume
MOFs_78,0,0.7771206504240173,0.08919830532186823,0.13368104425411437,0,canonical_with_volume
MOFs_79,0,0.6071241825903416,0.055331777925788764,0.3375440394838695,0,canonical_with_volume
MOFs_80,0,0.8098086826480598,0.0956044173188183,0.09458690003312178,0,canonical_with_volume
MOFs_81,0,0.7560164613674297,0.11097103107503004,0.13301250755754027,0,canonical_with_volume
MOFs_82,0,0.8188269563099151,0.06335833816842765,0.11781470552165704,0,canonical_with_volume
MOFs_83,0,0.7496826722148076,0.11279881792343652,0.13751850986175584,0,canonical_with_volume
MOFs_84,0,0.8023667887981457,0.07644770261834993,0.12118550858350416,0,canonical_with_volume
MOFs_85,0,0.72893590904945,0.10202032925785806,0.16904376169269197,0,canonical_with_volume
MOFs_86,0,0.7212675632093635,0.0967585821739891,0.18197385461664745,0,canonical_with_volume
MOFs_87,0,0.7556169658800802,0.09137451109687414,0.15300852302304552,0,canonical_with_volume
MOFs_88,0,0.7884660020103723,0.0683881093535892,0.14314588863603855,0,canonical_with_volume
MOFs_89,0,0.7788120664337395,0.057996210107057765,0.16319172345920283,0,canonical_with_volume
MOFs_90,0,0.7308704730123609,0.11213248579754306,0.15699704119009603,0,canonical_with_volume
MOFs_91,0,0.7550891419840832,0.13735935350181422,0.10755150451410256,0,canonical_with_volume
MOFs_92,0,0.3908204901090822,0.06991113254844301,0.5392683773424748,2,canonical_with_volume
MOFs_93,2,0.5608004300260624,0.16667478286041043,0.2725247871135272,0,canonical_with_volume
MOFs_94,0,0.5349382817709074,0.24220529232913068,0.22285642589996182,0,canonical_with_volume
MOFs_95,0,0.6389402645659952,0.17875457678957862,0.1823051586444262,0,canonical_with_volume
MOFs_96,0,0.4893730801114736,0.10092825045425691,0.40969866943426936,0,canonical_with_volume
MOFs_97,0,0.5590090931906331,0.11559081826094927,0.3254000885484176,0,canonical_with_volume
MOFs_98,1,0.656305128671637,0.18934402729282301,0.15435084403553992,0,canonical_with_volume
MOFs_99,0,0.7716027001806005,0.07340359983568193,0.15499369998371745,0,canonical_with_volume
MOFs_101,0,0.7312995432450156,0.10385122656908992,0.16484923018589445,0,canonical_with_volume
MOFs_103,0,0.7673551920219526,0.09342465867174941,0.13922014930629797,0,canonical_with_volume
MOFs_104,0,0.7784071594259423,0.09832307176793373,0.12326976880612392,0,canonical_with_volume
MOFs_105,0,0.8142029092017017,0.11127348925629535,0.07452360154200285,0,canonical_with_volume
MOFs_106,2,0.8156292313914569,0.07400832873387714,0.11036243987466585,0,canonical_with_volume
MOFs_107,0,0.8381628095558805,0.10459009877943157,0.057247091664687985,0,canonical_with_volume
MOFs_108,2,0.7711205618174518,0.11288132700365577,0.11599811117889242,0,canonical_with_volume
MOFs_109,2,0.7798566894187936,0.13727263031102102,0.08287068027018527,0,canonical_with_volume
MOFs_110,2,0.7486589649991655,0.17336162822882387,0.07797940677201051,0,canonical_with_volume
MOFs_111,0,0.8386951608680075,0.0896513378314164,0.07165350130057599,0,canonical_with_volume
MOFs_112,0,0.8549662244407847,0.07851853694546304,0.06651523861375222,0,canonical_with_volume
MOFs_132,1,0.7808630234548355,0.13832219221958467,0.08081478432557973,0,canonical_with_volume
MOFs_133,0,0.736354270736282,0.1746804553732335,0.08896527389048432,0,canonical_with_volume
MOFs_134,0,0.8343413154492197,0.0928704046114699,0.0727882799393102,0,canonical_with_volume
MOFs_135,2,0.8806993498782777,0.05252609325107038,0.06677455687065192,0,canonical_with_volume
MOFs_136,0,0.8848575226661695,0.05592868048325287,0.059213796850577594,0,canonical_with_volume
MOFs_137,1,0.8421946963257841,0.07949844084941968,0.07830686282479621,0,canonical_with_volume
MOFs_138,0,0.8441534591323046,0.07176964060171909,0.0840769002659763,0,canonical_with_volume
MOFs_139,2,0.7857496688405484,0.11601753152655918,0.09823279963289236,0,canonical_with_volume
MOFs_140,1,0.689316059853243,0.14216255130654837,0.1685213888402086,0,canonical_with_volume
MOFs_141,2,0.8888279175021172,0.06085596940323901,0.05031611309464373,0,canonical_with_volume
MOFs_142,2,0.8966958289538467,0.05419596708221827,0.04910820396393498,0,canonical_with_volume
MOFs_143,0,0.8640247379946884,0.07822841848032219,0.05774684352498918,0,canonical_with_volume
MOFs_144,1,0.8858394551351114,0.060944229753000734,0.05321631511188772,0,canonical_with_volume
MOFs_145,0,0.8865328345888079,0.05694613949050489,0.056521025920687265,0,canonical_with_volume
MOFs_146,2,0.7926284396559927,0.10914803171010519,0.09822352863390207,0,canonical_with_volume
MOFs_148,2,0.8289891726839235,0.09407236720219077,0.07693846011388576,0,canonical_with_volume
MOFs_149,0,0.8320728821166864,0.08511664416423553,0.08281047371907783,0,canonical_with_volume
MOFs_150,1,0.8436416266914853,0.06944005110186503,0.08691832220664962,0,canonical_with_volume
MOFs_151,0,0.8365345684101997,0.07549781946125471,0.08796761212854552,0,canonical_with_volume
MOFs_152,2,0.7093387272964642,0.11862725494387749,0.17203401775965818,0,canonical_with_volume
MOFs_153,2,0.7055630017590504,0.14463602722063254,0.1498009710203171,0,canonical_with_volume
MOFs_154,0,0.8464753834942351,0.10719564420045921,0.04632897230530567,0,canonical_with_volume
MOFs_155,0,0.8303158679631277,0.12467371046750743,0.04501042156936464,0,canonical_with_volume
MOFs_156,0,0.7812683926529038,0.1735020059415503,0.04522960140554574,0,canonical_with_volume
MOFs_157,0,0.7967703304579921,0.15902944128030627,0.0442002282617015,0,canonical_with_volume
MOFs_158,0,0.7909211943976734,0.16573516613389322,0.04334363946843333,0,canonical_with_volume
MOFs_160,0,0.7744044261655161,0.1906529636950547,0.03494261013942913,0,canonical_with_volume
MOFs_163,0,0.6597692903468664,0.1333247396742993,0.20690596997883434,0,canonical_with_volume
MOFs_164,0,0.8177609152241418,0.12016338827941447,0.062075696496443615,0,canonical_with_volume
MOFs_165,0,0.7811282545028292,0.16364507862895827,0.055226666868212565,0,canonical_with_volume
MOFs_166,2,0.770483353777825,0.13649094721423013,0.09302569900794491,0,canonical_with_volume
MOFs_167,0,0.6341974661454473,0.09156225204971871,0.27424028180483406,0,canonical_with_volume
MOFs_168,0,0.8234424692382644,0.1319937643929034,0.04456376636883212,0,canonical_with_volume
MOFs_169,0,0.8362735604329292,0.11000015665635487,0.053726282910715885,0,canonical_with_volume
MOFs_170,0,0.7241776679500642,0.10471025977967535,0.17111207227026032,0,canonical_with_volume
MOFs_171,0,0.735329840978138,0.10978824871500248,0.15488191030685947,0,canonical_with_volume
MOFs_172,0,0.37126517633798783,0.2314815277921079,0.3972532958699042,2,canonical_with_volume
MOFs_173,0,0.6446018422727056,0.19463774338032974,0.16076041434696461,0,canonical_with_volume
MOFs_174,0,0.5650628370530917,0.2093876672665177,0.2255494956803906,0,canonical_with_volume
MOFs_175,0,0.6835952779335783,0.161540469029945,0.15486425303647658,0,canonical_with_volume
MOFs_176,0,0.5634109544556619,0.17242940093223655,0.26415964461210156,0,canonical_with_volume
MOFs_177,0,0.48660545571972846,0.35221437236395897,0.16118017191631256,0,canonical_with_volume
MOFs_178,0,0.6583970526518228,0.15755670670972388,0.1840462406384531,0,canonical_with_volume
MOFs_179,0,0.7061204083114561,0.12989320266365392,0.16398638902489,0,canonical_with_volume
MOFs_180,0,0.7508809477225684,0.14142007611789156,0.10769897615953997,0,canonical_with_volume
MOFs_181,0,0.7513728244329981,0.1335549481105293,0.11507222745647251,0,canonical_with_volume
MOFs_182,0,0.5983902109445228,0.13397039086103785,0.2676393981944393,0,canonical_with_volume
MOFs_183,0,0.7416019816000043,0.10688177795504827,0.15151624044494727,0,canonical_with_volume
MOFs_184,0,0.5646091905947404,0.08189103507195415,0.35349977433330554,0,canonical_with_volume
MOFs_185,0,0.7043257120657238,0.19007311914519195,0.10560116878908411,0,canonical_with_volume
MOFs_186,0,0.6207906933433891,0.2241509051482856,0.15505840150832537,0,canonical_with_volume
MOFs_187,0,0.40239481453832154,0.12177838351403619,0.47582680194764226,2,canonical_with_volume
MOFs_188,2,0.296432372840128,0.09780811265770042,0.6057595145021715,2,canonical_with_volume
MOFs_189,0,0.5422933886965278,0.28463988135752577,0.17306672994594632,0,canonical_with_volume
MOFs_190,2,0.5886449889390418,0.2515597203298604,0.15979529073109766,0,canonical_with_volume
MOFs_191,2,0.5412260545387082,0.2921197148458212,0.16665423061547052,0,canonical_with_volume
MOFs_192,2,0.35567547386998205,0.3794418098083652,0.26488271632165267,1,canonical_with_volume
MOFs_193,2,0.5522733675169638,0.22980572199499205,0.2179209104880441,0,canonical_with_volume
MOFs_194,0,0.5897227403614115,0.28932410980782214,0.12095314983076635,0,canonical_with_volume
MOFs_195,2,0.642145101425049,0.2351424990797571,0.12271239949519389,0,canonical_with_volume
MOFs_196,0,0.6880820730799517,0.14820162087137745,0.16371630604867077,0,canonical_with_volume
MOFs_197,0,0.6863195639178763,0.15559698080286732,0.1580834552792563,0,canonical_with_volume
MOFs_203,0,0.5982320164108281,0.25563241518854674,0.14613556840062508,0,canonical_with_volume
MOFs_204,0,0.5148641987681446,0.2631157117614662,0.2220200894703892,0,canonical_with_volume
MOFs_205,0,0.2799935954303808,0.11988521577094474,0.6001211887986744,2,canonical_with_volume
MOFs_206,2,0.24377110140868527,0.10599847634185255,0.6502304222494621,2,canonical_with_volume
MOFs_207,2,0.6014841506490078,0.2736562779381408,0.12485957141285135,0,canonical_with_volume
MOFs_209,0,0.6591428188492281,0.2121112709241667,0.1287459102266052,0,canonical_with_volume
MOFs_211,0,0.5846719240482087,0.2432474754987688,0.1720806004530224,0,canonical_with_volume
MOFs_212,0,0.621827126470802,0.22233461076394467,0.15583826276525342,0,canonical_with_volume
MOFs_214,0,0.3334780368474058,0.13146387774354992,0.5350580854090442,2,canonical_with_volume
MOFs_217,0,0.7193925911593327,0.18435608689344302,0.09625132194722423,0,canonical_with_volume
MOFs_218,0,0.7743120078167199,0.13704467717685148,0.08864331500642852,0,canonical_with_volume
MOFs_219,0,0.7795183011986558,0.14520957005171298,0.07527212874963114,0,canonical_with_volume
MOFs_220,0,0.5305813930444834,0.22847669716411378,0.2409419097914029,0,canonical_with_volume
MOFs_221,0,0.7124488180294319,0.20049948084676403,0.08705170112380392,0,canonical_with_volume
MOFs_222,0,0.6559636319245409,0.24687112838691283,0.09716523968854615,0,canonical_with_volume
MOFs_223,0,0.5403386704822565,0.22299164211498468,0.23666968740275887,0,canonical_with_volume
MOFs_224,0,0.699644211085923,0.17386838746550945,0.12648740144856746,0,canonical_with_volume
MOFs_225,0,0.6319022934271493,0.2026359771776022,0.16546172939524845,0,canonical_with_volume
MOFs_226,0,0.7577402739576137,0.16042692707461026,0.08183279896777604,0,canonical_with_volume
MOFs_227,0,0.6891192932970129,0.22602996961380362,0.08485073708918336,0,canonical_with_volume
MOFs_228,0,0.5880972553591389,0.13161275898049746,0.28028998566036356,0,canonical_with_volume
MOFs_229,0,0.6298823410172282,0.15364866809508432,0.2164689908876874,0,canonical_with_volume
MOFs_230,0,0.6082235730270746,0.12610521894268978,0.2656712080302356,0,canonical_with_volume
MOFs_231,0,0.7397939172780066,0.16962753621130794,0.09057854651068543,0,canonical_with_volume
MOFs_232,0,0.728908713308835,0.15043473279749098,0.1206565538936739,0,canonical_with_volume
MOFs_233,0,0.6450831822996784,0.25850281973975986,0.09641399796056166,0,canonical_with_volume
MOFs_234,0,0.7929166529936283,0.16081781948539792,0.046265527520973626,0,canonical_with_volume
MOFs_235,0,0.8432158289783442,0.09742264318723332,0.059361527834422396,0,canonical_with_volume
MOFs_236,0,0.8351898573122534,0.10441203535036901,0.06039810733737759,0,canonical_with_volume
MOFs_237,0,0.8339353013523212,0.10889294707510266,0.057171751572576035,0,canonical_with_volume
MOFs_238,0,0.650262497486993,0.18810896689395257,0.16162853561905427,0,canonical_with_volume
MOFs_239,0,0.8077780148818232,0.12507904677870876,0.06714293833946805,0,canonical_with_volume
MOFs_240,0,0.790852580274469,0.14172733317585434,0.06742008654967645,0,canonical_with_volume
MOFs_241,0,0.7553990199124797,0.17158245475125844,0.07301852533626173,0,canonical_with_volume
MOFs_242,0,0.7662252883101534,0.1513338857271215,0.08244082596272499,0,canonical_with_volume
MOFs_243,0,0.7160420252066056,0.16478291121500066,0.11917506357839361,0,canonical_with_volume
MOFs_244,0,0.7127587766200674,0.18267564322070018,0.10456558015923234,0,canonical_with_volume
MOFs_245,0,0.7493729183888613,0.16784946257908373,0.08277761903205483,0,canonical_with_volume
MOFs_246,0,0.8204226381610311,0.12028697268950525,0.05929038914946365,0,canonical_with_volume
MOFs_247,0,0.7882922590667257,0.1436613454282226,0.06804639550505155,0,canonical_with_volume
MOFs_248,0,0.6828887193724358,0.1395193972371398,0.1775918833904243,0,canonical_with_volume
MOFs_249,0,0.782777451238519,0.14157466095294208,0.07564788780853879,0,canonical_with_volume
MOFs_250,0,0.7788952698573613,0.15517711064241116,0.06592761950022742,0,canonical_with_volume
MOFs_251,0,0.7456041887429254,0.16334449879349006,0.0910513124635845,0,canonical_with_volume
MOFs_252,0,0.5866205632631702,0.13784658750659468,0.2755328492302349,0,canonical_with_volume
MOFs_253,2,0.7826103024187954,0.13108924029092742,0.08630045729027715,0,canonical_with_volume
MOFs_254,2,0.6830344267751974,0.1397073901510735,0.17725818307372904,0,canonical_with_volume
MOFs_255,2,0.6010433714387097,0.10588745468477578,0.29306917387651443,0,canonical_with_volume
MOFs_256,2,0.3324083948743897,0.09354563245644143,0.5740459726691687,2,canonical_with_volume
MOFs_257,1,0.6605996113912991,0.12998753080793032,0.20941285780077049,0,canonical_with_volume
MOFs_258,0,0.618899179569625,0.09078283490008743,0.29031798553028754,0,canonical_with_volume
MOFs_259,2,0.6591720058147179,0.100434277952011,0.240393716233271,0,canonical_with_volume
MOFs_260,2,0.4099013627181719,0.09162145622007409,0.498477181061754,2,canonical_with_volume
MOFs_261,0,0.7524857217058882,0.10643055180213393,0.14108372649197784,0,canonical_with_volume
MOFs_262,0,0.7595386410537202,0.08788307078092045,0.15257828816535923,0,canonical_with_volume
MOFs_265,0,0.746807688924682,0.10767152092007602,0.14552079015524194,0,canonical_with_volume
MOFs_267,0,0.6590050587810908,0.18954907689965944,0.1514458643192496,0,canonical_with_volume
MOFs_268,2,0.5265574988439239,0.15081040450234817,0.32263209665372783,0,canonical_with_volume
MOFs_269,0,0.14866207901120007,0.054775677566771215,0.7965622434220286,2,canonical_with_volume
MOFs_270,0,0.3878118851307363,0.11690799698337923,0.49528011788588444,2,canonical_with_volume
MOFs_271,0,0.21949824552338423,0.07468785502649151,0.7058138994501241,2,canonical_with_volume
MOFs_272,0,0.16863255993193146,0.05779463954532049,0.773572800522748,2,canonical_with_volume
MOFs_273,0,0.19193269909520172,0.05579691984499183,0.7522703810598064,2,canonical_with_volume
MOFs_274,0,0.3570691797596606,0.11466881942989783,0.5282620008104415,2,canonical_with_volume
MOFs_275,0,0.19188317529963372,0.12848513265006395,0.6796316920503023,2,canonical_with_volume
MOFs_276,0,0.212548098309139,0.13979921874503706,0.6476526829458239,2,canonical_with_volume
MOFs_277,0,0.15412012971875577,0.049824361374230054,0.7960555089070142,2,canonical_with_volume
MOFs_278,2,0.4940765879497212,0.1869200665880178,0.31900334546226095,0,canonical_with_volume
MOFs_279,0,0.6713435470348659,0.17766108244096862,0.1509953705241656,0,canonical_with_volume
MOFs_280,0,0.7141452944785467,0.16479861208763472,0.12105609343381846,0,canonical_with_volume
MOFs_295,0,0.7874675250799665,0.17970158171619335,0.03283089320383994,0,canonical_with_volume
MOFs_296,0,0.8036568398865033,0.16050684640889396,0.0358363137046027,0,canonical_with_volume
MOFs_298,0,0.6960118333413006,0.1216695018492254,0.1823186648094741,0,canonical_with_volume
MOFs_299,0,0.7380534051488641,0.10862599569017123,0.15332059916096472,0,canonical_with_volume
MOFs_300,0,0.7846480368216843,0.09691205686278592,0.11843990631552981,0,canonical_with_volume
MOFs_301,0,0.6823195655084263,0.16867078372092803,0.14900965077064554,0,canonical_with_volume
MOFs_302,2,0.6865088108238208,0.2460563443640031,0.06743484481217611,0,canonical_with_volume
MOFs_307,0,0.6919117025253481,0.14873838347183366,0.15934991400281823,0,canonical_with_volume
MOFs_308,0,0.6962151579370772,0.15719601299859068,0.14658882906433218,0,canonical_with_volume
MOFs_309,0,0.7305339103121977,0.14864897901533658,0.12081711067246576,0,canonical_with_volume
MOFs_310,0,0.6498288374415038,0.20097555694032104,0.14919560561817508,0,canonical_with_volume
MOFs_312,1,0.7866538424718974,0.17565665172378164,0.0376895058043209,0,canonical_with_volume
MOFs_326,0,0.5634593977857916,0.1135234755889394,0.32301712662526916,0,canonical_with_volume
CurcumineMOFs_327,1,0.6520323798167872,0.14147499088315374,0.20649262930005907,0,canonical_with_volume
CurcumineMOFs_329,0,0.6954149348672913,0.14310352955713682,0.16148153557557174,0,canonical_with_volume
CurcumineMOFs_334,0,0.6576873438695001,0.12408013485954263,0.21823252127095727,0,canonical_with_volume
CurcumineMOFs_335,0,0.44444771128312677,0.3053153351008129,0.25023695361606035,0,canonical_with_volume
CurcumineMOFs_338,1,0.6758009382290571,0.15696466412169618,0.16723439764924666,0,canonical_with_volume
CurcumineMOFs_339,0,0.4905565981510407,0.27247366614199237,0.236969735706967,0,canonical_with_volume
Organometallica_363,1,0.053780280392301164,0.7463422355379004,0.1998774840697985,1,canonical_with_volume
Organometallica_370,1,0.08538845534851319,0.7448005521712152,0.16981099248027154,1,canonical_with_volume
Organometallica_372,2,0.11906826160622666,0.7878252215868969,0.09310651680687643,1,canonical_with_volume
Organometallica_373,1,0.1817521303938311,0.6468705403204145,0.17137732928575444,1,canonical_with_volume
Organometallica_380,1,0.1253091088973009,0.7311865782783773,0.14350431282432177,1,canonical_with_volume
Organometallica_381,0,0.08933559177038689,0.7564168701840466,0.15424753804556646,1,canonical_with_volume
Organometallica_382,1,0.22475034149510642,0.6306332589305556,0.14461639957433797,1,canonical_with_volume
Organometallica_384,1,0.1404925162991022,0.7132596861047573,0.14624779759614046,1,canonical_with_volume
Organometallica_385,1,0.28698687464422207,0.6499310937980525,0.06308203155772539,1,canonical_with_volume
Organometallica_387,1,0.12643443140829613,0.7696393820122305,0.10392618657947329,1,canonical_with_volume
Organometallica_389,1,0.10199308497852315,0.8158675752991669,0.08213933972230997,1,canonical_with_volume
Organometallica_390,1,0.04957153499578476,0.7867855316517832,0.16364293335243213,1,canonical_with_volume
Organometallica_391,1,0.2111357617636869,0.7249642760532498,0.06389996218306326,1,canonical_with_volume
Organometallica_392,1,0.09879559787427535,0.8069987410476331,0.09420566107809146,1,canonical_with_volume
Organometallica_393,1,0.19056812983612387,0.7051089005673812,0.10432296959649487,1,canonical_with_volume
Organometallica_394,2,0.09870907083432748,0.8060493802080986,0.09524154895757383,1,canonical_with_volume
Organometallica_396,1,0.09863026834522123,0.8069430767823865,0.09442665487239212,1,canonical_with_volume
Organometallica_398,1,0.1942739032187077,0.6690417734269328,0.13668432335435943,1,canonical_with_volume
Organometallica_399,2,0.49034661566536414,0.39857458827512393,0.11107879605951188,0,canonical_with_volume
Organometallica_400,0,0.5550467525921681,0.3335239236101536,0.11142932379767823,0,canonical_with_volume
Organometallica_401,0,0.5895468576765377,0.3392390695666024,0.07121407275685986,0,canonical_with_volume
LitNeg_1,1,0.6360900578400693,0.0660266887436148,0.2978832534163158,0,canonical_with_volume
LitNeg_2,1,0.11761078529944013,0.11443062274399951,0.7679585919565604,2,canonical_with_volume
LitNeg_4,1,0.25719395740861106,0.195299984659483,0.5475060579319059,2,canonical_with_volume
LitNeg_5,1,0.22420447371331498,0.05717604777965804,0.718619478507027,2,canonical_with_volume
LitNeg_6,1,0.17726284458185146,0.06316778252184939,0.759569372896299,2,canonical_with_volume
LitNeg_9,1,0.42140009435436043,0.08516319871921767,0.49343670692642183,2,canonical_with_volume
LitNeg_11,1,0.08655272731462882,0.15736793409150343,0.7560793385938678,2,canonical_with_volume
LitNeg_12,1,0.47446128975761576,0.1266149618696893,0.3989237483726949,0,canonical_with_volume
LitNeg_13,0,0.33831968819066705,0.10747343821547521,0.5542068735938577,2,canonical_with_volume
LitNeg_14,0,0.23533472002977698,0.13190702289072356,0.6327582570794993,2,canonical_with_volume
LitNeg2_1,1,0.4180437669798908,0.07140613767101321,0.510550095349096,2,canonical_with_volume
LitNeg2_4,1,0.15285238644235866,0.46733666266825985,0.3798109508893813,1,canonical_with_volume
LitNeg2_5,1,0.4654112287384865,0.2456219346629831,0.2889668365985304,0,canonical_with_volume
LitNeg2_6,0,0.5162261224884236,0.12321981119505268,0.36055406631652365,0,canonical_with_volume
LitNeg2_7,1,0.31841501156867114,0.4234466782020433,0.25813831022928546,1,canonical_with_volume
LitNeg2_8,0,0.2814728538451279,0.14538865683605873,0.5731384893188132,2,canonical_with_volume
LitNeg2_9,1,0.6060686964173247,0.060684087017623636,0.3332472165650515,0,canonical_with_volume
LitNeg2_10,1,0.48015252680993137,0.06180972530899895,0.45803774788106955,0,canonical_with_volume
LitNeg2_11,1,0.31509966714646537,0.06427546351127233,0.6206248693422622,2,canonical_with_volume
LitNeg2_12,1,0.12286985945420623,0.11787994998959367,0.7592501905562001,2,canonical_with_volume
LitNeg2_13,1,0.3350425908588992,0.20486891380293454,0.4600884953381662,2,canonical_with_volume
1,1,0.3625046813342646,0.3243009333582292,0.3131943853075061,0,canonical_no_volume
3,1,0.30908321839241115,0.29311914470301664,0.39779763690457215,2,canonical_no_volume
8,0,0.3024018559206591,0.30209370478725756,0.39550443929208334,2,canonical_no_volume
9,1,0.17059003639714443,0.4746812345719439,0.35472872903091157,1,canonical_no_volume
11,1,0.11621880191260807,0.6524258019268172,0.23135539616057466,1,canonical_no_volume
12,1,0.3410806673811498,0.4151664277448922,0.2437529048739579,1,canonical_no_volume
13,0,0.15858857088727893,0.37879019460627283,0.46262123450644815,2,canonical_no_volume
29,1,0.34466248847548775,0.5010207853772998,0.15431672614721254,1,canonical_no_volume
30,1,0.3285057751677393,0.5004248637621662,0.1710693610700944,1,canonical_no_volume
31,0,0.3153763372284742,0.5679700921067458,0.11665357066478002,1,canonical_no_volume
32,0,0.3302154592969238,0.4947627202965884,0.17502182040648767,1,canonical_no_volume
33,1,0.2497027137225943,0.5264666135174296,0.22383067275997598,1,canonical_no_volume
34,1,0.1346675103722599,0.5315291248941381,0.333803364733602,1,canonical_no_volume
35,1,0.26869983602411135,0.46421389194750373,0.2670862720283849,1,canonical_no_volume
36,1,0.2082274413291978,0.5009690405773473,0.29080351809345484,1,canonical_no_volume
37,1,0.28756970169792295,0.49638881691729675,0.2160414813847802,1,canonical_no_volume
38,1,0.30938528527650344,0.47981233024771064,0.21080238447578592,1,canonical_no_volume
39,1,0.3174935310865124,0.5878405998131576,0.09466586910032995,1,canonical_no_volume
40,1,0.3299196027218194,0.5917187911999469,0.07836160607823374,1,canonical_no_volume
41,1,0.3606170565100933,0.5551362515769228,0.08424669191298384,1,canonical_no_volume
42,1,0.4623203503829552,0.4636115057292669,0.07406814388777781,1,canonical_no_volume
43,1,0.29417607552842634,0.6089072802892588,0.09691664418231483,1,canonical_no_volume
44,1,0.24218254154405383,0.6513296135571097,0.10648784489883642,1,canonical_no_volume
45,1,0.42359444115021117,0.4901293166342786,0.08627624221551022,1,canonical_no_volume
46,1,0.4157219587861029,0.5112445829935828,0.07303345822031432,1,canonical_no_volume
47,1,0.3145335601857391,0.5770332442448276,0.10843319556943332,1,canonical_no_volume
48,1,0.34330607494937243,0.5413128887804597,0.11538103627016785,1,canonical_no_volume
49,1,0.35673166181895766,0.5362247669040194,0.10704357127702291,1,canonical_no_volume
50,1,0.3229053765364161,0.5411982332960832,0.13589639016750074,1,canonical_no_volume
51,1,0.17450753415027948,0.38023235028670277,0.44526011556301764,2,canonical_no_volume
52,1,0.3380830151996606,0.4914616339274853,0.17045535087285413,1,canonical_no_volume
53,1,0.31673548962701825,0.4798844795315915,0.20338003084139014,1,canonical_no_volume
54,1,0.3916694938122086,0.5112783862565539,0.09705211993123732,1,canonical_no_volume
55,1,0.367976429631248,0.5322241848114483,0.09979938555730375,1,canonical_no_volume
56,1,0.37560052793312515,0.5168631212940129,0.1075363507728621,1,canonical_no_volume
57,1,0.36700141139237585,0.5445235889139124,0.0884749996937117,1,canonical_no_volume
58,1,0.36816541894894034,0.524353595381525,0.1074809856695346,1,canonical_no_volume
59,1,0.25363014383075927,0.6386556413799246,0.107714214789316,1,canonical_no_volume
60,1,0.37137950089747235,0.5458605745805061,0.0827599245220216,1,canonical_no_volume
61,1,0.3344555832377205,0.5741197042788624,0.09142471248341708,1,canonical_no_volume
62,1,0.24044689018375198,0.6301863588173979,0.12936675099885003,1,canonical_no_volume
63,1,0.2305771589729568,0.6510233393114792,0.118399501715564,1,canonical_no_volume
64,1,0.2930359776457613,0.6264017439833233,0.08056227837091547,1,canonical_no_volume
65,1,0.22422770716190113,0.6877343579353535,0.08803793490274522,1,canonical_no_volume
66,1,0.25573744220929845,0.6486319336908546,0.0956306240998469,1,canonical_no_volume
67,1,0.3194430753535237,0.6004721181199719,0.0800848065265043,1,canonical_no_volume
68,1,0.1880863371602836,0.703821864514345,0.10809179832537129,1,canonical_no_volume
69,1,0.4680245546860541,0.3993426571653248,0.13263278814862106,0,canonical_no_volume
70,1,0.4203022974520999,0.4336411802971933,0.1460565222507068,1,canonical_no_volume
71,1,0.5189275390766237,0.3850276420215199,0.09604481890185648,0,canonical_no_volume
72,1,0.4886349865020919,0.32873590145938336,0.18262911203852467,0,canonical_no_volume
73,1,0.546663332498302,0.3365000107522955,0.11683665674940247,0,canonical_no_volume
74,1,0.46957485360842033,0.38825456453710405,0.14217058185447556,0,canonical_no_volume
75,1,0.3287083537879266,0.4470112292559178,0.22428041695615558,1,canonical_no_volume
76,2,0.4140733224143842,0.37882526444063946,0.20710141314497632,0,canonical_no_volume
77,1,0.3743839198575345,0.46204619668883107,0.16356988345363455,1,canonical_no_volume
78,1,0.3235592699182916,0.47497725142299224,0.2014634786587161,1,canonical_no_volume
79,1,0.4885633674671378,0.4041741539777271,0.10726247855513504,0,canonical_no_volume
80,1,0.4307097358024083,0.39596228856430377,0.1733279756332878,0,canonical_no_volume
81,1,0.4073501109416279,0.37740663051133594,0.21524325854703613,0,canonical_no_volume
82,1,0.3759615164643388,0.4702303716807904,0.15380811185487075,1,canonical_no_volume
83,1,0.37608260180443587,0.5069671921681779,0.1169502060273862,1,canonical_no_volume
84,1,0.4264772333290854,0.4464696213291265,0.12705314534178802,1,canonical_no_volume
85,1,0.40260211667955326,0.4742053243327542,0.1231925589876925,1,canonical_no_volume
86,1,0.4862065545107549,0.402146684794407,0.11164676069483802,0,canonical_no_volume
87,1,0.5394131570283393,0.33493969888883973,0.12564714408282102,0,canonical_no_volume
88,1,0.32456420649988815,0.5373802836536293,0.13805550984648257,1,canonical_no_volume
89,1,0.4571761627214711,0.4113665899462368,0.13145724733229194,0,canonical_no_volume
90,1,0.36677436051743195,0.5112151674504779,0.12201047203209014,1,canonical_no_volume
92,1,0.355744500270974,0.43362502218779553,0.21063047754123043,1,canonical_no_volume
93,1,0.4929806331815392,0.39733204535037825,0.10968732146808242,0,canonical_no_volume
94,1,0.43240497623637986,0.44556386895643274,0.12203115480718736,1,canonical_no_volume
95,1,0.30503861023173134,0.5155734685237596,0.17938792124450897,1,canonical_no_volume
96,1,0.2773336998914461,0.5606112924949032,0.1620550076136507,1,canonical_no_volume
97,1,0.2832539522076929,0.5580329794311403,0.15871306836116694,1,canonical_no_volume
98,1,0.3212369418481239,0.5019114525746495,0.17685160557722648,1,canonical_no_volume
100,1,0.2957271779733364,0.5365635568349103,0.16770926519175328,1,canonical_no_volume
101,1,0.19087276923713203,0.3867567682729975,0.42237046248987037,2,canonical_no_volume
102,1,0.3320024713380565,0.41494026252653526,0.2530572661354082,1,canonical_no_volume
103,1,0.4310711987297562,0.40835609278833707,0.16057270848190658,0,canonical_no_volume
104,1,0.42235009085905695,0.40057891624050623,0.1770709929004367,0,canonical_no_volume
106,1,0.42824829467674874,0.350121020063578,0.22163068525967328,0,canonical_no_volume
107,1,0.42801394261767367,0.31899791634457847,0.25298814103774775,0,canonical_no_volume
108,1,0.14132837410213236,0.12393720817525163,0.734734417722616,2,canonical_no_volume
109,1,0.3546111660639758,0.35318250433560444,0.29220632960041976,0,canonical_no_volume
110,1,0.22246620334403822,0.2945538853233663,0.4829799113325954,2,canonical_no_volume
111,1,0.2911783629912288,0.2944762531409963,0.41434538386777486,2,canonical_no_volume
112,1,0.33886060113101824,0.32435213387178996,0.33678726499719175,0,canonical_no_volume
113,1,0.2839347133466541,0.31865679919368406,0.39740848745966184,2,canonical_no_volume
114,1,0.2873504255908245,0.3193225987003552,0.39332697570882025,2,canonical_no_volume
115,1,0.26993923344864135,0.31143992413667965,0.418620842414679,2,canonical_no_volume
116,1,0.4081130655544256,0.25240219743777226,0.3394847370078021,0,canonical_no_volume
117,1,0.40527819939495324,0.45458271362481806,0.14013908698022864,1,canonical_no_volume
118,1,0.4135104544336624,0.4126087426391898,0.17388080292714767,0,canonical_no_volume
119,1,0.3493362555907702,0.354518431775484,0.29614531263374577,1,canonical_no_volume
120,1,0.4403495701177207,0.40229387865188654,0.15735655123039266,0,canonical_no_volume
121,1,0.12094765860159012,0.14106996046756726,0.7379823809308426,2,canonical_no_volume
122,2,0.17666469909373964,0.4379710622947707,0.38536423861148955,1,canonical_no_volume
123,1,0.20088332318487073,0.457922110194643,0.3411945666204861,1,canonical_no_volume
124,1,0.2461767202915684,0.42388639295242736,0.32993688675600424,1,canonical_no_volume
125,2,0.16246326114637438,0.20294667570877722,0.6345900631448483,2,canonical_no_volume
126,2,0.17658837968379976,0.21152355579275395,0.6118880645234464,2,canonical_no_volume
127,2,0.2376549271357811,0.433593802340009,0.3287512705242098,1,canonical_no_volume
128,1,0.3318503464620179,0.4247482175233006,0.2434014360146815,1,canonical_no_volume
129,1,0.24786802694195087,0.48204257970036185,0.2700893933576872,1,canonical_no_volume
130,1,0.29942951144600904,0.46206522501427566,0.23850526353971518,1,canonical_no_volume
131,1,0.28686946526721846,0.4628579965962284,0.25027253813655304,1,canonical_no_volume
132,1,0.364483200122623,0.418590539587075,0.21692626029030196,1,canonical_no_volume
133,1,0.42916264227138107,0.4111657625236028,0.15967159520501603,0,canonical_no_volume
134,1,0.4675941606457583,0.4106993497858194,0.12170648956842217,0,canonical_no_volume
135,1,0.4146990427828718,0.40129473029584894,0.1840062269212792,0,canonical_no_volume
136,1,0.4800445962494143,0.4223506308483064,0.09760477290227926,0,canonical_no_volume
137,2,0.42236411666411494,0.4069426709041193,0.17069321243176583,0,canonical_no_volume
138,1,0.368125839047428,0.494684290078535,0.13718987087403695,1,canonical_no_volume
139,1,0.33664634768007173,0.5101786286201228,0.1531750236998054,1,canonical_no_volume
140,1,0.4569780086505587,0.4344960883209166,0.10852590302852455,0,canonical_no_volume
141,1,0.5044030489964656,0.4007851985374332,0.09481175246610105,0,canonical_no_volume
161,2,0.38381371685581067,0.47879349006666766,0.13739279307752147,1,canonical_no_volume
162,1,0.30241011756283703,0.5406119641587761,0.15697791827838675,1,canonical_no_volume
163,0,0.41663668965885653,0.45187947900589753,0.13148383133524588,1,canonical_no_volume
164,2,0.39088134124858004,0.38749172728872633,0.22162693146269358,0,canonical_no_volume
165,1,0.38217374480883737,0.4398915964465211,0.17793465874464137,1,canonical_no_volume
166,1,0.4193720402234186,0.37061361205835075,0.21001434771823055,0,canonical_no_volume
167,1,0.3891966439933269,0.3915943192355056,0.21920903677116763,1,canonical_no_volume
168,1,0.2588453234224595,0.48586806119657877,0.25528661538096165,1,canonical_no_volume
169,2,0.25445587014839693,0.4418849078753957,0.30365922197620726,1,canonical_no_volume
170,2,0.42756101561111387,0.4313730810520836,0.14106590333680244,1,canonical_no_volume
171,1,0.4022029590643363,0.447382302770237,0.15041473816542672,1,canonical_no_volume
172,1,0.29853975695833646,0.493319158974246,0.20814108406741752,1,canonical_no_volume
173,1,0.40153794889258115,0.41571368318466306,0.18274836792275578,1,canonical_no_volume
174,1,0.3810621790826976,0.4360426286514773,0.18289519226582499,1,canonical_no_volume
175,2,0.3386841063001568,0.39002466066032593,0.2712912330395173,1,canonical_no_volume
176,1,0.4157178391068973,0.4068732442477353,0.1774089166453672,0,canonical_no_volume
177,2,0.37004955437678844,0.47425291854751045,0.1556975270757011,1,canonical_no_volume
178,1,0.3200266948664868,0.4986422737653369,0.1813310313681763,1,canonical_no_volume
179,1,0.3225466989409041,0.40942299027673423,0.26803031078236167,1,canonical_no_volume
180,1,0.29439232473121,0.4363260238365116,0.2692816514322784,1,canonical_no_volume
181,2,0.22298446229905897,0.44031566702298486,0.33669987067795615,1,canonical_no_volume
182,2,0.26394694870256796,0.42835245987766757,0.30770059141976436,1,canonical_no_volume
183,1,0.37700041167390597,0.45906329139868424,0.1639362969274097,1,canonical_no_volume
184,1,0.38523559032762134,0.4835847211897981,0.13117968848258055,1,canonical_no_volume
185,1,0.3883384090775644,0.5149240164389072,0.0967375744835284,1,canonical_no_volume
186,1,0.37344359743959377,0.5074038605153292,0.11915254204507691,1,canonical_no_volume
187,1,0.3735537305437038,0.5074314621797923,0.11901480727650374,1,canonical_no_volume
188,1,0.42235556320351053,0.49630643341506814,0.08133800338142133,1,canonical_no_volume
189,1,0.3531015911222658,0.5755139294232338,0.07138447945450048,1,canonical_no_volume
190,1,0.3065025763847541,0.604363066616505,0.08913435699874087,1,canonical_no_volume
191,1,0.30410079725478334,0.572593688655357,0.12330551408985968,1,canonical_no_volume
192,1,0.26729190200867914,0.28797584594109205,0.4447322520502288,2,canonical_no_volume
193,1,0.45276283380428617,0.4263160217218791,0.12092114447383463,0,canonical_no_volume
194,1,0.43855949047111015,0.4341381850369336,0.12730232449195622,0,canonical_no_volume
195,2,0.32533216430902495,0.5100246895356388,0.16464314615533615,1,canonical_no_volume
196,1,0.22348484634591154,0.4937117160476805,0.28280343760640786,1,canonical_no_volume
197,1,0.5172770867859667,0.3952509389596375,0.08747197425439573,0,canonical_no_volume
198,1,0.5174768777205645,0.3936359415732182,0.08888718070621729,0,canonical_no_volume
199,1,0.18578516138442305,0.3254801289125401,0.48873470970303684,2,canonical_no_volume
200,1,0.19624299666432338,0.318168189364577,0.48558881397109954,2,canonical_no_volume
201,1,0.07835097455480244,0.18025132732023225,0.7413976981249653,2,canonical_no_volume
202,1,0.2094091661615654,0.3317631634275343,0.4588276704109002,2,canonical_no_volume
203,1,0.19069853976211085,0.31214499683091657,0.49715646340697256,2,canonical_no_volume
204,1,0.18463166928675853,0.29682290867805283,0.5185454220351885,2,canonical_no_volume
205,1,0.19736267234263538,0.3144824490611304,0.4881548785962342,2,canonical_no_volume
206,1,0.1723327730964648,0.46159961971357377,0.36606760718996145,1,canonical_no_volume
208,1,0.16274343294672333,0.35484150115379387,0.4824150658994828,2,canonical_no_volume
209,1,0.203312212833244,0.3421660908456001,0.4545216963211558,2,canonical_no_volume
210,1,0.2029966249628556,0.3732231047344162,0.4237802703027281,2,canonical_no_volume
211,1,0.17352614648310266,0.2796918700146036,0.5467819835022937,2,canonical_no_volume
212,1,0.1998527230692022,0.3468547035288566,0.4532925734019412,2,canonical_no_volume
213,1,0.21482806354419465,0.29923930109980773,0.4859326353559975,2,canonical_no_volume
214,1,0.2228592508787523,0.5015178856574163,0.27562286346383136,1,canonical_no_volume
215,1,0.15993147353083986,0.39758269548389913,0.44248583098526084,2,canonical_no_volume
216,1,0.08078138625175771,0.26139096138721807,0.6578276523610241,2,canonical_no_volume
217,1,0.06799159846954418,0.2198188151841394,0.7121895863463164,2,canonical_no_volume
218,1,0.11599065631100508,0.4408587175837035,0.4431506261052913,2,canonical_no_volume
219,1,0.10444202260072356,0.39734331262819106,0.4982146647710852,2,canonical_no_volume
221,1,0.08326191130802028,0.35480320928164305,0.5619348794103366,2,canonical_no_volume
222,1,0.08757187180523762,0.34981146626704646,0.5626166619277159,2,canonical_no_volume
223,0,0.1998193031838137,0.48070183383437914,0.3194788629818071,1,canonical_no_volume
224,2,0.1856825670773865,0.43756784280408456,0.3767495901185288,1,canonical_no_volume
225,1,0.2401236015287894,0.28289354221597984,0.4769828562552306,2,canonical_no_volume
226,1,0.1828667307275202,0.40388861584489727,0.4132446534275824,2,canonical_no_volume
229,1,0.11690395115585184,0.28576074326611134,0.5973353055780368,2,canonical_no_volume
230,1,0.13324395357863913,0.4327481730017249,0.434007873419636,2,canonical_no_volume
231,1,0.15137349889761606,0.3372737175257551,0.5113527835766287,2,canonical_no_volume
232,1,0.1532187618201032,0.39342259417691217,0.45335864400298453,2,canonical_no_volume
233,1,0.11730448831051538,0.4476345618432088,0.43506094984627564,1,canonical_no_volume
234,1,0.06540737022421779,0.22395618017007457,0.7106364496057076,2,canonical_no_volume
235,1,0.06195063626031687,0.2142776921144962,0.723771671625187,2,canonical_no_volume
237,1,0.16179014627765365,0.5216880173057717,0.3165218364165745,1,canonical_no_volume
240,1,0.10221199454995815,0.3205625903436655,0.5772254151063763,2,canonical_no_volume
241,1,0.20531359732944363,0.47074814462599834,0.323938258044558,1,canonical_no_volume
243,1,0.06836622256827912,0.24829432792324774,0.683339449508473,2,canonical_no_volume
244,1,0.11229763637448613,0.3343977590042899,0.5533046046212238,2,canonical_no_volume
245,1,0.06998040977649768,0.48044092751001277,0.44957866271348945,1,canonical_no_volume
246,1,0.2592577247317942,0.48127291049487336,0.2594693647733325,1,canonical_no_volume
247,1,0.2606533192541918,0.47071162346305034,0.26863505728275777,1,canonical_no_volume
248,1,0.28644064892088406,0.46097390853315856,0.25258544254595733,1,canonical_no_volume
249,1,0.12323436526148654,0.24450431633007735,0.6322613184084359,2,canonical_no_volume
251,1,0.3005395856186504,0.4629642519881787,0.23649616239317084,1,canonical_no_volume
252,1,0.15106896288568225,0.2204670112621021,0.6284640258522156,2,canonical_no_volume
253,1,0.14153252101791186,0.3530609466049224,0.5054065323771656,2,canonical_no_volume
254,1,0.11625622794332523,0.5476836400846676,0.3360601319720071,1,canonical_no_volume
255,1,0.35473275318438857,0.4206884588679198,0.2245787879476917,1,canonical_no_volume
256,1,0.22050140864045537,0.5473229516088652,0.23217563975067929,1,canonical_no_volume
257,1,0.1538474572926175,0.2765811416738507,0.5695714010335319,2,canonical_no_volume
258,1,0.16851817411417613,0.43244085744938127,0.39904096843644254,1,canonical_no_volume
259,1,0.16202848317794105,0.3064220053027288,0.5315495115193302,2,canonical_no_volume
260,1,0.3093492669183005,0.5017895826643628,0.1888611504173366,1,canonical_no_volume
261,1,0.2872262509137208,0.4214375782311199,0.2913361708551592,1,canonical_no_volume
262,1,0.2943685047701186,0.4153246635043534,0.29030683172552796,1,canonical_no_volume
263,1,0.4368951082680723,0.4421616116563437,0.12094328007558386,1,canonical_no_volume
264,1,0.17177552384396114,0.5325703216333386,0.2956541545227001,1,canonical_no_volume
265,1,0.40877770541809266,0.40078546922450775,0.19043682535739942,0,canonical_no_volume
266,1,0.4324068866897116,0.3940224373491209,0.17357067596116757,0,canonical_no_volume
267,1,0.1634950279461448,0.31590821605458597,0.5205967559992691,2,canonical_no_volume
268,1,0.42870879045780125,0.38752506959384936,0.1837661399483495,0,canonical_no_volume
270,1,0.4249741709957205,0.39433891204973187,0.18068691695454753,0,canonical_no_volume
271,1,0.33463180052454666,0.3556188630413688,0.30974933643408453,1,canonical_no_volume
272,1,0.33454270835478517,0.3449450732695597,0.3205122183756551,1,canonical_no_volume
273,1,0.38025592515156975,0.348689939341318,0.2710541355071122,0,canonical_no_volume
274,1,0.5195205941056911,0.2723571634860351,0.2081222424082738,0,canonical_no_volume
275,1,0.4875775552954476,0.3535489854483568,0.15887345925619556,0,canonical_no_volume
276,1,0.3752445161549697,0.44738156632932413,0.1773739175157061,1,canonical_no_volume
277,1,0.2938633437599606,0.3375039871515422,0.3686326690884972,2,canonical_no_volume
278,1,0.42457791804989786,0.3823642409653455,0.19305784098475665,0,canonical_no_volume
279,1,0.4678316828730436,0.37786506761772487,0.1543032495092314,0,canonical_no_volume
280,1,0.4709753065311257,0.2937225974900343,0.23530209597883994,0,canonical_no_volume
281,1,0.2130149977919947,0.31583152142214277,0.47115348078586244,2,canonical_no_volume
282,1,0.3783567340144313,0.437766371170324,0.18387689481524466,1,canonical_no_volume
283,1,0.3485540561117064,0.3833091143092851,0.2681368295790085,1,canonical_no_volume
284,2,0.15682812583927555,0.24456292535820137,0.598608948802523,2,canonical_no_volume
285,1,0.09285581362189871,0.17241212044809281,0.7347320659300085,2,canonical_no_volume
286,2,0.22955428790015472,0.3439453053980555,0.4265004067017898,2,canonical_no_volume
287,1,0.1895234734384817,0.2290072891558006,0.5814692374057177,2,canonical_no_volume
288,2,0.27717288718278815,0.31897007300322955,0.40385703981398224,2,canonical_no_volume
289,1,0.11650563681079679,0.1913994837592313,0.6920948794299718,2,canonical_no_volume
290,1,0.35606536858611126,0.4482169362692639,0.1957176951446248,1,canonical_no_volume
291,1,0.30285050169801264,0.46974541611395904,0.22740408218802827,1,canonical_no_volume
292,1,0.23067222246594815,0.5137169045440853,0.25561087298996643,1,canonical_no_volume
293,1,0.29651316675491746,0.47880574194779846,0.22468109129728392,1,canonical_no_volume
294,1,0.34914469769511935,0.4487113535058247,0.2021439487990559,1,canonical_no_volume
295,1,0.16429005277401465,0.6028039386503161,0.23290600857566923,1,canonical_no_volume
296,1,0.2164129707894999,0.4982759509649084,0.28531107824559165,1,canonical_no_volume
297,1,0.13633935657786295,0.33749842356225335,0.5261622198598837,2,canonical_no_volume
298,1,0.0403241950649613,0.10059821021597609,0.8590775947190626,2,canonical_no_volume
299,1,0.11988795263016479,0.1875294199765283,0.6925826273933068,2,canonical_no_volume
300,1,0.07052528971586816,0.12534869203951857,0.8041260182446132,2,canonical_no_volume
301,1,0.048683667159325233,0.09656998104829354,0.8547463517923812,2,canonical_no_volume
302,1,0.049430205188905105,0.09257660397244322,0.8579931908386516,2,canonical_no_volume
303,1,0.08546838138395305,0.18167882403249636,0.7328527945835506,2,canonical_no_volume
304,1,0.08193507973031972,0.17193648844953327,0.7461284318201469,2,canonical_no_volume
305,1,0.09147092161394652,0.16385152821927926,0.7446775501667742,2,canonical_no_volume
306,1,0.045290619569071905,0.07560735487030228,0.8791020255606257,2,canonical_no_volume
307,1,0.2185209942259928,0.40790310239881455,0.37357590337519253,1,canonical_no_volume
308,1,0.27641805717168133,0.5193152850143037,0.20426665781401485,1,canonical_no_volume
309,1,0.3075325617484138,0.505805395164756,0.18666204308683018,1,canonical_no_volume
310,1,0.37216680412419134,0.47767522195385154,0.15015797392195704,1,canonical_no_volume
324,1,0.28895965334502793,0.6513202046209912,0.059720142033980794,1,canonical_no_volume
325,1,0.293863262427301,0.6394979877560212,0.06663874981667786,1,canonical_no_volume
326,1,0.3768442845012419,0.3886266868105841,0.2345290286881739,1,canonical_no_volume
327,1,0.316853708130274,0.3835401421529643,0.29960614971676175,1,canonical_no_volume
328,1,0.27623433031187095,0.3800263672560214,0.3437393024321075,1,canonical_no_volume
329,1,0.3307554014071248,0.40424720282934273,0.26499739576353243,1,canonical_no_volume
330,1,0.3098319162331956,0.4634213223556286,0.22674676141117578,1,canonical_no_volume
331,1,0.23052768403973353,0.6383680018622235,0.1311043140980429,1,canonical_no_volume
336,1,0.22407781637630372,0.510509568193675,0.26541261543002126,1,canonical_no_volume
337,1,0.235822433279818,0.5009509273663317,0.2632266393538502,1,canonical_no_volume
338,1,0.2843118202854235,0.49847850679264094,0.21720967292193544,1,canonical_no_volume
339,1,0.24782267341944966,0.4833178352982627,0.2688594912822876,1,canonical_no_volume
340,1,0.20870104076430857,0.4946214496990294,0.296677509536662,1,canonical_no_volume
341,0,0.3565357101190859,0.5553995456205414,0.0880647442603727,1,canonical_no_volume
348,1,0.2594922549737949,0.41653774103624175,0.32397000398996323,1,canonical_no_volume
362,1,0.08203476864341615,0.6511335422244707,0.26683168913211297,1,canonical_no_volume
369,2,0.07272068756925282,0.6940634561043397,0.2332158563264074,1,canonical_no_volume
371,2,0.056170926214349944,0.7679294209302963,0.17589965285535375,1,canonical_no_volume
372,1,0.06688023790310942,0.5884907233662817,0.344629038730609,1,canonical_no_volume
374,2,0.17187237192326543,0.37241526355448934,0.4557123645222453,2,canonical_no_volume
378,1,0.15070790248326088,0.3069178748639671,0.542374222652772,2,canonical_no_volume
379,2,0.09512038304335677,0.744183685219439,0.16069593173720398,1,canonical_no_volume
380,2,0.08320010707904874,0.7245761167137268,0.19222377620722453,1,canonical_no_volume
381,1,0.13279503236830165,0.6025944966057392,0.2646104710259591,1,canonical_no_volume
382,2,0.18716066475936494,0.3937569207742197,0.41908241446641536,2,canonical_no_volume
383,1,0.08712625663446139,0.7272345756219877,0.185639167743551,1,canonical_no_volume
384,1,0.11938218670711212,0.7577809267635275,0.12283688652936031,1,canonical_no_volume
385,1,0.07915723294382648,0.7351267974825721,0.18571596957360126,1,canonical_no_volume
386,2,0.06671042090256094,0.7790104769406316,0.15427910215680735,1,canonical_no_volume
387,2,0.10676989782846887,0.7803461855340765,0.11288391663745448,1,canonical_no_volume
388,2,0.057145424014986804,0.8053949527871909,0.13745962319782223,1,canonical_no_volume
389,1,0.054808579095923946,0.7413560487808324,0.20383537212324365,1,canonical_no_volume
390,1,0.09802442393482162,0.7721735457575734,0.12980203030760487,1,canonical_no_volume
391,1,0.05507837785762362,0.760807007582167,0.18411461456020933,1,canonical_no_volume
392,1,0.08184099882310722,0.718366295020334,0.19979270615655867,1,canonical_no_volume
393,1,0.05486129234343223,0.7573468401597478,0.1877918674968199,1,canonical_no_volume
395,1,0.05507837785762362,0.760807007582167,0.18411461456020933,1,canonical_no_volume
396,1,0.09976482401823963,0.7844271405106606,0.11580803547109957,1,canonical_no_volume
397,1,0.10522217214302493,0.7340976543954825,0.16068017346149263,1,canonical_no_volume
398,1,0.13085293603604004,0.7244733441836297,0.14467371978033017,1,canonical_no_volume
399,1,0.21968624419718438,0.6578595624616239,0.12245419334119176,1,canonical_no_volume
400,1,0.21828515905646395,0.6869318818968065,0.09478295904672934,1,canonical_no_volume
401,2,0.058987662153392344,0.07955324040558506,0.8614590974410226,2,canonical_no_volume
403,2,0.06337340421985625,0.07494236882897634,0.8616842269511673,2,canonical_no_volume
405,2,0.04672868129363931,0.0917099503814439,0.8615613683249168,2,canonical_no_volume
406,2,0.057240473669414677,0.07190098237576589,0.8708585439548194,2,canonical_no_volume
407,2,0.04097788296004548,0.041981162639193055,0.9170409544007614,2,canonical_no_volume
408,2,0.05266458089672345,0.05685026705964485,0.8904851520436317,2,canonical_no_volume
409,2,0.034307393410569875,0.0539435389688598,0.9117490676205704,2,canonical_no_volume
410,2,0.03790516411241151,0.04565779999619645,0.916437035891392,2,canonical_no_volume
411,2,0.04606694459372729,0.05627818100380441,0.8976548744024684,2,canonical_no_volume
412,2,0.04478056826410397,0.06211510929052694,0.8931043224453692,2,canonical_no_volume
413,2,0.04940923726478188,0.05776711912106543,0.8928236436141526,2,canonical_no_volume
416,2,0.04335592977851636,0.06074089905892766,0.8959031711625559,2,canonical_no_volume
417,2,0.05810461522040486,0.05739075833066506,0.8845046264489301,2,canonical_no_volume
418,2,0.03835522629675718,0.0368421002775169,0.9248026734257258,2,canonical_no_volume
419,2,0.040054365305510944,0.04571940103111739,0.9142262336633716,2,canonical_no_volume
420,2,0.042086687128380235,0.046083895573438914,0.9118294172981809,2,canonical_no_volume
421,2,0.03905729751997765,0.04968778582281753,0.9112549166572048,2,canonical_no_volume
422,2,0.05011865185262092,0.0524445746938396,0.8974367734535396,2,canonical_no_volume
423,2,0.04289484695421152,0.039242746072708265,0.9178624069730802,2,canonical_no_volume
424,2,0.04533233025527247,0.10341767354445086,0.8512499962002766,2,canonical_no_volume
425,2,0.06474284545825411,0.08677012688044228,0.8484870276613035,2,canonical_no_volume
426,2,0.07635861984625925,0.12533331318906415,0.7983080669646765,2,canonical_no_volume
429,2,0.0467013645650063,0.06969544495108347,0.88360319048391,2,canonical_no_volume
430,2,0.06281950257492708,0.0779159891064283,0.8592645083186446,2,canonical_no_volume
435,2,0.054854731040626194,0.04790712899069952,0.8972381399686742,2,canonical_no_volume
436,2,0.06036877161208683,0.06776852034250129,0.8718627080454118,2,canonical_no_volume
437,2,0.06009363083163356,0.0586641879263052,0.8812421812420612,2,canonical_no_volume
438,2,0.046004277160258594,0.09063482647149718,0.8633608963682442,2,canonical_no_volume
439,2,0.070731397822986,0.08861101039061475,0.8406575917863992,2,canonical_no_volume
440,2,0.05777550837574915,0.07456915091122801,0.8676553407130229,2,canonical_no_volume
441,2,0.08714867647323415,0.13054181077578367,0.7823095127509823,2,canonical_no_volume
442,2,0.03313386335434971,0.10838765895244129,0.858478477693209,2,canonical_no_volume
443,2,0.0398217752840161,0.04745023338633373,0.9127279913296501,2,canonical_no_volume
444,2,0.04648548176754744,0.07102442552072118,0.8824900927117314,2,canonical_no_volume
445,2,0.053135083978765464,0.08184726802534847,0.8650176479958861,2,canonical_no_volume
446,2,0.034932679882564426,0.05195997684788084,0.9131073432695547,2,canonical_no_volume
447,2,0.052056243335517116,0.05527386749728199,0.8926698891672009,2,canonical_no_volume
448,2,0.030462690757727926,0.06663291674086874,0.9029043925014034,2,canonical_no_volume
449,2,0.03064770752047087,0.06569710993417455,0.9036551825453547,2,canonical_no_volume
450,2,0.05114842507572905,0.054134958209675996,0.894716616714595,2,canonical_no_volume
451,2,0.08748490660053927,0.10316759993785458,0.8093474934616061,2,canonical_no_volume
452,2,0.054171725032544235,0.08648893797203248,0.8593393369954232,2,canonical_no_volume
456,2,0.06222514851982751,0.07459586706107248,0.8631789844190999,2,canonical_no_volume
457,2,0.04691878442599,0.053844330489466845,0.899236885084543,2,canonical_no_volume
458,2,0.03453376644600724,0.0981429347277587,0.867323298826234,2,canonical_no_volume
459,2,0.06274332182189525,0.08604228395150659,0.8512143942265982,2,canonical_no_volume
460,2,0.07667234425816707,0.15092631437089954,0.7724013413709334,2,canonical_no_volume
461,2,0.09461135229510756,0.12676866085883404,0.7786199868460584,2,canonical_no_volume
462,2,0.053168865022925185,0.08215240536095186,0.8646787296161229,2,canonical_no_volume
464,2,0.05129698489837538,0.10456197834029082,0.8441410367613337,2,canonical_no_volume
465,2,0.04523714675935861,0.04635839834810586,0.9084044548925355,2,canonical_no_volume
466,2,0.08044473542658112,0.10668311442330626,0.8128721501501125,2,canonical_no_volume
468,2,0.07390426230000027,0.09304226506332694,0.8330534726366727,2,canonical_no_volume
470,2,0.12408618991565033,0.10753176519332093,0.7683820448910288,2,canonical_no_volume
471,2,0.047264431940425594,0.09441569990421186,0.8583198681553625,2,canonical_no_volume
473,2,0.06433287841894189,0.11439779239394778,0.8212693291871103,2,canonical_no_volume
474,2,0.05115651628336675,0.08154633147454485,0.8672971522420884,2,canonical_no_volume
475,2,0.053136874485500585,0.080215468188131,0.8666476573263684,2,canonical_no_volume
477,2,0.036009391338058486,0.0835441736766798,0.8804464349852617,2,canonical_no_volume
479,2,0.07649790622575478,0.060581611368675584,0.8629204824055696,2,canonical_no_volume
480,2,0.04345552841781199,0.03953397818056797,0.9170104934016201,2,canonical_no_volume
481,2,0.039893775362910375,0.07137059096453463,0.8887356336725549,2,canonical_no_volume
482,2,0.04017063208918515,0.07049749649975988,0.889331871411055,2,canonical_no_volume
483,2,0.05519823688316611,0.07417417974166216,0.8706275833751718,2,canonical_no_volume
484,2,0.04225880122164095,0.05709733150984971,0.9006438672685093,2,canonical_no_volume
485,2,0.1561826693340496,0.15071573353718148,0.6931015971287687,2,canonical_no_volume
486,2,0.07456986184542715,0.08307904640004321,0.8423510917545296,2,canonical_no_volume
487,2,0.07236954088104451,0.10599092226173654,0.8216395368572189,2,canonical_no_volume
488,2,0.061292181468459966,0.08879869581659011,0.8499091227149499,2,canonical_no_volume
489,2,0.10823701787523562,0.12559237985404664,0.7661706022707178,2,canonical_no_volume
490,2,0.10799529605385347,0.1519152523572706,0.7400894515888758,2,canonical_no_volume
491,2,0.06108511868224366,0.08532195555446329,0.8535929257632929,2,canonical_no_volume
494,2,0.04498390292148508,0.0975267641051033,0.8574893329734116,2,canonical_no_volume
500,2,0.09956730710588031,0.10028762101978374,0.8001450718743359,2,canonical_no_volume
501,2,0.04696398214750255,0.08884099175160662,0.8641950261008908,2,canonical_no_volume
502,2,0.07748470678495513,0.07933108252436924,0.8431842106906756,2,canonical_no_volume
503,2,0.04713670013156031,0.08961658485648366,0.863246715011956,2,canonical_no_volume
504,2,0.0697316626717352,0.08094304657992227,0.8493252907483424,2,canonical_no_volume
505,2,0.16127212084992149,0.161492879721535,0.6772349994285435,2,canonical_no_volume
507,2,0.066603159564729,0.08658761187594924,0.8468092285593218,2,canonical_no_volume
508,2,0.04802284600942989,0.09104737591811035,0.8609297780724597,2,canonical_no_volume
509,2,0.06634074845878424,0.14417122050207742,0.7894880310391382,2,canonical_no_volume
510,2,0.07827274649583259,0.09521687114970147,0.8265103823544659,2,canonical_no_volume
511,2,0.08675833279261921,0.13276774322291224,0.7804739239844685,2,canonical_no_volume
512,2,0.04999204292922876,0.10889465036021692,0.8411133067105544,2,canonical_no_volume
513,2,0.0743778914779679,0.11726942591312806,0.808352682608904,2,canonical_no_volume
514,2,0.04345814684545764,0.05726659982883018,0.8992752533257121,2,canonical_no_volume
515,2,0.04925238811225963,0.07567611076938241,0.8750715011183579,2,canonical_no_volume
516,2,0.06495856062592026,0.0733647995838445,0.8616766397902351,2,canonical_no_volume
518,2,0.07708782580480585,0.11125742127427075,0.8116547529209234,2,canonical_no_volume
519,2,0.09997242429749095,0.1731881244883307,0.7268394512141784,2,canonical_no_volume
520,2,0.04456522982920171,0.10334136798062896,0.8520934021901694,2,canonical_no_volume
521,2,0.03072306127460374,0.062101634020276894,0.9071753047051192,2,canonical_no_volume
522,2,0.04421777509351258,0.04574714824474358,0.9100350766617439,2,canonical_no_volume
524,2,0.04541645015446624,0.047084615895778774,0.9074989339497549,2,canonical_no_volume
525,2,0.03788451415904505,0.04133656749550827,0.9207789183454467,2,canonical_no_volume
526,2,0.03315946094738179,0.049353303673408275,0.9174872353792098,2,canonical_no_volume
527,2,0.046943621466632765,0.0495342342605733,0.9035221442727939,2,canonical_no_volume
528,2,0.04966211365916872,0.04785711595240787,0.9024807703884232,2,canonical_no_volume
529,2,0.08970666269689974,0.07746337077063475,0.8328299665324654,2,canonical_no_volume
530,2,0.047118788641405965,0.05597022605722551,0.8969109853013685,2,canonical_no_volume
531,2,0.03949202667224236,0.054278659144856314,0.9062293141829012,2,canonical_no_volume
532,2,0.07620852109949178,0.06399112032424781,0.8598003585762604,2,canonical_no_volume
534,2,0.06257979298144381,0.06018705661531664,0.8772331504032395,2,canonical_no_volume
535,2,0.051002344634895856,0.0439531261850364,0.9050445291800677,2,canonical_no_volume
536,2,0.05779468469049881,0.1047022463675969,0.8375030689419043,2,canonical_no_volume
537,2,0.0601954146259643,0.09813470957175122,0.8416698758022845,2,canonical_no_volume
539,2,0.027843352109369862,0.04183366825927081,0.9303229796313592,2,canonical_no_volume
540,2,0.03998466679626789,0.04205116763301045,0.9179641655707216,2,canonical_no_volume
542,2,0.03141990736250363,0.08871777606781515,0.8798623165696813,2,canonical_no_volume
543,2,0.04149524951173637,0.036876591401625185,0.9216281590866384,2,canonical_no_volume
544,2,0.052984950425596165,0.04685869433837041,0.9001563552360333,2,canonical_no_volume
545,2,0.06504761703077416,0.15503212221032253,0.7799202607589033,2,canonical_no_volume
546,2,0.032028716965666476,0.06568045952894261,0.9022908235053908,2,canonical_no_volume
547,2,0.04434880058439279,0.052274006559162194,0.9033771928564449,2,canonical_no_volume
548,2,0.06254890300096304,0.06264615536659457,0.8748049416324424,2,canonical_no_volume
549,2,0.03488783429554878,0.04405795992460129,0.9210542057798499,2,canonical_no_volume
550,2,0.05835466752472127,0.0700831472178151,0.8715621852574635,2,canonical_no_volume
552,2,0.04697778112197955,0.054223221859629266,0.8987989970183912,2,canonical_no_volume
553,2,0.031252058182892846,0.0624372302909359,0.9063107115261712,2,canonical_no_volume
554,2,0.05576390782988295,0.06917121480957805,0.8750648773605388,2,canonical_no_volume
555,2,0.04472808910237829,0.08017062800716608,0.8751012828904556,2,canonical_no_volume
557,2,0.06633534051312126,0.047222425754133185,0.8864422337327456,2,canonical_no_volume
558,2,0.05583826621367016,0.04999741040064527,0.8941643233856846,2,canonical_no_volume
560,2,0.05322044906424221,0.04639238534364189,0.9003871655921158,2,canonical_no_volume
561,2,0.041481828388858784,0.04965488081708727,0.9088632907940539,2,canonical_no_volume
562,2,0.0696216035583922,0.08408839047085062,0.8462900059707571,2,canonical_no_volume
563,2,0.04639671424232118,0.05797374505968563,0.895629540697993,2,canonical_no_volume
564,2,0.04661656936354524,0.04913886792185316,0.9042445627146014,2,canonical_no_volume
565,2,0.05135472945308799,0.07653227393272602,0.8721129966141858,2,canonical_no_volume
566,2,0.05378449018329325,0.07317487987006842,0.8730406299466383,2,canonical_no_volume
567,2,0.04365080298678341,0.05155075664411648,0.9047984403691001,2,canonical_no_volume
568,2,0.05625321122851405,0.07154881543408055,0.8721979733374052,2,canonical_no_volume
570,2,0.035731609182910996,0.09587966099667791,0.868388729820411,2,canonical_no_volume
571,2,0.05049694927570057,0.0491899735392811,0.9003130771850183,2,canonical_no_volume
572,2,0.05573375405149052,0.05530101797676104,0.8889652279717484,2,canonical_no_volume
573,2,0.05689341068144403,0.05342833932814957,0.8896782499904063,2,canonical_no_volume
575,2,0.060806400328971534,0.05478335206233691,0.8844102476086915,2,canonical_no_volume
576,2,0.09797007148232695,0.05219890600941066,0.8498310225082624,2,canonical_no_volume
578,2,0.0662245364829499,0.09439686119794125,0.8393786023191088,2,canonical_no_volume
579,2,0.03931310762270865,0.03343074835580473,0.9272561440214864,2,canonical_no_volume
580,2,0.05087220634218947,0.04664823364434873,0.9024795600134616,2,canonical_no_volume
581,2,0.04739048568521907,0.07760674184677066,0.8750027724680102,2,canonical_no_volume
582,2,0.03953077877495181,0.06415845152924127,0.8963107696958069,2,canonical_no_volume
583,2,0.03754552915022877,0.05715319064527691,0.9053012802044943,2,canonical_no_volume
584,2,0.0729377167509706,0.13425804564182844,0.792804237607201,2,canonical_no_volume
585,2,0.03487149868892574,0.0439156281723703,0.9212128731387039,2,canonical_no_volume
586,2,0.05881018434631539,0.10117080408032222,0.8400190115733623,2,canonical_no_volume
588,2,0.050130795762789525,0.05968178507349976,0.8901874191637107,2,canonical_no_volume
589,2,0.03471443851151678,0.049795142278850735,0.9154904192096325,2,canonical_no_volume
590,2,0.05249967726997645,0.06483187012922713,0.8826684526007964,2,canonical_no_volume
591,2,0.0457979451026942,0.05305851999719335,0.9011435349001123,2,canonical_no_volume
593,2,0.03696842067617046,0.05768636808513346,0.9053452112386962,2,canonical_no_volume
594,2,0.03553575835202181,0.044049393112087845,0.9204148485358903,2,canonical_no_volume
596,2,0.05071046531169157,0.037492734066679495,0.911796800621629,2,canonical_no_volume
597,2,0.06773660853566113,0.09364152777558518,0.8386218636887537,2,canonical_no_volume
598,2,0.05413053457793513,0.10245643031823834,0.8434130351038265,2,canonical_no_volume
599,2,0.03202787562188447,0.07590770105597444,0.8920644233221411,2,canonical_no_volume
600,2,0.06012023290860511,0.08882966696132921,0.8510501001300657,2,canonical_no_volume
601,2,0.042735278646218344,0.04240067891962096,0.9148640424341606,2,canonical_no_volume
602,2,0.0567134603620454,0.0660403064801287,0.8772462331578258,2,canonical_no_volume
603,2,0.05651892936045719,0.06345333905984904,0.8800277315796938,2,canonical_no_volume
604,2,0.05848492524143513,0.09966290824805787,0.841852166510507,2,canonical_no_volume
606,2,0.04410260993523048,0.07702289942828033,0.8788744906364891,2,canonical_no_volume
607,2,0.028044246412423254,0.03661026434103014,0.9353454892465465,2,canonical_no_volume
608,2,0.08090373085016654,0.06868495337686795,0.8504113157729654,2,canonical_no_volume
609,2,0.0775852758249228,0.11913835088701355,0.8032763732880637,2,canonical_no_volume
611,2,0.05159684688088436,0.04674665103293846,0.9016565020861771,2,canonical_no_volume
612,2,0.041203734739354306,0.03610742251986746,0.9226888427407782,2,canonical_no_volume
614,2,0.05529734411907751,0.10419536099764118,0.8405072948832812,2,canonical_no_volume
615,2,0.039275314943291575,0.09825720975385033,0.862467475302858,2,canonical_no_volume
616,2,0.04854754234274858,0.06053115076934129,0.8909213068879099,2,canonical_no_volume
617,2,0.03660182328301208,0.06546435955157295,0.8979338171654149,2,canonical_no_volume
618,2,0.03169362123436739,0.04963340760920721,0.9186729711564254,2,canonical_no_volume
619,2,0.037911325586816674,0.04827416421863458,0.9138145101945487,2,canonical_no_volume
620,2,0.0576062088995353,0.09754353897162063,0.844850252128844,2,canonical_no_volume
621,2,0.03991034294769604,0.04548410643391008,0.9146055506183938,2,canonical_no_volume
622,2,0.06668000409224911,0.07075234978668624,0.8625676461210645,2,canonical_no_volume
624,2,0.04484770476399369,0.04590358418760308,0.9092487110484031,2,canonical_no_volume
625,2,0.05301552925616136,0.09711832544614098,0.8498661452976977,2,canonical_no_volume
626,2,0.05454612946053639,0.0879316696004235,0.85752220093904,2,canonical_no_volume
627,2,0.048241387625955576,0.05080125941144755,0.9009573529625967,2,canonical_no_volume
629,2,0.028707170570942124,0.03753868645704839,0.9337541429720093,2,canonical_no_volume
630,2,0.05117664184432946,0.0428769404407492,0.9059464177149212,2,canonical_no_volume
632,2,0.08265825998522841,0.06676570855978717,0.8505760314549842,2,canonical_no_volume
633,2,0.07159583027632524,0.0847152899884529,0.8436888797352218,2,canonical_no_volume
634,2,0.055217906990790634,0.04310632165797393,0.9016757713512354,2,canonical_no_volume
635,2,0.07672477089172461,0.09009072264113681,0.8331845064671386,2,canonical_no_volume
636,2,0.04930848182073644,0.0878171844419042,0.8628743337373594,2,canonical_no_volume
637,2,0.03863284154823799,0.07194244268738878,0.8894247157643731,2,canonical_no_volume
638,2,0.05412120087408367,0.06404938243952965,0.8818294166863866,2,canonical_no_volume
639,2,0.050055413547902716,0.06017393255567401,0.8897706538964233,2,canonical_no_volume
640,2,0.05120117161141767,0.04949239405029705,0.8993064343382853,2,canonical_no_volume
642,2,0.07663962306050986,0.09896567209324396,0.824394704846246,2,canonical_no_volume
643,2,0.03887662036966462,0.04134338936737113,0.9197799902629642,2,canonical_no_volume
644,2,0.0998267165057891,0.06814244323831972,0.832030840255891,2,canonical_no_volume
645,2,0.047520230173605245,0.07326974264665398,0.8792100271797407,2,canonical_no_volume
647,2,0.039013958497634095,0.06366453965756651,0.8973215018447993,2,canonical_no_volume
648,2,0.04354815865659384,0.04485556533871309,0.9115962760046932,2,canonical_no_volume
650,2,0.04199749312937762,0.09598176456664481,0.8620207423039774,2,canonical_no_volume
651,2,0.0645853611800469,0.05008295212497316,0.8853316866949797,2,canonical_no_volume
652,2,0.04179022945855276,0.05485508850949104,0.9033546820319562,2,canonical_no_volume
653,2,0.046428571014984515,0.08009441361297931,0.8734770153720361,2,canonical_no_volume
654,2,0.04961113940840059,0.06399979685754739,0.8863890637340519,2,canonical_no_volume
655,2,0.037270191895357324,0.044023912740619904,0.9187058953640226,2,canonical_no_volume
656,2,0.055195044056948916,0.05627535582565155,0.8885296001173995,2,canonical_no_volume
657,2,0.032014847481371546,0.07895120334375867,0.8890339491748697,2,canonical_no_volume
658,2,0.05225596739507272,0.05994854203240747,0.8877954905725197,2,canonical_no_volume
660,2,0.044459357104070146,0.049287507264782364,0.9062531356311474,2,canonical_no_volume
661,2,0.035208044390041326,0.051870153221358475,0.9129218023886001,2,canonical_no_volume
662,2,0.042229682266844315,0.06299631854832609,0.8947739991848296,2,canonical_no_volume
663,2,0.06489444145664418,0.1315306315015154,0.8035749270418404,2,canonical_no_volume
665,2,0.035881840111360475,0.055085095188049285,0.9090330647005902,2,canonical_no_volume
666,2,0.05951732868085673,0.0488225959452504,0.8916600753738928,2,canonical_no_volume
668,2,0.053246614201957414,0.08460241868084178,0.8621509671172007,2,canonical_no_volume
669,2,0.06271824419799583,0.06766524601201473,0.8696165097899893,2,canonical_no_volume
670,2,0.03520136215336441,0.07469841707797645,0.8901002207686591,2,canonical_no_volume
671,2,0.03987353073333712,0.05249502398741247,0.9076314452792504,2,canonical_no_volume
672,2,0.06144969503464506,0.05010412661078579,0.8884461783545691,2,canonical_no_volume
673,2,0.036445982075169234,0.04964059659328093,0.9139134213315498,2,canonical_no_volume
674,2,0.08292504757979988,0.08240879622364526,0.8346661561965549,2,canonical_no_volume
675,2,0.05657331554726396,0.051726219446761555,0.8917004650059743,2,canonical_no_volume
676,2,0.051848471372923255,0.07565239056085342,0.8724991380662233,2,canonical_no_volume
678,2,0.05255677374121559,0.06918769349649881,0.8782555327622856,2,canonical_no_volume
679,2,0.03516213829362792,0.05340096625002412,0.9114368954563479,2,canonical_no_volume
680,2,0.07679197905160867,0.10190575363352967,0.8213022673148618,2,canonical_no_volume
681,2,0.04866817190569033,0.06796388395995849,0.8833679441343512,2,canonical_no_volume
683,2,0.036230019926960705,0.04622429629167675,0.9175456837813624,2,canonical_no_volume
684,2,0.07567041745448978,0.044690043060796394,0.8796395394847136,2,canonical_no_volume
686,2,0.040387923784947946,0.0526148317941947,0.9069972444208572,2,canonical_no_volume
687,2,0.048643277959148246,0.03875318766272518,0.9126035343781267,2,canonical_no_volume
688,2,0.061767484764711625,0.05923280023709833,0.8789997149981901,2,canonical_no_volume
689,2,0.05211660296789125,0.06707809110251736,0.8808053059295913,2,canonical_no_volume
690,2,0.042934861137066876,0.08257167244316796,0.8744934664197651,2,canonical_no_volume
691,2,0.030198364818036488,0.04768266116386313,0.9221189740181002,2,canonical_no_volume
692,2,0.0508357599721129,0.060610331875039315,0.8885539081528478,2,canonical_no_volume
693,2,0.03076444168791581,0.04027764272649745,0.9289579155855867,2,canonical_no_volume
694,2,0.08727655568978362,0.12180330583014894,0.7909201384800674,2,canonical_no_volume
696,2,0.03995696444962898,0.06379829311348381,0.8962447424368871,2,canonical_no_volume
697,2,0.04652689071240983,0.06403043454865219,0.8894426747389379,2,canonical_no_volume
698,2,0.10158897781601331,0.10776355024441685,0.7906474719395697,2,canonical_no_volume
699,2,0.06479052115290522,0.08518452652431749,0.8500249523227773,2,canonical_no_volume
701,2,0.11262057943666516,0.29441449436882006,0.5929649261945148,2,canonical_no_volume
702,2,0.09318164527680706,0.2054706063745967,0.7013477483485963,2,canonical_no_volume
703,2,0.0376456774877882,0.04158022744420363,0.9207740950680081,2,canonical_no_volume
704,2,0.1471989559042602,0.11434799415207719,0.7384530499436627,2,canonical_no_volume
705,2,0.11309895882938639,0.15601291772264547,0.730888123447968,2,canonical_no_volume
707,2,0.11151251057890912,0.082986667039703,0.8055008223813879,2,canonical_no_volume
708,2,0.24539458599557945,0.3769026949001366,0.3777027191042838,2,canonical_no_volume
709,2,0.04250593368503492,0.08408605484971005,0.8734080114652548,2,canonical_no_volume
710,2,0.03156055543935887,0.04529447200087004,0.9231449725597709,2,canonical_no_volume
711,2,0.08266719731009989,0.1032115156052226,0.8141212870846775,2,canonical_no_volume
712,2,0.2316385730881974,0.11464329594790013,0.6537181309639023,2,canonical_no_volume
713,2,0.16758346077423206,0.276486560850977,0.5559299783747909,2,canonical_no_volume
714,2,0.17192278199607128,0.33111565467179715,0.4969615633321315,2,canonical_no_volume
716,2,0.07347836537474424,0.10498221969871993,0.8215394149265357,2,canonical_no_volume
717,2,0.09707611481456721,0.12185698163020209,0.7810669035552307,2,canonical_no_volume
718,2,0.08829103955090828,0.14435259285590496,0.7673563675931868,2,canonical_no_volume
719,2,0.061363468817272414,0.2196526253758804,0.718983905806847,2,canonical_no_volume
721,2,0.14277420797336088,0.1912344079847768,0.6659913840418622,2,canonical_no_volume
722,2,0.048279266799496665,0.05775649882557812,0.8939642343749252,2,canonical_no_volume
723,2,0.2035215720283009,0.3997793756911561,0.39669905228054303,1,canonical_no_volume
724,2,0.11574283076780323,0.09058420574304872,0.7936729634891478,2,canonical_no_volume
725,2,0.09205772485399238,0.10693411902268228,0.8010081561233253,2,canonical_no_volume
726,2,0.3628989267719721,0.30386109477887524,0.33323997844915254,0,canonical_no_volume
727,2,0.4031972102198079,0.41081384511197494,0.18598894466821708,1,canonical_no_volume
728,2,0.06497255053899342,0.12330416100960925,0.8117232884513972,2,canonical_no_volume
729,2,0.11775115291189919,0.1423300221514111,0.7399188249366897,2,canonical_no_volume
731,2,0.10852450824850873,0.22334634480185014,0.668129146949641,2,canonical_no_volume
732,2,0.44710106245787895,0.3318024034642779,0.22109653407784316,0,canonical_no_volume
733,2,0.08952583421789723,0.058171685432971645,0.852302480349131,2,canonical_no_volume
734,2,0.06789939274068962,0.08813133879232746,0.8439692684669828,2,canonical_no_volume
735,2,0.21208653979862196,0.4636395728858749,0.32427388731550316,1,canonical_no_volume
736,2,0.051862129274050525,0.15193608204900044,0.796201788676949,2,canonical_no_volume
737,2,0.10043447511388578,0.05879520593558832,0.8407703189505259,2,canonical_no_volume
738,2,0.34892330350093526,0.3377834657403869,0.31329323075867765,0,canonical_no_volume
739,2,0.08250097210995117,0.1574421486316278,0.7600568792584208,2,canonical_no_volume
740,2,0.1479278042705018,0.16270986644271762,0.6893623292867805,2,canonical_no_volume
741,2,0.17672240797427136,0.17579914967484297,0.6474784423508856,2,canonical_no_volume
742,2,0.14633269654925662,0.17661187636810238,0.677055427082641,2,canonical_no_volume
743,2,0.07366142579171084,0.06839547442627701,0.8579430997820121,2,canonical_no_volume
744,2,0.09695093047181146,0.07522709184469076,0.8278219776834977,2,canonical_no_volume
745,2,0.07497255181672624,0.37581321831487136,0.5492142298684024,2,canonical_no_volume
746,2,0.21389323721316844,0.38107651866891024,0.4050302441179212,2,canonical_no_volume
747,2,0.05359837722651058,0.1358597712777504,0.810541851495739,2,canonical_no_volume
748,2,0.11197655350124117,0.2049047501134421,0.6831186963853166,2,canonical_no_volume
749,2,0.05873772089548207,0.09487658393918416,0.8463856951653338,2,canonical_no_volume
750,2,0.1321826154563301,0.2720016709481885,0.5958157135954815,2,canonical_no_volume
751,2,0.060352895733985654,0.09871982037735433,0.8409272838886599,2,canonical_no_volume
752,2,0.05693816754404755,0.09497487912746241,0.84808695332849,2,canonical_no_volume
753,2,0.07060900216166391,0.12405708241617722,0.8053339154221589,2,canonical_no_volume
754,2,0.30377498627607247,0.16809324432448927,0.5281317693994382,2,canonical_no_volume
755,2,0.06704921877312606,0.10475992534424916,0.8281908558826248,2,canonical_no_volume
756,2,0.02955628542760703,0.05077539535060764,0.9196683192217853,2,canonical_no_volume
757,2,0.05543891762766109,0.12506540801558552,0.8194956743567534,2,canonical_no_volume
758,2,0.07227685284935505,0.10852578358896708,0.8191973635616778,2,canonical_no_volume
759,2,0.06521715175436954,0.11605385433139426,0.8187289939142361,2,canonical_no_volume
760,2,0.10686707061190401,0.20684360453425352,0.6862893248538424,2,canonical_no_volume
761,2,0.28740900743936737,0.4186611158709487,0.293929876689684,1,canonical_no_volume
762,2,0.04993675989157028,0.05720537405613094,0.8928578660522988,2,canonical_no_volume
764,2,0.14967446403137985,0.17211317748022048,0.6782123584883994,2,canonical_no_volume
765,2,0.07410363437737105,0.10142890964073856,0.8244674559818903,2,canonical_no_volume
767,2,0.050383580195666196,0.11094483380154002,0.8386715860027937,2,canonical_no_volume
769,2,0.056698646105070666,0.15918289238931138,0.784118461505618,2,canonical_no_volume
770,2,0.0722827495695364,0.10576833230959676,0.8219489181208669,2,canonical_no_volume
771,2,0.07950275441090723,0.20805328047536192,0.7124439651137308,2,canonical_no_volume
772,2,0.04707761327728652,0.08693971418974564,0.8659826725329678,2,canonical_no_volume
773,2,0.177106134764677,0.3297789133607878,0.49311495187453513,2,canonical_no_volume
774,2,0.23672209392673924,0.36002510930113657,0.403252796772124,2,canonical_no_volume
776,2,0.12991201770880745,0.23415633875457925,0.6359316435366134,2,canonical_no_volume
777,2,0.05207159822256649,0.06743020843305154,0.8804981933443821,2,canonical_no_volume
778,2,0.13738395451646332,0.16438445738341584,0.6982315881001208,2,canonical_no_volume
779,2,0.10229103313546112,0.1156432427476695,0.7820657241168694,2,canonical_no_volume
780,2,0.07523168548963825,0.24590331288889195,0.6788650016214698,2,canonical_no_volume
781,2,0.12929226909108016,0.2700705620041093,0.6006371689048104,2,canonical_no_volume
782,2,0.055097963597640104,0.1106222524554539,0.8342797839469058,2,canonical_no_volume
783,2,0.1111522428227309,0.1792671407563261,0.7095806164209428,2,canonical_no_volume
784,2,0.08989581537784133,0.11424964784357132,0.7958545367785873,2,canonical_no_volume
785,2,0.23710720667734816,0.38442789341571554,0.37846489990693627,1,canonical_no_volume
786,2,0.28247450481550074,0.2594920936610452,0.45803340152345395,2,canonical_no_volume
787,2,0.12496292745593941,0.07901360191642945,0.796023470627631,2,canonical_no_volume
788,2,0.07959048055904075,0.11478916248422241,0.8056203569567368,2,canonical_no_volume
790,2,0.1466675970487087,0.2976305227801218,0.5557018801711695,2,canonical_no_volume
791,2,0.10666612984210044,0.13040964238495434,0.7629242277729452,2,canonical_no_volume
792,2,0.041979630778858745,0.15041546320495647,0.8076049060161847,2,canonical_no_volume
793,2,0.07450781764474683,0.16701449935632504,0.7584776829989281,2,canonical_no_volume
794,2,0.0836841659751824,0.10519026270957196,0.8111255713152457,2,canonical_no_volume
795,2,0.24219002030657003,0.15940925509435533,0.5984007245990746,2,canonical_no_volume
796,2,0.07040102939426264,0.10317823776914757,0.8264207328365898,2,canonical_no_volume
797,2,0.05090152662281011,0.08022554814200035,0.8688729252351894,2,canonical_no_volume
800,2,0.03431973442930793,0.21315339924918067,0.7525268663215113,2,canonical_no_volume
801,2,0.08380453694493609,0.08715538218012112,0.8290400808749427,2,canonical_no_volume
802,2,0.06364110021960699,0.11779777211241949,0.8185611276679736,2,canonical_no_volume
803,2,0.18047862644065865,0.2544466327460805,0.5650747408132608,2,canonical_no_volume
804,2,0.05883409742385658,0.16917261530503422,0.7719932872711092,2,canonical_no_volume
806,2,0.28361394453458844,0.10546878308938373,0.6109172723760277,2,canonical_no_volume
807,2,0.18570533621865262,0.22462123225019698,0.5896734315311504,2,canonical_no_volume
808,2,0.11069420531855609,0.18314748562545527,0.7061583090559886,2,canonical_no_volume
810,2,0.08226619919677453,0.23223700628788108,0.6854967945153443,2,canonical_no_volume
811,2,0.18447398927637051,0.31039940966530727,0.5051266010583222,2,canonical_no_volume
812,2,0.0684514503459224,0.21953103179134847,0.712017517862729,2,canonical_no_volume
813,2,0.11782049193338925,0.13904759440366962,0.743131913662941,2,canonical_no_volume
814,2,0.12421692025862638,0.2500054675562729,0.6257776121851006,2,canonical_no_volume
815,2,0.3962826095077012,0.3182372929695745,0.28548009752272424,0,canonical_no_volume
816,2,0.06165845672942709,0.06495126207027667,0.8733902812002963,2,canonical_no_volume
817,2,0.05467920765335399,0.13104281224149034,0.8142779801051556,2,canonical_no_volume
818,2,0.04731493646120634,0.07340997819125103,0.8792750853475426,2,canonical_no_volume
821,2,0.10834538602060681,0.17973154879610836,0.7119230651832849,2,canonical_no_volume
823,2,0.29746833449471977,0.19440561834111364,0.5081260471641665,2,canonical_no_volume
824,2,0.030977402488665057,0.07844765515171526,0.8905749423596196,2,canonical_no_volume
825,2,0.1731851566248721,0.09879321119073317,0.7280216321843946,2,canonical_no_volume
826,2,0.04278970180475192,0.0973520694119854,0.8598582287832626,2,canonical_no_volume
828,2,0.1877077239311865,0.2248023785607064,0.587489897508107,2,canonical_no_volume
829,2,0.06529549490768029,0.14853428568324525,0.7861702194090743,2,canonical_no_volume
830,2,0.09523886037359652,0.08445060400473561,0.8203105356216678,2,canonical_no_volume
831,2,0.08526172787582156,0.18232968543212855,0.7324085866920498,2,canonical_no_volume
832,2,0.04977189429517241,0.08246640308324868,0.8677617026215789,2,canonical_no_volume
834,2,0.05685114103274141,0.13843594473165954,0.8047129142355989,2,canonical_no_volume
835,2,0.2712569566358559,0.41991686041727094,0.30882618294687303,1,canonical_no_volume
836,2,0.21796683058798322,0.3361012584885954,0.4459319109234212,2,canonical_no_volume
837,2,0.11755651893087007,0.2505775498367226,0.6318659312324072,2,canonical_no_volume
839,2,0.29882729557189597,0.3293898500880079,0.3717828543400961,2,canonical_no_volume
840,2,0.18826057077681232,0.18327527875900357,0.628464150464184,2,canonical_no_volume
841,2,0.2616806872235316,0.3337470574740209,0.40457225530244745,2,canonical_no_volume
842,2,0.07848773715988672,0.11511513228547338,0.8063971305546398,2,canonical_no_volume
843,2,0.08154519944454773,0.2641225531525049,0.6543322474029473,2,canonical_no_volume
844,2,0.046914825800311845,0.09188750627255748,0.8611976679271307,2,canonical_no_volume
845,2,0.08802575389853903,0.13689428449478408,0.7750799616066768,2,canonical_no_volume
847,2,0.13965113443190563,0.18693709561814104,0.6734117699499532,2,canonical_no_volume
848,2,0.08342203687578084,0.23069617154445504,0.685881791579764,2,canonical_no_volume
849,2,0.05398559578485469,0.09975509136262539,0.8462593128525199,2,canonical_no_volume
850,2,0.04898025872367373,0.17345842553593985,0.7775613157403864,2,canonical_no_volume
851,2,0.19113207701989016,0.25162820676720066,0.5572397162129092,2,canonical_no_volume
853,2,0.058599446488304736,0.11629799129941992,0.8251025622122752,2,canonical_no_volume
854,2,0.13887150461443298,0.39206786871029964,0.4690606266752673,2,canonical_no_volume
855,2,0.12306195748965401,0.24137641059354709,0.6355616319167988,2,canonical_no_volume
857,2,0.10397320230350648,0.15659078413976607,0.7394360135567275,2,canonical_no_volume
858,2,0.1282183529542691,0.15030931754035126,0.7214723295053795,2,canonical_no_volume
859,2,0.06821656132504678,0.25094356547304647,0.6808398732019068,2,canonical_no_volume
860,2,0.0990437430473769,0.3162705982424713,0.5846856587101518,2,canonical_no_volume
862,2,0.07975773298728389,0.13794877920623733,0.7822934878064787,2,canonical_no_volume
863,2,0.04419640890343696,0.05187311180532942,0.9039304792912335,2,canonical_no_volume
864,2,0.08069109227169255,0.12499351537873583,0.7943153923495715,2,canonical_no_volume
865,2,0.07547939633101636,0.06773952681383516,0.8567810768551485,2,canonical_no_volume
867,2,0.2416787605062639,0.3252708219708631,0.43305041752287304,2,canonical_no_volume
869,2,0.15885790301770877,0.2839743971155141,0.557167699866777,2,canonical_no_volume
870,2,0.2834846090772519,0.19930059819872864,0.5172147927240194,2,canonical_no_volume
871,2,0.09974006425887783,0.16070185998408745,0.7395580757570346,2,canonical_no_volume
872,2,0.0886732182755552,0.25678820701761396,0.6545385747068307,2,canonical_no_volume
873,2,0.15472389397772024,0.2721426069486649,0.5731334990736148,2,canonical_no_volume
874,2,0.08223337340354919,0.08936288651912776,0.828403740077323,2,canonical_no_volume
875,2,0.3382364367844072,0.31047789407519205,0.3512856691404007,2,canonical_no_volume
876,2,0.19282011443343808,0.2505216076603058,0.5566582779062561,2,canonical_no_volume
878,2,0.06148486195504213,0.09480048463928556,0.8437146534056723,2,canonical_no_volume
879,2,0.18125275063300764,0.1378124673553372,0.6809347820116551,2,canonical_no_volume
880,2,0.08167860200153076,0.15247931736420656,0.7658420806342626,2,canonical_no_volume
881,2,0.15724872020202224,0.34284860035081066,0.49990267944716704,2,canonical_no_volume
882,2,0.24553668170940077,0.3734092392033097,0.38105407908728955,2,canonical_no_volume
883,2,0.17839105805129368,0.1497017361670649,0.6719072057816413,2,canonical_no_volume
884,2,0.04125899715019269,0.13896073968380251,0.8197802631660048,2,canonical_no_volume
885,2,0.10776426769572583,0.06358038328701232,0.8286553490172619,2,canonical_no_volume
887,2,0.21989879008952493,0.2979294274351166,0.48217178247535847,2,canonical_no_volume
888,2,0.09299644788747835,0.19252478225892533,0.7144787698535962,2,canonical_no_volume
889,2,0.18027753808477925,0.12070127598190503,0.6990211859333156,2,canonical_no_volume
890,2,0.12220538670467049,0.16115456001849846,0.7166400532768311,2,canonical_no_volume
891,2,0.07820871998019857,0.14670673413276197,0.7750845458870393,2,canonical_no_volume
892,2,0.12122484045281026,0.17551049131303503,0.7032646682341547,2,canonical_no_volume
893,2,0.07461981706186731,0.0854415711784211,0.8399386117597115,2,canonical_no_volume
895,2,0.16297021398627975,0.08258340098965827,0.7544463850240619,2,canonical_no_volume
898,2,0.2418857999798181,0.21532076272015,0.5427934373000318,2,canonical_no_volume
899,2,0.08122269795376229,0.18802764853845128,0.7307496535077864,2,canonical_no_volume
901,2,0.04750796650024319,0.1004438681804132,0.8520481653193436,2,canonical_no_volume
902,2,0.10915606154058882,0.20222238947998578,0.6886215489794254,2,canonical_no_volume
903,2,0.1544472919140012,0.1345791269863361,0.7109735810996627,2,canonical_no_volume
904,2,0.02948848121434504,0.1284469496016859,0.842064569183969,2,canonical_no_volume
905,2,0.045834397348364246,0.15622661391375262,0.7979389887378832,2,canonical_no_volume
906,2,0.04332616791170528,0.1775307832288094,0.7791430488594853,2,canonical_no_volume
910,2,0.04734958208908825,0.08652425724123328,0.8661261606696784,2,canonical_no_volume
911,2,0.25995777531753267,0.3079699007200387,0.4320723239624285,2,canonical_no_volume
913,2,0.1101454583352365,0.24254747239471514,0.6473070692700482,2,canonical_no_volume
914,2,0.21367934098570363,0.2634742988062646,0.5228463602080318,2,canonical_no_volume
915,2,0.18464510897019648,0.4182980057532445,0.39705688527655897,1,canonical_no_volume
916,2,0.21344564106143288,0.24506200412523302,0.541492354813334,2,canonical_no_volume
918,2,0.08624422489438127,0.1878876330737014,0.7258681420319173,2,canonical_no_volume
919,2,0.062305612426368354,0.10471328383211231,0.8329811037415192,2,canonical_no_volume
920,2,0.33100271815709303,0.37804918284657923,0.2909480989963278,1,canonical_no_volume
921,2,0.11574427496089403,0.26299048662073465,0.6212652384183712,2,canonical_no_volume
922,2,0.09951710526740438,0.17266761532060987,0.7278152794119856,2,canonical_no_volume
923,2,0.11349780554003433,0.13351868101595743,0.7529835134440082,2,canonical_no_volume
924,2,0.1311697286035926,0.23617760559443446,0.6326526658019728,2,canonical_no_volume
925,2,0.1542208454292042,0.2214627830819615,0.6243163714888342,2,canonical_no_volume
926,2,0.06311959461013648,0.09884774708137768,0.8380326583084856,2,canonical_no_volume
927,2,0.23559950411794067,0.23711013484804,0.5272903610340193,2,canonical_no_volume
928,2,0.0909540246432674,0.13603424869338115,0.7730117266633515,2,canonical_no_volume
930,2,0.2338760833677498,0.3332318651667061,0.432892051465544,2,canonical_no_volume
932,2,0.10253521877025087,0.10424067999898898,0.7932241012307601,2,canonical_no_volume
933,2,0.05133887792652651,0.1066812270462981,0.8419798950271753,2,canonical_no_volume
934,2,0.0977271523370396,0.14667568629718591,0.7555971613657744,2,canonical_no_volume
937,2,0.3638514318987292,0.29690989533207746,0.33923867276919323,0,canonical_no_volume
938,2,0.09516636261286526,0.13109960138028554,0.7737340360068491,2,canonical_no_volume
939,2,0.2643648329806489,0.27034644580475625,0.46528872121459486,2,canonical_no_volume
940,2,0.15173708000988487,0.18785787647018365,0.6604050435199315,2,canonical_no_volume
941,2,0.1305469956010045,0.23145595634717786,0.6379970480518176,2,canonical_no_volume
942,2,0.05501844935661574,0.17584331985158327,0.769138230791801,2,canonical_no_volume
943,2,0.13900909310851434,0.3426812449171147,0.518309661974371,2,canonical_no_volume
944,2,0.16053377988400463,0.29524027295898675,0.5442259471570084,2,canonical_no_volume
945,2,0.14263682425062607,0.23847049291904943,0.6188926828303245,2,canonical_no_volume
946,2,0.06591393933699989,0.16875352038467428,0.7653325402783258,2,canonical_no_volume
947,2,0.07956770980231431,0.1166839304364363,0.8037483597612494,2,canonical_no_volume
948,2,0.26933307817633495,0.36489982563886464,0.3657670961848004,2,canonical_no_volume
949,2,0.08699071772583669,0.31362540090732455,0.5993838813668387,2,canonical_no_volume
950,2,0.03680792782575702,0.0977785626429439,0.865413509531299,2,canonical_no_volume
952,2,0.09634231978987912,0.14393700406983156,0.7597206761402892,2,canonical_no_volume
953,2,0.09403790808769384,0.16809828517583064,0.7378638067364753,2,canonical_no_volume
954,2,0.07698583715377127,0.09009646871598709,0.8329176941302416,2,canonical_no_volume
955,2,0.17912263038020054,0.13078620340426128,0.690091166215538,2,canonical_no_volume
956,2,0.1763167508163807,0.14387368263200623,0.6798095665516131,2,canonical_no_volume
957,2,0.0975507424051226,0.07539284361057588,0.8270564139843014,2,canonical_no_volume
959,2,0.2308392774698344,0.26212780070316805,0.5070329218269974,2,canonical_no_volume
960,2,0.19511260023707655,0.19649042203812345,0.6083969777248001,2,canonical_no_volume
961,2,0.05053469366099572,0.06000980968194064,0.8894554966570636,2,canonical_no_volume
962,2,0.09559407300074999,0.14523392011238745,0.7591720068868626,2,canonical_no_volume
963,2,0.07473725006297166,0.17497012310870397,0.7502926268283243,2,canonical_no_volume
964,2,0.08605541475797726,0.16518890499736433,0.7487556802446583,2,canonical_no_volume
965,2,0.20942180223794796,0.24666955353170783,0.5439086442303441,2,canonical_no_volume
966,2,0.043321918516378025,0.08861317211387246,0.8680649093697496,2,canonical_no_volume
967,2,0.09261710650735437,0.11416815635898761,0.793214737133658,2,canonical_no_volume
969,2,0.2349449014835838,0.4097880786899101,0.35526701982650605,1,canonical_no_volume
970,2,0.15208354644449068,0.25890996600198185,0.5890064875535275,2,canonical_no_volume
971,2,0.3444491023491197,0.49170822428720734,0.16384267336367292,1,canonical_no_volume
972,2,0.25413839927784354,0.29954883810871635,0.44631276261344005,2,canonical_no_volume
973,2,0.17459219611379734,0.26324648335888623,0.5621613205273165,2,canonical_no_volume
974,2,0.2872774521183045,0.3085860333281955,0.4041365145535,2,canonical_no_volume
976,2,0.03621052335739657,0.09140288554275866,0.8723865910998446,2,canonical_no_volume
977,2,0.10192721905333635,0.3637294052236668,0.5343433757229967,2,canonical_no_volume
978,2,0.05454916934290904,0.2043511099142924,0.7410997207427985,2,canonical_no_volume
979,2,0.19922827677312893,0.19037933089390147,0.6103923923329695,2,canonical_no_volume
980,2,0.2662379452847147,0.34474596434198523,0.38901609037329987,2,canonical_no_volume
981,2,0.07033953765833346,0.12051256205254748,0.8091479002891191,2,canonical_no_volume
982,2,0.06884973280447362,0.102225168216262,0.8289250989792643,2,canonical_no_volume
983,2,0.060173223283841254,0.09234379013146551,0.8474829865846932,2,canonical_no_volume
984,2,0.1026597778507905,0.21927264908559552,0.6780675730636139,2,canonical_no_volume
985,2,0.09975958248055239,0.12185141821857726,0.7783889993008704,2,canonical_no_volume
986,2,0.07994264083246103,0.13175396522242871,0.7883033939451103,2,canonical_no_volume
987,2,0.1521818533991156,0.12212185229661568,0.7256962943042686,2,canonical_no_volume
988,2,0.15208934692635928,0.33229368111106905,0.5156169719625716,2,canonical_no_volume
989,2,0.07283167646624489,0.132637957820432,0.794530365713323,2,canonical_no_volume
990,2,0.18706996369854412,0.2024693248361096,0.6104607114653463,2,canonical_no_volume
992,2,0.22770048786576375,0.16885429910885774,0.6034452130253785,2,canonical_no_volume
995,2,0.09877916905612806,0.13176321560945092,0.769457615334421,2,canonical_no_volume
998,2,0.05627163442133168,0.062314979478824,0.8814133860998443,2,canonical_no_volume
999,2,0.10566534203927147,0.14142877771849258,0.7529058802422359,2,canonical_no_volume
MOFs_0,0,0.34466248847548775,0.5010207853772998,0.15431672614721254,1,canonical_no_volume
MOFs_1,0,0.3285057751677393,0.5004248637621662,0.1710693610700944,1,canonical_no_volume
MOFs_2,0,0.43419725939163034,0.4482623402399196,0.11754040036845001,1,canonical_no_volume
MOFs_6,0,0.26869983602411135,0.46421389194750373,0.2670862720283849,1,canonical_no_volume
MOFs_8,0,0.28756970169792295,0.49638881691729675,0.2160414813847802,1,canonical_no_volume
MOFs_9,0,0.30938528527650344,0.47981233024771064,0.21080238447578592,1,canonical_no_volume
MOFs_10,0,0.5014981158037919,0.41882177270203336,0.07968011149417463,0,canonical_no_volume
MOFs_11,0,0.4685917285591301,0.45878872273444204,0.07261954870642763,0,canonical_no_volume
MOFs_12,0,0.3606170565100933,0.5551362515769228,0.08424669191298384,1,canonical_no_volume
MOFs_13,0,0.4623203503829552,0.4636115057292669,0.07406814388777781,1,canonical_no_volume
MOFs_14,0,0.47070357983662137,0.4479676514298992,0.08132876873347943,0,canonical_no_volume
MOFs_15,0,0.24218254154405383,0.6513296135571097,0.10648784489883642,1,canonical_no_volume
MOFs_16,0,0.42359444115021117,0.4901293166342786,0.08627624221551022,1,canonical_no_volume
MOFs_17,0,0.4157219587861029,0.5112445829935828,0.07303345822031432,1,canonical_no_volume
MOFs_18,0,0.3145335601857391,0.5770332442448276,0.10843319556943332,1,canonical_no_volume
MOFs_19,0,0.34330607494937243,0.5413128887804597,0.11538103627016785,1,canonical_no_volume
MOFs_20,0,0.35673166181895766,0.5362247669040194,0.10704357127702291,1,canonical_no_volume
MOFs_21,0,0.3229053765364161,0.5411982332960832,0.13589639016750074,1,canonical_no_volume
MOFs_23,0,0.3380830151996606,0.4914616339274853,0.17045535087285413,1,canonical_no_volume
MOFs_24,0,0.31673548962701825,0.4798844795315915,0.20338003084139014,1,canonical_no_volume
MOFs_25,0,0.3916694938122086,0.5112783862565539,0.09705211993123732,1,canonical_no_volume
MOFs_26,0,0.367976429631248,0.5322241848114483,0.09979938555730375,1,canonical_no_volume
MOFs_27,0,0.37560052793312515,0.5168631212940129,0.1075363507728621,1,canonical_no_volume
MOFs_28,0,0.36700141139237585,0.5445235889139124,0.0884749996937117,1,canonical_no_volume
MOFs_29,0,0.36816541894894034,0.524353595381525,0.1074809856695346,1,canonical_no_volume
MOFs_30,0,0.4123500637088464,0.49277246628953814,0.09487747000161546,1,canonical_no_volume
MOFs_31,0,0.37137950089747235,0.5458605745805061,0.0827599245220216,1,canonical_no_volume
MOFs_32,0,0.4893584426323232,0.43119307459529155,0.07944848277238516,0,canonical_no_volume
MOFs_35,0,0.4235808632057318,0.5062808385933559,0.07013829820091205,1,canonical_no_volume
MOFs_36,0,0.27169711661822543,0.6469154741683512,0.08138740921342344,1,canonical_no_volume
MOFs_37,0,0.3857353298613655,0.5304041357243096,0.0838605344143249,1,canonical_no_volume
MOFs_38,0,0.3194430753535237,0.6004721181199719,0.0800848065265043,1,canonical_no_volume
MOFs_40,0,0.4680245546860541,0.3993426571653248,0.13263278814862106,0,canonical_no_volume
MOFs_41,0,0.4203022974520999,0.4336411802971933,0.1460565222507068,1,canonical_no_volume
MOFs_42,0,0.5189275390766237,0.3850276420215199,0.09604481890185648,0,canonical_no_volume
MOFs_43,0,0.4886349865020919,0.32873590145938336,0.18262911203852467,0,canonical_no_volume
MOFs_44,0,0.546663332498302,0.3365000107522955,0.11683665674940247,0,canonical_no_volume
MOFs_45,0,0.46957485360842033,0.38825456453710405,0.14217058185447556,0,canonical_no_volume
MOFs_46,0,0.3287083537879266,0.4470112292559178,0.22428041695615558,1,canonical_no_volume
MOFs_47,2,0.4140733224143842,0.37882526444063946,0.20710141314497632,0,canonical_no_volume
MOFs_50,0,0.4885633674671378,0.4041741539777271,0.10726247855513504,0,canonical_no_volume
MOFs_51,0,0.4307097358024083,0.39596228856430377,0.1733279756332878,0,canonical_no_volume
MOFs_52,0,0.4073501109416279,0.37740663051133594,0.21524325854703613,0,canonical_no_volume
MOFs_53,0,0.4238867388883947,0.44076348910237556,0.1353497720092297,1,canonical_no_volume
MOFs_54,0,0.4429284009703477,0.45426192341927485,0.10280967561037736,1,canonical_no_volume
MOFs_55,0,0.5662897258848072,0.32583533517663293,0.10787493893855986,0,canonical_no_volume
MOFs_56,0,0.5509677081691189,0.3443626392700714,0.10466965256080973,0,canonical_no_volume
MOFs_57,0,0.4862065545107549,0.402146684794407,0.11164676069483802,0,canonical_no_volume
MOFs_58,0,0.5394131570283393,0.33493969888883973,0.12564714408282102,0,canonical_no_volume
MOFs_59,0,0.32456420649988815,0.5373802836536293,0.13805550984648257,1,canonical_no_volume
MOFs_60,0,0.4571761627214711,0.4113665899462368,0.13145724733229194,0,canonical_no_volume
MOFs_61,0,0.4501008830066815,0.44159826746371694,0.10830084952960148,0,canonical_no_volume
MOFs_63,0,0.355744500270974,0.43362502218779553,0.21063047754123043,1,canonical_no_volume
MOFs_64,0,0.4929806331815392,0.39733204535037825,0.10968732146808242,0,canonical_no_volume
MOFs_65,0,0.572423776961294,0.3229299532593625,0.10464626977934355,0,canonical_no_volume
MOFs_72,0,0.2739595614479652,0.39863876522797725,0.32740167332405745,1,canonical_no_volume
MOFs_73,0,0.3320024713380565,0.41494026252653526,0.2530572661354082,1,canonical_no_volume
MOFs_74,0,0.4310711987297562,0.40835609278833707,0.16057270848190658,0,canonical_no_volume
MOFs_75,0,0.5099924855781578,0.3113078678630207,0.17869964655882142,0,canonical_no_volume
MOFs_76,0,0.42235009085905695,0.40057891624050623,0.1770709929004367,0,canonical_no_volume
MOFs_77,0,0.42824829467674874,0.350121020063578,0.22163068525967328,0,canonical_no_volume
MOFs_78,0,0.42801394261767367,0.31899791634457847,0.25298814103774775,0,canonical_no_volume
MOFs_79,0,0.14132837410213236,0.12393720817525163,0.734734417722616,2,canonical_no_volume
MOFs_80,0,0.46192306694478974,0.28578522215892116,0.25229171089628905,0,canonical_no_volume
MOFs_81,0,0.4460390439395515,0.25651432897139237,0.2974466270890561,0,canonical_no_volume
MOFs_82,0,0.3864379090589954,0.24071073112474262,0.37285135981626205,0,canonical_no_volume
MOFs_83,0,0.44246956158264916,0.2593130267100601,0.2982174117072906,0,canonical_no_volume
MOFs_84,0,0.37917180793618765,0.26006305388391265,0.3607651381798997,0,canonical_no_volume
MOFs_85,0,0.3837754062398634,0.2599544801440947,0.3562701136160419,0,canonical_no_volume
MOFs_86,0,0.36077849926562333,0.2653028730886112,0.37391862764576544,2,canonical_no_volume
MOFs_87,0,0.4081130655544256,0.25240219743777226,0.3394847370078021,0,canonical_no_volume
MOFs_88,0,0.40527819939495324,0.45458271362481806,0.14013908698022864,1,canonical_no_volume
MOFs_89,0,0.4135104544336624,0.4126087426391898,0.17388080292714767,0,canonical_no_volume
MOFs_90,0,0.3493362555907702,0.354518431775484,0.29614531263374577,1,canonical_no_volume
MOFs_91,0,0.4403495701177207,0.40229387865188654,0.15735655123039266,0,canonical_no_volume
MOFs_92,0,0.12094765860159012,0.14106996046756726,0.7379823809308426,2,canonical_no_volume
MOFs_93,2,0.2519675434837494,0.39790839612523854,0.3501240603910121,1,canonical_no_volume
MOFs_94,0,0.2686487344142603,0.4006369194494387,0.330714346136301,1,canonical_no_volume
MOFs_95,0,0.3102597495730772,0.3736653625853863,0.3160748878415364,1,canonical_no_volume
MOFs_96,0,0.16246326114637438,0.20294667570877722,0.6345900631448483,2,canonical_no_volume
MOFs_97,0,0.17658837968379976,0.21152355579275395,0.6118880645234464,2,canonical_no_volume
MOFs_98,1,0.2376549271357811,0.433593802340009,0.3287512705242098,1,canonical_no_volume
MOFs_99,0,0.3318503464620179,0.4247482175233006,0.2434014360146815,1,canonical_no_volume
MOFs_101,0,0.29942951144600904,0.46206522501427566,0.23850526353971518,1,canonical_no_volume
MOFs_103,0,0.364483200122623,0.418590539587075,0.21692626029030196,1,canonical_no_volume
MOFs_104,0,0.42916264227138107,0.4111657625236028,0.15967159520501603,0,canonical_no_volume
MOFs_105,0,0.4675941606457583,0.4106993497858194,0.12170648956842217,0,canonical_no_volume
MOFs_106,2,0.4146990427828718,0.40129473029584894,0.1840062269212792,0,canonical_no_volume
MOFs_107,0,0.4800445962494143,0.4223506308483064,0.09760477290227926,0,canonical_no_volume
MOFs_108,2,0.42236411666411494,0.4069426709041193,0.17069321243176583,0,canonical_no_volume
MOFs_109,2,0.368125839047428,0.494684290078535,0.13718987087403695,1,canonical_no_volume
MOFs_110,2,0.33664634768007173,0.5101786286201228,0.1531750236998054,1,canonical_no_volume
MOFs_111,0,0.4569780086505587,0.4344960883209166,0.10852590302852455,0,canonical_no_volume
MOFs_112,0,0.5044030489964656,0.4007851985374332,0.09481175246610105,0,canonical_no_volume
MOFs_132,1,0.38381371685581067,0.47879349006666766,0.13739279307752147,1,canonical_no_volume
MOFs_133,0,0.30241011756283703,0.5406119641587761,0.15697791827838675,1,canonical_no_volume
MOFs_134,0,0.41663668965885653,0.45187947900589753,0.13148383133524588,1,canonical_no_volume
MOFs_135,2,0.39088134124858004,0.38749172728872633,0.22162693146269358,0,canonical_no_volume
MOFs_136,0,0.38217374480883737,0.4398915964465211,0.17793465874464137,1,canonical_no_volume
MOFs_137,1,0.4193720402234186,0.37061361205835075,0.21001434771823055,0,canonical_no_volume
MOFs_138,0,0.3891966439933269,0.3915943192355056,0.21920903677116763,1,canonical_no_volume
MOFs_139,2,0.2588453234224595,0.48586806119657877,0.25528661538096165,1,canonical_no_volume
MOFs_140,1,0.25445587014839693,0.4418849078753957,0.30365922197620726,1,canonical_no_volume
MOFs_141,2,0.42756101561111387,0.4313730810520836,0.14106590333680244,1,canonical_no_volume
MOFs_142,2,0.4022029590643363,0.447382302770237,0.15041473816542672,1,canonical_no_volume
MOFs_143,0,0.29853975695833646,0.493319158974246,0.20814108406741752,1,canonical_no_volume
MOFs_144,1,0.40153794889258115,0.41571368318466306,0.18274836792275578,1,canonical_no_volume
MOFs_145,0,0.3810621790826976,0.4360426286514773,0.18289519226582499,1,canonical_no_volume
MOFs_146,2,0.3386841063001568,0.39002466066032593,0.2712912330395173,1,canonical_no_volume
MOFs_148,2,0.37004955437678844,0.47425291854751045,0.1556975270757011,1,canonical_no_volume
MOFs_149,0,0.3200266948664868,0.4986422737653369,0.1813310313681763,1,canonical_no_volume
MOFs_150,1,0.3225466989409041,0.40942299027673423,0.26803031078236167,1,canonical_no_volume
MOFs_151,0,0.29439232473121,0.4363260238365116,0.2692816514322784,1,canonical_no_volume
MOFs_152,2,0.22298446229905897,0.44031566702298486,0.33669987067795615,1,canonical_no_volume
MOFs_153,2,0.26394694870256796,0.42835245987766757,0.30770059141976436,1,canonical_no_volume
MOFs_154,0,0.37700041167390597,0.45906329139868424,0.1639362969274097,1,canonical_no_volume
MOFs_155,0,0.38523559032762134,0.4835847211897981,0.13117968848258055,1,canonical_no_volume
MOFs_156,0,0.3883384090775644,0.5149240164389072,0.0967375744835284,1,canonical_no_volume
MOFs_157,0,0.37344359743959377,0.5074038605153292,0.11915254204507691,1,canonical_no_volume
MOFs_158,0,0.3735537305437038,0.5074314621797923,0.11901480727650374,1,canonical_no_volume
MOFs_160,0,0.588284086493417,0.3622672279767632,0.04944868552981975,0,canonical_no_volume
MOFs_163,0,0.26729190200867914,0.28797584594109205,0.4447322520502288,2,canonical_no_volume
MOFs_164,0,0.45276283380428617,0.4263160217218791,0.12092114447383463,0,canonical_no_volume
MOFs_165,0,0.43855949047111015,0.4341381850369336,0.12730232449195622,0,canonical_no_volume
MOFs_166,2,0.32533216430902495,0.5100246895356388,0.16464314615533615,1,canonical_no_volume
MOFs_167,0,0.22348484634591154,0.4937117160476805,0.28280343760640786,1,canonical_no_volume
MOFs_168,0,0.5172770867859667,0.3952509389596375,0.08747197425439573,0,canonical_no_volume
MOFs_169,0,0.5174768777205645,0.3936359415732182,0.08888718070621729,0,canonical_no_volume
MOFs_170,0,0.18578516138442305,0.3254801289125401,0.48873470970303684,2,canonical_no_volume
MOFs_171,0,0.19624299666432338,0.318168189364577,0.48558881397109954,2,canonical_no_volume
MOFs_172,0,0.07835097455480244,0.18025132732023225,0.7413976981249653,2,canonical_no_volume
MOFs_173,0,0.2909899833709987,0.2539043802818393,0.45510563634716195,2,canonical_no_volume
MOFs_174,0,0.19069853976211085,0.31214499683091657,0.49715646340697256,2,canonical_no_volume
MOFs_175,0,0.18463166928675853,0.29682290867805283,0.5185454220351885,2,canonical_no_volume
MOFs_176,0,0.19736267234263538,0.3144824490611304,0.4881548785962342,2,canonical_no_volume
MOFs_177,0,0.1723327730964648,0.46159961971357377,0.36606760718996145,1,canonical_no_volume
MOFs_178,0,0.2094091661615654,0.3317631634275343,0.4588276704109002,2,canonical_no_volume
MOFs_179,0,0.16274343294672333,0.35484150115379387,0.4824150658994828,2,canonical_no_volume
MOFs_180,0,0.203312212833244,0.3421660908456001,0.4545216963211558,2,canonical_no_volume
MOFs_181,0,0.2029966249628556,0.3732231047344162,0.4237802703027281,2,canonical_no_volume
MOFs_182,0,0.17352614648310266,0.2796918700146036,0.5467819835022937,2,canonical_no_volume
MOFs_183,0,0.1998527230692022,0.3468547035288566,0.4532925734019412,2,canonical_no_volume
MOFs_184,0,0.21482806354419465,0.29923930109980773,0.4859326353559975,2,canonical_no_volume
MOFs_185,0,0.2228592508787523,0.5015178856574163,0.27562286346383136,1,canonical_no_volume
MOFs_186,0,0.15993147353083986,0.39758269548389913,0.44248583098526084,2,canonical_no_volume
MOFs_187,0,0.08078138625175771,0.26139096138721807,0.6578276523610241,2,canonical_no_volume
MOFs_188,2,0.06799159846954418,0.2198188151841394,0.7121895863463164,2,canonical_no_volume
MOFs_189,0,0.11599065631100508,0.4408587175837035,0.4431506261052913,2,canonical_no_volume
MOFs_190,2,0.10444202260072356,0.39734331262819106,0.4982146647710852,2,canonical_no_volume
MOFs_191,2,0.11599065631100508,0.4408587175837035,0.4431506261052913,2,canonical_no_volume
MOFs_192,2,0.08326191130802028,0.35480320928164305,0.5619348794103366,2,canonical_no_volume
MOFs_193,2,0.08757187180523762,0.34981146626704646,0.5626166619277159,2,canonical_no_volume
MOFs_194,0,0.1998193031838137,0.48070183383437914,0.3194788629818071,1,canonical_no_volume
MOFs_195,2,0.1856825670773865,0.43756784280408456,0.3767495901185288,1,canonical_no_volume
MOFs_196,0,0.2401236015287894,0.28289354221597984,0.4769828562552306,2,canonical_no_volume
MOFs_197,0,0.1828667307275202,0.40388861584489727,0.4132446534275824,2,canonical_no_volume
MOFs_203,0,0.1532187618201032,0.39342259417691217,0.45335864400298453,2,canonical_no_volume
MOFs_204,0,0.11730448831051538,0.4476345618432088,0.43506094984627564,1,canonical_no_volume
MOFs_205,0,0.06540737022421779,0.22395618017007457,0.7106364496057076,2,canonical_no_volume
MOFs_206,2,0.06195063626031687,0.2142776921144962,0.723771671625187,2,canonical_no_volume
MOFs_207,2,0.2228592508787523,0.5015178856574163,0.27562286346383136,1,canonical_no_volume
MOFs_209,0,0.16179014627765365,0.5216880173057717,0.3165218364165745,1,canonical_no_volume
MOFs_211,0,0.10221199454995815,0.3205625903436655,0.5772254151063763,2,canonical_no_volume
MOFs_212,0,0.20531359732944363,0.47074814462599834,0.323938258044558,1,canonical_no_volume
MOFs_214,0,0.06836622256827912,0.24829432792324774,0.683339449508473,2,canonical_no_volume
MOFs_217,0,0.2592577247317942,0.48127291049487336,0.2594693647733325,1,canonical_no_volume
MOFs_218,0,0.2606533192541918,0.47071162346305034,0.26863505728275777,1,canonical_no_volume
MOFs_219,0,0.28644064892088406,0.46097390853315856,0.25258544254595733,1,canonical_no_volume
MOFs_220,0,0.12323436526148654,0.24450431633007735,0.6322613184084359,2,canonical_no_volume
MOFs_221,0,0.4253664728621491,0.352328075987807,0.22230545115004385,0,canonical_no_volume
MOFs_222,0,0.3005395856186504,0.4629642519881787,0.23649616239317084,1,canonical_no_volume
MOFs_223,0,0.15106896288568225,0.2204670112621021,0.6284640258522156,2,canonical_no_volume
MOFs_224,0,0.14153252101791186,0.3530609466049224,0.5054065323771656,2,canonical_no_volume
MOFs_225,0,0.2498612777047816,0.3343049852651343,0.41583373703008397,2,canonical_no_volume
MOFs_226,0,0.35473275318438857,0.4206884588679198,0.2245787879476917,1,canonical_no_volume
MOFs_227,0,0.22050140864045537,0.5473229516088652,0.23217563975067929,1,canonical_no_volume
MOFs_228,0,0.1538474572926175,0.2765811416738507,0.5695714010335319,2,canonical_no_volume
MOFs_229,0,0.16851817411417613,0.43244085744938127,0.39904096843644254,1,canonical_no_volume
MOFs_230,0,0.16202848317794105,0.3064220053027288,0.5315495115193302,2,canonical_no_volume
MOFs_231,0,0.3093492669183005,0.5017895826643628,0.1888611504173366,1,canonical_no_volume
MOFs_232,0,0.2872262509137208,0.4214375782311199,0.2913361708551592,1,canonical_no_volume
MOFs_233,0,0.2943685047701186,0.4153246635043534,0.29030683172552796,1,canonical_no_volume
MOFs_234,0,0.4368951082680723,0.4421616116563437,0.12094328007558386,1,canonical_no_volume
MOFs_235,0,0.5421772041888288,0.17808214772219239,0.2797406480889788,0,canonical_no_volume
MOFs_236,0,0.40877770541809266,0.40078546922450775,0.19043682535739942,0,canonical_no_volume
MOFs_237,0,0.4324068866897116,0.3940224373491209,0.17357067596116757,0,canonical_no_volume
MOFs_238,0,0.1634950279461448,0.31590821605458597,0.5205967559992691,2,canonical_no_volume
MOFs_239,0,0.42870879045780125,0.38752506959384936,0.1837661399483495,0,canonical_no_volume
MOFs_240,0,0.5450001646362912,0.28873306775662866,0.1662667676070801,0,canonical_no_volume
MOFs_241,0,0.4249741709957205,0.39433891204973187,0.18068691695454753,0,canonical_no_volume
MOFs_242,0,0.4652011125494676,0.25278014195531107,0.28201874549522127,0,canonical_no_volume
MOFs_243,0,0.33454270835478517,0.3449450732695597,0.3205122183756551,1,canonical_no_volume
MOFs_244,0,0.38025592515156975,0.348689939341318,0.2710541355071122,0,canonical_no_volume
MOFs_245,0,0.5195205941056911,0.2723571634860351,0.2081222424082738,0,canonical_no_volume
MOFs_246,0,0.4875775552954476,0.3535489854483568,0.15887345925619556,0,canonical_no_volume
MOFs_247,0,0.3752445161549697,0.44738156632932413,0.1773739175157061,1,canonical_no_volume
MOFs_248,0,0.2938633437599606,0.3375039871515422,0.3686326690884972,2,canonical_no_volume
MOFs_249,0,0.42457791804989786,0.3823642409653455,0.19305784098475665,0,canonical_no_volume
MOFs_250,0,0.5814652422566435,0.281580184502689,0.13695457324066734,0,canonical_no_volume
MOFs_251,0,0.4709753065311257,0.2937225974900343,0.23530209597883994,0,canonical_no_volume
MOFs_252,0,0.2130149977919947,0.31583152142214277,0.47115348078586244,2,canonical_no_volume
MOFs_253,2,0.3783567340144313,0.437766371170324,0.18387689481524466,1,canonical_no_volume
MOFs_254,2,0.3485540561117064,0.3833091143092851,0.2681368295790085,1,canonical_no_volume
MOFs_255,2,0.25401824077954327,0.17412717434991445,0.5718545848705422,2,canonical_no_volume
MOFs_256,2,0.14924398000263506,0.13571282817786412,0.7150431918195008,2,canonical_no_volume
MOFs_257,1,0.37016736707407705,0.24376980409379734,0.3860628288321255,2,canonical_no_volume
MOFs_258,0,0.2657788313172037,0.16967570225702566,0.5645454664257706,2,canonical_no_volume
MOFs_259,2,0.3898072907369419,0.23544523723807356,0.3747474720249844,0,canonical_no_volume
MOFs_260,2,0.17803717797290025,0.1560594833565228,0.665903338670577,2,canonical_no_volume
MOFs_261,0,0.35606536858611126,0.4482169362692639,0.1957176951446248,1,canonical_no_volume
MOFs_262,0,0.30285050169801264,0.46974541611395904,0.22740408218802827,1,canonical_no_volume
MOFs_265,0,0.34914469769511935,0.4487113535058247,0.2021439487990559,1,canonical_no_volume
MOFs_267,0,0.2164129707894999,0.4982759509649084,0.28531107824559165,1,canonical_no_volume
MOFs_268,2,0.22122124293538126,0.28132541852947973,0.4974533385351389,2,canonical_no_volume
MOFs_269,0,0.056026303861407514,0.07884028612164834,0.865133410016944,2,canonical_no_volume
MOFs_270,0,0.11988795263016479,0.1875294199765283,0.6925826273933068,2,canonical_no_volume
MOFs_271,0,0.10849906743137178,0.09728317385395387,0.7942177587146741,2,canonical_no_volume
MOFs_272,0,0.048683667159325233,0.09656998104829354,0.8547463517923812,2,canonical_no_volume
MOFs_273,0,0.06978132111975385,0.07267774706709525,0.8575409318131507,2,canonical_no_volume
MOFs_274,0,0.08546838138395305,0.18167882403249636,0.7328527945835506,2,canonical_no_volume
MOFs_275,0,0.08193507973031972,0.17193648844953327,0.7461284318201469,2,canonical_no_volume
MOFs_276,0,0.12865586330672096,0.13026806657141365,0.7410760701218653,2,canonical_no_volume
MOFs_277,0,0.045290619569071905,0.07560735487030228,0.8791020255606257,2,canonical_no_volume
MOFs_278,2,0.2185209942259928,0.40790310239881455,0.37357590337519253,1,canonical_no_volume
MOFs_279,0,0.27641805717168133,0.5193152850143037,0.20426665781401485,1,canonical_no_volume
MOFs_280,0,0.31625202761022353,0.5039865176836422,0.17976145470613436,1,canonical_no_volume
MOFs_295,0,0.46821179351534264,0.47685054707675956,0.0549376594078977,1,canonical_no_volume
MOFs_296,0,0.4752788275618475,0.46485168021569956,0.0598694922224528,0,canonical_no_volume
MOFs_298,0,0.316853708130274,0.3835401421529643,0.29960614971676175,1,canonical_no_volume
MOFs_299,0,0.27623433031187095,0.3800263672560214,0.3437393024321075,1,canonical_no_volume
MOFs_300,0,0.3307554014071248,0.40424720282934273,0.26499739576353243,1,canonical_no_volume
MOFs_301,0,0.3098319162331956,0.4634213223556286,0.22674676141117578,1,canonical_no_volume
MOFs_302,2,0.3501551540984907,0.5238181092653093,0.12602673663620007,1,canonical_no_volume
MOFs_307,0,0.22407781637630372,0.510509568193675,0.26541261543002126,1,canonical_no_volume
MOFs_308,0,0.235822433279818,0.5009509273663317,0.2632266393538502,1,canonical_no_volume
MOFs_309,0,0.2843118202854235,0.49847850679264094,0.21720967292193544,1,canonical_no_volume
MOFs_310,0,0.29123387961325786,0.41712697957195866,0.29163914081478337,1,canonical_no_volume
MOFs_312,1,0.3565357101190859,0.5553995456205414,0.0880647442603727,1,canonical_no_volume
MOFs_326,0,0.18437497590619834,0.27203499145577476,0.543590032638027,2,canonical_no_volume
CurcumineMOFs_327,1,0.3625046813342646,0.3243009333582292,0.3131943853075061,0,canonical_no_volume
CurcumineMOFs_329,0,0.30908321839241115,0.29311914470301664,0.39779763690457215,2,canonical_no_volume
CurcumineMOFs_334,0,0.3024018559206591,0.30209370478725756,0.39550443929208334,2,canonical_no_volume
CurcumineMOFs_335,0,0.17059003639714443,0.4746812345719439,0.35472872903091157,1,canonical_no_volume
CurcumineMOFs_338,1,0.3410806673811498,0.4151664277448922,0.2437529048739579,1,canonical_no_volume
CurcumineMOFs_339,0,0.15858857088727893,0.37879019460627283,0.46262123450644815,2,canonical_no_volume
Organometallica_363,1,0.11977892673902238,0.6639849810235048,0.21623609223747275,1,canonical_no_volume
Organometallica_370,1,0.09719753006347118,0.6994611290793867,0.203341340857142,1,canonical_no_volume
Organometallica_372,2,0.09848709868558753,0.777203394274759,0.12430950703965339,1,canonical_no_volume
Organometallica_373,1,0.11762673878809123,0.6252890098091044,0.2570842514028043,1,canonical_no_volume
Organometallica_380,1,0.12995882030959255,0.7348387649379667,0.13520241475244052,1,canonical_no_volume
Organometallica_381,0,0.11352715889068465,0.7218650650750279,0.1646077760342874,1,canonical_no_volume
Organometallica_382,1,0.24010054083726795,0.5991063750013729,0.16079308416135912,1,canonical_no_volume
Organometallica_384,1,0.1201604535241654,0.7174648506866774,0.1623746957891571,1,canonical_no_volume
Organometallica_385,1,0.19312667449941734,0.7051280848186958,0.10174524068188669,1,canonical_no_volume
Organometallica_387,1,0.09901055473433126,0.7800983552281786,0.12089109003749007,1,canonical_no_volume
Organometallica_389,1,0.0953858797468829,0.7863038718586144,0.11831024839450258,1,canonical_no_volume
Organometallica_390,1,0.07076730497737413,0.7572242400849167,0.17200845493770905,1,canonical_no_volume
Organometallica_391,1,0.15589031563957284,0.7404710454560719,0.10363863890435522,1,canonical_no_volume
Organometallica_392,1,0.09237594048381037,0.7472587394718831,0.16036532004430631,1,canonical_no_volume
Organometallica_393,1,0.13708898716296586,0.7134343183939269,0.14947669444310735,1,canonical_no_volume
Organometallica_394,2,0.09201080317377028,0.7438925906381563,0.1640966061880733,1,canonical_no_volume
Organometallica_396,1,0.09237594048381037,0.7472587394718831,0.16036532004430631,1,canonical_no_volume
Organometallica_398,1,0.16987936811919568,0.6841320332362768,0.14598859864452757,1,canonical_no_volume
Organometallica_399,2,0.20716166486262774,0.6366849273486344,0.15615340778873782,1,canonical_no_volume
Organometallica_400,0,0.30803361196158524,0.558155477322515,0.13381091071589962,1,canonical_no_volume
Organometallica_401,0,0.3529905459417283,0.5540745461963101,0.09293490786196154,1,canonical_no_volume
LitNeg_1,1,0.12489995582678882,0.19000142071245207,0.6850986234607591,2,canonical_no_volume
LitNeg_2,1,0.07236822227318905,0.09543816099447207,0.8321936167323388,2,canonical_no_volume
LitNeg_4,1,0.10602976948145247,0.23305792541333686,0.6609123051052106,2,canonical_no_volume
LitNeg_5,1,0.0641172436794549,0.0867023341196166,0.8491804222009285,2,canonical_no_volume
LitNeg_6,1,0.04865541288551638,0.11227202364283581,0.8390725634716477,2,canonical_no_volume
LitNeg_9,1,0.19968706195559255,0.12539610810722435,0.6749168299371832,2,canonical_no_volume
LitNeg_11,1,0.08390915744004382,0.09786034548224898,0.8182304970777071,2,canonical_no_volume
LitNeg_12,1,0.1551391107605392,0.10330212661341162,0.741558762626049,2,canonical_no_volume
LitNeg_13,0,0.09303937075022463,0.16918963724247965,0.7377709920072956,2,canonical_no_volume
LitNeg_14,0,0.0763524282307638,0.1742041099182924,0.7494434618509436,2,canonical_no_volume
LitNeg2_1,1,0.10434442766969146,0.1340308653530071,0.7616247069773014,2,canonical_no_volume
LitNeg2_4,1,0.11182587572614752,0.3209248171528669,0.5672493071209854,2,canonical_no_volume
LitNeg2_5,1,0.26233072176320416,0.26418278577377224,0.4734864924630236,2,canonical_no_volume
LitNeg2_6,0,0.16272002781153977,0.18682933730710005,0.6504506348813601,2,canonical_no_volume
LitNeg2_7,1,0.22533081693702423,0.37560762230113265,0.399061560761843,2,canonical_no_volume
LitNeg2_8,0,0.14192261078368495,0.17114570975084317,0.6869316794654717,2,canonical_no_volume
LitNeg2_9,1,0.12113652194903396,0.20613745462445265,0.6727260234265133,2,canonical_no_volume
LitNeg2_10,1,0.08589595441276118,0.11432605242176377,0.799777993165475,2,canonical_no_volume
LitNeg2_11,1,0.08336906165469157,0.12069237970348665,0.7959385586418217,2,canonical_no_volume
LitNeg2_12,1,0.09143697311694735,0.11313505588995369,0.7954279709930989,2,canonical_no_volume
LitNeg2_13,1,0.12740358848424402,0.08604836690599697,0.786548044609759,2,canonical_no_volume
