ID,true_class,P_failed,P_amorphous,P_crystalline,predicted_class,variant
1,1,0.31492813346150944,0.3330545345497786,0.3520173319887119,2,canonical_volume_without_missing_flag
3,1,0.27500091166405605,0.3581526397086611,0.3668464486272828,2,canonical_volume_without_missing_flag
8,0,0.22908161545702177,0.26837763823985306,0.5025407463031252,2,canonical_volume_without_missing_flag
9,1,0.14602507581044288,0.4952964719664026,0.3586784522231545,1,canonical_volume_without_missing_flag
11,1,0.06972476810761472,0.6743865198359665,0.2558887120564187,1,canonical_volume_without_missing_flag
12,1,0.2604922752088808,0.46413807858000755,0.2753696462111116,1,canonical_volume_without_missing_flag
13,0,0.12985493522648972,0.426415528285631,0.44372953648787905,2,canonical_volume_without_missing_flag
29,1,0.3503033238889975,0.496933277260628,0.1527633988503745,1,canonical_volume_without_missing_flag
30,1,0.3525530836783287,0.4827624071706248,0.16468450915104632,1,canonical_volume_without_missing_flag
31,0,0.20911350814144997,0.688045268426773,0.10284122343177692,1,canonical_volume_without_missing_flag
32,0,0.1936221761337531,0.6347255890402397,0.17165223482600728,1,canonical_volume_without_missing_flag
33,1,0.13575013931956303,0.6533923425218175,0.2108575181586194,1,canonical_volume_without_missing_flag
34,1,0.09455038472221919,0.5565577921088086,0.3488918231689721,1,canonical_volume_without_missing_flag
35,1,0.20395982492980613,0.5490831785825873,0.24695699648760644,1,canonical_volume_without_missing_flag
36,1,0.15356441321279615,0.5412278917625301,0.30520769502467365,1,canonical_volume_without_missing_flag
37,1,0.24910369449007871,0.5127620401183759,0.23813426539154542,1,canonical_volume_without_missing_flag
38,1,0.26353209216972073,0.5092269836912999,0.22724092413897928,1,canonical_volume_without_missing_flag
39,1,0.29070014578840514,0.6063270096090885,0.10297284460250633,1,canonical_volume_without_missing_flag
40,1,0.29243915132825316,0.624177479081545,0.08338336959020183,1,canonical_volume_without_missing_flag
41,1,0.30606226610774145,0.6096825746270733,0.0842551592651852,1,canonical_volume_without_missing_flag
42,1,0.4190477893765373,0.4976425092485496,0.0833097013749129,1,canonical_volume_without_missing_flag
43,1,0.27038250836397226,0.6259555507245678,0.10366194091146005,1,canonical_volume_without_missing_flag
44,1,0.227126353854164,0.6585665841996042,0.11430706194623175,1,canonical_volume_without_missing_flag
45,1,0.3936992568827503,0.5171236802338874,0.0891770628833622,1,canonical_volume_without_missing_flag
46,1,0.3278443865987196,0.5974058897259187,0.07474972367536167,1,canonical_volume_without_missing_flag
47,1,0.23242680930265325,0.6452895121487832,0.12228367854856348,1,canonical_volume_without_missing_flag
48,1,0.24374132093737366,0.6262280646549239,0.13003061440770242,1,canonical_volume_without_missing_flag
49,1,0.2663021148548672,0.6146584813426295,0.11903940380250325,1,canonical_volume_without_missing_flag
50,1,0.2161177191732483,0.6210465216143557,0.16283575921239604,1,canonical_volume_without_missing_flag
51,1,0.17544847799661484,0.4062119911389781,0.418339530864407,2,canonical_volume_without_missing_flag
52,1,0.22634258390937956,0.6030156203762407,0.17064179571437968,1,canonical_volume_without_missing_flag
53,1,0.21365581128383584,0.5533521997797353,0.2329919889364288,1,canonical_volume_without_missing_flag
54,1,0.30159567747716454,0.5911350921635117,0.10726923035932365,1,canonical_volume_without_missing_flag
55,1,0.2667796090677665,0.6166216942810645,0.1165986966511689,1,canonical_volume_without_missing_flag
56,1,0.25727000221146923,0.6194205273864895,0.12330947040204121,1,canonical_volume_without_missing_flag
57,1,0.29991141249686387,0.6077162967213495,0.09237229078178655,1,canonical_volume_without_missing_flag
58,1,0.2548289651259813,0.6216523649996972,0.12351866987432145,1,canonical_volume_without_missing_flag
59,1,0.2096571198604476,0.6780823056210328,0.11226057451851948,1,canonical_volume_without_missing_flag
60,1,0.31400326899621456,0.6033335719853452,0.08266315901844012,1,canonical_volume_without_missing_flag
61,1,0.2719929396271121,0.635658323493776,0.09234873687911191,1,canonical_volume_without_missing_flag
62,1,0.20760580606926565,0.6631416343626876,0.1292525595680467,1,canonical_volume_without_missing_flag
63,1,0.18034388674080437,0.699103124439947,0.12055298881924857,1,canonical_volume_without_missing_flag
64,1,0.2452587523698001,0.6707684430601732,0.08397280457002662,1,canonical_volume_without_missing_flag
65,1,0.1653433887651638,0.7408957623978587,0.09376084883697747,1,canonical_volume_without_missing_flag
66,1,0.21186664560764074,0.6802691993235427,0.10786415506881653,1,canonical_volume_without_missing_flag
67,1,0.25714909707250605,0.6563139356436913,0.08653696728380258,1,canonical_volume_without_missing_flag
68,1,0.13869322021308278,0.7486093747409744,0.11269740504594274,1,canonical_volume_without_missing_flag
69,1,0.39999254135908135,0.4617735153796767,0.13823394326124194,1,canonical_volume_without_missing_flag
70,1,0.40510255013248764,0.4489716238360121,0.14592582603150023,1,canonical_volume_without_missing_flag
71,1,0.4937258930060159,0.4049404251529274,0.10133368184105662,0,canonical_volume_without_missing_flag
72,1,0.4443406070486542,0.3674072100668145,0.18825218288453135,0,canonical_volume_without_missing_flag
73,1,0.47871056901608544,0.40413613977788093,0.11715329120603353,0,canonical_volume_without_missing_flag
74,1,0.44478187457647,0.4149964864784697,0.14022163894506023,0,canonical_volume_without_missing_flag
75,1,0.2539157138401616,0.4902132473740473,0.25587103878579104,1,canonical_volume_without_missing_flag
76,2,0.4076458497365516,0.3895907218010092,0.20276342846243928,0,canonical_volume_without_missing_flag
77,1,0.3709772911569204,0.4687904482772707,0.16023226056580894,1,canonical_volume_without_missing_flag
78,1,0.334374812726311,0.4641943648819773,0.20143082239171176,1,canonical_volume_without_missing_flag
79,1,0.4693860514916253,0.419918383020622,0.11069556548775258,0,canonical_volume_without_missing_flag
80,1,0.40095679307493837,0.4276545784458595,0.171388628479202,1,canonical_volume_without_missing_flag
81,1,0.37923259716419705,0.4133202668758138,0.20744713595998915,1,canonical_volume_without_missing_flag
82,1,0.3371046606246132,0.5004215969958006,0.16247374237958606,1,canonical_volume_without_missing_flag
83,1,0.36779249264325287,0.5020740946262449,0.13013341273050225,1,canonical_volume_without_missing_flag
84,1,0.3324694924751796,0.5207554618998667,0.14677504562495372,1,canonical_volume_without_missing_flag
85,1,0.30313199214839315,0.5697999850786593,0.12706802277294754,1,canonical_volume_without_missing_flag
86,1,0.3547648540368584,0.5286762806246978,0.11655886533844365,1,canonical_volume_without_missing_flag
87,1,0.46014439110750227,0.41010225668453054,0.12975335220796708,0,canonical_volume_without_missing_flag
88,1,0.24552165338687976,0.5901683282806723,0.1643100183324479,1,canonical_volume_without_missing_flag
89,1,0.3699719857408781,0.482350365939947,0.1476776483191749,1,canonical_volume_without_missing_flag
90,1,0.27148633504399566,0.600187310543815,0.1283263544121893,1,canonical_volume_without_missing_flag
92,1,0.25488224441271795,0.5206857027007936,0.22443205288648843,1,canonical_volume_without_missing_flag
93,1,0.37255319357141703,0.5130569039330437,0.11438990249553925,1,canonical_volume_without_missing_flag
94,1,0.31499868222676874,0.5571856181094271,0.12781569966380407,1,canonical_volume_without_missing_flag
95,1,0.17095602253754677,0.6467467297239541,0.1822972477384991,1,canonical_volume_without_missing_flag
96,1,0.18662597666069541,0.6479314975168707,0.16544252582243385,1,canonical_volume_without_missing_flag
97,1,0.20286672157469274,0.6432749424449458,0.15385833598036147,1,canonical_volume_without_missing_flag
98,1,0.2464600498114271,0.5741869013552447,0.179353048833328,1,canonical_volume_without_missing_flag
100,1,0.19721377157616682,0.6372747925188518,0.16551143590498146,1,canonical_volume_without_missing_flag
101,1,0.15809645477966638,0.4108671147894534,0.43103643043088014,2,canonical_volume_without_missing_flag
102,1,0.29071618168574737,0.4225206283178316,0.2867631899964209,1,canonical_volume_without_missing_flag
103,1,0.44251616006613226,0.39654919592520077,0.16093464400866692,0,canonical_volume_without_missing_flag
104,1,0.4494564374192791,0.37126142500081183,0.17928213757990905,0,canonical_volume_without_missing_flag
106,1,0.451287325054339,0.3165879308837869,0.232124744061874,0,canonical_volume_without_missing_flag
107,1,0.40938199418618604,0.317228495961452,0.2733895098523619,0,canonical_volume_without_missing_flag
108,1,0.1305759879144434,0.11533719399790592,0.7540868180876505,2,canonical_volume_without_missing_flag
109,1,0.31717959428929454,0.36635717854531136,0.3164632271653941,1,canonical_volume_without_missing_flag
110,1,0.21049277841799344,0.27323797043444265,0.516269251147564,2,canonical_volume_without_missing_flag
111,1,0.2961534757276144,0.3052722196090958,0.3985743046632897,2,canonical_volume_without_missing_flag
112,1,0.334312105904035,0.3209384956178397,0.34474939847812525,2,canonical_volume_without_missing_flag
113,1,0.29717638271580227,0.3220558613792965,0.3807677559049013,2,canonical_volume_without_missing_flag
114,1,0.3145621623651076,0.31143725453044085,0.3740005831044514,2,canonical_volume_without_missing_flag
115,1,0.2622673584790154,0.33626267012550354,0.4014699713954809,2,canonical_volume_without_missing_flag
116,1,0.4455018513715935,0.2612503926439611,0.2932477559844453,0,canonical_volume_without_missing_flag
117,1,0.36869441461314595,0.4779446073110182,0.15336097807583593,1,canonical_volume_without_missing_flag
118,1,0.37396892276769156,0.44147855406122927,0.18455252317107906,1,canonical_volume_without_missing_flag
119,1,0.2850932827189914,0.4199487441993089,0.2949579730816996,1,canonical_volume_without_missing_flag
120,1,0.37467093421937686,0.4645543158170616,0.1607747499635615,1,canonical_volume_without_missing_flag
121,1,0.10139695136553076,0.12494199113595247,0.7736610574985168,2,canonical_volume_without_missing_flag
122,2,0.1317139982428261,0.5034098263168175,0.3648761754403564,1,canonical_volume_without_missing_flag
123,1,0.1935712196436627,0.44265368630101165,0.3637750940553256,1,canonical_volume_without_missing_flag
124,1,0.22202561422516137,0.4551045263349853,0.32286985943985336,1,canonical_volume_without_missing_flag
125,2,0.13324774444941215,0.19354549458459247,0.6732067609659953,2,canonical_volume_without_missing_flag
126,2,0.14713765364682732,0.20513452392395412,0.6477278224292184,2,canonical_volume_without_missing_flag
127,2,0.1954603210916118,0.4911932640605039,0.3133464148478843,1,canonical_volume_without_missing_flag
128,1,0.24661455041012803,0.4965234064701202,0.2568620431197518,1,canonical_volume_without_missing_flag
129,1,0.2082063693604841,0.510082443545761,0.2817111870937547,1,canonical_volume_without_missing_flag
130,1,0.2555131029901662,0.49448723474502576,0.24999966226480808,1,canonical_volume_without_missing_flag
131,1,0.23964199800582614,0.49880363751357937,0.2615543644805944,1,canonical_volume_without_missing_flag
132,1,0.32000728995959377,0.45252638038195636,0.22746632965844982,1,canonical_volume_without_missing_flag
133,1,0.4115303842338448,0.4279551930692882,0.16051442269686686,1,canonical_volume_without_missing_flag
134,1,0.4584541610860071,0.4183002084480166,0.12324563046597622,0,canonical_volume_without_missing_flag
135,1,0.3411648520588605,0.45641100927967704,0.20242413866146242,1,canonical_volume_without_missing_flag
136,1,0.45800654191714546,0.440780230223332,0.10121322785952253,0,canonical_volume_without_missing_flag
137,2,0.40980384643139484,0.4099018520996459,0.1802943014689592,1,canonical_volume_without_missing_flag
138,1,0.38894863933199286,0.47209012149072926,0.13896123917727776,1,canonical_volume_without_missing_flag
139,1,0.36308000102498383,0.49135480790214936,0.1455651910728668,1,canonical_volume_without_missing_flag
140,1,0.42372433071937715,0.4569459269396655,0.11932974234095729,1,canonical_volume_without_missing_flag
141,1,0.48017249922205013,0.42486310589399184,0.094964394883958,0,canonical_volume_without_missing_flag
161,2,0.33757671725843336,0.5347152287035926,0.12770805403797397,1,canonical_volume_without_missing_flag
162,1,0.29512846910232304,0.5552270236889935,0.14964450720868347,1,canonical_volume_without_missing_flag
163,0,0.3387006663979901,0.5395470990107962,0.12175223459121369,1,canonical_volume_without_missing_flag
164,2,0.2436461075389239,0.5068655193288825,0.24948837313219369,1,canonical_volume_without_missing_flag
165,1,0.24404779515042826,0.5622288699559446,0.19372333489362714,1,canonical_volume_without_missing_flag
166,1,0.29048313494492217,0.4938504681629923,0.21566639689208558,1,canonical_volume_without_missing_flag
167,1,0.27538695335712127,0.5035734734377487,0.22103957320512985,1,canonical_volume_without_missing_flag
168,1,0.16899126249891772,0.544611605600934,0.28639713190014815,1,canonical_volume_without_missing_flag
169,2,0.18913715240834755,0.48342040731929103,0.32744244027236147,1,canonical_volume_without_missing_flag
170,2,0.3513236721463713,0.5167062111775882,0.13197011667604053,1,canonical_volume_without_missing_flag
171,1,0.3196181352674353,0.5316138383161335,0.14876802641643103,1,canonical_volume_without_missing_flag
172,1,0.23409509148594726,0.562793953158903,0.20311095535514972,1,canonical_volume_without_missing_flag
173,1,0.29943821640869256,0.5212910556122613,0.17927072797904617,1,canonical_volume_without_missing_flag
174,1,0.2863064649436501,0.5260953520028127,0.18759818305353726,1,canonical_volume_without_missing_flag
175,2,0.2579885717082487,0.43913182664312267,0.3028796016486286,1,canonical_volume_without_missing_flag
176,1,0.33603294785913507,0.4630914911325461,0.20087556100831888,1,canonical_volume_without_missing_flag
177,2,0.26442079726845336,0.5877194396985369,0.14785976303300963,1,canonical_volume_without_missing_flag
178,1,0.2102980528722036,0.6192932533270455,0.17040869380075077,1,canonical_volume_without_missing_flag
179,1,0.25173143819666455,0.5189041345014694,0.22936442730186596,1,canonical_volume_without_missing_flag
180,1,0.23689857138751141,0.5303207492469483,0.23278067936554014,1,canonical_volume_without_missing_flag
181,2,0.15481528095515562,0.5463884070881766,0.2987963119566676,1,canonical_volume_without_missing_flag
182,2,0.1823084396519538,0.4929604988496926,0.32473106149835357,1,canonical_volume_without_missing_flag
183,1,0.34086312226311044,0.4935645572600006,0.16557232047688897,1,canonical_volume_without_missing_flag
184,1,0.3449336508144032,0.5196714557283322,0.13539489345726455,1,canonical_volume_without_missing_flag
185,1,0.2650833540229077,0.6362312881073073,0.09868535786978486,1,canonical_volume_without_missing_flag
186,1,0.26413322606958256,0.6160024701291819,0.11986430380123567,1,canonical_volume_without_missing_flag
187,1,0.26423135640357825,0.6161187985860493,0.11964984501037249,1,canonical_volume_without_missing_flag
188,1,0.331584222177127,0.593595304374349,0.07482047344852388,1,canonical_volume_without_missing_flag
189,1,0.2708532422543461,0.665521964134243,0.06362479361141078,1,canonical_volume_without_missing_flag
190,1,0.264335444412548,0.6468693170659225,0.0887952385215293,1,canonical_volume_without_missing_flag
191,1,0.23828286925321604,0.6469087089324688,0.11480842181431519,1,canonical_volume_without_missing_flag
192,1,0.23630697301175152,0.3163668415223887,0.4473261854658598,2,canonical_volume_without_missing_flag
193,1,0.3738754068274913,0.5010094353516946,0.12511515782081392,1,canonical_volume_without_missing_flag
194,1,0.43226110999462247,0.45049790280365454,0.11724098720172293,1,canonical_volume_without_missing_flag
195,2,0.3059798717517095,0.5297758386928535,0.16424428955543696,1,canonical_volume_without_missing_flag
196,1,0.18134429757425136,0.49489962448812563,0.323756077937623,1,canonical_volume_without_missing_flag
197,1,0.4950797677280128,0.41309273087334203,0.0918275013986451,0,canonical_volume_without_missing_flag
198,1,0.46791232343866407,0.44960940060551496,0.08247827595582086,0,canonical_volume_without_missing_flag
199,1,0.15666009173307696,0.36960745977610976,0.4737324484908132,2,canonical_volume_without_missing_flag
200,1,0.17225070255926347,0.3601963202644541,0.4675529771762825,2,canonical_volume_without_missing_flag
201,1,0.06421529160277474,0.1897646946857936,0.7460200137114315,2,canonical_volume_without_missing_flag
202,1,0.1806575684896706,0.3769316357633826,0.44241079574694664,2,canonical_volume_without_missing_flag
203,1,0.17564960225442425,0.3380508228493695,0.48629957489620634,2,canonical_volume_without_missing_flag
204,1,0.17258736465122373,0.30503293821671185,0.5223796971320643,2,canonical_volume_without_missing_flag
205,1,0.17221167581129,0.3462522250575787,0.48153609913113127,2,canonical_volume_without_missing_flag
206,1,0.14757402168605743,0.5193848577839744,0.33304112052996826,1,canonical_volume_without_missing_flag
208,1,0.13882954839835937,0.386492673090684,0.4746777785109566,2,canonical_volume_without_missing_flag
209,1,0.19820578382152376,0.37842230854970504,0.4233719076287711,2,canonical_volume_without_missing_flag
210,1,0.17803332205918604,0.4361507569103197,0.3858159210304943,1,canonical_volume_without_missing_flag
211,1,0.15320151198164067,0.3130232436793753,0.533775244338984,2,canonical_volume_without_missing_flag
212,1,0.17317935382966196,0.4009194240474566,0.4259012221228813,2,canonical_volume_without_missing_flag
213,1,0.18189263034403658,0.3470109910147697,0.4710963786411938,2,canonical_volume_without_missing_flag
214,1,0.18229917726677336,0.5627917259819497,0.25490909675127693,1,canonical_volume_without_missing_flag
215,1,0.1346097142371417,0.42544183123164103,0.4399484545312173,2,canonical_volume_without_missing_flag
216,1,0.07221135119818564,0.27708303642293297,0.6507056123788814,2,canonical_volume_without_missing_flag
217,1,0.05719425930232258,0.21552654491186046,0.7272791957858169,2,canonical_volume_without_missing_flag
218,1,0.10776085864041668,0.4530592781633194,0.4391798631962638,1,canonical_volume_without_missing_flag
219,1,0.10214468049572697,0.4168451850343606,0.4810101344699125,2,canonical_volume_without_missing_flag
221,1,0.07785134932307095,0.3631145099373262,0.5590341407396029,2,canonical_volume_without_missing_flag
222,1,0.08435625457283201,0.3727199087154799,0.5429238367116882,2,canonical_volume_without_missing_flag
223,0,0.16584364380327316,0.5063984898644086,0.32775786633231824,1,canonical_volume_without_missing_flag
224,2,0.1407789092237729,0.471692985562055,0.38752810521417197,1,canonical_volume_without_missing_flag
225,1,0.20874825300378572,0.3420766154828301,0.4491751315133842,2,canonical_volume_without_missing_flag
226,1,0.16203786848669469,0.4431729282778451,0.3947892032354602,1,canonical_volume_without_missing_flag
229,1,0.10184470878730675,0.28070321714278895,0.6174520740699042,2,canonical_volume_without_missing_flag
230,1,0.11203395661884766,0.48763509533874555,0.40033094804240676,1,canonical_volume_without_missing_flag
231,1,0.12638685183350853,0.34113415043388434,0.5324789977326071,2,canonical_volume_without_missing_flag
232,1,0.13022003633079088,0.4173108990174812,0.45246906465172787,2,canonical_volume_without_missing_flag
233,1,0.10813212246319906,0.46048171372003077,0.43138616381677014,1,canonical_volume_without_missing_flag
234,1,0.053349662441774595,0.20916463659523044,0.7374857009629949,2,canonical_volume_without_missing_flag
235,1,0.051509354138395164,0.2006769294243868,0.747813716437218,2,canonical_volume_without_missing_flag
237,1,0.1372250733265047,0.5590516067957227,0.3037233198777725,1,canonical_volume_without_missing_flag
240,1,0.08555326778444024,0.3384373101262539,0.5760094220893058,2,canonical_volume_without_missing_flag
241,1,0.18158432948472358,0.525083246555478,0.2933324239597983,1,canonical_volume_without_missing_flag
243,1,0.059109695282712,0.2638211849120343,0.6770691198052536,2,canonical_volume_without_missing_flag
244,1,0.09206435136425431,0.41175194498601286,0.4961837036497327,2,canonical_volume_without_missing_flag
245,1,0.05536056388648111,0.47166297307944816,0.4729764630340707,2,canonical_volume_without_missing_flag
246,1,0.23075224235315206,0.5034125356090834,0.26583522203776455,1,canonical_volume_without_missing_flag
247,1,0.18141383759546442,0.5459350163332217,0.27265114607131374,1,canonical_volume_without_missing_flag
248,1,0.21080361994668284,0.5454147465449104,0.24378163350840665,1,canonical_volume_without_missing_flag
249,1,0.09413980134091943,0.25182817383908096,0.6540320248199997,2,canonical_volume_without_missing_flag
251,1,0.2391051939313025,0.5301635503075101,0.23073125576118741,1,canonical_volume_without_missing_flag
252,1,0.116898226298153,0.22003412387158933,0.6630676498302577,2,canonical_volume_without_missing_flag
253,1,0.11647035261217022,0.3802627379726272,0.5032669094152026,2,canonical_volume_without_missing_flag
254,1,0.09365331475287988,0.5905263641761875,0.31582032107093244,1,canonical_volume_without_missing_flag
255,1,0.2662392401418814,0.5159998490960299,0.21776091076208864,1,canonical_volume_without_missing_flag
256,1,0.17908729326503234,0.5751128699906712,0.24579983674429634,1,canonical_volume_without_missing_flag
257,1,0.1225713476946537,0.3010102019060975,0.5764184503992488,2,canonical_volume_without_missing_flag
258,1,0.1304826354800032,0.4412608865704623,0.4282564779495345,1,canonical_volume_without_missing_flag
259,1,0.1416442817711761,0.344198854597269,0.5141568636315547,2,canonical_volume_without_missing_flag
260,1,0.2300656992481972,0.5698831897698518,0.20005111098195105,1,canonical_volume_without_missing_flag
261,1,0.2286112623791885,0.4487709536269283,0.322617783993883,1,canonical_volume_without_missing_flag
262,1,0.2929360034295757,0.43685575833043144,0.27020823823999285,1,canonical_volume_without_missing_flag
263,1,0.3808474125103098,0.49516172956186966,0.1239908579278205,1,canonical_volume_without_missing_flag
264,1,0.17247488489394078,0.5515925804276496,0.2759325346784095,1,canonical_volume_without_missing_flag
265,1,0.40625317825266516,0.41581210505948485,0.17793471668784988,1,canonical_volume_without_missing_flag
266,1,0.436784573165563,0.4030144104903316,0.16020101634410527,0,canonical_volume_without_missing_flag
267,1,0.15335275630748055,0.3152647590221641,0.5313824846703553,2,canonical_volume_without_missing_flag
268,1,0.42986956697100165,0.3996896563748864,0.17044077665411186,0,canonical_volume_without_missing_flag
270,1,0.4404710340622945,0.3888343749902763,0.17069459094742914,0,canonical_volume_without_missing_flag
271,1,0.3183509592232792,0.3960582087513976,0.28559083202532326,1,canonical_volume_without_missing_flag
272,1,0.3498048597532601,0.36674641532869606,0.28344872491804385,1,canonical_volume_without_missing_flag
273,1,0.36703332544524747,0.3955951906868802,0.23737148386787243,1,canonical_volume_without_missing_flag
274,1,0.4998254455701486,0.3059307279785254,0.19424382645132598,0,canonical_volume_without_missing_flag
275,1,0.4763992176869242,0.3788246691016299,0.14477611321144596,0,canonical_volume_without_missing_flag
276,1,0.37820087405859387,0.44598097137529336,0.17581815456611274,1,canonical_volume_without_missing_flag
277,1,0.31908274953059207,0.3286959170560414,0.3522213334133664,2,canonical_volume_without_missing_flag
278,1,0.415976247560116,0.3987491165919805,0.1852746358479035,0,canonical_volume_without_missing_flag
279,1,0.45674127057281555,0.40983138630499993,0.13342734312218446,0,canonical_volume_without_missing_flag
280,1,0.46892129653130604,0.3175268385900124,0.2135518648786815,0,canonical_volume_without_missing_flag
281,1,0.17075571443735946,0.3466704764846198,0.4825738090780207,2,canonical_volume_without_missing_flag
282,1,0.32578855850988897,0.48366408084986146,0.19054736064024952,1,canonical_volume_without_missing_flag
283,1,0.26204298471094695,0.45634008252358876,0.2816169327654642,1,canonical_volume_without_missing_flag
284,2,0.10970597945929525,0.30237006943813105,0.5879239511025736,2,canonical_volume_without_missing_flag
285,1,0.06896314746448853,0.198792643423944,0.7322442091115673,2,canonical_volume_without_missing_flag
286,2,0.14325891537467267,0.44693716287181495,0.4098039217535124,1,canonical_volume_without_missing_flag
287,1,0.16041340228051826,0.2421630231909567,0.597423574528525,2,canonical_volume_without_missing_flag
288,2,0.20323725464570247,0.36221526433013795,0.4345474810241595,2,canonical_volume_without_missing_flag
289,1,0.08513739510740762,0.19860601381490275,0.7162565910776897,2,canonical_volume_without_missing_flag
290,1,0.3030605439298324,0.4862842805348317,0.21065517553533597,1,canonical_volume_without_missing_flag
291,1,0.2317357273915422,0.5344332077381153,0.23383106487034244,1,canonical_volume_without_missing_flag
292,1,0.18271667955227144,0.558135450851439,0.2591478695962895,1,canonical_volume_without_missing_flag
293,1,0.252096885316621,0.5125092263206967,0.2353938883626822,1,canonical_volume_without_missing_flag
294,1,0.28630909281260125,0.497705524719861,0.21598538246753768,1,canonical_volume_without_missing_flag
295,1,0.12500230762816608,0.6275817436741742,0.24741594869765973,1,canonical_volume_without_missing_flag
296,1,0.15420722695832223,0.4885401237499282,0.3572526492917495,1,canonical_volume_without_missing_flag
297,1,0.10883075741551868,0.3916816362385265,0.49948760634595474,2,canonical_volume_without_missing_flag
298,1,0.03002292213112421,0.09944605574314722,0.8705310221257285,2,canonical_volume_without_missing_flag
299,1,0.07980611259686166,0.2375708648449695,0.6826230225581688,2,canonical_volume_without_missing_flag
300,1,0.052227056398618354,0.11199518356637446,0.8357777600350071,2,canonical_volume_without_missing_flag
301,1,0.03755742448708479,0.09546410440936381,0.8669784711035514,2,canonical_volume_without_missing_flag
302,1,0.03508011775308487,0.09013173987672511,0.87478814237019,2,canonical_volume_without_missing_flag
303,1,0.064781497002867,0.15833750587853984,0.7768809971185932,2,canonical_volume_without_missing_flag
304,1,0.057220384979483715,0.15530843503639327,0.787471179984123,2,canonical_volume_without_missing_flag
305,1,0.06685078342407047,0.1542388904323178,0.7789103261436116,2,canonical_volume_without_missing_flag
306,1,0.03324418560000919,0.071070077642254,0.8956857367577367,2,canonical_volume_without_missing_flag
307,1,0.14236126357910012,0.4259655071315861,0.43167322928931373,2,canonical_volume_without_missing_flag
308,1,0.2213832417078027,0.5639577546005495,0.21465900369164764,1,canonical_volume_without_missing_flag
309,1,0.23715505881108737,0.5692264844284204,0.19361845676049225,1,canonical_volume_without_missing_flag
310,1,0.2901806433405585,0.5430884849696513,0.16673087168979017,1,canonical_volume_without_missing_flag
324,1,0.21138335423048857,0.7230121751187069,0.06560447065080449,1,canonical_volume_without_missing_flag
325,1,0.21487576639295847,0.7101469304699497,0.07497730313709175,1,canonical_volume_without_missing_flag
326,1,0.3122927811299989,0.41587760378180044,0.2718296150882007,1,canonical_volume_without_missing_flag
327,1,0.2510519840664757,0.43835051610862463,0.3105974998248996,1,canonical_volume_without_missing_flag
328,1,0.14216193228561158,0.4930196500975261,0.3648184176168622,1,canonical_volume_without_missing_flag
329,1,0.269402861639375,0.4298350383877877,0.3007620999728371,1,canonical_volume_without_missing_flag
330,1,0.2287209159659132,0.5459484243294008,0.2253306597046859,1,canonical_volume_without_missing_flag
331,1,0.1722548704819271,0.7045002231071452,0.12324490641092767,1,canonical_volume_without_missing_flag
336,1,0.19953428574992468,0.5246760342766406,0.27578967997343473,1,canonical_volume_without_missing_flag
337,1,0.1978625660171113,0.5318551545627048,0.27028227942018385,1,canonical_volume_without_missing_flag
338,1,0.24649184778646036,0.5264914533982124,0.22701669881532727,1,canonical_volume_without_missing_flag
339,1,0.1795619186902561,0.5387454479308069,0.28169263337893685,1,canonical_volume_without_missing_flag
340,1,0.15816464345564282,0.571629981763376,0.2702053747809811,1,canonical_volume_without_missing_flag
341,0,0.3481862055221107,0.5716327421987814,0.0801810522791079,1,canonical_volume_without_missing_flag
348,1,0.21467020968020004,0.45636708055103303,0.3289627097687668,1,canonical_volume_without_missing_flag
362,1,0.047656592449786934,0.6556164895939929,0.29672691795622014,1,canonical_volume_without_missing_flag
369,2,0.046996505457451224,0.7501002133344922,0.20290328120805654,1,canonical_volume_without_missing_flag
371,2,0.04384791182070544,0.7785396316264244,0.17761245655287006,1,canonical_volume_without_missing_flag
372,1,0.05713094647655744,0.590577263775827,0.35229178974761555,1,canonical_volume_without_missing_flag
374,2,0.1237371826528329,0.3883919700345302,0.48787084731263686,2,canonical_volume_without_missing_flag
378,1,0.11358126658608184,0.31628509684173595,0.5701336365721822,2,canonical_volume_without_missing_flag
379,2,0.05707724570781521,0.7831360004383046,0.15978675385388025,1,canonical_volume_without_missing_flag
380,2,0.053583017924954915,0.7690393659379009,0.17737761613714415,1,canonical_volume_without_missing_flag
381,1,0.06981302016196925,0.6398379247570862,0.2903490550809445,1,canonical_volume_without_missing_flag
382,2,0.13423138106648796,0.4296367162250262,0.4361319027084858,2,canonical_volume_without_missing_flag
383,1,0.05686380859158824,0.7740943983206743,0.16904179308773748,1,canonical_volume_without_missing_flag
384,1,0.08179131982431578,0.8044772967364733,0.11373138343921085,1,canonical_volume_without_missing_flag
385,1,0.05741899311843561,0.7652658226486238,0.17731518423294063,1,canonical_volume_without_missing_flag
386,2,0.04623873058198194,0.7911031443897129,0.16265812502830518,1,canonical_volume_without_missing_flag
387,2,0.08779915626743023,0.796585726905574,0.11561511682699561,1,canonical_volume_without_missing_flag
388,2,0.045124462057478144,0.8242060813513464,0.1306694565911754,1,canonical_volume_without_missing_flag
389,1,0.03847512953676587,0.7474280546486785,0.21409681581455547,1,canonical_volume_without_missing_flag
390,1,0.08081511746946424,0.7902719632099248,0.128912919320611,1,canonical_volume_without_missing_flag
391,1,0.043446410050542186,0.7795813083747679,0.17697228157468978,1,canonical_volume_without_missing_flag
392,1,0.06056594413515601,0.7488033277301362,0.1906307281347076,1,canonical_volume_without_missing_flag
393,1,0.04326220225932957,0.7796506864859263,0.17708711125474402,1,canonical_volume_without_missing_flag
395,1,0.043446410050542186,0.7795813083747679,0.17697228157468978,1,canonical_volume_without_missing_flag
396,1,0.0810407624082558,0.8033330940370398,0.1156261435547045,1,canonical_volume_without_missing_flag
397,1,0.08498668487854416,0.7463155791365907,0.16869773598486493,1,canonical_volume_without_missing_flag
398,1,0.09545668664150736,0.7601505051884131,0.1443928081700795,1,canonical_volume_without_missing_flag
399,1,0.17481413275832722,0.6915720910394512,0.1336137762022215,1,canonical_volume_without_missing_flag
400,1,0.14249670876285944,0.7605143087351954,0.09698898250194511,1,canonical_volume_without_missing_flag
401,2,0.0440357582535455,0.06117496039904865,0.8947892813474059,2,canonical_volume_without_missing_flag
403,2,0.048671985305123566,0.0654799480104485,0.8858480666844278,2,canonical_volume_without_missing_flag
405,2,0.03898499673072449,0.08107164496277247,0.879943358306503,2,canonical_volume_without_missing_flag
406,2,0.043861435461933704,0.05878233753949889,0.8973562269985673,2,canonical_volume_without_missing_flag
407,2,0.027027663675734566,0.03531449495420085,0.9376578413700647,2,canonical_volume_without_missing_flag
408,2,0.03290860820074427,0.05088199215349296,0.9162093996457628,2,canonical_volume_without_missing_flag
409,2,0.021699232210112163,0.06603645020509805,0.9122643175847898,2,canonical_volume_without_missing_flag
410,2,0.02617745525721008,0.04097590416207651,0.9328466405807132,2,canonical_volume_without_missing_flag
411,2,0.030049725360129283,0.05010378545906965,0.919846489180801,2,canonical_volume_without_missing_flag
412,2,0.028178959020375885,0.05721240915051182,0.9146086318291123,2,canonical_volume_without_missing_flag
413,2,0.03339326156895427,0.04839703712086441,0.9182097013101813,2,canonical_volume_without_missing_flag
416,2,0.027980205373113395,0.051998598290700235,0.9200211963361863,2,canonical_volume_without_missing_flag
417,2,0.04110897476841235,0.044515168875706695,0.9143758563558808,2,canonical_volume_without_missing_flag
418,2,0.02852439925761401,0.02759524200790102,0.943880358734485,2,canonical_volume_without_missing_flag
419,2,0.027744827366024752,0.03677464794810287,0.9354805246858723,2,canonical_volume_without_missing_flag
420,2,0.03076609838341841,0.03952013422784394,0.9297137673887376,2,canonical_volume_without_missing_flag
421,2,0.029275685582919268,0.04384406830533646,0.9268802461117442,2,canonical_volume_without_missing_flag
422,2,0.03775592126129419,0.04432136423009255,0.9179227145086131,2,canonical_volume_without_missing_flag
423,2,0.035131002255392424,0.029241950791565594,0.935627046953042,2,canonical_volume_without_missing_flag
424,2,0.03847425344773739,0.08122021753733079,0.8803055290149318,2,canonical_volume_without_missing_flag
425,2,0.05977544090569127,0.06555164062722965,0.874672918467079,2,canonical_volume_without_missing_flag
426,2,0.058404228045091586,0.11485341590498321,0.8267423560499251,2,canonical_volume_without_missing_flag
429,2,0.033657052782711964,0.06350633338965422,0.9028366138276337,2,canonical_volume_without_missing_flag
430,2,0.044894784928643,0.08135159632625179,0.8737536187451052,2,canonical_volume_without_missing_flag
435,2,0.04599769399556822,0.043320347633095176,0.9106819583713366,2,canonical_volume_without_missing_flag
436,2,0.05062855566892913,0.0616575771549378,0.8877138671761329,2,canonical_volume_without_missing_flag
437,2,0.04234157133371744,0.04641252447601879,0.9112459041902637,2,canonical_volume_without_missing_flag
438,2,0.038251887970266504,0.07989619049675503,0.8818519215329784,2,canonical_volume_without_missing_flag
439,2,0.05521863079910107,0.06956981442841634,0.8752115547724826,2,canonical_volume_without_missing_flag
440,2,0.04453658668353,0.06133852474381701,0.8941248885726529,2,canonical_volume_without_missing_flag
441,2,0.06791813227885575,0.11768433764322274,0.8143975300779214,2,canonical_volume_without_missing_flag
442,2,0.025216066825536128,0.10420185620882376,0.87058207696564,2,canonical_volume_without_missing_flag
443,2,0.02664576574631146,0.046012019885380825,0.9273422143683077,2,canonical_volume_without_missing_flag
444,2,0.029574647182889074,0.07348435420271868,0.8969409986143921,2,canonical_volume_without_missing_flag
445,2,0.030938711550642997,0.09388617699278451,0.8751751114565723,2,canonical_volume_without_missing_flag
446,2,0.020599345602315657,0.04943854597744583,0.9299621084202385,2,canonical_volume_without_missing_flag
447,2,0.0346038156405766,0.0466502330471239,0.9187459513122995,2,canonical_volume_without_missing_flag
448,2,0.024575674286849012,0.06890423354939579,0.9065200921637552,2,canonical_volume_without_missing_flag
449,2,0.024759254267768167,0.0680167954392372,0.9072239502929946,2,canonical_volume_without_missing_flag
450,2,0.035670287123728876,0.044093691815523105,0.920236021060748,2,canonical_volume_without_missing_flag
451,2,0.06704672367747709,0.10213934437535421,0.8308139319471686,2,canonical_volume_without_missing_flag
452,2,0.03775806560688414,0.11748393073030644,0.8447580036628094,2,canonical_volume_without_missing_flag
456,2,0.047638889310353455,0.057994973345654066,0.8943661373439924,2,canonical_volume_without_missing_flag
457,2,0.03920192586023337,0.04664858347720191,0.9141494906625647,2,canonical_volume_without_missing_flag
458,2,0.026377108659807164,0.08275799956317068,0.8908648917770221,2,canonical_volume_without_missing_flag
459,2,0.054649745338075276,0.06404782391112657,0.8813024307507982,2,canonical_volume_without_missing_flag
460,2,0.07128629748922033,0.14027469713681717,0.7884390053739625,2,canonical_volume_without_missing_flag
461,2,0.0924297773597256,0.10118142754495968,0.8063887950953147,2,canonical_volume_without_missing_flag
462,2,0.03806078109408703,0.0768756377794072,0.8850635811265057,2,canonical_volume_without_missing_flag
464,2,0.044012263669522475,0.09877785913060809,0.8572098771998693,2,canonical_volume_without_missing_flag
465,2,0.03341168061188494,0.04167016700605272,0.9249181523820623,2,canonical_volume_without_missing_flag
466,2,0.06224193255121038,0.0923449766878833,0.8454130907609062,2,canonical_volume_without_missing_flag
468,2,0.060731940815218516,0.08023736414046581,0.8590306950443156,2,canonical_volume_without_missing_flag
470,2,0.09675867728705011,0.08827312678237786,0.814968195930572,2,canonical_volume_without_missing_flag
471,2,0.026521560477346634,0.11142278424011523,0.8620556552825381,2,canonical_volume_without_missing_flag
473,2,0.0538468199218891,0.10564077505032626,0.8405124050277847,2,canonical_volume_without_missing_flag
474,2,0.029823499119314367,0.09153573060109058,0.8786407702795949,2,canonical_volume_without_missing_flag
475,2,0.037422342265954395,0.07528941726962426,0.8872882404644212,2,canonical_volume_without_missing_flag
477,2,0.026982650184201398,0.07250512073348891,0.9005122290823097,2,canonical_volume_without_missing_flag
479,2,0.06510343264864303,0.0529477831748027,0.8819487841765541,2,canonical_volume_without_missing_flag
480,2,0.03467015478631259,0.029771240621481097,0.9355586045922062,2,canonical_volume_without_missing_flag
481,2,0.03144558416885448,0.062447932367420356,0.906106483463725,2,canonical_volume_without_missing_flag
482,2,0.0317160005376929,0.061677522172192585,0.9066064772901143,2,canonical_volume_without_missing_flag
483,2,0.04569750035534201,0.05595263429486431,0.8983498653497937,2,canonical_volume_without_missing_flag
484,2,0.02814447532419036,0.04852294980521379,0.9233325748705958,2,canonical_volume_without_missing_flag
485,2,0.13034945162147304,0.1287391806506988,0.7409113677278281,2,canonical_volume_without_missing_flag
486,2,0.05849658920688511,0.08059427924454918,0.8609091315485656,2,canonical_volume_without_missing_flag
487,2,0.06522153982591115,0.09489219627018308,0.8398862639039057,2,canonical_volume_without_missing_flag
488,2,0.04792066692939716,0.07009824618165608,0.8819810868889467,2,canonical_volume_without_missing_flag
489,2,0.08949812429018347,0.10476649891078921,0.8057353767990273,2,canonical_volume_without_missing_flag
490,2,0.10067468401602941,0.13637821743401735,0.7629470985499534,2,canonical_volume_without_missing_flag
491,2,0.054296307692243105,0.06382995905261848,0.8818737332551383,2,canonical_volume_without_missing_flag
494,2,0.03876729973945296,0.07781098629136812,0.8834217139691789,2,canonical_volume_without_missing_flag
500,2,0.08176652409897564,0.08454951080481338,0.8336839650962109,2,canonical_volume_without_missing_flag
501,2,0.04049946783819802,0.07958364416361774,0.8799168879981842,2,canonical_volume_without_missing_flag
502,2,0.06391519247655741,0.062095639191618,0.8739891683318245,2,canonical_volume_without_missing_flag
503,2,0.04070596525124023,0.08032138803336632,0.8789726467153934,2,canonical_volume_without_missing_flag
504,2,0.056551719719920554,0.06093400138948661,0.8825142788905929,2,canonical_volume_without_missing_flag
505,2,0.13792677607844814,0.13796481439095434,0.7241084095305975,2,canonical_volume_without_missing_flag
507,2,0.05247815399584328,0.07492716718519006,0.8725946788189667,2,canonical_volume_without_missing_flag
508,2,0.041537583859386926,0.08216716493700807,0.8762952512036051,2,canonical_volume_without_missing_flag
509,2,0.05935244028429365,0.11442799308076085,0.8262195666349456,2,canonical_volume_without_missing_flag
510,2,0.06765510502823105,0.10376580696592488,0.8285790880058439,2,canonical_volume_without_missing_flag
511,2,0.07385728643400598,0.14691690258980478,0.7792258109761891,2,canonical_volume_without_missing_flag
512,2,0.04378417901359427,0.10248092975485155,0.8537348912315541,2,canonical_volume_without_missing_flag
513,2,0.07075792073268275,0.10822913052024465,0.8210129487470726,2,canonical_volume_without_missing_flag
514,2,0.029729528863307365,0.0492389707356522,0.9210315004010404,2,canonical_volume_without_missing_flag
515,2,0.03499103787117909,0.07664901989203593,0.888359942236785,2,canonical_volume_without_missing_flag
516,2,0.05135468708825218,0.05498516141742868,0.893660151494319,2,canonical_volume_without_missing_flag
518,2,0.073079042691933,0.10267341129997372,0.8242475460080932,2,canonical_volume_without_missing_flag
519,2,0.09855365817399507,0.16729227690260562,0.7341540649233992,2,canonical_volume_without_missing_flag
520,2,0.03848065347051556,0.10169059009512899,0.8598287564343554,2,canonical_volume_without_missing_flag
521,2,0.02207131310067782,0.061707882964918984,0.9162208039344031,2,canonical_volume_without_missing_flag
522,2,0.03244102587861464,0.03846306104781349,0.9290959130735719,2,canonical_volume_without_missing_flag
524,2,0.03483827629728526,0.03713775129815028,0.9280239724045645,2,canonical_volume_without_missing_flag
525,2,0.026549574969263683,0.033695526423459764,0.9397548986072766,2,canonical_volume_without_missing_flag
526,2,0.024134432531806815,0.039430650268380774,0.9364349171998124,2,canonical_volume_without_missing_flag
527,2,0.03335324745923399,0.04242717963949413,0.9242195729012719,2,canonical_volume_without_missing_flag
528,2,0.04363376475720181,0.04244022472313053,0.9139260105196677,2,canonical_volume_without_missing_flag
529,2,0.08740584839673964,0.05979784404879593,0.8527963075544643,2,canonical_volume_without_missing_flag
530,2,0.03225872938813689,0.04127012444622104,0.9264711461656421,2,canonical_volume_without_missing_flag
531,2,0.03322783505716309,0.042896480874953055,0.9238756840678838,2,canonical_volume_without_missing_flag
532,2,0.06006539146193497,0.05680285922467707,0.8831317493133879,2,canonical_volume_without_missing_flag
534,2,0.0610863727189948,0.060938554863806324,0.8779750724171989,2,canonical_volume_without_missing_flag
535,2,0.044224870074999076,0.035392711897220874,0.92038241802778,2,canonical_volume_without_missing_flag
536,2,0.03871406455359745,0.10086034685975748,0.860425588586645,2,canonical_volume_without_missing_flag
537,2,0.04314796902259807,0.09560146837039606,0.8612505626070057,2,canonical_volume_without_missing_flag
539,2,0.019837736496719445,0.03258963287827665,0.9475726306250039,2,canonical_volume_without_missing_flag
540,2,0.0329922782545597,0.03629846523884933,0.9307092565065909,2,canonical_volume_without_missing_flag
542,2,0.02150358439001751,0.08963242233257954,0.888863993277403,2,canonical_volume_without_missing_flag
543,2,0.03317242204800261,0.02690956974830023,0.9399180082036971,2,canonical_volume_without_missing_flag
544,2,0.034031289186271185,0.053246597552473324,0.9127221132612555,2,canonical_volume_without_missing_flag
545,2,0.04078194791089045,0.14611786992266185,0.8131001821664476,2,canonical_volume_without_missing_flag
546,2,0.02715594989310128,0.06607397738757183,0.906770072719327,2,canonical_volume_without_missing_flag
547,2,0.03347909742387968,0.043529090359388206,0.9229918122167321,2,canonical_volume_without_missing_flag
548,2,0.04619314566640958,0.05500773957230014,0.8987991147612902,2,canonical_volume_without_missing_flag
549,2,0.02789967595023738,0.03500232900568298,0.9370979950440796,2,canonical_volume_without_missing_flag
550,2,0.03781253435527857,0.06898391971424772,0.8932035459304737,2,canonical_volume_without_missing_flag
552,2,0.033525112504660844,0.058721915117241515,0.9077529723780975,2,canonical_volume_without_missing_flag
553,2,0.022077023570379162,0.06210357682490948,0.9158193996047113,2,canonical_volume_without_missing_flag
554,2,0.04482913303845265,0.055738586297483406,0.8994322806640638,2,canonical_volume_without_missing_flag
555,2,0.030308021643166993,0.06648489625668878,0.9032070821001443,2,canonical_volume_without_missing_flag
557,2,0.05727036092699608,0.03484102862839833,0.9078886104446056,2,canonical_volume_without_missing_flag
558,2,0.04399423677200277,0.042862881102060844,0.9131428821259362,2,canonical_volume_without_missing_flag
560,2,0.04594169417953835,0.037017750610490306,0.9170405552099714,2,canonical_volume_without_missing_flag
561,2,0.03327904338572312,0.039825311626260566,0.9268956449880161,2,canonical_volume_without_missing_flag
562,2,0.05598158384508617,0.06970907427496043,0.8743093418799535,2,canonical_volume_without_missing_flag
563,2,0.03438647313530302,0.04822698029051562,0.9173865465741813,2,canonical_volume_without_missing_flag
564,2,0.04304933717161151,0.04847863138234131,0.908472031446047,2,canonical_volume_without_missing_flag
565,2,0.03856164215056848,0.07630258312696551,0.885135774722466,2,canonical_volume_without_missing_flag
566,2,0.03330324017351214,0.05679827544618391,0.9098984843803039,2,canonical_volume_without_missing_flag
567,2,0.03334830195848688,0.045369602968197975,0.9212820950733152,2,canonical_volume_without_missing_flag
568,2,0.04077516766845778,0.07582989344019646,0.8833949388913457,2,canonical_volume_without_missing_flag
570,2,0.027395214926447246,0.09888857521259364,0.873716209860959,2,canonical_volume_without_missing_flag
571,2,0.04257541568936858,0.043431011175686936,0.9139935731349444,2,canonical_volume_without_missing_flag
572,2,0.04396586383982305,0.04457905342724326,0.9114550827329336,2,canonical_volume_without_missing_flag
573,2,0.04181985614643588,0.040226088177749246,0.9179540556758148,2,canonical_volume_without_missing_flag
575,2,0.05388650524736879,0.039128047709609204,0.9069854470430219,2,canonical_volume_without_missing_flag
576,2,0.09248630328161389,0.03773741418547992,0.8697762825329062,2,canonical_volume_without_missing_flag
578,2,0.060578344532644574,0.08234015460124708,0.8570815008661082,2,canonical_volume_without_missing_flag
579,2,0.030807705881948415,0.02465348517274173,0.9445388089453097,2,canonical_volume_without_missing_flag
580,2,0.04172758417501446,0.033569271755526285,0.9247031440694593,2,canonical_volume_without_missing_flag
581,2,0.0332500028633534,0.06436642654059073,0.9023835705960559,2,canonical_volume_without_missing_flag
582,2,0.03415168912715186,0.06425113019260426,0.9015971806802439,2,canonical_volume_without_missing_flag
583,2,0.028201373973839962,0.04364084732132163,0.9281577787048384,2,canonical_volume_without_missing_flag
584,2,0.04432689044276315,0.12321864620593295,0.8324544633513038,2,canonical_volume_without_missing_flag
585,2,0.02781523678585757,0.03619618974057007,0.9359885734735722,2,canonical_volume_without_missing_flag
586,2,0.04078992673948954,0.09307840564319664,0.8661316676173137,2,canonical_volume_without_missing_flag
588,2,0.04418207039017351,0.05840677767142561,0.8974111519384007,2,canonical_volume_without_missing_flag
589,2,0.023663986086218915,0.04348445273601215,0.9328515611777689,2,canonical_volume_without_missing_flag
590,2,0.038935415100669266,0.05503656938382959,0.9060280155155012,2,canonical_volume_without_missing_flag
591,2,0.030750836131594607,0.04363997065468932,0.9256091932137159,2,canonical_volume_without_missing_flag
593,2,0.025394529643328098,0.043641334522829665,0.9309641358338423,2,canonical_volume_without_missing_flag
594,2,0.027474152561032146,0.034972367326633,0.9375534801123349,2,canonical_volume_without_missing_flag
596,2,0.04664015006665383,0.0273183150894429,0.9260415348439032,2,canonical_volume_without_missing_flag
597,2,0.04898579765579135,0.08631241306185863,0.86470178928235,2,canonical_volume_without_missing_flag
598,2,0.038849303111328316,0.0815025477067679,0.8796481491819037,2,canonical_volume_without_missing_flag
599,2,0.019237519877216756,0.0750081592772315,0.9057543208455517,2,canonical_volume_without_missing_flag
600,2,0.04117991017473439,0.09193183959218956,0.8668882502330761,2,canonical_volume_without_missing_flag
601,2,0.03349743842168569,0.03683567253082262,0.9296668890474917,2,canonical_volume_without_missing_flag
602,2,0.041226709852123906,0.054677265656170884,0.9040960244917051,2,canonical_volume_without_missing_flag
603,2,0.04231511114808349,0.05235832114918397,0.9053265677027325,2,canonical_volume_without_missing_flag
604,2,0.04023269282543866,0.08876437528482427,0.871002931889737,2,canonical_volume_without_missing_flag
606,2,0.03602742536975776,0.08017802376370597,0.8837945508665362,2,canonical_volume_without_missing_flag
607,2,0.020094994091541835,0.028425331043736703,0.9514796748647214,2,canonical_volume_without_missing_flag
608,2,0.06568820222462389,0.05691717706126278,0.8773946207141133,2,canonical_volume_without_missing_flag
609,2,0.05884765283148109,0.11499885292694205,0.8261534942415769,2,canonical_volume_without_missing_flag
611,2,0.04331603472453882,0.03637329757505301,0.920310667700408,2,canonical_volume_without_missing_flag
612,2,0.03343289949391499,0.027828925521288402,0.9387381749847965,2,canonical_volume_without_missing_flag
614,2,0.03475545842661445,0.10440967321843346,0.8608348683549519,2,canonical_volume_without_missing_flag
615,2,0.027973904734212254,0.09036038847816429,0.8816657067876235,2,canonical_volume_without_missing_flag
616,2,0.029277930207655352,0.053390694305137675,0.917331375487207,2,canonical_volume_without_missing_flag
617,2,0.02200417279613746,0.059489776854163276,0.9185060503496991,2,canonical_volume_without_missing_flag
618,2,0.02523213437977243,0.04970074512904571,0.9250671204911818,2,canonical_volume_without_missing_flag
619,2,0.024905138615076924,0.05046394623661339,0.9246309151483098,2,canonical_volume_without_missing_flag
620,2,0.04098054199405823,0.08749644473997772,0.871523013265964,2,canonical_volume_without_missing_flag
621,2,0.033409831134435276,0.03700316738160084,0.9295870014839638,2,canonical_volume_without_missing_flag
622,2,0.048139825141491344,0.0637468141397667,0.8881133607187419,2,canonical_volume_without_missing_flag
624,2,0.03875782875208672,0.04327140958159314,0.9179707616663202,2,canonical_volume_without_missing_flag
625,2,0.04486348106547526,0.09040222159693592,0.8647342973375887,2,canonical_volume_without_missing_flag
626,2,0.04093961047715784,0.0758195143956531,0.883240875127189,2,canonical_volume_without_missing_flag
627,2,0.03389260897603125,0.039751624353642635,0.926355766670326,2,canonical_volume_without_missing_flag
629,2,0.02107274535053674,0.028265684933531265,0.950661569715932,2,canonical_volume_without_missing_flag
630,2,0.042630630256536683,0.034182675621442185,0.9231866941220211,2,canonical_volume_without_missing_flag
632,2,0.06907421174919061,0.06388162800250141,0.8670441602483079,2,canonical_volume_without_missing_flag
633,2,0.05891589426507238,0.07946952315561545,0.8616145825793121,2,canonical_volume_without_missing_flag
634,2,0.045950804965541256,0.030848401957652687,0.923200793076806,2,canonical_volume_without_missing_flag
635,2,0.0454894794190039,0.08495383712503085,0.8695566834559652,2,canonical_volume_without_missing_flag
636,2,0.04158665500057823,0.08746421781096052,0.8709491271884612,2,canonical_volume_without_missing_flag
637,2,0.030402882465801064,0.06276638984018221,0.9068307276940166,2,canonical_volume_without_missing_flag
638,2,0.03691781762022844,0.054800573464233504,0.9082816089155379,2,canonical_volume_without_missing_flag
639,2,0.04036254848351342,0.04702970233640963,0.9126077491800768,2,canonical_volume_without_missing_flag
640,2,0.035455130353627,0.04281696824293525,0.9217279014034376,2,canonical_volume_without_missing_flag
642,2,0.06759785900833534,0.11578427989582471,0.8166178610958399,2,canonical_volume_without_missing_flag
643,2,0.030847176431071766,0.034794848295228095,0.9343579752737001,2,canonical_volume_without_missing_flag
644,2,0.0743715577957584,0.06768871488012257,0.8579397273241189,2,canonical_volume_without_missing_flag
645,2,0.03361490882750011,0.056232643776862656,0.9101524473956373,2,canonical_volume_without_missing_flag
647,2,0.03209927360448929,0.0553136930293989,0.9125870333661117,2,canonical_volume_without_missing_flag
648,2,0.03310985829632199,0.039164680912758515,0.9277254607909193,2,canonical_volume_without_missing_flag
650,2,0.025779753048418678,0.10836023651449712,0.8658600104370842,2,canonical_volume_without_missing_flag
651,2,0.05498315089317039,0.043918341322834245,0.9010985077839953,2,canonical_volume_without_missing_flag
652,2,0.028617198773533654,0.053761032066233304,0.917621769160233,2,canonical_volume_without_missing_flag
653,2,0.02935994013421753,0.0682282687968489,0.9024117910689337,2,canonical_volume_without_missing_flag
654,2,0.04321319689195479,0.06481122127877566,0.8919755818292695,2,canonical_volume_without_missing_flag
655,2,0.02723560172525517,0.0331160773709599,0.9396483209037847,2,canonical_volume_without_missing_flag
656,2,0.039353969732061636,0.0497097428321671,0.9109362874357712,2,canonical_volume_without_missing_flag
657,2,0.022276090396041,0.07400845228441211,0.9037154573195468,2,canonical_volume_without_missing_flag
658,2,0.03976060432616463,0.046843616212475916,0.9133957794613594,2,canonical_volume_without_missing_flag
660,2,0.038794382774631896,0.046496240462211506,0.9147093767631566,2,canonical_volume_without_missing_flag
661,2,0.024143633400609432,0.05386141802974678,0.9219949485696437,2,canonical_volume_without_missing_flag
662,2,0.02761697071082543,0.06138475856358838,0.9109982707255861,2,canonical_volume_without_missing_flag
663,2,0.046839523177332545,0.11354169806461283,0.8396187787580545,2,canonical_volume_without_missing_flag
665,2,0.02791945541594769,0.04602855889157309,0.9260519856924792,2,canonical_volume_without_missing_flag
666,2,0.04985265982296844,0.040948348146461006,0.9091989920305705,2,canonical_volume_without_missing_flag
668,2,0.03541655759643103,0.0889412486817848,0.8756421937217841,2,canonical_volume_without_missing_flag
669,2,0.05525391126227232,0.06158981575935914,0.8831562729783684,2,canonical_volume_without_missing_flag
670,2,0.02437954963700197,0.06261970647062126,0.9130007438923767,2,canonical_volume_without_missing_flag
671,2,0.026169704007028137,0.04394267323781374,0.929887622755158,2,canonical_volume_without_missing_flag
672,2,0.055979613164909826,0.04851498814380288,0.8955053986912873,2,canonical_volume_without_missing_flag
673,2,0.027190212311664477,0.037507469116519344,0.9353023185718161,2,canonical_volume_without_missing_flag
674,2,0.067608284468389,0.07286449943826244,0.8595272160933485,2,canonical_volume_without_missing_flag
675,2,0.0502410059468502,0.040818727185124165,0.9089402668680255,2,canonical_volume_without_missing_flag
676,2,0.03440376735886421,0.07212617626904017,0.8934700563720956,2,canonical_volume_without_missing_flag
678,2,0.044264226103580065,0.06994663152889698,0.8857891423675229,2,canonical_volume_without_missing_flag
679,2,0.028110447560353247,0.043876047226306725,0.9280135052133399,2,canonical_volume_without_missing_flag
680,2,0.06298960266472431,0.08537493722549444,0.8516354601097811,2,canonical_volume_without_missing_flag
681,2,0.03322734515348427,0.06225668302870298,0.9045159718178127,2,canonical_volume_without_missing_flag
683,2,0.027186673449359027,0.03730042935320203,0.9355128971974389,2,canonical_volume_without_missing_flag
684,2,0.07248976448275316,0.03718374431505341,0.8903264912021934,2,canonical_volume_without_missing_flag
686,2,0.029153339929118935,0.049460921792095464,0.9213857382787854,2,canonical_volume_without_missing_flag
687,2,0.041924333785069254,0.029136035016016783,0.928939631198914,2,canonical_volume_without_missing_flag
688,2,0.053492282659639,0.043776202972782445,0.9027315143675785,2,canonical_volume_without_missing_flag
689,2,0.037910793502868495,0.060385150332609744,0.9017040561645215,2,canonical_volume_without_missing_flag
690,2,0.03797591193140571,0.0790263899488092,0.8829976981197851,2,canonical_volume_without_missing_flag
691,2,0.02124001761299504,0.03860030102210418,0.9401596813649007,2,canonical_volume_without_missing_flag
692,2,0.03535309489659631,0.0537591437691346,0.910887761334269,2,canonical_volume_without_missing_flag
693,2,0.023203010130241026,0.03168106368860822,0.9451159261811506,2,canonical_volume_without_missing_flag
694,2,0.06548651546373574,0.10376387771551168,0.8307496068207525,2,canonical_volume_without_missing_flag
696,2,0.025839831487860322,0.06667386658469344,0.9074863019274464,2,canonical_volume_without_missing_flag
697,2,0.03406069989405229,0.05674091164821634,0.9091983884577314,2,canonical_volume_without_missing_flag
698,2,0.06775761996214377,0.09762661229795361,0.8346157677399025,2,canonical_volume_without_missing_flag
699,2,0.04918099907515036,0.06779693886012046,0.8830220620647291,2,canonical_volume_without_missing_flag
701,2,0.07540794573427952,0.3192362906277029,0.6053557636380176,2,canonical_volume_without_missing_flag
702,2,0.07410905527416742,0.20545168872476421,0.7204392560010684,2,canonical_volume_without_missing_flag
703,2,0.02370740344862721,0.03552830069119917,0.9407642958601736,2,canonical_volume_without_missing_flag
704,2,0.1296596289606925,0.09854993540443455,0.771790435634873,2,canonical_volume_without_missing_flag
705,2,0.08141262254421383,0.14630298765569227,0.7722843898000938,2,canonical_volume_without_missing_flag
707,2,0.08808782699045214,0.06520512138015476,0.846707051629393,2,canonical_volume_without_missing_flag
708,2,0.1905337848543568,0.4898817016701485,0.3195845134754946,1,canonical_volume_without_missing_flag
709,2,0.031533027208601995,0.09156406621587239,0.8769029065755256,2,canonical_volume_without_missing_flag
710,2,0.021003322035530486,0.0333072810526832,0.9456893969117863,2,canonical_volume_without_missing_flag
711,2,0.0818504959220292,0.0856355604520527,0.8325139436259181,2,canonical_volume_without_missing_flag
712,2,0.20202279499453432,0.11117549617148309,0.6868017088339825,2,canonical_volume_without_missing_flag
713,2,0.13661138655293512,0.24500411165050756,0.6183845017965572,2,canonical_volume_without_missing_flag
714,2,0.12539910346617525,0.31578800967314025,0.5588128868606845,2,canonical_volume_without_missing_flag
716,2,0.0639120905345943,0.10902333918644985,0.8270645702789559,2,canonical_volume_without_missing_flag
717,2,0.0727101618916712,0.10289871778340084,0.8243911203249279,2,canonical_volume_without_missing_flag
718,2,0.07185323019054674,0.147282518737141,0.7808642510723122,2,canonical_volume_without_missing_flag
719,2,0.03688934224442607,0.19537886977575747,0.7677317879798166,2,canonical_volume_without_missing_flag
721,2,0.10880736074100215,0.1966876968395968,0.694504942419401,2,canonical_volume_without_missing_flag
722,2,0.030733805101387655,0.040323412918342606,0.9289427819802696,2,canonical_volume_without_missing_flag
723,2,0.1892347893021216,0.4252381591941415,0.3855270515037369,1,canonical_volume_without_missing_flag
724,2,0.14352134312021636,0.07841638452409488,0.7780622723556886,2,canonical_volume_without_missing_flag
725,2,0.08323911989813523,0.09571725931196726,0.8210436207898976,2,canonical_volume_without_missing_flag
726,2,0.2438131580554999,0.3963990675192018,0.3597877744252982,1,canonical_volume_without_missing_flag
727,2,0.4006452489710349,0.4300866747492317,0.16926807627973334,1,canonical_volume_without_missing_flag
728,2,0.04710682321670501,0.12114015907846931,0.8317530177048256,2,canonical_volume_without_missing_flag
729,2,0.09450598231701432,0.11656779928390668,0.7889262183990788,2,canonical_volume_without_missing_flag
731,2,0.10193814938310686,0.22561816783138605,0.6724436827855071,2,canonical_volume_without_missing_flag
732,2,0.4017228089152268,0.3917548084527339,0.2065223826320393,0,canonical_volume_without_missing_flag
733,2,0.08228477527097067,0.04347490741928196,0.8742403173097473,2,canonical_volume_without_missing_flag
734,2,0.05110293739988997,0.08273887676446086,0.8661581858356492,2,canonical_volume_without_missing_flag
735,2,0.19534795567162608,0.46201218334511784,0.342639860983256,1,canonical_volume_without_missing_flag
736,2,0.04159931957530928,0.13034143066922915,0.8280592497554615,2,canonical_volume_without_missing_flag
737,2,0.09365310657982363,0.04737184946257498,0.8589750439576014,2,canonical_volume_without_missing_flag
738,2,0.20610340255300053,0.3972219640215747,0.39667463342542475,1,canonical_volume_without_missing_flag
739,2,0.07364233223633435,0.17146860476906933,0.7548890629945963,2,canonical_volume_without_missing_flag
740,2,0.10922813538209863,0.1286819961767777,0.7620898684411237,2,canonical_volume_without_missing_flag
741,2,0.15406609555972495,0.1760043579060221,0.6699295465342529,2,canonical_volume_without_missing_flag
742,2,0.13647539529587993,0.14400766476037433,0.7195169399437457,2,canonical_volume_without_missing_flag
743,2,0.051045728463574636,0.055922861179275724,0.8930314103571495,2,canonical_volume_without_missing_flag
744,2,0.08750041607765739,0.07287706384805663,0.839622520074286,2,canonical_volume_without_missing_flag
745,2,0.0642634217101258,0.353233441167896,0.5825031371219782,2,canonical_volume_without_missing_flag
746,2,0.17197932027970875,0.4285296576506645,0.3994910220696267,1,canonical_volume_without_missing_flag
747,2,0.03569409109200049,0.11733411452961831,0.8469717943783812,2,canonical_volume_without_missing_flag
748,2,0.07572579872702911,0.18086019772840212,0.7434140035445687,2,canonical_volume_without_missing_flag
749,2,0.02718276257533648,0.07574718630776153,0.8970700511169021,2,canonical_volume_without_missing_flag
750,2,0.11374674662394743,0.2481722512793632,0.6380810020966893,2,canonical_volume_without_missing_flag
751,2,0.039689658467435704,0.08699450769559819,0.8733158338369662,2,canonical_volume_without_missing_flag
752,2,0.03959084054641916,0.0983909771213675,0.8620181823322133,2,canonical_volume_without_missing_flag
753,2,0.06700196642168388,0.12033004238491243,0.8126679911934037,2,canonical_volume_without_missing_flag
754,2,0.25790385132126115,0.18881307176500162,0.5532830769137371,2,canonical_volume_without_missing_flag
755,2,0.058973005040456425,0.11228520526821795,0.8287417896913257,2,canonical_volume_without_missing_flag
756,2,0.022578720545716614,0.04403845515134144,0.933382824302942,2,canonical_volume_without_missing_flag
757,2,0.03729891854136454,0.12016374312424227,0.8425373383343933,2,canonical_volume_without_missing_flag
758,2,0.07495091537801091,0.11025270014479652,0.8147963844771926,2,canonical_volume_without_missing_flag
759,2,0.041536593951548725,0.11265360326205534,0.845809802786396,2,canonical_volume_without_missing_flag
760,2,0.08422551141680179,0.19117714281016773,0.7245973457730305,2,canonical_volume_without_missing_flag
761,2,0.2697194699973698,0.44061556945975044,0.2896649605428797,1,canonical_volume_without_missing_flag
762,2,0.0346203059500768,0.04580623379318148,0.9195734602567418,2,canonical_volume_without_missing_flag
764,2,0.1503190181022331,0.15668143550180452,0.6929995463959623,2,canonical_volume_without_missing_flag
765,2,0.05362808201246208,0.08727334480895625,0.8590985731785816,2,canonical_volume_without_missing_flag
767,2,0.04204514823151608,0.10166888453053578,0.8562859672379481,2,canonical_volume_without_missing_flag
769,2,0.04056380705666485,0.1418834136001501,0.8175527793431849,2,canonical_volume_without_missing_flag
770,2,0.05049318638684788,0.07493688075054986,0.8745699328626022,2,canonical_volume_without_missing_flag
771,2,0.058959255469653055,0.1937011034370741,0.7473396410932729,2,canonical_volume_without_missing_flag
772,2,0.03796746142946644,0.08197353447718679,0.8800590040933467,2,canonical_volume_without_missing_flag
773,2,0.10509771937427874,0.42255245309612055,0.47234982752960064,2,canonical_volume_without_missing_flag
774,2,0.18222106436249966,0.4151840899852754,0.4025948456522249,1,canonical_volume_without_missing_flag
776,2,0.09823646608573369,0.2004317005203059,0.7013318333939603,2,canonical_volume_without_missing_flag
777,2,0.03536057477057756,0.057524794278123625,0.9071146309512986,2,canonical_volume_without_missing_flag
778,2,0.10470285423013391,0.17088172403303326,0.7244154217368328,2,canonical_volume_without_missing_flag
779,2,0.07207186917000094,0.10925845169458959,0.8186696791354094,2,canonical_volume_without_missing_flag
780,2,0.049755899779814025,0.2567982905337105,0.6934458096864754,2,canonical_volume_without_missing_flag
781,2,0.12665281103467985,0.3287597666224315,0.5445874223428885,2,canonical_volume_without_missing_flag
782,2,0.041574372267625156,0.10117801279660613,0.8572476149357686,2,canonical_volume_without_missing_flag
783,2,0.09157469369020309,0.163723566275624,0.7447017400341728,2,canonical_volume_without_missing_flag
784,2,0.07133314997899737,0.08710673480877429,0.8415601152122283,2,canonical_volume_without_missing_flag
785,2,0.2579779250982238,0.3403140030864488,0.4017080718153273,2,canonical_volume_without_missing_flag
786,2,0.20154358193670532,0.365242142174565,0.4332142758887296,2,canonical_volume_without_missing_flag
787,2,0.11281842467561357,0.06632196141130181,0.8208596139130846,2,canonical_volume_without_missing_flag
788,2,0.06265533610038826,0.09995957532270072,0.8373850885769109,2,canonical_volume_without_missing_flag
790,2,0.14982915258147483,0.32307146354473953,0.5270993838737856,2,canonical_volume_without_missing_flag
791,2,0.09693189674748837,0.09512673633401908,0.8079413669184925,2,canonical_volume_without_missing_flag
792,2,0.036380216393278805,0.11503710215507401,0.8485826814516471,2,canonical_volume_without_missing_flag
793,2,0.04778184687204122,0.16632917544961537,0.7858889776783433,2,canonical_volume_without_missing_flag
794,2,0.05652881368269244,0.102392021677929,0.8410791646393785,2,canonical_volume_without_missing_flag
795,2,0.19022757166164514,0.14952044159914998,0.6602519867392047,2,canonical_volume_without_missing_flag
796,2,0.055032256198144766,0.08671688557999649,0.8582508582218586,2,canonical_volume_without_missing_flag
797,2,0.03415481396270955,0.06968907086918366,0.8961561151681068,2,canonical_volume_without_missing_flag
800,2,0.02926126150220559,0.1863563661283416,0.784382372369453,2,canonical_volume_without_missing_flag
801,2,0.071490088420075,0.07717126368785238,0.8513386478920726,2,canonical_volume_without_missing_flag
802,2,0.05612061302458843,0.11356003337986595,0.8303193535955455,2,canonical_volume_without_missing_flag
803,2,0.13611121161076814,0.23281376701009704,0.6310750213791347,2,canonical_volume_without_missing_flag
804,2,0.037229061669044994,0.14661473002238878,0.8161562083085663,2,canonical_volume_without_missing_flag
806,2,0.24818538011906452,0.10186419406456589,0.6499504258163695,2,canonical_volume_without_missing_flag
807,2,0.1437343088068324,0.2491225503031133,0.6071431408900543,2,canonical_volume_without_missing_flag
808,2,0.07129379102089739,0.19394870040534662,0.7347575085737559,2,canonical_volume_without_missing_flag
810,2,0.07610655202956963,0.23847614138047918,0.6854173065899509,2,canonical_volume_without_missing_flag
811,2,0.15649805393008248,0.27162890259257516,0.5718730434773424,2,canonical_volume_without_missing_flag
812,2,0.04005360111404285,0.19731010849117642,0.7626362903947806,2,canonical_volume_without_missing_flag
813,2,0.11540091979965922,0.12437673111847808,0.7602223490818627,2,canonical_volume_without_missing_flag
814,2,0.09334608610938835,0.23098616882532244,0.6756677450652891,2,canonical_volume_without_missing_flag
815,2,0.3814148533246401,0.3462030190294643,0.27238212764589564,0,canonical_volume_without_missing_flag
816,2,0.045750450518152276,0.05105234573806155,0.9031972037437863,2,canonical_volume_without_missing_flag
817,2,0.036127638983002426,0.127027565032793,0.8368447959842045,2,canonical_volume_without_missing_flag
818,2,0.03442048103026116,0.07353082905707298,0.8920486899126658,2,canonical_volume_without_missing_flag
821,2,0.08234826777088641,0.17500223921656388,0.7426494930125498,2,canonical_volume_without_missing_flag
823,2,0.25196738770677274,0.19714132707109988,0.5508912852221273,2,canonical_volume_without_missing_flag
824,2,0.02485077839216821,0.0664047650463033,0.9087444565615285,2,canonical_volume_without_missing_flag
825,2,0.1792118219659517,0.09537642258854236,0.725411755445506,2,canonical_volume_without_missing_flag
826,2,0.03815410756510043,0.09218924726566306,0.8696566451692365,2,canonical_volume_without_missing_flag
828,2,0.17845083926746716,0.2563741976030437,0.565174963129489,2,canonical_volume_without_missing_flag
829,2,0.05366369667330667,0.13598863410965412,0.810347669217039,2,canonical_volume_without_missing_flag
830,2,0.0773036879525161,0.08619780030611346,0.8364985117413704,2,canonical_volume_without_missing_flag
831,2,0.0650467708650721,0.16731450188583202,0.7676387272490958,2,canonical_volume_without_missing_flag
832,2,0.042713026506838024,0.10084533517212646,0.8564416383210355,2,canonical_volume_without_missing_flag
834,2,0.03933290037589036,0.11410218159676142,0.8465649180273482,2,canonical_volume_without_missing_flag
835,2,0.19313502099613075,0.4949806234182359,0.31188435558563343,1,canonical_volume_without_missing_flag
836,2,0.15064976033151914,0.3923910432926646,0.4569591963758163,2,canonical_volume_without_missing_flag
837,2,0.09914894092461711,0.2392987494406686,0.6615523096347142,2,canonical_volume_without_missing_flag
839,2,0.2575368104273128,0.37369105716078727,0.36877213241189993,1,canonical_volume_without_missing_flag
840,2,0.1560867311165117,0.18537211945203982,0.6585411494314484,2,canonical_volume_without_missing_flag
841,2,0.2664376320032884,0.3139186704586139,0.4196436975380976,2,canonical_volume_without_missing_flag
842,2,0.06139838465461363,0.10481421765605142,0.8337873976893351,2,canonical_volume_without_missing_flag
843,2,0.05276061765567382,0.27312507947009707,0.674114302874229,2,canonical_volume_without_missing_flag
844,2,0.033075437284420015,0.08462200084207319,0.8823025618735066,2,canonical_volume_without_missing_flag
845,2,0.06419430109624878,0.11198569763404342,0.8238200012697078,2,canonical_volume_without_missing_flag
847,2,0.11552474958207418,0.173514459645962,0.7109607907719637,2,canonical_volume_without_missing_flag
848,2,0.08682470924181226,0.2037907327556597,0.7093845580025281,2,canonical_volume_without_missing_flag
849,2,0.03859804697500643,0.09438137497927204,0.8670205780457214,2,canonical_volume_without_missing_flag
850,2,0.036568499757883455,0.14754932552242928,0.8158821747196872,2,canonical_volume_without_missing_flag
851,2,0.15504687481279528,0.2520616211182432,0.5928915040689614,2,canonical_volume_without_missing_flag
853,2,0.04220244572397745,0.10299321167416858,0.8548043426018539,2,canonical_volume_without_missing_flag
854,2,0.11989442350377688,0.40556662413536826,0.4745389523608548,2,canonical_volume_without_missing_flag
855,2,0.06901118210781619,0.2519834826902212,0.6790053352019626,2,canonical_volume_without_missing_flag
857,2,0.08422456740334043,0.16968485467406225,0.7460905779225973,2,canonical_volume_without_missing_flag
858,2,0.08580045778106898,0.17071650182947876,0.7434830403894522,2,canonical_volume_without_missing_flag
859,2,0.046950850349053296,0.2528594582450309,0.7001896914059158,2,canonical_volume_without_missing_flag
860,2,0.07626983559724457,0.29222787928867106,0.6315022851140842,2,canonical_volume_without_missing_flag
862,2,0.0423755764363229,0.14612404558984998,0.811500377973827,2,canonical_volume_without_missing_flag
863,2,0.04142873074944877,0.04907745976980645,0.9094938094807448,2,canonical_volume_without_missing_flag
864,2,0.06073845945739327,0.14925791552215092,0.7900036250204557,2,canonical_volume_without_missing_flag
865,2,0.058053402282713454,0.060601653971714915,0.8813449437455715,2,canonical_volume_without_missing_flag
867,2,0.2374403695749941,0.28123329532970076,0.4813263350953051,2,canonical_volume_without_missing_flag
869,2,0.09768783803130726,0.2650765348860219,0.6372356270826709,2,canonical_volume_without_missing_flag
870,2,0.2003594343334455,0.22477239475245236,0.5748681709141023,2,canonical_volume_without_missing_flag
871,2,0.08006653480458861,0.1626266036012553,0.7573068615941561,2,canonical_volume_without_missing_flag
872,2,0.06781817674579646,0.23064385504015708,0.7015379682140463,2,canonical_volume_without_missing_flag
873,2,0.13501305896467686,0.3000731818070792,0.5649137592282438,2,canonical_volume_without_missing_flag
874,2,0.07050823042333698,0.0672537470912418,0.8622380224854213,2,canonical_volume_without_missing_flag
875,2,0.23962273742485884,0.3979896694079048,0.36238759316723634,1,canonical_volume_without_missing_flag
876,2,0.16267794913673367,0.24937186701630853,0.5879501838469579,2,canonical_volume_without_missing_flag
878,2,0.04441519982551514,0.07192535312544235,0.8836594470490426,2,canonical_volume_without_missing_flag
879,2,0.16915163122688393,0.14577736252198778,0.6850710062511284,2,canonical_volume_without_missing_flag
880,2,0.051452090170409456,0.1540917908758357,0.7944561189537548,2,canonical_volume_without_missing_flag
881,2,0.10923597275649792,0.43027843230545015,0.4604855949380518,2,canonical_volume_without_missing_flag
882,2,0.1917953000706857,0.3900865366274992,0.418118163301815,2,canonical_volume_without_missing_flag
883,2,0.13246659991208387,0.1416022870583821,0.7259311130295341,2,canonical_volume_without_missing_flag
884,2,0.02562803935440176,0.14444588298219888,0.8299260776633993,2,canonical_volume_without_missing_flag
885,2,0.09053645577461583,0.06047424052254972,0.8489893037028344,2,canonical_volume_without_missing_flag
887,2,0.20434867520486888,0.3472302944082049,0.44842103038692627,2,canonical_volume_without_missing_flag
888,2,0.09751429028881244,0.1775746722005423,0.7249110375106452,2,canonical_volume_without_missing_flag
889,2,0.1476088488014919,0.11214480812029395,0.7402463430782141,2,canonical_volume_without_missing_flag
890,2,0.09991257446625243,0.14676118231612775,0.7533262432176198,2,canonical_volume_without_missing_flag
891,2,0.05655019506750406,0.13555968192950413,0.8078901230029918,2,canonical_volume_without_missing_flag
892,2,0.12419474469004134,0.17486155224806832,0.7009437030618904,2,canonical_volume_without_missing_flag
893,2,0.07475529095772071,0.092123364623928,0.8331213444183512,2,canonical_volume_without_missing_flag
895,2,0.1494124709257962,0.06824741475638471,0.782340114317819,2,canonical_volume_without_missing_flag
898,2,0.21116725588843277,0.23422045639396355,0.5546122877176036,2,canonical_volume_without_missing_flag
899,2,0.07348791602519253,0.1659933778366775,0.76051870613813,2,canonical_volume_without_missing_flag
901,2,0.037299633939423385,0.1047963559717808,0.8579040100887958,2,canonical_volume_without_missing_flag
902,2,0.06817626317220876,0.19212138643075577,0.7397023503970355,2,canonical_volume_without_missing_flag
903,2,0.15153332416173404,0.11923542006861607,0.7292312557696499,2,canonical_volume_without_missing_flag
904,2,0.023747385283669695,0.11672510831307203,0.8595275064032583,2,canonical_volume_without_missing_flag
905,2,0.03962248745356922,0.16605622239363704,0.7943212901527936,2,canonical_volume_without_missing_flag
906,2,0.02742733726937136,0.15374905880313938,0.8188236039274892,2,canonical_volume_without_missing_flag
910,2,0.04456919620496562,0.07672170407010742,0.878709099724927,2,canonical_volume_without_missing_flag
911,2,0.20731838912959888,0.3350656599504532,0.4576159509199479,2,canonical_volume_without_missing_flag
913,2,0.07639322631513992,0.22535709691882,0.69824967676604,2,canonical_volume_without_missing_flag
914,2,0.12839044578346565,0.25635671133922094,0.6152528428773134,2,canonical_volume_without_missing_flag
915,2,0.14289675575965377,0.4710691380406838,0.38603410619966233,1,canonical_volume_without_missing_flag
916,2,0.16962999574447604,0.26471246669071896,0.565657537564805,2,canonical_volume_without_missing_flag
918,2,0.07147908511381686,0.1717786872145463,0.7567422276716368,2,canonical_volume_without_missing_flag
919,2,0.048592293374723525,0.10290962333410339,0.8484980832911729,2,canonical_volume_without_missing_flag
920,2,0.29816331874821467,0.4060638498082942,0.29577283144349104,1,canonical_volume_without_missing_flag
921,2,0.10260951861678778,0.25092084663560116,0.6464696347476109,2,canonical_volume_without_missing_flag
922,2,0.07199728681602943,0.17204403877516555,0.7559586744088049,2,canonical_volume_without_missing_flag
923,2,0.11042434221471736,0.1453951535979179,0.7441805041873647,2,canonical_volume_without_missing_flag
924,2,0.09497154394795596,0.22290837909263306,0.6821200769594109,2,canonical_volume_without_missing_flag
925,2,0.1471338026377801,0.2168693125885483,0.6359968847736714,2,canonical_volume_without_missing_flag
926,2,0.044832866367289184,0.07278678567119556,0.8823803479615152,2,canonical_volume_without_missing_flag
927,2,0.18572473616764187,0.23862607924311133,0.5756491845892467,2,canonical_volume_without_missing_flag
928,2,0.06279915354205998,0.13368249014010875,0.8035183563178312,2,canonical_volume_without_missing_flag
930,2,0.19147683319324155,0.3296250733673593,0.47889809343939904,2,canonical_volume_without_missing_flag
932,2,0.08780961701594656,0.09499297543996674,0.8171974075440867,2,canonical_volume_without_missing_flag
933,2,0.03444715105054893,0.100338460168203,0.865214388781248,2,canonical_volume_without_missing_flag
934,2,0.08862492347261978,0.14560856218175938,0.7657665143456209,2,canonical_volume_without_missing_flag
937,2,0.25477637479612997,0.37446734104172297,0.37075628416214707,1,canonical_volume_without_missing_flag
938,2,0.0643637399007406,0.1190793976575586,0.8165568624417008,2,canonical_volume_without_missing_flag
939,2,0.17038203337440783,0.2677407634819873,0.5618772031436049,2,canonical_volume_without_missing_flag
940,2,0.10400927771950161,0.20652559591404607,0.6894651263664523,2,canonical_volume_without_missing_flag
941,2,0.1029606717621653,0.20160170573477895,0.6954376225030556,2,canonical_volume_without_missing_flag
942,2,0.03630269285715489,0.1656657629981892,0.7980315441446559,2,canonical_volume_without_missing_flag
943,2,0.1127632975498216,0.33999574178231873,0.5472409606678595,2,canonical_volume_without_missing_flag
944,2,0.12994088919324642,0.3214026124772861,0.5486564983294675,2,canonical_volume_without_missing_flag
945,2,0.11210205157639874,0.2220134246062136,0.6658845238173876,2,canonical_volume_without_missing_flag
946,2,0.0469316859743861,0.1728169557564552,0.7802513582691586,2,canonical_volume_without_missing_flag
947,2,0.06834093704568352,0.12023090809756917,0.8114281548567472,2,canonical_volume_without_missing_flag
948,2,0.2753445389037461,0.37860121815804393,0.34605424293820986,1,canonical_volume_without_missing_flag
949,2,0.08291096725850974,0.3254044244090866,0.5916846083324035,2,canonical_volume_without_missing_flag
950,2,0.03220018881557114,0.0814753646062106,0.8863244465782183,2,canonical_volume_without_missing_flag
952,2,0.057630368243056465,0.14642804098981616,0.7959415907671274,2,canonical_volume_without_missing_flag
953,2,0.0845946993752075,0.2277196384624111,0.6876856621623814,2,canonical_volume_without_missing_flag
954,2,0.06147529812349837,0.07369074880976952,0.8648339530667322,2,canonical_volume_without_missing_flag
955,2,0.12809403961195315,0.14120352535582548,0.7307024350322213,2,canonical_volume_without_missing_flag
956,2,0.16145664038138777,0.13235070593656906,0.7061926536820431,2,canonical_volume_without_missing_flag
957,2,0.08883754479551992,0.06591616403313516,0.8452462911713449,2,canonical_volume_without_missing_flag
959,2,0.2642698689878213,0.252878525247515,0.48285160576466374,2,canonical_volume_without_missing_flag
960,2,0.14746726984462896,0.1893548548849855,0.6631778752703855,2,canonical_volume_without_missing_flag
961,2,0.03504379484927288,0.054819801543282656,0.9101364036074444,2,canonical_volume_without_missing_flag
962,2,0.08088412406028199,0.14816391618568733,0.7709519597540306,2,canonical_volume_without_missing_flag
963,2,0.07334639507396919,0.17072182732289765,0.7559317776031331,2,canonical_volume_without_missing_flag
964,2,0.06259731089348194,0.15535781421902883,0.7820448748874892,2,canonical_volume_without_missing_flag
965,2,0.15361867577962524,0.25059420515575925,0.5957871190646155,2,canonical_volume_without_missing_flag
966,2,0.038413432078419435,0.08303587878090787,0.8785506891406727,2,canonical_volume_without_missing_flag
967,2,0.08317305240957573,0.09613821641498435,0.8206887311754398,2,canonical_volume_without_missing_flag
969,2,0.1950480984508465,0.4614487494746877,0.3435031520744658,1,canonical_volume_without_missing_flag
970,2,0.07802401695659963,0.246147526420943,0.6758284566224573,2,canonical_volume_without_missing_flag
971,2,0.2676290378533012,0.55831240342228,0.17405855872441878,1,canonical_volume_without_missing_flag
972,2,0.2606704899904604,0.31590749975821464,0.4234220102513248,2,canonical_volume_without_missing_flag
973,2,0.1359521086685536,0.2995713057856544,0.5644765855457919,2,canonical_volume_without_missing_flag
974,2,0.18998602359617184,0.3551102143812219,0.45490376202260624,2,canonical_volume_without_missing_flag
976,2,0.030949699992515022,0.08618538112578619,0.8828649188816988,2,canonical_volume_without_missing_flag
977,2,0.07883466815583604,0.3408146105723002,0.5803507212718636,2,canonical_volume_without_missing_flag
978,2,0.042902886647131946,0.1898202144223406,0.7672768989305273,2,canonical_volume_without_missing_flag
979,2,0.13398478544971593,0.20368695211766588,0.6623282624326181,2,canonical_volume_without_missing_flag
980,2,0.19462622036941502,0.41632718956444636,0.3890465900661386,1,canonical_volume_without_missing_flag
981,2,0.0450421355261797,0.1104962234088505,0.8444616410649698,2,canonical_volume_without_missing_flag
982,2,0.040493708087868466,0.09386523846460493,0.8656410534475265,2,canonical_volume_without_missing_flag
983,2,0.0390749761742782,0.08970002351999407,0.8712250003057277,2,canonical_volume_without_missing_flag
984,2,0.04933647033294143,0.2964281249212936,0.6542354047457649,2,canonical_volume_without_missing_flag
985,2,0.08184005766195404,0.11967088385786301,0.7984890584801829,2,canonical_volume_without_missing_flag
986,2,0.0597401925804661,0.16062389020798373,0.7796359172115502,2,canonical_volume_without_missing_flag
987,2,0.11045583016633373,0.10232580810895432,0.7872183617247119,2,canonical_volume_without_missing_flag
988,2,0.1413833367329107,0.314169148189798,0.5444475150772913,2,canonical_volume_without_missing_flag
989,2,0.06601737561908416,0.106741196561492,0.8272414278194237,2,canonical_volume_without_missing_flag
990,2,0.10840836630319338,0.2430115333726976,0.648580100324109,2,canonical_volume_without_missing_flag
992,2,0.19685148604210395,0.20267274893216627,0.6004757650257297,2,canonical_volume_without_missing_flag
995,2,0.08458358596149654,0.11579094571204254,0.7996254683264608,2,canonical_volume_without_missing_flag
998,2,0.045323421363962765,0.058642352802923695,0.8960342258331135,2,canonical_volume_without_missing_flag
999,2,0.07478867801666567,0.1287373097263214,0.796474012257013,2,canonical_volume_without_missing_flag
MOFs_0,0,0.3503033238889975,0.496933277260628,0.1527633988503745,1,canonical_volume_without_missing_flag
MOFs_1,0,0.3525530836783287,0.4827624071706248,0.16468450915104632,1,canonical_volume_without_missing_flag
MOFs_2,0,0.3738609404948693,0.5187177083153073,0.10742135118982331,1,canonical_volume_without_missing_flag
MOFs_6,0,0.4394399897185188,0.32387951349016686,0.23668049679131434,0,canonical_volume_without_missing_flag
MOFs_8,0,0.24910369449007871,0.5127620401183759,0.23813426539154542,1,canonical_volume_without_missing_flag
MOFs_9,0,0.26353209216972073,0.5092269836912999,0.22724092413897928,1,canonical_volume_without_missing_flag
MOFs_10,0,0.6506026618050837,0.28321908553762337,0.06617825265729303,0,canonical_volume_without_missing_flag
MOFs_11,0,0.5239883246983966,0.39750708494542475,0.07850459035617857,0,canonical_volume_without_missing_flag
MOFs_12,0,0.5496095367016121,0.38208762796297174,0.06830283533541615,0,canonical_volume_without_missing_flag
MOFs_13,0,0.5198391106187388,0.39158166273614925,0.08857922664511184,0,canonical_volume_without_missing_flag
MOFs_14,0,0.6334788359833841,0.2998682533749173,0.06665291064169845,0,canonical_volume_without_missing_flag
MOFs_15,0,0.227126353854164,0.6585665841996042,0.11430706194623175,1,canonical_volume_without_missing_flag
MOFs_16,0,0.5918645962271966,0.3380019460464246,0.0701334577263788,0,canonical_volume_without_missing_flag
MOFs_17,0,0.5723946330964607,0.3599895809997502,0.0676157859037892,0,canonical_volume_without_missing_flag
MOFs_18,0,0.3724382956813268,0.5081348456758854,0.11942685864278765,1,canonical_volume_without_missing_flag
MOFs_19,0,0.5162463220492238,0.368956356876912,0.11479732107386426,0,canonical_volume_without_missing_flag
MOFs_20,0,0.5297854822481989,0.3642193825864535,0.1059951351653477,0,canonical_volume_without_missing_flag
MOFs_21,0,0.3215622908423899,0.5425984450201421,0.13583926413746794,1,canonical_volume_without_missing_flag
MOFs_23,0,0.4978563157431357,0.3588398861461809,0.14330379811068344,0,canonical_volume_without_missing_flag
MOFs_24,0,0.49220276613243724,0.3129616832127644,0.19483555065479835,0,canonical_volume_without_missing_flag
MOFs_25,0,0.5520792172704182,0.3506974729327804,0.0972233097968014,0,canonical_volume_without_missing_flag
MOFs_26,0,0.5385737629826253,0.35721505288045885,0.10421118413691582,0,canonical_volume_without_missing_flag
MOFs_27,0,0.5415505476195525,0.3551513380084623,0.10329811437198523,0,canonical_volume_without_missing_flag
MOFs_28,0,0.5466571036395539,0.3779718212254255,0.07537107513502064,0,canonical_volume_without_missing_flag
MOFs_29,0,0.5289102933163876,0.37108382169998916,0.10000588498362317,0,canonical_volume_without_missing_flag
MOFs_30,0,0.370834269658013,0.5276998277693132,0.1014659025726737,1,canonical_volume_without_missing_flag
MOFs_31,0,0.5673278898957855,0.35833225999794255,0.07433985010627189,0,canonical_volume_without_missing_flag
MOFs_32,0,0.6408999643010153,0.2879963058083779,0.07110372989060688,0,canonical_volume_without_missing_flag
MOFs_35,0,0.5602039931724213,0.37645701107636154,0.06333899575121708,0,canonical_volume_without_missing_flag
MOFs_36,0,0.21319721200691155,0.70104463679231,0.08575815120077854,1,canonical_volume_without_missing_flag
MOFs_37,0,0.5236727026578931,0.40643091622773364,0.06989638111437321,0,canonical_volume_without_missing_flag
MOFs_38,0,0.5007937799680624,0.4271832963141036,0.07202292371783409,0,canonical_volume_without_missing_flag
MOFs_40,0,0.5657371880320945,0.2913539490594789,0.14290886290842644,0,canonical_volume_without_missing_flag
MOFs_41,0,0.40510255013248764,0.4489716238360121,0.14592582603150023,1,canonical_volume_without_missing_flag
MOFs_42,0,0.4937258930060159,0.4049404251529274,0.10133368184105662,0,canonical_volume_without_missing_flag
MOFs_43,0,0.4443406070486542,0.3674072100668145,0.18825218288453135,0,canonical_volume_without_missing_flag
MOFs_44,0,0.6612295435507393,0.20928194410030088,0.12948851234895983,0,canonical_volume_without_missing_flag
MOFs_45,0,0.44478187457647,0.4149964864784697,0.14022163894506023,0,canonical_volume_without_missing_flag
MOFs_46,0,0.47085897520654924,0.247227621601135,0.2819134031923156,0,canonical_volume_without_missing_flag
MOFs_47,2,0.5075429098001,0.2714014607218654,0.2210556294780346,0,canonical_volume_without_missing_flag
MOFs_50,0,0.4693860514916253,0.419918383020622,0.11069556548775258,0,canonical_volume_without_missing_flag
MOFs_51,0,0.572711424347512,0.26819496000265164,0.1590936156498362,0,canonical_volume_without_missing_flag
MOFs_52,0,0.37923259716419705,0.4133202668758138,0.20744713595998915,1,canonical_volume_without_missing_flag
MOFs_53,0,0.39800444030487603,0.4608044824478399,0.14119107724728408,1,canonical_volume_without_missing_flag
MOFs_54,0,0.4290495033243129,0.46077775376672336,0.11017274290896359,1,canonical_volume_without_missing_flag
MOFs_55,0,0.682970952663442,0.2262813712289788,0.09074767610757926,0,canonical_volume_without_missing_flag
MOFs_56,0,0.6072915677167732,0.28239382575733973,0.11031460652588714,0,canonical_volume_without_missing_flag
MOFs_57,0,0.6267610163766909,0.28264869262247333,0.09059029100083568,0,canonical_volume_without_missing_flag
MOFs_58,0,0.6014140046858603,0.2681233567658492,0.13046263854829054,0,canonical_volume_without_missing_flag
MOFs_59,0,0.24552165338687976,0.5901683282806723,0.1643100183324479,1,canonical_volume_without_missing_flag
MOFs_60,0,0.582690486118445,0.31389678775567786,0.10341272612587701,0,canonical_volume_without_missing_flag
MOFs_61,0,0.3494458702063224,0.5346588240493482,0.11589530574432944,1,canonical_volume_without_missing_flag
MOFs_63,0,0.5214708257984675,0.3094283519481706,0.16910082225336187,0,canonical_volume_without_missing_flag
MOFs_64,0,0.6498584255886725,0.25065649611956575,0.09948507829176156,0,canonical_volume_without_missing_flag
MOFs_65,0,0.45159677027989975,0.4299781818794908,0.11842504784060942,0,canonical_volume_without_missing_flag
MOFs_72,0,0.23859779564949773,0.41653362004432404,0.34486858430617817,1,canonical_volume_without_missing_flag
MOFs_73,0,0.29071618168574737,0.4225206283178316,0.2867631899964209,1,canonical_volume_without_missing_flag
MOFs_74,0,0.44251616006613226,0.39654919592520077,0.16093464400866692,0,canonical_volume_without_missing_flag
MOFs_75,0,0.6311950538798077,0.22940546581729682,0.1393994803028954,0,canonical_volume_without_missing_flag
MOFs_76,0,0.5801954230457993,0.27792697099650776,0.14187760595769286,0,canonical_volume_without_missing_flag
MOFs_77,0,0.5900445037897699,0.20824743898578424,0.2017080572244458,0,canonical_volume_without_missing_flag
MOFs_78,0,0.522967952128028,0.2471393253232147,0.2298927225487572,0,canonical_volume_without_missing_flag
MOFs_79,0,0.22288167875232723,0.1263170119034791,0.6508013093441938,2,canonical_volume_without_missing_flag
MOFs_80,0,0.6120992903759703,0.2036390519755079,0.18426165764852165,0,canonical_volume_without_missing_flag
MOFs_81,0,0.4678834731798482,0.26097775198029055,0.2711387748398611,0,canonical_volume_without_missing_flag
MOFs_82,0,0.5915333279412802,0.1761668560004238,0.23229981605829592,0,canonical_volume_without_missing_flag
MOFs_83,0,0.44798114762874536,0.27064935182118444,0.2813695005500702,0,canonical_volume_without_missing_flag
MOFs_84,0,0.6043460399321388,0.1828068360433874,0.2128471240244738,0,canonical_volume_without_missing_flag
MOFs_85,0,0.4268880776483267,0.2678041845721161,0.3053077377795571,0,canonical_volume_without_missing_flag
MOFs_86,0,0.36538424817824866,0.2887450932716737,0.3458706585500776,0,canonical_volume_without_missing_flag
MOFs_87,0,0.4455018513715935,0.2612503926439611,0.2932477559844453,0,canonical_volume_without_missing_flag
MOFs_88,0,0.5970788861799766,0.2113570966354591,0.19156401718456417,0,canonical_volume_without_missing_flag
MOFs_89,0,0.5908507077486516,0.182873987251604,0.22627530499974435,0,canonical_volume_without_missing_flag
MOFs_90,0,0.2850932827189914,0.4199487441993089,0.2949579730816996,1,canonical_volume_without_missing_flag
MOFs_91,0,0.37467093421937686,0.4645543158170616,0.1607747499635615,1,canonical_volume_without_missing_flag
MOFs_92,0,0.10139695136553076,0.12494199113595247,0.7736610574985168,2,canonical_volume_without_missing_flag
MOFs_93,2,0.3710415939991113,0.30448976535037786,0.32446864065051073,0,canonical_volume_without_missing_flag
MOFs_94,0,0.40078880093636915,0.2824982049306986,0.3167129941329321,0,canonical_volume_without_missing_flag
MOFs_95,0,0.4804637420637812,0.25542737681847616,0.2641088811177426,0,canonical_volume_without_missing_flag
MOFs_96,0,0.2463073698566941,0.16193418653062167,0.5917584436126841,2,canonical_volume_without_missing_flag
MOFs_97,0,0.3267109235449398,0.18170264453592921,0.491586431919131,2,canonical_volume_without_missing_flag
MOFs_98,1,0.41589990221933004,0.3521693611236739,0.23193073665699607,0,canonical_volume_without_missing_flag
MOFs_99,0,0.4860176854822156,0.25608541644649074,0.2578968980712937,0,canonical_volume_without_missing_flag
MOFs_101,0,0.2555131029901662,0.49448723474502576,0.24999966226480808,1,canonical_volume_without_missing_flag
MOFs_103,0,0.32000728995959377,0.45252638038195636,0.22746632965844982,1,canonical_volume_without_missing_flag
MOFs_104,0,0.4985412067266478,0.34071201983345645,0.16074677343989574,0,canonical_volume_without_missing_flag
MOFs_105,0,0.4584541610860071,0.4183002084480166,0.12324563046597622,0,canonical_volume_without_missing_flag
MOFs_106,2,0.5629722066701537,0.24704225172356642,0.18998554160627995,0,canonical_volume_without_missing_flag
MOFs_107,0,0.45800654191714546,0.440780230223332,0.10121322785952253,0,canonical_volume_without_missing_flag
MOFs_108,2,0.4874930584964422,0.3277907355999659,0.1847162059035919,0,canonical_volume_without_missing_flag
MOFs_109,2,0.516280597451311,0.3443788652558245,0.13934053729286436,0,canonical_volume_without_missing_flag
MOFs_110,2,0.36308000102498383,0.49135480790214936,0.1455651910728668,1,canonical_volume_without_missing_flag
MOFs_111,0,0.5443031197120256,0.33624787041266035,0.11944900987531401,0,canonical_volume_without_missing_flag
MOFs_112,0,0.6242272285878951,0.2722958111596998,0.10347696025240496,0,canonical_volume_without_missing_flag
MOFs_132,1,0.33757671725843336,0.5347152287035926,0.12770805403797397,1,canonical_volume_without_missing_flag
MOFs_133,0,0.29512846910232304,0.5552270236889935,0.14964450720868347,1,canonical_volume_without_missing_flag
MOFs_134,0,0.6028267882186759,0.28159755611560894,0.11557565566571512,0,canonical_volume_without_missing_flag
MOFs_135,2,0.5793335249197075,0.2095059283399044,0.2111605467403881,0,canonical_volume_without_missing_flag
MOFs_136,0,0.5922235475774335,0.23895804489192224,0.16881840753064423,0,canonical_volume_without_missing_flag
MOFs_137,1,0.6163133740043468,0.2127103442315979,0.17097628176405522,0,canonical_volume_without_missing_flag
MOFs_138,0,0.5958194123150156,0.22298145693585425,0.18119913074913022,0,canonical_volume_without_missing_flag
MOFs_139,2,0.31903358300594037,0.39354685539669,0.2874195615973696,1,canonical_volume_without_missing_flag
MOFs_140,1,0.18913715240834755,0.48342040731929103,0.32744244027236147,1,canonical_volume_without_missing_flag
MOFs_141,2,0.6437035918444216,0.23495018587024974,0.12134622228532861,0,canonical_volume_without_missing_flag
MOFs_142,2,0.6306345378579583,0.2344753585479719,0.1348901035940697,0,canonical_volume_without_missing_flag
MOFs_143,0,0.5659890844523348,0.2798004570591332,0.15421045848853204,0,canonical_volume_without_missing_flag
MOFs_144,1,0.6495197652492469,0.20779461778314118,0.14268561696761192,0,canonical_volume_without_missing_flag
MOFs_145,0,0.6320020789829781,0.21307191152653474,0.15492600949048696,0,canonical_volume_without_missing_flag
MOFs_146,2,0.2579885717082487,0.43913182664312267,0.3028796016486286,1,canonical_volume_without_missing_flag
MOFs_148,2,0.56418403227554,0.30223207104783434,0.13358389667662562,0,canonical_volume_without_missing_flag
MOFs_149,0,0.5546101230286588,0.29718763772081025,0.148202239250531,0,canonical_volume_without_missing_flag
MOFs_150,1,0.6036001027379697,0.23754636242989338,0.15885353483213693,0,canonical_volume_without_missing_flag
MOFs_151,0,0.5738506889325692,0.25548527129749926,0.17066403976993147,0,canonical_volume_without_missing_flag
MOFs_152,2,0.32872211882595515,0.3549911641749055,0.31628671699913924,1,canonical_volume_without_missing_flag
MOFs_153,2,0.1823084396519538,0.4929604988496926,0.32473106149835357,1,canonical_volume_without_missing_flag
MOFs_154,0,0.5700787772514346,0.32556397298403794,0.10435724976452722,0,canonical_volume_without_missing_flag
MOFs_155,0,0.5668567325657982,0.3489440808471518,0.08419918658705003,0,canonical_volume_without_missing_flag
MOFs_156,0,0.541350663082966,0.3663233052979391,0.09232603161909494,0,canonical_volume_without_missing_flag
MOFs_157,0,0.5243409662111742,0.3763049124954654,0.09935412129336038,0,canonical_volume_without_missing_flag
MOFs_158,0,0.525285567231293,0.3821381882445438,0.09257624452416319,0,canonical_volume_without_missing_flag
MOFs_160,0,0.5722486791519594,0.3782647943202265,0.04948652652781405,0,canonical_volume_without_missing_flag
MOFs_163,0,0.23630697301175152,0.3163668415223887,0.4473261854658598,2,canonical_volume_without_missing_flag
MOFs_164,0,0.5555302750438336,0.3165070036227631,0.1279627213334033,0,canonical_volume_without_missing_flag
MOFs_165,0,0.43226110999462247,0.45049790280365454,0.11724098720172293,1,canonical_volume_without_missing_flag
MOFs_166,2,0.49257669479698607,0.31537112842861503,0.19205217677439887,0,canonical_volume_without_missing_flag
MOFs_167,0,0.3660512042054635,0.21316705862210727,0.42078173717242917,2,canonical_volume_without_missing_flag
MOFs_168,0,0.4950797677280128,0.41309273087334203,0.0918275013986451,0,canonical_volume_without_missing_flag
MOFs_169,0,0.637299633682482,0.2643793241497185,0.09832104216779941,0,canonical_volume_without_missing_flag
MOFs_170,0,0.41037244042863646,0.2206422842937361,0.36898527527762737,0,canonical_volume_without_missing_flag
MOFs_171,0,0.4074909352959098,0.23024847659997427,0.36226058810411593,0,canonical_volume_without_missing_flag
MOFs_172,0,0.1465830517411663,0.18758505682670973,0.665831891432124,2,canonical_volume_without_missing_flag
MOFs_173,0,0.43728822034546333,0.19851664446928816,0.3641951351852485,0,canonical_volume_without_missing_flag
MOFs_174,0,0.17564960225442425,0.3380508228493695,0.48629957489620634,2,canonical_volume_without_missing_flag
MOFs_175,0,0.4007268325940458,0.22251856200067727,0.37675460540527683,0,canonical_volume_without_missing_flag
MOFs_176,0,0.17221167581129,0.3462522250575787,0.48153609913113127,2,canonical_volume_without_missing_flag
MOFs_177,0,0.14757402168605743,0.5193848577839744,0.33304112052996826,1,canonical_volume_without_missing_flag
MOFs_178,0,0.39878990617613147,0.2455032485549214,0.355706845268947,0,canonical_volume_without_missing_flag
MOFs_179,0,0.4004810204532732,0.24937340188715001,0.3501455776595767,0,canonical_volume_without_missing_flag
MOFs_180,0,0.4500305065081611,0.26659951893510514,0.28336997455673374,0,canonical_volume_without_missing_flag
MOFs_181,0,0.4625628769159686,0.28290827134330443,0.254528851740727,0,canonical_volume_without_missing_flag
MOFs_182,0,0.15320151198164067,0.3130232436793753,0.533775244338984,2,canonical_volume_without_missing_flag
MOFs_183,0,0.4420957439863788,0.2362709674923942,0.32163328852122686,0,canonical_volume_without_missing_flag
MOFs_184,0,0.3688876718653999,0.16288205286799093,0.46823027526660904,2,canonical_volume_without_missing_flag
MOFs_185,0,0.43167162732390596,0.3731774772106133,0.19515089546548073,0,canonical_volume_without_missing_flag
MOFs_186,0,0.31497903043073683,0.3215971148518649,0.36342385471739824,2,canonical_volume_without_missing_flag
MOFs_187,0,0.16544306039764395,0.15657383172322903,0.6779831078791269,2,canonical_volume_without_missing_flag
MOFs_188,2,0.12646738606794805,0.11553837911458567,0.7579942348174662,2,canonical_volume_without_missing_flag
MOFs_189,0,0.2906976439293812,0.37051596804483644,0.3387863880257822,1,canonical_volume_without_missing_flag
MOFs_190,2,0.2831537421709519,0.3609576195569768,0.3558886382720713,1,canonical_volume_without_missing_flag
MOFs_191,2,0.3045201303924817,0.3676705427209989,0.32780932688651937,1,canonical_volume_without_missing_flag
MOFs_192,2,0.07785134932307095,0.3631145099373262,0.5590341407396029,2,canonical_volume_without_missing_flag
MOFs_193,2,0.26162324366378253,0.3145967299734551,0.42378002636276235,2,canonical_volume_without_missing_flag
MOFs_194,0,0.16584364380327316,0.5063984898644086,0.32775786633231824,1,canonical_volume_without_missing_flag
MOFs_195,2,0.35712398605644147,0.35656105750784883,0.2863149564357096,0,canonical_volume_without_missing_flag
MOFs_196,0,0.43667732778985074,0.2124031161602743,0.3509195560498748,0,canonical_volume_without_missing_flag
MOFs_197,0,0.4100994554446229,0.2888657107099855,0.30103483384539154,0,canonical_volume_without_missing_flag
MOFs_203,0,0.3168769811513013,0.3329610824924482,0.3501619363562505,2,canonical_volume_without_missing_flag
MOFs_204,0,0.19890223905594875,0.37828690295396894,0.4228108579900822,2,canonical_volume_without_missing_flag
MOFs_205,0,0.11642037785494272,0.1245339645471385,0.7590456575979186,2,canonical_volume_without_missing_flag
MOFs_206,2,0.11149953878554017,0.10982495935354875,0.778675501860911,2,canonical_volume_without_missing_flag
MOFs_207,2,0.18229917726677336,0.5627917259819497,0.25490909675127693,1,canonical_volume_without_missing_flag
MOFs_209,0,0.35422360968204114,0.4049579365802468,0.24081845373771196,1,canonical_volume_without_missing_flag
MOFs_211,0,0.28265221429473775,0.2837954309278574,0.4335523547774046,2,canonical_volume_without_missing_flag
MOFs_212,0,0.33317149146296066,0.38003340025370225,0.2867951082833371,1,canonical_volume_without_missing_flag
MOFs_214,0,0.13345293889084625,0.15002779765736854,0.7165192634517851,2,canonical_volume_without_missing_flag
MOFs_217,0,0.4402669397471348,0.34877650964882334,0.2109565506040419,0,canonical_volume_without_missing_flag
MOFs_218,0,0.4329764647044577,0.3390203673381376,0.22800316795740466,0,canonical_volume_without_missing_flag
MOFs_219,0,0.44506551148195855,0.3549629329606544,0.19997155555738702,0,canonical_volume_without_missing_flag
MOFs_220,0,0.20322245785412354,0.23598622574164596,0.5607913164042304,2,canonical_volume_without_missing_flag
MOFs_221,0,0.5340404736611128,0.28234773251710926,0.1836117938217778,0,canonical_volume_without_missing_flag
MOFs_222,0,0.2391051939313025,0.5301635503075101,0.23073125576118741,1,canonical_volume_without_missing_flag
MOFs_223,0,0.22165277559059732,0.2123775638474703,0.5659696605619323,2,canonical_volume_without_missing_flag
MOFs_224,0,0.29198824882105723,0.31128153323643815,0.39673021794250457,2,canonical_volume_without_missing_flag
MOFs_225,0,0.2380009391525762,0.4049806207663563,0.3570184400810675,1,canonical_volume_without_missing_flag
MOFs_226,0,0.49453464710109885,0.3263251023133772,0.17914025058552385,0,canonical_volume_without_missing_flag
MOFs_227,0,0.39372225561806573,0.41965434703084453,0.18662339735108976,1,canonical_volume_without_missing_flag
MOFs_228,0,0.21949917835748176,0.25128342512895857,0.5292173965135596,2,canonical_volume_without_missing_flag
MOFs_229,0,0.2461595368917493,0.3398952469074476,0.41394521620080305,2,canonical_volume_without_missing_flag
MOFs_230,0,0.255252911522906,0.2771454049221858,0.46760168355490817,2,canonical_volume_without_missing_flag
MOFs_231,0,0.3981080786650406,0.41367308560032245,0.18821883573463688,1,canonical_volume_without_missing_flag
MOFs_232,0,0.3547585332509517,0.3400660352368362,0.3051754315122121,0,canonical_volume_without_missing_flag
MOFs_233,0,0.2929360034295757,0.43685575833043144,0.27020823823999285,1,canonical_volume_without_missing_flag
MOFs_234,0,0.3808474125103098,0.49516172956186966,0.1239908579278205,1,canonical_volume_without_missing_flag
MOFs_235,0,0.6231415544892828,0.16752643906495157,0.2093320064457656,0,canonical_volume_without_missing_flag
MOFs_236,0,0.5854090337944036,0.2593721532603575,0.15521881294523893,0,canonical_volume_without_missing_flag
MOFs_237,0,0.5970229935529369,0.26660119903311424,0.13637580741394886,0,canonical_volume_without_missing_flag
MOFs_238,0,0.2810188963170478,0.29416939175964385,0.42481171192330835,2,canonical_volume_without_missing_flag
MOFs_239,0,0.5823446244790244,0.2715620337153937,0.14609334180558176,0,canonical_volume_without_missing_flag
MOFs_240,0,0.6498054544584331,0.21698396822422006,0.13321057731734676,0,canonical_volume_without_missing_flag
MOFs_241,0,0.4404710340622945,0.3888343749902763,0.17069459094742914,0,canonical_volume_without_missing_flag
MOFs_242,0,0.5846586703720142,0.22828568114872144,0.18705564847926429,0,canonical_volume_without_missing_flag
MOFs_243,0,0.3498048597532601,0.36674641532869606,0.28344872491804385,1,canonical_volume_without_missing_flag
MOFs_244,0,0.36703332544524747,0.3955951906868802,0.23737148386787243,1,canonical_volume_without_missing_flag
MOFs_245,0,0.4998254455701486,0.3059307279785254,0.19424382645132598,0,canonical_volume_without_missing_flag
MOFs_246,0,0.6275128792201867,0.24676008079802692,0.12572703998178625,0,canonical_volume_without_missing_flag
MOFs_247,0,0.5585103819539434,0.29667727101212216,0.1448123470339343,0,canonical_volume_without_missing_flag
MOFs_248,0,0.4032614093230609,0.25529802690165726,0.34144056377528176,0,canonical_volume_without_missing_flag
MOFs_249,0,0.415976247560116,0.3987491165919805,0.1852746358479035,0,canonical_volume_without_missing_flag
MOFs_250,0,0.5499696428852567,0.31769209019988015,0.13233826691486308,0,canonical_volume_without_missing_flag
MOFs_251,0,0.46892129653130604,0.3175268385900124,0.2135518648786815,0,canonical_volume_without_missing_flag
MOFs_252,0,0.32174380267238817,0.24673238942645562,0.4315238079011562,2,canonical_volume_without_missing_flag
MOFs_253,2,0.44057588548671917,0.3679579384914896,0.19146617602179122,0,canonical_volume_without_missing_flag
MOFs_254,2,0.3966626707952846,0.3269722664781379,0.2763650627265774,0,canonical_volume_without_missing_flag
MOFs_255,2,0.33146627488045916,0.1402358917455107,0.52829783337403,2,canonical_volume_without_missing_flag
MOFs_256,2,0.2743139404951733,0.07379977580299973,0.6518862837018269,2,canonical_volume_without_missing_flag
MOFs_257,1,0.4409236378512236,0.19516168488631316,0.3639146772624632,0,canonical_volume_without_missing_flag
MOFs_258,0,0.3754746786860287,0.1268845941929028,0.49764072712106855,2,canonical_volume_without_missing_flag
MOFs_259,2,0.46338528238724325,0.17687707433115712,0.3597376432815996,0,canonical_volume_without_missing_flag
MOFs_260,2,0.3154969716788365,0.06895623407826361,0.6155467942428998,2,canonical_volume_without_missing_flag
MOFs_261,0,0.3030605439298324,0.4862842805348317,0.21065517553533597,1,canonical_volume_without_missing_flag
MOFs_262,0,0.4773431662617783,0.2940685648441967,0.2285882688940249,0,canonical_volume_without_missing_flag
MOFs_265,0,0.28630909281260125,0.497705524719861,0.21598538246753768,1,canonical_volume_without_missing_flag
MOFs_267,0,0.3737139612252376,0.373470617225119,0.2528154215496433,0,canonical_volume_without_missing_flag
MOFs_268,2,0.47620879491066337,0.12370315751331201,0.40008804757602445,0,canonical_volume_without_missing_flag
MOFs_269,0,0.05554417484844885,0.07045948316416728,0.8739963419873839,2,canonical_volume_without_missing_flag
MOFs_270,0,0.15125737890250301,0.18178299218427332,0.6669596289132235,2,canonical_volume_without_missing_flag
MOFs_271,0,0.10956161830433864,0.0768745148572392,0.8135638668384221,2,canonical_volume_without_missing_flag
MOFs_272,0,0.04878140574271541,0.08821188347984524,0.8630067107774393,2,canonical_volume_without_missing_flag
MOFs_273,0,0.07017510668533719,0.06440902360469239,0.8654158697099703,2,canonical_volume_without_missing_flag
MOFs_274,0,0.1587269832293432,0.15326471180927165,0.6880083049613851,2,canonical_volume_without_missing_flag
MOFs_275,0,0.10728386126718854,0.11702411252722222,0.7756920262055893,2,canonical_volume_without_missing_flag
MOFs_276,0,0.1884491934763451,0.085787608768296,0.7257631977553588,2,canonical_volume_without_missing_flag
MOFs_277,0,0.04155641364533002,0.06662084533063616,0.8918227410240338,2,canonical_volume_without_missing_flag
MOFs_278,2,0.14236126357910012,0.4259655071315861,0.43167322928931373,2,canonical_volume_without_missing_flag
MOFs_279,0,0.2213832417078027,0.5639577546005495,0.21465900369164764,1,canonical_volume_without_missing_flag
MOFs_280,0,0.24761019182678712,0.5665239272513992,0.1858658809218136,1,canonical_volume_without_missing_flag
MOFs_295,0,0.3860738614554857,0.5568274652305404,0.05709867331397374,1,canonical_volume_without_missing_flag
MOFs_296,0,0.3946849859522294,0.541225180197098,0.06408983385067248,1,canonical_volume_without_missing_flag
MOFs_298,0,0.2510519840664757,0.43835051610862463,0.3105974998248996,1,canonical_volume_without_missing_flag
MOFs_299,0,0.14216193228561158,0.4930196500975261,0.3648184176168622,1,canonical_volume_without_missing_flag
MOFs_300,0,0.269402861639375,0.4298350383877877,0.3007620999728371,1,canonical_volume_without_missing_flag
MOFs_301,0,0.2287209159659132,0.5459484243294008,0.2253306597046859,1,canonical_volume_without_missing_flag
MOFs_302,2,0.2986549284739521,0.5936563647269647,0.10768870679908311,1,canonical_volume_without_missing_flag
MOFs_307,0,0.34628548366607953,0.385470171408576,0.2682443449253443,1,canonical_volume_without_missing_flag
MOFs_308,0,0.3941002990943425,0.350209472331488,0.25569022857416934,0,canonical_volume_without_missing_flag
MOFs_309,0,0.4015266073358323,0.37990023518579624,0.21857315747837147,0,canonical_volume_without_missing_flag
MOFs_310,0,0.45082197137065055,0.3144484677323827,0.23472956089696673,0,canonical_volume_without_missing_flag
MOFs_312,1,0.3481862055221107,0.5716327421987814,0.0801810522791079,1,canonical_volume_without_missing_flag
MOFs_326,0,0.3982383835642277,0.16391733344951906,0.4378442829862532,2,canonical_volume_without_missing_flag
CurcumineMOFs_327,1,0.47360126776527256,0.22618195151216883,0.30021678072255853,0,canonical_volume_without_missing_flag
CurcumineMOFs_329,0,0.4355401633916002,0.25822596052816227,0.3062338760802375,0,canonical_volume_without_missing_flag
CurcumineMOFs_334,0,0.4121338877307777,0.18414017490460832,0.403725937364614,0,canonical_volume_without_missing_flag
CurcumineMOFs_335,0,0.2551720288016227,0.42909402816942405,0.31573394302895313,1,canonical_volume_without_missing_flag
CurcumineMOFs_338,1,0.48524581410960915,0.2864689835452346,0.2282852023451562,0,canonical_volume_without_missing_flag
CurcumineMOFs_339,0,0.22895211251464048,0.3521217810986603,0.41892610638669925,2,canonical_volume_without_missing_flag
Organometallica_363,1,0.09641371487560879,0.6886273008540413,0.21495898427034987,1,canonical_volume_without_missing_flag
Organometallica_370,1,0.08011492743816118,0.7369186724270889,0.18296640013474985,1,canonical_volume_without_missing_flag
Organometallica_372,2,0.09669608978625516,0.7858166386391116,0.1174872715746332,1,canonical_volume_without_missing_flag
Organometallica_373,1,0.1285330158990406,0.6443396402648519,0.2271273438361074,1,canonical_volume_without_missing_flag
Organometallica_380,1,0.10699015061167655,0.7504382405848237,0.14257160880349967,1,canonical_volume_without_missing_flag
Organometallica_381,0,0.09554979097092647,0.7453979877837397,0.15905222124533386,1,canonical_volume_without_missing_flag
Organometallica_382,1,0.2022885107711965,0.6360536483441805,0.16165784088462298,1,canonical_volume_without_missing_flag
Organometallica_384,1,0.10277497196601568,0.7462024998695865,0.1510225281643978,1,canonical_volume_without_missing_flag
Organometallica_385,1,0.18217688376370544,0.7384555543564374,0.07936756187985715,1,canonical_volume_without_missing_flag
Organometallica_387,1,0.0945409219314088,0.7833575533803887,0.12210152468820237,1,canonical_volume_without_missing_flag
Organometallica_389,1,0.09074547735656939,0.8155093876247499,0.09374513501868073,1,canonical_volume_without_missing_flag
Organometallica_390,1,0.05987825660661032,0.7619897770142051,0.1781319663791845,1,canonical_volume_without_missing_flag
Organometallica_391,1,0.16046864368952454,0.7565076844642299,0.08302367184624547,1,canonical_volume_without_missing_flag
Organometallica_392,1,0.08818374793057394,0.7887563902235949,0.12305986184583109,1,canonical_volume_without_missing_flag
Organometallica_393,1,0.13024693933567152,0.7368811590056632,0.13287190165866508,1,canonical_volume_without_missing_flag
Organometallica_394,2,0.08783681013433754,0.7890164603124245,0.123146729553238,1,canonical_volume_without_missing_flag
Organometallica_396,1,0.0834838894225716,0.7883312173454398,0.1281848932319887,1,canonical_volume_without_missing_flag
Organometallica_398,1,0.19017739678133286,0.6645125551265728,0.14531004809209433,1,canonical_volume_without_missing_flag
Organometallica_399,2,0.298209277777994,0.5528675496988407,0.1489231725231654,1,canonical_volume_without_missing_flag
Organometallica_400,0,0.38659408260364236,0.48508013949985407,0.1283257778965035,1,canonical_volume_without_missing_flag
Organometallica_401,0,0.37257671869423564,0.538625559439228,0.0887977218665362,1,canonical_volume_without_missing_flag
LitNeg_1,1,0.3302863018461159,0.15765611720877226,0.5120575809451118,2,canonical_volume_without_missing_flag
LitNeg_2,1,0.056242245137362576,0.0914246988745539,0.8523330559880835,2,canonical_volume_without_missing_flag
LitNeg_4,1,0.06721242566290794,0.22637963684351892,0.7064079374935732,2,canonical_volume_without_missing_flag
LitNeg_5,1,0.048465055253620375,0.0692085652316659,0.8823263795147136,2,canonical_volume_without_missing_flag
LitNeg_6,1,0.0604130265294308,0.09717954292551051,0.8424074305450586,2,canonical_volume_without_missing_flag
LitNeg_9,1,0.16527557604438614,0.1092405960150444,0.7254838279405693,2,canonical_volume_without_missing_flag
LitNeg_11,1,0.06521149933685205,0.113609719039236,0.8211787816239119,2,canonical_volume_without_missing_flag
LitNeg_12,1,0.3004816342281037,0.1104648833819908,0.5890534823899054,2,canonical_volume_without_missing_flag
LitNeg_13,0,0.07992615518811089,0.17387307035580513,0.7462007744560839,2,canonical_volume_without_missing_flag
LitNeg_14,0,0.058942569338718345,0.15088823953079247,0.7901691911304892,2,canonical_volume_without_missing_flag
LitNeg2_1,1,0.0947738899762177,0.11955466988443361,0.7856714401393485,2,canonical_volume_without_missing_flag
LitNeg2_4,1,0.09521979699466983,0.29961505749371453,0.6051651455116156,2,canonical_volume_without_missing_flag
LitNeg2_5,1,0.21732107186531924,0.2645556242370103,0.5181233038976705,2,canonical_volume_without_missing_flag
LitNeg2_6,0,0.16106751162993221,0.2230979821303263,0.6158345062397412,2,canonical_volume_without_missing_flag
LitNeg2_7,1,0.18436597597450907,0.40656025585279876,0.4090737681726921,2,canonical_volume_without_missing_flag
LitNeg2_8,0,0.11819059368274193,0.17328362800100916,0.7085257783162489,2,canonical_volume_without_missing_flag
LitNeg2_9,1,0.10544176494220861,0.1994996737370573,0.6950585613207342,2,canonical_volume_without_missing_flag
LitNeg2_10,1,0.12445354188111071,0.11850738147945078,0.7570390766394385,2,canonical_volume_without_missing_flag
LitNeg2_11,1,0.07121296945292675,0.10064389534159654,0.8281431352054767,2,canonical_volume_without_missing_flag
LitNeg2_12,1,0.07439395309912034,0.08976265331219248,0.8358433935886871,2,canonical_volume_without_missing_flag
LitNeg2_13,1,0.1855457023795901,0.08938233594478695,0.7250719616756229,2,canonical_volume_without_missing_flag
