ID,Legante,Famiglia_Legante,Metallo,Sale_Metallico,Solvente,Additivo_Colinker,Temperatura_C,Tempo_ore,mmol_Legante,mmol_Sale,Rapporto_LM,Procedura_Sintetica,Esito_ML,Volume solvente,Data_Quality_Flag,Exact_Duplicate_Group,Outcome_Conflict_Flag,Training_v5_2_Status,Training_v5_2_Reason,Training_v5_2_Warning,Split_ID,Split_Set,Grouping_Variable,Split_Seed
1,curc-ind,Curcumina,Zn,Zn(OAc)2·2H2O,DMF,Nessuno,80,72,0.1,0.05,2,no precipitato,1,,numeric_decimal_standardized;salt_hydrate_separator_standardized;temperature_numeric_standardized;time_numeric_standardized,,0,INCLUDED,,missing_optional_numeric:Volume solvente,MOF_GROUPED_LIGAND_SPLIT_v6.0_seed260730,DEVELOPMENT,Legante,260730
3,curc-ind,Curcumina,Cu,Cu(OAc)2·H2O,DMF,Nessuno,80,72,0.1,0.05,2,no precipitato,1,,numeric_decimal_standardized;salt_hydrate_separator_standardized;temperature_numeric_standardized;time_numeric_standardized,,0,INCLUDED,,missing_optional_numeric:Volume solvente,MOF_GROUPED_LIGAND_SPLIT_v6.0_seed260730,DEVELOPMENT,Legante,260730
8,curc-ind,Curcumina,Zn,Zn(OAc)2·2H2O,MeOH,Nessuno,80,72,0.1,0.05,2,precipitato nero,0,,numeric_decimal_standardized;salt_hydrate_separator_standardized;temperature_numeric_standardized;time_numeric_standardized,,0,INCLUDED,,missing_optional_numeric:Volume solvente,MOF_GROUPED_LIGAND_SPLIT_v6.0_seed260730,DEVELOPMENT,Legante,260730
9,curc-ind,Curcumina,Zn,Zn(NO3)2·6H2O,DMF,Nessuno,120,72,0.1,0.05,2,nessun precipitato,1,,numeric_decimal_standardized;salt_hydrate_separator_standardized;temperature_numeric_standardized;time_numeric_standardized,,0,INCLUDED,,missing_optional_numeric:Volume solvente,MOF_GROUPED_LIGAND_SPLIT_v6.0_seed260730,DEVELOPMENT,Legante,260730
11,B5,Altro,Ru,[Ru(p-cymene)Cl2]2,CH2Cl2,Nessuno,120,48,0.25,0.1,2.5,separato il solido per centrifugazione. Lavato con diclorometano 2 volte sempre tramite centrifuga,1,,solvent_canonicalized;temperature_numeric_standardized;time_numeric_standardized,,0,INCLUDED,,missing_optional_numeric:Volume solvente,MOF_GROUPED_LIGAND_SPLIT_v6.0_seed260730,DEVELOPMENT,Legante,260730
12,curc(III)_KC,Curcumina,Zn,Zn(NO3)2·6H2O,DMF,Nessuno,80,48,0.1,0.05,2,"dopo 48 ore nessun precipitato, posto nella stufa a 100°C per 72h, ma ancora nessun precipitato, allora trasferito nella stufa a 120°, dopo 48h si è formato poco precipitato, filtrato e lavato con acetone.",1,,numeric_decimal_standardized;salt_hydrate_separator_standardized;temperature_numeric_standardized;time_numeric_standardized,,0,INCLUDED,,missing_optional_numeric:Volume solvente,MOF_GROUPED_LIGAND_SPLIT_v6.0_seed260730,DEVELOPMENT,Legante,260730
13,curc(III)_KC,Curcumina,Zn,Zn(OAc)2·2H2O,DMF,Nessuno,120,16,0.05,0.05,1,dopo 16 ore si è formato già il precipitato nella vial,0,,numeric_decimal_standardized;salt_hydrate_separator_standardized;temperature_numeric_standardized;time_numeric_standardized,,0,INCLUDED,,missing_optional_numeric:Volume solvente,MOF_GROUPED_LIGAND_SPLIT_v6.0_seed260730,DEVELOPMENT,Legante,260730
29,"3-nitro-4,4'-bipyrazole",Bipyrazole,Cd,Cd(NO3)2·4H2O,DMF,Nessuno,150,24,0.1,0.1,1,Solvothermal,1,,numeric_decimal_standardized;salt_hydrate_separator_standardized;temperature_numeric_standardized;time_numeric_standardized,,0,INCLUDED,,missing_optional_numeric:Volume solvente,MOF_GROUPED_LIGAND_SPLIT_v6.0_seed260730,DEVELOPMENT,Legante,260730
30,"3-nitro-4,4'-bipyrazole",Bipyrazole,Cd,Cd(NO3)2·4H2O,DMF,Nessuno,150,24,0.1,0.2,0.5,Solvothermal,1,,salt_hydrate_separator_standardized;temperature_numeric_standardized;time_numeric_standardized,,0,INCLUDED,,missing_optional_numeric:Volume solvente,MOF_GROUPED_LIGAND_SPLIT_v6.0_seed260730,DEVELOPMENT,Legante,260730
31,"3-nitro-4,4'-bipyrazole",Bipyrazole,Ni,Ni(NO3)2,MeCN,Trietilammina (TEA),120,48,0.1,0.1,1,Solvothermal,0,,additive_canonicalized;numeric_decimal_standardized;solvent_canonicalized;temperature_numeric_standardized;time_numeric_standardized,,0,INCLUDED,,missing_optional_numeric:Volume solvente,MOF_GROUPED_LIGAND_SPLIT_v6.0_seed260730,DEVELOPMENT,Legante,260730
32,"3-nitro-4,4'-bipyrazole",Bipyrazole,Ni,Ni(OAc)2·4H2O,MeCN,Nessuno,120,48,0.2,0.2,1,Solvothermal,0,,numeric_decimal_standardized;salt_hydrate_separator_standardized;solvent_canonicalized;temperature_numeric_standardized;time_numeric_standardized,,0,INCLUDED,,missing_optional_numeric:Volume solvente,MOF_GROUPED_LIGAND_SPLIT_v6.0_seed260730,DEVELOPMENT,Legante,260730
33,"3-nitro-4,4'-bipyrazole",Bipyrazole,Ni,Ni(OAc)2·4H2O,MeCN,Trietilammina (TEA),120,48,0.2,0.4,0.5,Solvothermal,1,,additive_canonicalized;salt_hydrate_separator_standardized;solvent_canonicalized;temperature_numeric_standardized;time_numeric_standardized,,0,INCLUDED,,missing_optional_numeric:Volume solvente,MOF_GROUPED_LIGAND_SPLIT_v6.0_seed260730,DEVELOPMENT,Legante,260730
34,"3-(3,5-DiMePz4-yl)pentane-2,4-dione",Altro,Zr,Zr(OCH3)4,Et3N,Nessuno,120,30,0.25,0.4,0.625,Solvothermal,1,,temperature_numeric_standardized;time_numeric_standardized,,0,INCLUDED,,missing_optional_numeric:Volume solvente,MOF_GROUPED_LIGAND_SPLIT_v6.0_seed260730,DEVELOPMENT,Legante,260730
35,"3-(3,5-DiMePz4-yl)pentane-2,4-dione",Altro,Zr,ZrCl4,MeOH,Nessuno,110,94,0.3,0.3,1,Solvothermal,1,,numeric_decimal_standardized;temperature_numeric_standardized;time_numeric_standardized,,0,INCLUDED,,missing_optional_numeric:Volume solvente,MOF_GROUPED_LIGAND_SPLIT_v6.0_seed260730,DEVELOPMENT,Legante,260730
36,"3-(3,5-DiMePz4-yl)pentane-2,4-dione",Altro,Zr,ZrCl4,MeOH,Nessuno,100,24,0.3,0.3,1,Solvothermal,1,,numeric_decimal_standardized;temperature_numeric_standardized;time_numeric_standardized,,0,INCLUDED,,missing_optional_numeric:Volume solvente,MOF_GROUPED_LIGAND_SPLIT_v6.0_seed260730,DEVELOPMENT,Legante,260730
37,"3-(3,5-DiMePz4-yl)pentane-2,4-dione",Altro,Zr,ZrCl4,MeOH,Nessuno,110,48,0.15,0.15,1,Solvothermal,1,,numeric_decimal_standardized;temperature_numeric_standardized;time_numeric_standardized,,0,INCLUDED,,missing_optional_numeric:Volume solvente,MOF_GROUPED_LIGAND_SPLIT_v6.0_seed260730,DEVELOPMENT,Legante,260730
38,"3-(3,5-DiMePz4-yl)pentane-2,4-dione",Altro,Zr,ZrCl4,MeOH,Nessuno,110,72,0.15,0.15,1,Solvothermal,1,,numeric_decimal_standardized;temperature_numeric_standardized;time_numeric_standardized,,0,INCLUDED,,missing_optional_numeric:Volume solvente,MOF_GROUPED_LIGAND_SPLIT_v6.0_seed260730,DEVELOPMENT,Legante,260730
39,"3-amino-4,4'-bipyrazole",Bipyrazole,Ag,Ag2O,MeOH,Nessuno,120,24,0.2,0.2,1,Solvothermal,1,,numeric_decimal_standardized;solvent_canonicalized;temperature_numeric_standardized;time_numeric_standardized,,0,INCLUDED,,missing_optional_numeric:Volume solvente,MOF_GROUPED_LIGAND_SPLIT_v6.0_seed260730,DEVELOPMENT,Legante,260730
40,"3-amino-4,4'-bipyrazole",Bipyrazole,Ag,AgNO3,ButOH,Trietilammina (TEA),120,36,0.15,0.15,1,Solvothermal,1,,additive_canonicalized;numeric_decimal_standardized;temperature_numeric_standardized;time_numeric_standardized,,0,INCLUDED,,missing_optional_numeric:Volume solvente,MOF_GROUPED_LIGAND_SPLIT_v6.0_seed260730,DEVELOPMENT,Legante,260730
41,"3-amino-4,4'-bipyrazole",Bipyrazole,Ag,AgNO3,DMF,Nessuno,110,48,0.2,0.2,1,Solvothermal,1,,numeric_decimal_standardized;temperature_numeric_standardized;time_numeric_standardized,,0,INCLUDED,,missing_optional_numeric:Volume solvente,MOF_GROUPED_LIGAND_SPLIT_v6.0_seed260730,DEVELOPMENT,Legante,260730
42,"3-amino-4,4'-bipyrazole",Bipyrazole,Ag,AgNO3,MeOH,Trietilammina (TEA),70,72,0.15,0.15,1,Solvothermal,1,,additive_canonicalized;numeric_decimal_standardized;solvent_canonicalized;temperature_numeric_standardized;time_numeric_standardized,,0,INCLUDED,,missing_optional_numeric:Volume solvente,MOF_GROUPED_LIGAND_SPLIT_v6.0_seed260730,DEVELOPMENT,Legante,260730
43,"3-amino-4,4'-bipyrazole",Bipyrazole,Ag,AgNO3,MeOH,Nessuno,120,24,0.2,0.2,1,Solvothermal,1,,numeric_decimal_standardized;solvent_canonicalized;temperature_numeric_standardized;time_numeric_standardized,,0,INCLUDED,,missing_optional_numeric:Volume solvente,MOF_GROUPED_LIGAND_SPLIT_v6.0_seed260730,DEVELOPMENT,Legante,260730
44,"3-amino-4,4'-bipyrazole",Bipyrazole,Ag,AgNO3,DMF,Nessuno,120,24,0.2,0.4,0.5,Solvothermal,1,,temperature_numeric_standardized;time_numeric_standardized,,0,INCLUDED,,missing_optional_numeric:Volume solvente,MOF_GROUPED_LIGAND_SPLIT_v6.0_seed260730,DEVELOPMENT,Legante,260730
45,"3-amino-4,4'-bipyrazole",Bipyrazole,Ag,Ag2O,NH3 28%,Nessuno,60,24,0.2,0.2,1,Solvothermal,1,,numeric_decimal_standardized;temperature_numeric_standardized;time_numeric_standardized,,0,INCLUDED,,missing_optional_numeric:Volume solvente,MOF_GROUPED_LIGAND_SPLIT_v6.0_seed260730,DEVELOPMENT,Legante,260730
46,"3-amino-4,4'-bipyrazole",Bipyrazole,Ag,AgNO3,DMF/H2O,Nessuno,100,96,0.2,0.2,1,Solvothermal,1,,numeric_decimal_standardized;temperature_numeric_standardized;time_numeric_standardized,,0,INCLUDED,,missing_optional_numeric:Volume solvente,MOF_GROUPED_LIGAND_SPLIT_v6.0_seed260730,DEVELOPMENT,Legante,260730
47,"3-amino-4,4'-bipyrazole",Bipyrazole,Ag,AgNO3,DMF,Nessuno,100,24,0.4,0.4,1,Solvothermal,1,,numeric_decimal_standardized;temperature_numeric_standardized;time_numeric_standardized,,0,INCLUDED,,missing_optional_numeric:Volume solvente,MOF_GROUPED_LIGAND_SPLIT_v6.0_seed260730,DEVELOPMENT,Legante,260730
48,"3-amino-4,4'-bipyrazole",Bipyrazole,Ag,AgNO3,DMF,Nessuno,100,5,0.2,0.2,1,Solvothermal,1,,numeric_decimal_standardized;temperature_numeric_standardized;time_numeric_standardized,,0,INCLUDED,,missing_optional_numeric:Volume solvente,MOF_GROUPED_LIGAND_SPLIT_v6.0_seed260730,DEVELOPMENT,Legante,260730
49,"3-amino-4,4'-bipyrazole",Bipyrazole,Ag,AgNO3,DMF,Nessuno,90,2,0.2,0.2,1,Solvothermal,1,,numeric_decimal_standardized;temperature_numeric_standardized;time_numeric_standardized,,0,INCLUDED,,missing_optional_numeric:Volume solvente,MOF_GROUPED_LIGAND_SPLIT_v6.0_seed260730,DEVELOPMENT,Legante,260730
50,"3-amino-4,4'-bipyrazole",Bipyrazole,Ag,AgNO3,DMF,Nessuno,100,1,0.4,0.4,1,Solvothermal,1,,numeric_decimal_standardized;temperature_numeric_standardized;time_numeric_standardized,,0,INCLUDED,,missing_optional_numeric:Volume solvente,MOF_GROUPED_LIGAND_SPLIT_v6.0_seed260730,DEVELOPMENT,Legante,260730
51,"3-amino-4,4'-bipyrazole",Bipyrazole,Ag,AgNO3,DMF,Nessuno,120,72,0.15,2,0.075,Solvothermal,1,,numeric_decimal_standardized;temperature_numeric_standardized;time_numeric_standardized,,0,INCLUDED,,missing_optional_numeric:Volume solvente,MOF_GROUPED_LIGAND_SPLIT_v6.0_seed260730,DEVELOPMENT,Legante,260730
52,"3-amino-4,4'-bipyrazole",Bipyrazole,Ag,AgNO3,DMF/H2O/EtOH,Nessuno,100,1,0.15,0.15,1,Solvothermal,1,,numeric_decimal_standardized;solvent_canonicalized;temperature_numeric_standardized;time_numeric_standardized,,0,INCLUDED,,missing_optional_numeric:Volume solvente,MOF_GROUPED_LIGAND_SPLIT_v6.0_seed260730,DEVELOPMENT,Legante,260730
53,"3-amino-4,4'-bipyrazole",Bipyrazole,Ag,AgNO3,DMA,Nessuno,100,4,0.15,0.15,1,Solvothermal,1,,numeric_decimal_standardized;temperature_numeric_standardized;time_numeric_standardized,,0,INCLUDED,,missing_optional_numeric:Volume solvente,MOF_GROUPED_LIGAND_SPLIT_v6.0_seed260730,DEVELOPMENT,Legante,260730
54,"3-amino-4,4'-bipyrazole",Bipyrazole,Ag,AgNO3,DMF,Acido benzoico,90,1,0.15,0.15,1,Solvothermal,1,,numeric_decimal_standardized;temperature_numeric_standardized;time_numeric_standardized,,0,INCLUDED,,missing_optional_numeric:Volume solvente,MOF_GROUPED_LIGAND_SPLIT_v6.0_seed260730,DEVELOPMENT,Legante,260730
55,"3-amino-4,4'-bipyrazole",Bipyrazole,Ag,AgNO3,DMF,Nessuno,100,1.5,0.15,0.15,1,Solvothermal,1,,numeric_decimal_standardized;temperature_numeric_standardized,,0,INCLUDED,,missing_optional_numeric:Volume solvente,MOF_GROUPED_LIGAND_SPLIT_v6.0_seed260730,DEVELOPMENT,Legante,260730
56,"3-amino-4,4'-bipyrazole",Bipyrazole,Ag,AgNO3,DMF/MeCN,Nessuno,100,1,0.15,0.15,1,Solvothermal,1,,numeric_decimal_standardized;solvent_canonicalized;temperature_numeric_standardized;time_numeric_standardized,,0,INCLUDED,,missing_optional_numeric:Volume solvente,MOF_GROUPED_LIGAND_SPLIT_v6.0_seed260730,DEVELOPMENT,Legante,260730
57,"3-amino-4,4'-bipyrazole",Bipyrazole,Ag,AgNO3,DMF/MeCN,Nessuno,80,24,0.15,0.15,1,Solvothermal,1,,numeric_decimal_standardized;solvent_canonicalized;temperature_numeric_standardized;time_numeric_standardized,,0,INCLUDED,,missing_optional_numeric:Volume solvente,MOF_GROUPED_LIGAND_SPLIT_v6.0_seed260730,DEVELOPMENT,Legante,260730
58,"3-amino-4,4'-bipyrazole",Bipyrazole,Ag,AgNO3,DMF/MeCN,Nessuno,100,1.5,0.15,0.15,1,Solvothermal,1,,numeric_decimal_standardized;solvent_canonicalized;temperature_numeric_standardized,,0,INCLUDED,,missing_optional_numeric:Volume solvente,MOF_GROUPED_LIGAND_SPLIT_v6.0_seed260730,DEVELOPMENT,Legante,260730
59,"3-amino-4,4'-bipyrazole",Bipyrazole,Ag,AgNO3,Et3N,Nessuno,120,24,0.3,0.3,1,Solvothermal,1,,numeric_decimal_standardized;temperature_numeric_standardized;time_numeric_standardized,,0,INCLUDED,,missing_optional_numeric:Volume solvente,MOF_GROUPED_LIGAND_SPLIT_v6.0_seed260730,DEVELOPMENT,Legante,260730
60,"3-amino-4,4'-bipyrazole",Bipyrazole,Ag,AgNO3,DMF,Nessuno,100,48,0.2,0.2,1,Solvothermal,1,,numeric_decimal_standardized;temperature_numeric_standardized;time_numeric_standardized,,0,INCLUDED,,missing_optional_numeric:Volume solvente,MOF_GROUPED_LIGAND_SPLIT_v6.0_seed260730,DEVELOPMENT,Legante,260730
61,"3-amino-4,4'-bipyrazole",Bipyrazole,Ag,AgNO3,DMF,Nessuno,120,72,0.3,0.3,1,Solvothermal,1,,numeric_decimal_standardized;temperature_numeric_standardized;time_numeric_standardized,,0,INCLUDED,,missing_optional_numeric:Volume solvente,MOF_GROUPED_LIGAND_SPLIT_v6.0_seed260730,DEVELOPMENT,Legante,260730
62,"3-amino-4,4'-bipyrazole",Bipyrazole,Ag,AgNO3,Et3N,Nessuno,120,60,0.25,0.4,0.625,Solvothermal,1,,temperature_numeric_standardized;time_numeric_standardized,,0,INCLUDED,,missing_optional_numeric:Volume solvente,MOF_GROUPED_LIGAND_SPLIT_v6.0_seed260730,DEVELOPMENT,Legante,260730
63,"3-amino-4,4'-bipyrazole",Bipyrazole,Ag,Ag2O,Non specificato,Nessuno,120,60,0.25,0.4,0.625,Solvothermal,1,,temperature_numeric_standardized;time_numeric_standardized,,0,INCLUDED,,missing_optional_numeric:Volume solvente,MOF_GROUPED_LIGAND_SPLIT_v6.0_seed260730,DEVELOPMENT,Legante,260730
64,"3-amino-4,4'-bipyrazole",Bipyrazole,Au,Cloro(tri-tert-butilfosfina)Au(I),DMF,Nessuno,120,72,0.2,0.2,1,Solvothermal,1,,numeric_decimal_standardized;temperature_numeric_standardized;time_numeric_standardized,,0,INCLUDED,,missing_optional_numeric:Volume solvente,MOF_GROUPED_LIGAND_SPLIT_v6.0_seed260730,DEVELOPMENT,Legante,260730
65,"3-amino-4,4'-bipyrazole",Bipyrazole,Au,Chlorotriphenylphosphine gold(I),Non specificato,Nessuno,120,24,0.2,0.2,1,Solvothermal,1,,numeric_decimal_standardized;temperature_numeric_standardized;time_numeric_standardized,,0,INCLUDED,,missing_optional_numeric:Volume solvente,MOF_GROUPED_LIGAND_SPLIT_v6.0_seed260730,DEVELOPMENT,Legante,260730
66,"3-amino-4,4'-bipyrazole",Bipyrazole,Au,Cloro(tri-tert-butilfosfina)Au(I),MeOH,Nessuno,120,24,0.2,0.2,1,Solvothermal,1,,numeric_decimal_standardized;solvent_canonicalized;temperature_numeric_standardized;time_numeric_standardized,,0,INCLUDED,,missing_optional_numeric:Volume solvente,MOF_GROUPED_LIGAND_SPLIT_v6.0_seed260730,DEVELOPMENT,Legante,260730
67,"3-amino-4,4'-bipyrazole",Bipyrazole,Au,Cloro(tri-tert-butilfosfina)Au(I),DMF,Nessuno,100,48,0.2,0.2,1,Solvothermal,1,,numeric_decimal_standardized;temperature_numeric_standardized;time_numeric_standardized,,0,INCLUDED,,missing_optional_numeric:Volume solvente,MOF_GROUPED_LIGAND_SPLIT_v6.0_seed260730,DEVELOPMENT,Legante,260730
68,"3-amino-4,4'-bipyrazole",Bipyrazole,Au,Chlorotriphenylphosphine gold(I),Non specificato,Nessuno,120,60,0.25,0.4,0.625,Solvothermal,1,,temperature_numeric_standardized;time_numeric_standardized,,0,INCLUDED,,missing_optional_numeric:Volume solvente,MOF_GROUPED_LIGAND_SPLIT_v6.0_seed260730,DEVELOPMENT,Legante,260730
69,"3-amino-4,4'-bipyrazole",Bipyrazole,Cd,Cd(NO3)2·4H2O,DMF/H2O,Nessuno,160,72,0.3,0.3,1,Solvothermal,1,,numeric_decimal_standardized;salt_hydrate_separator_standardized;temperature_numeric_standardized;time_numeric_standardized,,0,INCLUDED,,missing_optional_numeric:Volume solvente,MOF_GROUPED_LIGAND_SPLIT_v6.0_seed260730,DEVELOPMENT,Legante,260730
70,"3-amino-4,4'-bipyrazole",Bipyrazole,Cd,Cd(NO3)2·4H2O,DMF,Nessuno,140,72,0.2,0.2,1,Solvothermal,1,,numeric_decimal_standardized;salt_hydrate_separator_standardized;temperature_numeric_standardized;time_numeric_standardized,,0,INCLUDED,,missing_optional_numeric:Volume solvente,MOF_GROUPED_LIGAND_SPLIT_v6.0_seed260730,DEVELOPMENT,Legante,260730
71,"3-amino-4,4'-bipyrazole",Bipyrazole,Cd,Cd(OAc)2·2H2O,DMF/H2O,Nessuno,140,48,0.2,0.1,2,Solvothermal,1,,numeric_decimal_standardized;salt_hydrate_separator_standardized;temperature_numeric_standardized;time_numeric_standardized,,0,INCLUDED,,missing_optional_numeric:Volume solvente,MOF_GROUPED_LIGAND_SPLIT_v6.0_seed260730,DEVELOPMENT,Legante,260730
72,"3-amino-4,4'-bipyrazole",Bipyrazole,Cd,Cd(NO3)2·4H2O,MeOH,Nessuno,120,48,0.2,0.1,2,Solvothermal,1,,numeric_decimal_standardized;salt_hydrate_separator_standardized;temperature_numeric_standardized;time_numeric_standardized,,0,INCLUDED,,missing_optional_numeric:Volume solvente,MOF_GROUPED_LIGAND_SPLIT_v6.0_seed260730,DEVELOPMENT,Legante,260730
73,"3-amino-4,4'-bipyrazole",Bipyrazole,Cd,Cd(NO3)2·4H2O,DMF/H2O,Nessuno,140,120,0.2,0.1,2,Solvothermal,1,,numeric_decimal_standardized;salt_hydrate_separator_standardized;temperature_numeric_standardized;time_numeric_standardized,,0,INCLUDED,,missing_optional_numeric:Volume solvente,MOF_GROUPED_LIGAND_SPLIT_v6.0_seed260730,DEVELOPMENT,Legante,260730
74,"3-amino-4,4'-bipyrazole",Bipyrazole,Cd,Cd(NO3)2·4H2O,DMF,Nessuno,140,48,0.2,0.1,2,Solvothermal,1,,numeric_decimal_standardized;salt_hydrate_separator_standardized;temperature_numeric_standardized;time_numeric_standardized,,0,INCLUDED,,missing_optional_numeric:Volume solvente,MOF_GROUPED_LIGAND_SPLIT_v6.0_seed260730,DEVELOPMENT,Legante,260730
75,"3-amino-4,4'-bipyrazole",Bipyrazole,Cd,Cd(NO3)2·4H2O,DMF,Nessuno,140,48,0.8,0.4,2,Solvothermal,1,,numeric_decimal_standardized;salt_hydrate_separator_standardized;temperature_numeric_standardized;time_numeric_standardized,,0,INCLUDED,,missing_optional_numeric:Volume solvente,MOF_GROUPED_LIGAND_SPLIT_v6.0_seed260730,DEVELOPMENT,Legante,260730
76,"3-amino-4,4'-bipyrazole",Bipyrazole,Cd,Cd(NO3)2·4H2O,DMF,Nessuno,160,24,0.2,0.1,2,Solvothermal,2,,numeric_decimal_standardized;salt_hydrate_separator_standardized;temperature_numeric_standardized;time_numeric_standardized,,0,INCLUDED,,missing_optional_numeric:Volume solvente,MOF_GROUPED_LIGAND_SPLIT_v6.0_seed260730,DEVELOPMENT,Legante,260730
77,"3-amino-4,4'-bipyrazole",Bipyrazole,Cd,Cd(NO3)2·4H2O,DMF,Nessuno,160,48,0.1,0.1,1,Solvothermal,1,,numeric_decimal_standardized;salt_hydrate_separator_standardized;temperature_numeric_standardized;time_numeric_standardized,,0,INCLUDED,,missing_optional_numeric:Volume solvente,MOF_GROUPED_LIGAND_SPLIT_v6.0_seed260730,DEVELOPMENT,Legante,260730
78,"3-amino-4,4'-bipyrazole",Bipyrazole,Cd,Cd(NO3)2·4H2O,DMF,Nessuno,160,48,0.1,0.2,0.5,Solvothermal,1,,salt_hydrate_separator_standardized;temperature_numeric_standardized;time_numeric_standardized,,0,INCLUDED,,missing_optional_numeric:Volume solvente,MOF_GROUPED_LIGAND_SPLIT_v6.0_seed260730,DEVELOPMENT,Legante,260730
79,"3-amino-4,4'-bipyrazole",Bipyrazole,Cd,Cd(OAc)2·2H2O,DMF,Nessuno,140,48,0.2,0.1,2,Solvothermal,1,,numeric_decimal_standardized;salt_hydrate_separator_standardized;temperature_numeric_standardized;time_numeric_standardized,,0,INCLUDED,,missing_optional_numeric:Volume solvente,MOF_GROUPED_LIGAND_SPLIT_v6.0_seed260730,DEVELOPMENT,Legante,260730
80,"3-amino-4,4'-bipyrazole",Bipyrazole,Cd,Cd(NO3)2·4H2O,DMF/EtOH,Nessuno,140,48,0.2,0.1,2,Solvothermal,1,,numeric_decimal_standardized;salt_hydrate_separator_standardized;temperature_numeric_standardized;time_numeric_standardized,,0,INCLUDED,,missing_optional_numeric:Volume solvente,MOF_GROUPED_LIGAND_SPLIT_v6.0_seed260730,DEVELOPMENT,Legante,260730
81,"3-amino-4,4'-bipyrazole",Bipyrazole,Cd,Cd(NO3)2·4H2O,DMF/MeOH,Nessuno,140,72,0.2,0.1,2,Solvothermal,1,,numeric_decimal_standardized;salt_hydrate_separator_standardized;temperature_numeric_standardized;time_numeric_standardized,,0,INCLUDED,,missing_optional_numeric:Volume solvente,MOF_GROUPED_LIGAND_SPLIT_v6.0_seed260730,DEVELOPMENT,Legante,260730
82,"3-amino-4,4'-bipyrazole",Bipyrazole,Cd,Cd(NO3)2·4H2O,Non specificato,Nessuno,120,48,0.15,0.15,1,Solvothermal,1,,numeric_decimal_standardized;salt_hydrate_separator_standardized;temperature_numeric_standardized;time_numeric_standardized,,0,INCLUDED,,missing_optional_numeric:Volume solvente,MOF_GROUPED_LIGAND_SPLIT_v6.0_seed260730,DEVELOPMENT,Legante,260730
83,"3-amino-4,4'-bipyrazole",Bipyrazole,Cd,Cd(OAc)2·2H2O,Non specificato,Nessuno,120,48,0.15,0.15,1,Solvothermal,1,,numeric_decimal_standardized;salt_hydrate_separator_standardized;temperature_numeric_standardized;time_numeric_standardized,,0,INCLUDED,,missing_optional_numeric:Volume solvente,MOF_GROUPED_LIGAND_SPLIT_v6.0_seed260730,DEVELOPMENT,Legante,260730
84,"3-amino-4,4'-bipyrazole",Bipyrazole,Cu,CuOAc,MeOH,Mesitilene,120,24,0.2,0.2,1,Solvothermal,1,,numeric_decimal_standardized;solvent_canonicalized;temperature_numeric_standardized;time_numeric_standardized,,0,INCLUDED,,missing_optional_numeric:Volume solvente,MOF_GROUPED_LIGAND_SPLIT_v6.0_seed260730,DEVELOPMENT,Legante,260730
85,"3-amino-4,4'-bipyrazole",Bipyrazole,Cu,CuOAc,ButOH,Nessuno,120,36,0.15,0.15,1,Solvothermal,1,,numeric_decimal_standardized;temperature_numeric_standardized;time_numeric_standardized,,0,INCLUDED,,missing_optional_numeric:Volume solvente,MOF_GROUPED_LIGAND_SPLIT_v6.0_seed260730,DEVELOPMENT,Legante,260730
86,"3-amino-4,4'-bipyrazole",Bipyrazole,Cu,CuOAc,DMF,Nessuno,110,48,0.2,0.2,1,Solvothermal,1,,numeric_decimal_standardized;temperature_numeric_standardized;time_numeric_standardized,,0,INCLUDED,,missing_optional_numeric:Volume solvente,MOF_GROUPED_LIGAND_SPLIT_v6.0_seed260730,DEVELOPMENT,Legante,260730
87,"3-amino-4,4'-bipyrazole",Bipyrazole,Cu,CuOAc,MeOH,Nessuno,70,72,0.15,0.15,1,Solvothermal,1,,numeric_decimal_standardized;solvent_canonicalized;temperature_numeric_standardized;time_numeric_standardized,,0,INCLUDED,,missing_optional_numeric:Volume solvente,MOF_GROUPED_LIGAND_SPLIT_v6.0_seed260730,DEVELOPMENT,Legante,260730
88,"3-amino-4,4'-bipyrazole",Bipyrazole,Cu,CuOAc,DMF,Nessuno,120,24,0.2,0.4,0.5,Solvothermal,1,,temperature_numeric_standardized;time_numeric_standardized,,0,INCLUDED,,missing_optional_numeric:Volume solvente,MOF_GROUPED_LIGAND_SPLIT_v6.0_seed260730,DEVELOPMENT,Legante,260730
89,"3-amino-4,4'-bipyrazole",Bipyrazole,Cu,CuCl,NH3 28%,Nessuno,60,24,0.3,0.3,1,Solvothermal,1,,numeric_decimal_standardized;temperature_numeric_standardized;time_numeric_standardized,,0,INCLUDED,,missing_optional_numeric:Volume solvente,MOF_GROUPED_LIGAND_SPLIT_v6.0_seed260730,DEVELOPMENT,Legante,260730
90,"3-amino-4,4'-bipyrazole",Bipyrazole,Cu,CuI,Non specificato,Nessuno,100,24,0.2,0.2,1,Solvothermal,1,,numeric_decimal_standardized;temperature_numeric_standardized;time_numeric_standardized;exact_duplicate_candidate,DUP_001,0,INCLUDED,,duplicate_representative_retained;missing_optional_numeric:Volume solvente,MOF_GROUPED_LIGAND_SPLIT_v6.0_seed260730,DEVELOPMENT,Legante,260730
92,"3-amino-4,4'-bipyrazole",Bipyrazole,Cu,CuOAc,H2O/Met,Nessuno,160,72,0.5,0.5,1,Solvothermal,1,,numeric_decimal_standardized;solvent_canonicalized;temperature_numeric_standardized;time_numeric_standardized,,0,INCLUDED,,missing_optional_numeric:Volume solvente,MOF_GROUPED_LIGAND_SPLIT_v6.0_seed260730,DEVELOPMENT,Legante,260730
93,"3-amino-4,4'-bipyrazole",Bipyrazole,Cu,CuOAc,DMF,Nessuno,100,48,0.2,0.2,1,Solvothermal,1,,numeric_decimal_standardized;temperature_numeric_standardized;time_numeric_standardized,,0,INCLUDED,,missing_optional_numeric:Volume solvente,MOF_GROUPED_LIGAND_SPLIT_v6.0_seed260730,DEVELOPMENT,Legante,260730
94,"3-amino-4,4'-bipyrazole",Bipyrazole,Cu,CuOAc,DMF,Nessuno,120,72,0.3,0.3,1,Solvothermal,1,,numeric_decimal_standardized;temperature_numeric_standardized;time_numeric_standardized,,0,INCLUDED,,missing_optional_numeric:Volume solvente,MOF_GROUPED_LIGAND_SPLIT_v6.0_seed260730,DEVELOPMENT,Legante,260730
95,"3-amino-4,4'-bipyrazole",Bipyrazole,Cu,Cu(OAc)2·H2O,Non specificato,Nessuno,120,60,0.25,0.4,0.625,Solvothermal,1,,salt_hydrate_separator_standardized;temperature_numeric_standardized;time_numeric_standardized,,0,INCLUDED,,missing_optional_numeric:Volume solvente,MOF_GROUPED_LIGAND_SPLIT_v6.0_seed260730,DEVELOPMENT,Legante,260730
96,"3-amino-4,4'-bipyrazole",Bipyrazole,Cu,Cu(OAc),Non specificato,Nessuno,120,60,0.25,0.4,0.625,Solvothermal,1,,temperature_numeric_standardized;time_numeric_standardized,,0,INCLUDED,,missing_optional_numeric:Volume solvente,MOF_GROUPED_LIGAND_SPLIT_v6.0_seed260730,DEVELOPMENT,Legante,260730
97,"3-amino-4,4'-bipyrazole",Bipyrazole,Cu,Cu2O,Non specificato,Nessuno,120,60,0.25,0.4,0.625,Solvothermal,1,,temperature_numeric_standardized;time_numeric_standardized,,0,INCLUDED,,missing_optional_numeric:Volume solvente,MOF_GROUPED_LIGAND_SPLIT_v6.0_seed260730,DEVELOPMENT,Legante,260730
98,"3-amino-4,4'-bipyrazole",Bipyrazole,Cu,CuCl,Na(OAc),Nessuno,120,60,0.25,0.4,0.625,Solvothermal,1,,temperature_numeric_standardized;time_numeric_standardized;exact_duplicate_candidate,DUP_002,0,INCLUDED,,duplicate_representative_retained;missing_optional_numeric:Volume solvente,MOF_GROUPED_LIGAND_SPLIT_v6.0_seed260730,DEVELOPMENT,Legante,260730
100,"3-amino-4,4'-bipyrazole",Bipyrazole,Cu,CuI,Non specificato,Nessuno,120,180,0.25,0.4,0.625,Solvothermal,1,,temperature_numeric_standardized;time_numeric_standardized,,0,INCLUDED,,missing_optional_numeric:Volume solvente,MOF_GROUPED_LIGAND_SPLIT_v6.0_seed260730,DEVELOPMENT,Legante,260730
101,"3-amino-4,4'-bipyrazole",Bipyrazole,Fe,Fe(NO3)3·9H2O,Non specificato,Nessuno,140,24,0.15,0.15,1,Solvothermal,1,,numeric_decimal_standardized;salt_hydrate_separator_standardized;temperature_numeric_standardized;time_numeric_standardized,,0,INCLUDED,,missing_optional_numeric:Volume solvente,MOF_GROUPED_LIGAND_SPLIT_v6.0_seed260730,DEVELOPMENT,Legante,260730
102,"3-amino-4,4'-bipyrazole",Bipyrazole,Fe,Fe(NO3)3·9H2O,DMF,Nessuno,120,24,0.2,0.1,2,Solvothermal,1,,numeric_decimal_standardized;salt_hydrate_separator_standardized;temperature_numeric_standardized;time_numeric_standardized,,0,INCLUDED,,missing_optional_numeric:Volume solvente,MOF_GROUPED_LIGAND_SPLIT_v6.0_seed260730,DEVELOPMENT,Legante,260730
103,"3-amino-4,4'-bipyrazole",Bipyrazole,Fe,FeCl3,DMF,Nessuno,120,24,0.2,0.1,2,Solvothermal,1,,numeric_decimal_standardized;temperature_numeric_standardized;time_numeric_standardized,,0,INCLUDED,,missing_optional_numeric:Volume solvente,MOF_GROUPED_LIGAND_SPLIT_v6.0_seed260730,DEVELOPMENT,Legante,260730
104,"3-amino-4,4'-bipyrazole",Bipyrazole,Fe,FeCl3,DMF,Acido acetico,120,24,0.2,0.1,2,Solvothermal,1,,additive_canonicalized;numeric_decimal_standardized;temperature_numeric_standardized;time_numeric_standardized;exact_duplicate_candidate,DUP_003,0,INCLUDED,,duplicate_representative_retained;missing_optional_numeric:Volume solvente,MOF_GROUPED_LIGAND_SPLIT_v6.0_seed260730,DEVELOPMENT,Legante,260730
106,"3-amino-4,4'-bipyrazole",Bipyrazole,Fe,FeCl3,DMF/H2O,Acido acetico,100,24,0.2,0.1,2,Solvothermal,1,,additive_canonicalized;numeric_decimal_standardized;solvent_canonicalized;temperature_numeric_standardized;time_numeric_standardized,,0,INCLUDED,,missing_optional_numeric:Volume solvente,MOF_GROUPED_LIGAND_SPLIT_v6.0_seed260730,DEVELOPMENT,Legante,260730
107,"3-amino-4,4'-bipyrazole",Bipyrazole,Fe,FeCl3,DMF/H2O,Acido acetico,110,72,0.2,0.2,1,Solvothermal,1,,additive_canonicalized;numeric_decimal_standardized;solvent_canonicalized;temperature_numeric_standardized;time_numeric_standardized,,0,INCLUDED,,missing_optional_numeric:Volume solvente,MOF_GROUPED_LIGAND_SPLIT_v6.0_seed260730,DEVELOPMENT,Legante,260730
108,"3-amino-4,4'-bipyrazole",Bipyrazole,Mg,Mg(OAc)2·4H2O,H2O,Nessuno,130,48,0.15,0.45,0.33333333,Solvothermal,1,,numeric_decimal_standardized;salt_hydrate_separator_standardized;temperature_numeric_standardized;time_numeric_standardized,,0,INCLUDED,,missing_optional_numeric:Volume solvente,MOF_GROUPED_LIGAND_SPLIT_v6.0_seed260730,DEVELOPMENT,Legante,260730
109,"3-amino-4,4'-bipyrazole",Bipyrazole,Mn,MnCl2·4H2O,Non specificato,Nessuno,100,24,0.2,0.2,1,Solvothermal,1,,numeric_decimal_standardized;salt_hydrate_separator_standardized;temperature_numeric_standardized;time_numeric_standardized,,0,INCLUDED,,missing_optional_numeric:Volume solvente,MOF_GROUPED_LIGAND_SPLIT_v6.0_seed260730,DEVELOPMENT,Legante,260730
110,"3-amino-4,4'-bipyrazole",Bipyrazole,Mn,MnCl2·4H2O,Non specificato,Nessuno,100,5,0.2,0.2,1,Solvothermal,1,,numeric_decimal_standardized;salt_hydrate_separator_standardized;temperature_numeric_standardized;time_numeric_standardized,,0,INCLUDED,,missing_optional_numeric:Volume solvente,MOF_GROUPED_LIGAND_SPLIT_v6.0_seed260730,DEVELOPMENT,Legante,260730
111,"3-amino-4,4'-bipyrazole",Bipyrazole,Mn,Mn(Oac)2·4H2O,Non specificato,Nessuno,130,72,0.2,0.2,1,Solvothermal,1,,numeric_decimal_standardized;salt_hydrate_separator_standardized;temperature_numeric_standardized;time_numeric_standardized,,0,INCLUDED,,missing_optional_numeric:Volume solvente,MOF_GROUPED_LIGAND_SPLIT_v6.0_seed260730,DEVELOPMENT,Legante,260730
112,"3-amino-4,4'-bipyrazole",Bipyrazole,Mn,MnCl2·4H2O,Non specificato,Nessuno,100,48,0.2,0.2,1,Solvothermal,1,,numeric_decimal_standardized;salt_hydrate_separator_standardized;temperature_numeric_standardized;time_numeric_standardized,,0,INCLUDED,,missing_optional_numeric:Volume solvente,MOF_GROUPED_LIGAND_SPLIT_v6.0_seed260730,DEVELOPMENT,Legante,260730
113,"3-amino-4,4'-bipyrazole",Bipyrazole,Mn,MnCl2·4H2O,Non specificato,Nessuno,160,48,0.2,0.2,1,Solvothermal,1,,numeric_decimal_standardized;salt_hydrate_separator_standardized;temperature_numeric_standardized;time_numeric_standardized,,0,INCLUDED,,missing_optional_numeric:Volume solvente,MOF_GROUPED_LIGAND_SPLIT_v6.0_seed260730,DEVELOPMENT,Legante,260730
114,"3-amino-4,4'-bipyrazole",Bipyrazole,Mn,MnCl2·4H2O,Non specificato,Nessuno,160,72,0.2,0.2,1,Solvothermal,1,,numeric_decimal_standardized;salt_hydrate_separator_standardized;temperature_numeric_standardized;time_numeric_standardized,,0,INCLUDED,,missing_optional_numeric:Volume solvente,MOF_GROUPED_LIGAND_SPLIT_v6.0_seed260730,DEVELOPMENT,Legante,260730
115,"3-amino-4,4'-bipyrazole",Bipyrazole,Mn,Mn(Oac)2·4H2O,Non specificato,Nessuno,160,24,0.2,0.2,1,Solvothermal,1,,numeric_decimal_standardized;salt_hydrate_separator_standardized;temperature_numeric_standardized;time_numeric_standardized,,0,INCLUDED,,missing_optional_numeric:Volume solvente,MOF_GROUPED_LIGAND_SPLIT_v6.0_seed260730,DEVELOPMENT,Legante,260730
116,"3-amino-4,4'-bipyrazole",Bipyrazole,Mn,Mn(Oac)2·4H2O,DMF,BDC,140,115,0.2,0.2,1,Solvothermal,1,,numeric_decimal_standardized;salt_hydrate_separator_standardized;temperature_numeric_standardized;time_numeric_standardized,,0,INCLUDED,,missing_optional_numeric:Volume solvente,MOF_GROUPED_LIGAND_SPLIT_v6.0_seed260730,DEVELOPMENT,Legante,260730
117,"3-amino-4,4'-bipyrazole",Bipyrazole,Zr,Zr(OCH3)4,HCl 37%,Nessuno,120,48,0.15,0.15,1,Solvothermal,1,,numeric_decimal_standardized;temperature_numeric_standardized;time_numeric_standardized,,0,INCLUDED,,missing_optional_numeric:Volume solvente,MOF_GROUPED_LIGAND_SPLIT_v6.0_seed260730,DEVELOPMENT,Legante,260730
118,"3-amino-4,4'-bipyrazole",Bipyrazole,Zr,ZrCl4,HCl 37%,Nessuno,120,48,0.15,0.15,1,Solvothermal,1,,numeric_decimal_standardized;temperature_numeric_standardized;time_numeric_standardized,,0,INCLUDED,,missing_optional_numeric:Volume solvente,MOF_GROUPED_LIGAND_SPLIT_v6.0_seed260730,DEVELOPMENT,Legante,260730
119,"3-amino-4,4'-bipyrazole",Bipyrazole,Zr,ZrCl4,H2O,Nessuno,100,48,0.2,0.1,2,Solvothermal,1,,numeric_decimal_standardized;temperature_numeric_standardized;time_numeric_standardized,,0,INCLUDED,,missing_optional_numeric:Volume solvente,MOF_GROUPED_LIGAND_SPLIT_v6.0_seed260730,DEVELOPMENT,Legante,260730
120,"3-amino-4,4'-bipyrazole",Bipyrazole,Zr,ZrCl4,DMF,Nessuno,120,48,0.2,0.1,2,Solvothermal,1,,numeric_decimal_standardized;temperature_numeric_standardized;time_numeric_standardized,,0,INCLUDED,,missing_optional_numeric:Volume solvente,MOF_GROUPED_LIGAND_SPLIT_v6.0_seed260730,DEVELOPMENT,Legante,260730
121,3-MePz-4-COOH,Pyrazole carbossilati,Al,Al(NO3)3·9H2O,DMF,Nessuno,120,24,0.2,0.2,1,Solvothermal,1,,numeric_decimal_standardized;salt_hydrate_separator_standardized;temperature_numeric_standardized;time_numeric_standardized,,0,INCLUDED,,missing_optional_numeric:Volume solvente,MOF_GROUPED_LIGAND_SPLIT_v6.0_seed260730,DEVELOPMENT,Legante,260730
122,3-MePz-4-COOH,Pyrazole carbossilati,Cu,Cu(OAc)2·H2O,H2O,Nessuno,120,96,0.2,0.1,2,Solvothermal,2,,numeric_decimal_standardized;salt_hydrate_separator_standardized;temperature_numeric_standardized;time_numeric_standardized,,0,INCLUDED,,missing_optional_numeric:Volume solvente,MOF_GROUPED_LIGAND_SPLIT_v6.0_seed260730,DEVELOPMENT,Legante,260730
123,3-MePz-4-COOH,Pyrazole carbossilati,Fe,Fe2(SO4)3·xH2O,DMF/EtOH,Nessuno,120,24,0.2,0.1,2,Solvothermal,1,,numeric_decimal_standardized;salt_hydrate_separator_standardized;temperature_numeric_standardized;time_numeric_standardized,,0,INCLUDED,,missing_optional_numeric:Volume solvente,MOF_GROUPED_LIGAND_SPLIT_v6.0_seed260730,DEVELOPMENT,Legante,260730
124,3-MePz-4-COOH,Pyrazole carbossilati,Fe,FeCl3,DMF/EtOH,Nessuno,120,24,0.2,0.1,2,Solvothermal,1,,numeric_decimal_standardized;temperature_numeric_standardized;time_numeric_standardized,,0,INCLUDED,,missing_optional_numeric:Volume solvente,MOF_GROUPED_LIGAND_SPLIT_v6.0_seed260730,DEVELOPMENT,Legante,260730
125,3-MePz-4-COOH,Pyrazole carbossilati,Mn,Mn(OAc)2·4H2O,DMF/H2O,Nessuno,120,24,0.2,0.1,2,Solvothermal,2,,numeric_decimal_standardized;salt_hydrate_separator_standardized;temperature_numeric_standardized;time_numeric_standardized,,0,INCLUDED,,missing_optional_numeric:Volume solvente,MOF_GROUPED_LIGAND_SPLIT_v6.0_seed260730,DEVELOPMENT,Legante,260730
126,3-MePz-4-COOH,Pyrazole carbossilati,Mn,Mn(OAc)2·4H2O,DMF/H2O,Nessuno,120,72,0.2,0.1,2,Solvothermal,2,,numeric_decimal_standardized;salt_hydrate_separator_standardized;temperature_numeric_standardized;time_numeric_standardized,,0,INCLUDED,,missing_optional_numeric:Volume solvente,MOF_GROUPED_LIGAND_SPLIT_v6.0_seed260730,DEVELOPMENT,Legante,260730
127,3-MePz-4-COOH,Pyrazole carbossilati,Ni,Ni(NO3)2,DMF/H2O,Nessuno,120,72,0.2,0.1,2,Solvothermal,2,,numeric_decimal_standardized;temperature_numeric_standardized;time_numeric_standardized,,0,INCLUDED,,missing_optional_numeric:Volume solvente,MOF_GROUPED_LIGAND_SPLIT_v6.0_seed260730,DEVELOPMENT,Legante,260730
128,3-MePz-4-COOH,Pyrazole carbossilati,Zr,ZrCl4,MeOH,Nessuno,110,94,0.3,0.3,1,Solvothermal,1,,numeric_decimal_standardized;temperature_numeric_standardized;time_numeric_standardized,,0,INCLUDED,,missing_optional_numeric:Volume solvente,MOF_GROUPED_LIGAND_SPLIT_v6.0_seed260730,DEVELOPMENT,Legante,260730
129,3-MePz-4-COOH,Pyrazole carbossilati,Zr,ZrCl4,MeOH,Nessuno,100,24,0.3,0.3,1,Solvothermal,1,,numeric_decimal_standardized;temperature_numeric_standardized;time_numeric_standardized,,0,INCLUDED,,missing_optional_numeric:Volume solvente,MOF_GROUPED_LIGAND_SPLIT_v6.0_seed260730,DEVELOPMENT,Legante,260730
130,3-MePz-4-COOH,Pyrazole carbossilati,Zr,ZrCl4,MeOH,Nessuno,110,24,0.15,0.15,1,Solvothermal,1,,numeric_decimal_standardized;temperature_numeric_standardized;time_numeric_standardized,,0,INCLUDED,,missing_optional_numeric:Volume solvente,MOF_GROUPED_LIGAND_SPLIT_v6.0_seed260730,DEVELOPMENT,Legante,260730
131,3-MePz-4-COOH,Pyrazole carbossilati,Zr,ZrCl4,DMF/MeOH,Nessuno,110,24,0.15,0.15,1,Solvothermal,1,,numeric_decimal_standardized;temperature_numeric_standardized;time_numeric_standardized,,0,INCLUDED,,missing_optional_numeric:Volume solvente,MOF_GROUPED_LIGAND_SPLIT_v6.0_seed260730,DEVELOPMENT,Legante,260730
132,3-MePz-4-COOH,Pyrazole carbossilati,Zr,ZrCl4,MeOH,Nessuno,110,72,0.15,0.15,1,Solvothermal,1,,numeric_decimal_standardized;temperature_numeric_standardized;time_numeric_standardized,,0,INCLUDED,,missing_optional_numeric:Volume solvente,MOF_GROUPED_LIGAND_SPLIT_v6.0_seed260730,DEVELOPMENT,Legante,260730
133,"3-nitro-4,4'-bipyrazole",Bipyrazole,Cd,Cd(NO3)2·4H2O,DMF/EtOH,Nessuno,140,72,0.2,0.1,2,Solvothermal,1,,numeric_decimal_standardized;salt_hydrate_separator_standardized;temperature_numeric_standardized;time_numeric_standardized,,0,INCLUDED,,missing_optional_numeric:Volume solvente,MOF_GROUPED_LIGAND_SPLIT_v6.0_seed260730,DEVELOPMENT,Legante,260730
134,"3-nitro-4,4'-bipyrazole",Bipyrazole,Cd,Cd(NO3)2·4H2O,DMF,Nessuno,140,72,0.2,0.1,2,Solvothermal,1,,numeric_decimal_standardized;salt_hydrate_separator_standardized;temperature_numeric_standardized;time_numeric_standardized,,0,INCLUDED,,missing_optional_numeric:Volume solvente,MOF_GROUPED_LIGAND_SPLIT_v6.0_seed260730,DEVELOPMENT,Legante,260730
135,"3-nitro-4,4'-bipyrazole",Bipyrazole,Cd,Cd(NO3)2·4H2O,DMF,Nessuno,140,72,0.6,0.3,2,Solvothermal,1,,numeric_decimal_standardized;salt_hydrate_separator_standardized;temperature_numeric_standardized;time_numeric_standardized,,0,INCLUDED,,missing_optional_numeric:Volume solvente,MOF_GROUPED_LIGAND_SPLIT_v6.0_seed260730,DEVELOPMENT,Legante,260730
136,"3-nitro-4,4'-bipyrazole",Bipyrazole,Cd,Cd(OAc)2·2H2O,DMF,Nessuno,140,72,0.2,0.1,2,Solvothermal,1,,numeric_decimal_standardized;salt_hydrate_separator_standardized;temperature_numeric_standardized;time_numeric_standardized,,0,INCLUDED,,missing_optional_numeric:Volume solvente,MOF_GROUPED_LIGAND_SPLIT_v6.0_seed260730,DEVELOPMENT,Legante,260730
137,"3-nitro-4,4'-bipyrazole",Bipyrazole,Cd,Cd(NO3)2·4H2O,DMF,Nessuno,160,24,0.2,0.1,2,Solvothermal,2,,numeric_decimal_standardized;salt_hydrate_separator_standardized;temperature_numeric_standardized;time_numeric_standardized,,0,INCLUDED,,missing_optional_numeric:Volume solvente,MOF_GROUPED_LIGAND_SPLIT_v6.0_seed260730,DEVELOPMENT,Legante,260730
138,"3-nitro-4,4'-bipyrazole",Bipyrazole,Cd,Cd(NO3)2·4H2O,DMF,Nessuno,160,48,0.1,0.1,1,Solvothermal,1,,numeric_decimal_standardized;salt_hydrate_separator_standardized;temperature_numeric_standardized;time_numeric_standardized,,0,INCLUDED,,missing_optional_numeric:Volume solvente,MOF_GROUPED_LIGAND_SPLIT_v6.0_seed260730,DEVELOPMENT,Legante,260730
139,"3-nitro-4,4'-bipyrazole",Bipyrazole,Cd,Cd(NO3)2·4H2O,DMF,Nessuno,160,48,0.1,0.2,0.5,Solvothermal,1,,salt_hydrate_separator_standardized;temperature_numeric_standardized;time_numeric_standardized,,0,INCLUDED,,missing_optional_numeric:Volume solvente,MOF_GROUPED_LIGAND_SPLIT_v6.0_seed260730,DEVELOPMENT,Legante,260730
140,"3-nitro-4,4'-bipyrazole",Bipyrazole,Cd,Cd(NO3)2·4H2O,DMF/H2O,Nessuno,160,72,0.3,0.3,1,Solvothermal,1,,numeric_decimal_standardized;salt_hydrate_separator_standardized;temperature_numeric_standardized;time_numeric_standardized,,0,INCLUDED,,missing_optional_numeric:Volume solvente,MOF_GROUPED_LIGAND_SPLIT_v6.0_seed260730,DEVELOPMENT,Legante,260730
141,"3-nitro-4,4'-bipyrazole",Bipyrazole,Cd,Cd(NO3)2·4H2O,DMF/H2O,Nessuno,140,120,0.2,0.1,2,Solvothermal,1,,numeric_decimal_standardized;salt_hydrate_separator_standardized;temperature_numeric_standardized;time_numeric_standardized,,0,INCLUDED,,missing_optional_numeric:Volume solvente,MOF_GROUPED_LIGAND_SPLIT_v6.0_seed260730,DEVELOPMENT,Legante,260730
161,"3,3'-dinitro-4,4'-bipyrazole",Bipyrazole,Cd,Cd(NO3)2·4H2O,DMF,Nessuno,150,24,0.1,0.1,1,Solvothermal,2,,numeric_decimal_standardized;salt_hydrate_separator_standardized;temperature_numeric_standardized;time_numeric_standardized,,0,INCLUDED,,missing_optional_numeric:Volume solvente,MOF_GROUPED_LIGAND_SPLIT_v6.0_seed260730,DEVELOPMENT,Legante,260730
162,"3,3'-dinitro-4,4'-bipyrazole",Bipyrazole,Cd,Cd(NO3)2·4H2O,DMF,Nessuno,150,24,0.1,0.2,0.5,Solvothermal,1,,salt_hydrate_separator_standardized;temperature_numeric_standardized;time_numeric_standardized,,0,INCLUDED,,missing_optional_numeric:Volume solvente,MOF_GROUPED_LIGAND_SPLIT_v6.0_seed260730,DEVELOPMENT,Legante,260730
163,"3,3'-dinitro-4,4'-bipyrazole",Bipyrazole,Cd,Cd(NO3)2·4H2O,DMF/H2O,Nessuno,160,48,0.2,0.1,2,Solvothermal,0,,numeric_decimal_standardized;salt_hydrate_separator_standardized;solvent_canonicalized;temperature_numeric_standardized;time_numeric_standardized,,0,INCLUDED,,missing_optional_numeric:Volume solvente,MOF_GROUPED_LIGAND_SPLIT_v6.0_seed260730,DEVELOPMENT,Legante,260730
164,"3,3'-dinitro-4,4'-bipyrazole",Bipyrazole,Co,Co(OAc)2·4H2O,DMF/H2O,Nessuno,160,48,0.2,0.1,2,Solvothermal,2,,numeric_decimal_standardized;salt_hydrate_separator_standardized;solvent_canonicalized;temperature_numeric_standardized;time_numeric_standardized,,0,INCLUDED,,missing_optional_numeric:Volume solvente,MOF_GROUPED_LIGAND_SPLIT_v6.0_seed260730,DEVELOPMENT,Legante,260730
165,"3,3'-dinitro-4,4'-bipyrazole",Bipyrazole,Co,Cd(OAc)2·4H2O,DMF/H2O,Nessuno,160,24,0.2,0.2,1,Solvothermal,1,,numeric_decimal_standardized;salt_hydrate_separator_standardized;solvent_canonicalized;temperature_numeric_standardized;time_numeric_standardized,,0,INCLUDED,,missing_optional_numeric:Volume solvente,MOF_GROUPED_LIGAND_SPLIT_v6.0_seed260730,DEVELOPMENT,Legante,260730
166,"3,3'-dinitro-4,4'-bipyrazole",Bipyrazole,Co,Co(NO3)2·6H2O,DMF/H2O,Nessuno,120,24,0.1,0.1,1,Solvothermal,1,,numeric_decimal_standardized;salt_hydrate_separator_standardized;solvent_canonicalized;temperature_numeric_standardized;time_numeric_standardized,,0,INCLUDED,,missing_optional_numeric:Volume solvente,MOF_GROUPED_LIGAND_SPLIT_v6.0_seed260730,DEVELOPMENT,Legante,260730
167,"3,3'-dinitro-4,4'-bipyrazole",Bipyrazole,Co,Co(NO3)2·6H2O,DMF/H2O,Nessuno,150,48,0.1,0.1,1,Solvothermal,1,,numeric_decimal_standardized;salt_hydrate_separator_standardized;solvent_canonicalized;temperature_numeric_standardized;time_numeric_standardized,,0,INCLUDED,,missing_optional_numeric:Volume solvente,MOF_GROUPED_LIGAND_SPLIT_v6.0_seed260730,DEVELOPMENT,Legante,260730
168,"3,3'-dinitro-4,4'-bipyrazole",Bipyrazole,Co,Cd(OAc)2·4H2O,DMF/H2O,Nessuno,160,24,0.1,0.2,0.5,Solvothermal,1,,salt_hydrate_separator_standardized;solvent_canonicalized;temperature_numeric_standardized;time_numeric_standardized,,0,INCLUDED,,missing_optional_numeric:Volume solvente,MOF_GROUPED_LIGAND_SPLIT_v6.0_seed260730,DEVELOPMENT,Legante,260730
169,"3,3'-dinitro-4,4'-bipyrazole",Bipyrazole,Co,Co(NO3)2·6H2O,DMF,Nessuno,160,6,0.2,0.1,2,Solvothermal,2,,numeric_decimal_standardized;salt_hydrate_separator_standardized;temperature_numeric_standardized;time_numeric_standardized,,0,INCLUDED,,missing_optional_numeric:Volume solvente,MOF_GROUPED_LIGAND_SPLIT_v6.0_seed260730,DEVELOPMENT,Legante,260730
170,"3,3'-dinitro-4,4'-bipyrazole",Bipyrazole,Cu,Cu(NO3)2·3H2O,DMF/H2O,Nessuno,160,48,0.2,0.1,2,Solvothermal,2,,numeric_decimal_standardized;salt_hydrate_separator_standardized;solvent_canonicalized;temperature_numeric_standardized;time_numeric_standardized,,0,INCLUDED,,missing_optional_numeric:Volume solvente,MOF_GROUPED_LIGAND_SPLIT_v6.0_seed260730,DEVELOPMENT,Legante,260730
171,"3,3'-dinitro-4,4'-bipyrazole",Bipyrazole,Cu,Cu(NO3)2·3H2O,DMF/H2O,Nessuno,160,24,0.2,0.2,1,Solvothermal,1,,numeric_decimal_standardized;salt_hydrate_separator_standardized;solvent_canonicalized;temperature_numeric_standardized;time_numeric_standardized,,0,INCLUDED,,missing_optional_numeric:Volume solvente,MOF_GROUPED_LIGAND_SPLIT_v6.0_seed260730,DEVELOPMENT,Legante,260730
172,"3,3'-dinitro-4,4'-bipyrazole",Bipyrazole,Cu,Cu(NO3)2·3H2O,DMF/H2O,Nessuno,160,48,0.1,0.2,0.5,Solvothermal,1,,salt_hydrate_separator_standardized;solvent_canonicalized;temperature_numeric_standardized;time_numeric_standardized,,0,INCLUDED,,missing_optional_numeric:Volume solvente,MOF_GROUPED_LIGAND_SPLIT_v6.0_seed260730,DEVELOPMENT,Legante,260730
173,"3,3'-dinitro-4,4'-bipyrazole",Bipyrazole,Cu,Cu(OAc)2·H2O,DMF/H2O,Nessuno,120,24,0.1,0.1,1,Solvothermal,1,,numeric_decimal_standardized;salt_hydrate_separator_standardized;solvent_canonicalized;temperature_numeric_standardized;time_numeric_standardized,,0,INCLUDED,,missing_optional_numeric:Volume solvente,MOF_GROUPED_LIGAND_SPLIT_v6.0_seed260730,DEVELOPMENT,Legante,260730
174,"3,3'-dinitro-4,4'-bipyrazole",Bipyrazole,Cu,Cu(OAc)2·H2O,DMF/H2O,Nessuno,150,48,0.1,0.1,1,Solvothermal,1,,numeric_decimal_standardized;salt_hydrate_separator_standardized;solvent_canonicalized;temperature_numeric_standardized;time_numeric_standardized,,0,INCLUDED,,missing_optional_numeric:Volume solvente,MOF_GROUPED_LIGAND_SPLIT_v6.0_seed260730,DEVELOPMENT,Legante,260730
175,"3,3'-dinitro-4,4'-bipyrazole",Bipyrazole,Cu,Cu(NO3)2·3H2O,DMF,Nessuno,160,6,0.2,0.1,2,Solvothermal,2,,numeric_decimal_standardized;salt_hydrate_separator_standardized;temperature_numeric_standardized;time_numeric_standardized,,0,INCLUDED,,missing_optional_numeric:Volume solvente,MOF_GROUPED_LIGAND_SPLIT_v6.0_seed260730,DEVELOPMENT,Legante,260730
176,"3,3'-dinitro-4,4'-bipyrazole",Bipyrazole,Ni,Ni(OAc)2·4H2O,MeCN,Nessuno,120,6,0.2,0.2,1,Solvothermal,1,,numeric_decimal_standardized;salt_hydrate_separator_standardized;solvent_canonicalized;temperature_numeric_standardized;time_numeric_standardized,,0,INCLUDED,,missing_optional_numeric:Volume solvente,MOF_GROUPED_LIGAND_SPLIT_v6.0_seed260730,DEVELOPMENT,Legante,260730
177,"3,3'-dinitro-4,4'-bipyrazole",Bipyrazole,Zn,Zn(NO3)2·6H2O,DMF/H2O,Nessuno,160,48,0.2,0.1,2,Solvothermal,2,,numeric_decimal_standardized;salt_hydrate_separator_standardized;solvent_canonicalized;temperature_numeric_standardized;time_numeric_standardized,,0,INCLUDED,,missing_optional_numeric:Volume solvente,MOF_GROUPED_LIGAND_SPLIT_v6.0_seed260730,DEVELOPMENT,Legante,260730
178,"3,3'-dinitro-4,4'-bipyrazole",Bipyrazole,Zn,Zn(NO3)2·6H2O,DMF/H2O,Nessuno,160,24,0.2,0.2,1,Solvothermal,1,,numeric_decimal_standardized;salt_hydrate_separator_standardized;solvent_canonicalized;temperature_numeric_standardized;time_numeric_standardized,,0,INCLUDED,,missing_optional_numeric:Volume solvente,MOF_GROUPED_LIGAND_SPLIT_v6.0_seed260730,DEVELOPMENT,Legante,260730
179,"3,3'-dinitro-4,4'-bipyrazole",Bipyrazole,Zn,Zn(OAc)2·2H2O,DMF/H2O,Nessuno,120,24,0.1,0.1,1,Solvothermal,1,,numeric_decimal_standardized;salt_hydrate_separator_standardized;solvent_canonicalized;temperature_numeric_standardized;time_numeric_standardized,,0,INCLUDED,,missing_optional_numeric:Volume solvente,MOF_GROUPED_LIGAND_SPLIT_v6.0_seed260730,DEVELOPMENT,Legante,260730
180,"3,3'-dinitro-4,4'-bipyrazole",Bipyrazole,Zn,Zn(OAc)2·2H2O,DMF/H2O,Nessuno,150,48,0.1,0.1,1,Solvothermal,1,,numeric_decimal_standardized;salt_hydrate_separator_standardized;solvent_canonicalized;temperature_numeric_standardized;time_numeric_standardized,,0,INCLUDED,,missing_optional_numeric:Volume solvente,MOF_GROUPED_LIGAND_SPLIT_v6.0_seed260730,DEVELOPMENT,Legante,260730
181,"3,3'-dinitro-4,4'-bipyrazole",Bipyrazole,Zn,Zn(NO3)2·6H2O,DMF/H2O,Nessuno,160,24,0.1,0.2,0.5,Solvothermal,2,,salt_hydrate_separator_standardized;solvent_canonicalized;temperature_numeric_standardized;time_numeric_standardized,,0,INCLUDED,,missing_optional_numeric:Volume solvente,MOF_GROUPED_LIGAND_SPLIT_v6.0_seed260730,DEVELOPMENT,Legante,260730
182,"3,3'-dinitro-4,4'-bipyrazole",Bipyrazole,Zn,Zn(NO3)2·6H2O,DMF,Nessuno,160,6,0.2,0.1,2,Solvothermal,2,,numeric_decimal_standardized;salt_hydrate_separator_standardized;temperature_numeric_standardized;time_numeric_standardized,,0,INCLUDED,,missing_optional_numeric:Volume solvente,MOF_GROUPED_LIGAND_SPLIT_v6.0_seed260730,DEVELOPMENT,Legante,260730
183,"3,3'-dinitro-4,4'-bipyrazole",Bipyrazole,Zr,ZrCl4,DMF,Nessuno,120,48,0.1,0.1,1,Solvothermal,1,,numeric_decimal_standardized;temperature_numeric_standardized;time_numeric_standardized,,0,INCLUDED,,missing_optional_numeric:Volume solvente,MOF_GROUPED_LIGAND_SPLIT_v6.0_seed260730,DEVELOPMENT,Legante,260730
184,"3,3'-dinitro-4,4'-bipyrazole",Bipyrazole,Zr,ZrCl4,DMF,H2O-Et3N,120,48,0.1,0.1,1,Solvothermal,1,,numeric_decimal_standardized;temperature_numeric_standardized;time_numeric_standardized,,0,INCLUDED,,missing_optional_numeric:Volume solvente,MOF_GROUPED_LIGAND_SPLIT_v6.0_seed260730,DEVELOPMENT,Legante,260730
185,"3,5-diamino-4,4'-bipyrazole",Bipyrazole,Ag,AgNO3,DMF,Nessuno,100,1.5,0.15,0.15,1,Solvothermal,1,,numeric_decimal_standardized;temperature_numeric_standardized,,0,INCLUDED,,missing_optional_numeric:Volume solvente,MOF_GROUPED_LIGAND_SPLIT_v6.0_seed260730,DEVELOPMENT,Legante,260730
186,"3,5-diamino-4,4'-bipyrazole",Bipyrazole,Ag,AgNO3,DMF/MeCN,Nessuno,100,0.45,0.15,0.15,1,Solvothermal,1,,numeric_decimal_standardized;temperature_numeric_standardized,,0,INCLUDED,,missing_optional_numeric:Volume solvente,MOF_GROUPED_LIGAND_SPLIT_v6.0_seed260730,DEVELOPMENT,Legante,260730
187,"3,5-diamino-4,4'-bipyrazole",Bipyrazole,Ag,AgNO3,DMF/MeCN,Nessuno,100,1,0.15,0.15,1,Solvothermal,1,,numeric_decimal_standardized;temperature_numeric_standardized;time_numeric_standardized,,0,INCLUDED,,missing_optional_numeric:Volume solvente,MOF_GROUPED_LIGAND_SPLIT_v6.0_seed260730,DEVELOPMENT,Legante,260730
188,"3,5-diamino-4,4'-bipyrazole",Bipyrazole,Ag,AgNO3,DMF/MeCN,Nessuno,80,24,0.15,0.15,1,Solvothermal,1,,numeric_decimal_standardized;temperature_numeric_standardized;time_numeric_standardized,,0,INCLUDED,,missing_optional_numeric:Volume solvente,MOF_GROUPED_LIGAND_SPLIT_v6.0_seed260730,DEVELOPMENT,Legante,260730
189,"3,5-diamino-4,4'-bipyrazole",Bipyrazole,Ag,Ag2O,MeOH/NH3,Nessuno,120,115,0.15,0.15,1,Solvothermal,1,,numeric_decimal_standardized;temperature_numeric_standardized;time_numeric_standardized,,0,INCLUDED,,missing_optional_numeric:Volume solvente,MOF_GROUPED_LIGAND_SPLIT_v6.0_seed260730,DEVELOPMENT,Legante,260730
190,"3,5-diamino-4,4'-bipyrazole",Bipyrazole,Ag,AgNO3,MeOH,Nessuno,120,24,0.2,0.2,1,Solvothermal,1,,numeric_decimal_standardized;temperature_numeric_standardized;time_numeric_standardized,,0,INCLUDED,,missing_optional_numeric:Volume solvente,MOF_GROUPED_LIGAND_SPLIT_v6.0_seed260730,DEVELOPMENT,Legante,260730
191,"3,5-diamino-4,4'-bipyrazole",Bipyrazole,Ag,AgNO3,DMF/MeOH,Nessuno,120,24,0.2,0.2,1,Solvothermal,1,,numeric_decimal_standardized;temperature_numeric_standardized;time_numeric_standardized,,0,INCLUDED,,missing_optional_numeric:Volume solvente,MOF_GROUPED_LIGAND_SPLIT_v6.0_seed260730,DEVELOPMENT,Legante,260730
192,"3,5-diamino-4,4'-bipyrazole",Bipyrazole,Al,Al(NO3)3∙9H2O,DMF,Nessuno,140,24,0.2,0.2,1,Solvothermal,1,,numeric_decimal_standardized;temperature_numeric_standardized;time_numeric_standardized,,0,INCLUDED,,missing_optional_numeric:Volume solvente,MOF_GROUPED_LIGAND_SPLIT_v6.0_seed260730,DEVELOPMENT,Legante,260730
193,"3,5-diamino-4,4'-bipyrazole",Bipyrazole,Cd,Cd(NO3)2·4H2O,DMF/H2O,Nessuno,160,72,0.3,0.3,1,Solvothermal,1,,numeric_decimal_standardized;salt_hydrate_separator_standardized;temperature_numeric_standardized;time_numeric_standardized,,0,INCLUDED,,missing_optional_numeric:Volume solvente,MOF_GROUPED_LIGAND_SPLIT_v6.0_seed260730,DEVELOPMENT,Legante,260730
194,"3,5-diamino-4,4'-bipyrazole",Bipyrazole,Cd,Cd(NO3)2·4H2O,DMF,Nessuno,140,72,0.2,0.1,2,Solvothermal,1,,numeric_decimal_standardized;salt_hydrate_separator_standardized;temperature_numeric_standardized;time_numeric_standardized,,0,INCLUDED,,missing_optional_numeric:Volume solvente,MOF_GROUPED_LIGAND_SPLIT_v6.0_seed260730,DEVELOPMENT,Legante,260730
195,"3,5-diamino-4,4'-bipyrazole",Bipyrazole,Cd,Cd(NO3)2·4H2O,DMF,Nessuno,140,72,0.48,0.2,2.4,Solvothermal,2,,salt_hydrate_separator_standardized;temperature_numeric_standardized;time_numeric_standardized,,0,INCLUDED,,missing_optional_numeric:Volume solvente,MOF_GROUPED_LIGAND_SPLIT_v6.0_seed260730,DEVELOPMENT,Legante,260730
196,"3,5-diamino-4,4'-bipyrazole",Bipyrazole,Cd,Cd(NO3)2·4H2O,DMF,Nessuno,140,48,1,0.5,2,Solvothermal,1,,numeric_decimal_standardized;salt_hydrate_separator_standardized;temperature_numeric_standardized;time_numeric_standardized,,0,INCLUDED,,missing_optional_numeric:Volume solvente,MOF_GROUPED_LIGAND_SPLIT_v6.0_seed260730,DEVELOPMENT,Legante,260730
197,"3,5-diamino-4,4'-bipyrazole",Bipyrazole,Cd,Cd(OAc)2·2H2O,DMF/H2O,Nessuno,140,48,0.2,0.1,2,Solvothermal,1,,numeric_decimal_standardized;salt_hydrate_separator_standardized;temperature_numeric_standardized;time_numeric_standardized,,0,INCLUDED,,missing_optional_numeric:Volume solvente,MOF_GROUPED_LIGAND_SPLIT_v6.0_seed260730,DEVELOPMENT,Legante,260730
198,"3,5-diamino-4,4'-bipyrazole",Bipyrazole,Cd,Cd(NO3)2·4H2O,DMF/H2O,Nessuno,140,120,0.2,0.1,2,Solvothermal,1,,numeric_decimal_standardized;salt_hydrate_separator_standardized;temperature_numeric_standardized;time_numeric_standardized,,0,INCLUDED,,missing_optional_numeric:Volume solvente,MOF_GROUPED_LIGAND_SPLIT_v6.0_seed260730,DEVELOPMENT,Legante,260730
199,"3,5-diamino-4,4'-bipyrazole",Bipyrazole,Co,Co(OAc)2·4H2O,ButOH,Nessuno,130,48,0.2,0.2,1,Solvothermal,1,,numeric_decimal_standardized;salt_hydrate_separator_standardized;temperature_numeric_standardized;time_numeric_standardized,,0,INCLUDED,,missing_optional_numeric:Volume solvente,MOF_GROUPED_LIGAND_SPLIT_v6.0_seed260730,DEVELOPMENT,Legante,260730
200,"3,5-diamino-4,4'-bipyrazole",Bipyrazole,Co,Co(OAc)2·4H2O,ButOH,Nessuno,110,72,0.2,0.2,1,Solvothermal,1,,numeric_decimal_standardized;salt_hydrate_separator_standardized;temperature_numeric_standardized;time_numeric_standardized,,0,INCLUDED,,missing_optional_numeric:Volume solvente,MOF_GROUPED_LIGAND_SPLIT_v6.0_seed260730,DEVELOPMENT,Legante,260730
201,"3,5-diamino-4,4'-bipyrazole",Bipyrazole,Co,Co(OAc)2·4H2O,DMF,Nessuno,120,3,0.5,0.5,1,Solvothermal,1,,numeric_decimal_standardized;salt_hydrate_separator_standardized;temperature_numeric_standardized;time_numeric_standardized,,0,INCLUDED,,missing_optional_numeric:Volume solvente,MOF_GROUPED_LIGAND_SPLIT_v6.0_seed260730,DEVELOPMENT,Legante,260730
202,"3,5-diamino-4,4'-bipyrazole",Bipyrazole,Co,Co(OAc)2·4H2O,DMF,Nessuno,120,24,0.2,0.2,1,Solvothermal,1,,numeric_decimal_standardized;salt_hydrate_separator_standardized;temperature_numeric_standardized;time_numeric_standardized;exact_duplicate_candidate,DUP_005,0,INCLUDED,,duplicate_representative_retained;missing_optional_numeric:Volume solvente,MOF_GROUPED_LIGAND_SPLIT_v6.0_seed260730,DEVELOPMENT,Legante,260730
203,"3,5-diamino-4,4'-bipyrazole",Bipyrazole,Co,Co(OAc)2·4H2O,EtOH,Nessuno,70,72,0.2,0.2,1,Solvothermal,1,,numeric_decimal_standardized;salt_hydrate_separator_standardized;temperature_numeric_standardized;time_numeric_standardized,,0,INCLUDED,,missing_optional_numeric:Volume solvente,MOF_GROUPED_LIGAND_SPLIT_v6.0_seed260730,DEVELOPMENT,Legante,260730
204,"3,5-diamino-4,4'-bipyrazole",Bipyrazole,Co,Co(OAc)2·4H2O,NH3 28%,Nessuno,70,24,0.2,0.2,1,Solvothermal,1,,numeric_decimal_standardized;salt_hydrate_separator_standardized;temperature_numeric_standardized;time_numeric_standardized,,0,INCLUDED,,missing_optional_numeric:Volume solvente,MOF_GROUPED_LIGAND_SPLIT_v6.0_seed260730,DEVELOPMENT,Legante,260730
205,"3,5-diamino-4,4'-bipyrazole",Bipyrazole,Co,Co(OAc)2·4H2O,DMF,Nessuno,160,24,0.2,0.2,1,Solvothermal,1,,numeric_decimal_standardized;salt_hydrate_separator_standardized;temperature_numeric_standardized;time_numeric_standardized;exact_duplicate_candidate,DUP_006,0,INCLUDED,,duplicate_representative_retained;missing_optional_numeric:Volume solvente,MOF_GROUPED_LIGAND_SPLIT_v6.0_seed260730,DEVELOPMENT,Legante,260730
206,"3,5-diamino-4,4'-bipyrazole",Bipyrazole,Co,Co(NO3)2·6H2O,DMF,Nessuno,160,24,0.2,0.2,1,Solvothermal,1,,numeric_decimal_standardized;salt_hydrate_separator_standardized;temperature_numeric_standardized;time_numeric_standardized;exact_duplicate_candidate,DUP_007,0,INCLUDED,,duplicate_representative_retained;missing_optional_numeric:Volume solvente,MOF_GROUPED_LIGAND_SPLIT_v6.0_seed260730,DEVELOPMENT,Legante,260730
208,"3,5-diamino-4,4'-bipyrazole",Bipyrazole,Co,Co(OAc)2·4H2O,NH3 30%,Nessuno,140,24,0.2,0.2,1,Solvothermal,1,,numeric_decimal_standardized;salt_hydrate_separator_standardized;temperature_numeric_standardized;time_numeric_standardized,,0,INCLUDED,,missing_optional_numeric:Volume solvente,MOF_GROUPED_LIGAND_SPLIT_v6.0_seed260730,DEVELOPMENT,Legante,260730
209,"3,5-diamino-4,4'-bipyrazole",Bipyrazole,Co,Co(OAc)2·4H2O,DMF,BDC,160,48,0.2,0.2,1,Solvothermal,1,,numeric_decimal_standardized;salt_hydrate_separator_standardized;temperature_numeric_standardized;time_numeric_standardized,,0,INCLUDED,,missing_optional_numeric:Volume solvente,MOF_GROUPED_LIGAND_SPLIT_v6.0_seed260730,DEVELOPMENT,Legante,260730
210,"3,5-diamino-4,4'-bipyrazole",Bipyrazole,Co,Co(OAc)2·4H2O,DMF/H2O,BDC,160,48,0.2,0.2,1,Solvothermal,1,,numeric_decimal_standardized;salt_hydrate_separator_standardized;temperature_numeric_standardized;time_numeric_standardized,,0,INCLUDED,,missing_optional_numeric:Volume solvente,MOF_GROUPED_LIGAND_SPLIT_v6.0_seed260730,DEVELOPMENT,Legante,260730
211,"3,5-diamino-4,4'-bipyrazole",Bipyrazole,Co,Co(OAc)2·4H2O,DMF,Nessuno,200,144,0.2,0.2,1,Solvothermal,1,,numeric_decimal_standardized;salt_hydrate_separator_standardized;temperature_numeric_standardized;time_numeric_standardized,,0,INCLUDED,,missing_optional_numeric:Volume solvente,MOF_GROUPED_LIGAND_SPLIT_v6.0_seed260730,DEVELOPMENT,Legante,260730
212,"3,5-diamino-4,4'-bipyrazole",Bipyrazole,Co,Co(OAc)2·4H2O,DMF/H2O,Nessuno,160,72,0.2,0.2,1,Solvothermal,1,,numeric_decimal_standardized;salt_hydrate_separator_standardized;temperature_numeric_standardized;time_numeric_standardized,,0,INCLUDED,,missing_optional_numeric:Volume solvente,MOF_GROUPED_LIGAND_SPLIT_v6.0_seed260730,DEVELOPMENT,Legante,260730
213,"3,5-diamino-4,4'-bipyrazole",Bipyrazole,Co,Co(OAc)2·4H2O,DMF,Nessuno,160,72,0.2,0.2,1,Solvothermal,1,,numeric_decimal_standardized;salt_hydrate_separator_standardized;temperature_numeric_standardized;time_numeric_standardized,,0,INCLUDED,,missing_optional_numeric:Volume solvente,MOF_GROUPED_LIGAND_SPLIT_v6.0_seed260730,DEVELOPMENT,Legante,260730
214,"3,5-diamino-4,4'-bipyrazole",Bipyrazole,Co,Co(NO3)2·6H2O,DMF/H2O,Nessuno,160,72,0.2,0.2,1,Solvothermal,1,,numeric_decimal_standardized;salt_hydrate_separator_standardized;temperature_numeric_standardized;time_numeric_standardized;exact_duplicate_candidate,DUP_008,0,INCLUDED,,duplicate_representative_retained;missing_optional_numeric:Volume solvente,MOF_GROUPED_LIGAND_SPLIT_v6.0_seed260730,DEVELOPMENT,Legante,260730
215,"3,5-diamino-4,4'-bipyrazole",Bipyrazole,Co,Co(NO3)2·6H2O,DMF/H2O,Nessuno,160,120,0.06091321,0.03435954,1.77281809,Solvothermal,1,,numeric_decimal_standardized;salt_hydrate_separator_standardized;temperature_numeric_standardized;time_numeric_standardized;exact_duplicate_candidate,DUP_009,0,INCLUDED,,duplicate_representative_retained;missing_optional_numeric:Volume solvente,MOF_GROUPED_LIGAND_SPLIT_v6.0_seed260730,DEVELOPMENT,Legante,260730
216,"3,5-diamino-4,4'-bipyrazole",Bipyrazole,Co,Co(NO3)2·6H2O,DMF/H2O,Nessuno,160,72,1.2,0.6,2,Solvothermal,1,,numeric_decimal_standardized;salt_hydrate_separator_standardized;temperature_numeric_standardized;time_numeric_standardized,,0,INCLUDED,,missing_optional_numeric:Volume solvente,MOF_GROUPED_LIGAND_SPLIT_v6.0_seed260730,DEVELOPMENT,Legante,260730
217,"3,5-diamino-4,4'-bipyrazole",Bipyrazole,Co,Co(NO3)2·6H2O,DMF/H2O,Nessuno,160,72,1.5,1.5,1,Solvothermal,1,,numeric_decimal_standardized;salt_hydrate_separator_standardized;temperature_numeric_standardized;time_numeric_standardized,,0,INCLUDED,,missing_optional_numeric:Volume solvente,MOF_GROUPED_LIGAND_SPLIT_v6.0_seed260730,DEVELOPMENT,Legante,260730
218,"3,5-diamino-4,4'-bipyrazole",Bipyrazole,Co,Co(NO3)2·6H2O,DMF/H2O,Nessuno,160,24,0.1,0.05,2,Solvothermal,1,,numeric_decimal_standardized;salt_hydrate_separator_standardized;temperature_numeric_standardized;time_numeric_standardized;exact_duplicate_candidate,DUP_010,0,INCLUDED,,duplicate_representative_retained;missing_optional_numeric:Volume solvente,MOF_GROUPED_LIGAND_SPLIT_v6.0_seed260730,DEVELOPMENT,Legante,260730
219,"3,5-diamino-4,4'-bipyrazole",Bipyrazole,Co,Co(NO3)2·6H2O,DMF/EtOH,Nessuno,160,24,0.1,0.05,2,Solvothermal,1,,numeric_decimal_standardized;salt_hydrate_separator_standardized;temperature_numeric_standardized;time_numeric_standardized,,0,INCLUDED,,missing_optional_numeric:Volume solvente,MOF_GROUPED_LIGAND_SPLIT_v6.0_seed260730,DEVELOPMENT,Legante,260730
221,"3,5-diamino-4,4'-bipyrazole",Bipyrazole,Co,Co(NO3)2·6H2O,DMF/EtOH,Nessuno,160,16,0.2,0.1,2,Solvothermal,1,,numeric_decimal_standardized;salt_hydrate_separator_standardized;temperature_numeric_standardized;time_numeric_standardized,,0,INCLUDED,,missing_optional_numeric:Volume solvente,MOF_GROUPED_LIGAND_SPLIT_v6.0_seed260730,DEVELOPMENT,Legante,260730
222,"3,5-diamino-4,4'-bipyrazole",Bipyrazole,Co,Co(NO3)2·6H2O,DMF/MeOH,Nessuno,160,24,0.1,0.05,2,Solvothermal,1,,numeric_decimal_standardized;salt_hydrate_separator_standardized;temperature_numeric_standardized;time_numeric_standardized,,0,INCLUDED,,missing_optional_numeric:Volume solvente,MOF_GROUPED_LIGAND_SPLIT_v6.0_seed260730,DEVELOPMENT,Legante,260730
223,"3,5-diamino-4,4'-bipyrazole",Bipyrazole,Co,Co(NO3)2·6H2O,MeOH,Nessuno,120,72,0.1,0.1,1,Solvothermal,0,,numeric_decimal_standardized;salt_hydrate_separator_standardized;temperature_numeric_standardized;time_numeric_standardized,,0,INCLUDED,,missing_optional_numeric:Volume solvente,MOF_GROUPED_LIGAND_SPLIT_v6.0_seed260730,DEVELOPMENT,Legante,260730
224,"3,5-diamino-4,4'-bipyrazole",Bipyrazole,Co,Co(NO3)2·6H2O,DMF/H2O,Nessuno,150,72,0.05,0.05,1,Solvothermal,2,,numeric_decimal_standardized;salt_hydrate_separator_standardized;temperature_numeric_standardized;time_numeric_standardized,,0,INCLUDED,,missing_optional_numeric:Volume solvente,MOF_GROUPED_LIGAND_SPLIT_v6.0_seed260730,DEVELOPMENT,Legante,260730
225,"3,5-diamino-4,4'-bipyrazole",Bipyrazole,Co,Co(OAc)2·4H2O,DMF,Nessuno,110,48,0.2,0.2,1,Solvothermal,1,,numeric_decimal_standardized;salt_hydrate_separator_standardized;temperature_numeric_standardized;time_numeric_standardized,,0,INCLUDED,,missing_optional_numeric:Volume solvente,MOF_GROUPED_LIGAND_SPLIT_v6.0_seed260730,DEVELOPMENT,Legante,260730
226,"3,5-diamino-4,4'-bipyrazole",Bipyrazole,Co,Co(OAc)2·4H2O,DMF/H2O,Nessuno,120,24,0.2,0.2,1,Solvothermal,1,,numeric_decimal_standardized;salt_hydrate_separator_standardized;temperature_numeric_standardized;time_numeric_standardized,,0,INCLUDED,,missing_optional_numeric:Volume solvente,MOF_GROUPED_LIGAND_SPLIT_v6.0_seed260730,DEVELOPMENT,Legante,260730
229,"3,5-diamino-4,4'-bipyrazole",Bipyrazole,Co,Co(OAc)2·4H2O,DMF,Nessuno,160,24,0.2,0.4,0.5,Solvothermal,1,,salt_hydrate_separator_standardized;temperature_numeric_standardized;time_numeric_standardized,,0,INCLUDED,,missing_optional_numeric:Volume solvente,MOF_GROUPED_LIGAND_SPLIT_v6.0_seed260730,DEVELOPMENT,Legante,260730
230,"3,5-diamino-4,4'-bipyrazole",Bipyrazole,Co,Co(NO3)2·6H2O,DMF/MeOH,Nessuno,160,24,0.2,0.2,1,Solvothermal,1,,numeric_decimal_standardized;salt_hydrate_separator_standardized;solvent_canonicalized;temperature_numeric_standardized;time_numeric_standardized,,0,INCLUDED,,missing_optional_numeric:Volume solvente,MOF_GROUPED_LIGAND_SPLIT_v6.0_seed260730,DEVELOPMENT,Legante,260730
231,"3,5-diamino-4,4'-bipyrazole",Bipyrazole,Co,Co(OAc)2·4H2O,DMF/MeOH,Nessuno,160,24,0.2,0.2,1,Solvothermal,1,,numeric_decimal_standardized;salt_hydrate_separator_standardized;solvent_canonicalized;temperature_numeric_standardized;time_numeric_standardized,,0,INCLUDED,,missing_optional_numeric:Volume solvente,MOF_GROUPED_LIGAND_SPLIT_v6.0_seed260730,DEVELOPMENT,Legante,260730
232,"3,5-diamino-4,4'-bipyrazole",Bipyrazole,Co,Co(NO3)2·6H2O,DMF/H2O,Nessuno,160,95,0.06091321,0.03435954,1.77281809,Solvothermal,1,,numeric_decimal_standardized;salt_hydrate_separator_standardized;temperature_numeric_standardized;time_numeric_standardized,,0,INCLUDED,,missing_optional_numeric:Volume solvente,MOF_GROUPED_LIGAND_SPLIT_v6.0_seed260730,DEVELOPMENT,Legante,260730
233,"3,5-diamino-4,4'-bipyrazole",Bipyrazole,Co,Co(NO3)2·6H2O,DMF/H2O,Nessuno,160,24,0.1218,0.0687,1.77292576,Solvothermal,1,,numeric_decimal_standardized;salt_hydrate_separator_standardized;temperature_numeric_standardized;time_numeric_standardized,,0,INCLUDED,,missing_optional_numeric:Volume solvente,MOF_GROUPED_LIGAND_SPLIT_v6.0_seed260730,DEVELOPMENT,Legante,260730
234,"3,5-diamino-4,4'-bipyrazole",Bipyrazole,Co,Co(NO3)2·6H2O,DMF/H2O,Nessuno,160,24,1.2,1.2,1,Solvothermal,1,,numeric_decimal_standardized;salt_hydrate_separator_standardized;temperature_numeric_standardized;time_numeric_standardized;exact_duplicate_candidate,DUP_011,0,INCLUDED,,duplicate_representative_retained;missing_optional_numeric:Volume solvente,MOF_GROUPED_LIGAND_SPLIT_v6.0_seed260730,DEVELOPMENT,Legante,260730
235,"3,5-diamino-4,4'-bipyrazole",Bipyrazole,Co,Co(NO3)2·6H2O,DMF/H2O,Nessuno,160,24,1.3,1.3,1,Solvothermal,1,,numeric_decimal_standardized;salt_hydrate_separator_standardized;temperature_numeric_standardized;time_numeric_standardized,,0,INCLUDED,,missing_optional_numeric:Volume solvente,MOF_GROUPED_LIGAND_SPLIT_v6.0_seed260730,DEVELOPMENT,Legante,260730
237,"3,5-diamino-4,4'-bipyrazole",Bipyrazole,Co,Co(NO3)2·6H2O,DMF/H2O,Nessuno,160,24,0.2,0.2,1,Solvothermal,1,,numeric_decimal_standardized;salt_hydrate_separator_standardized;temperature_numeric_standardized;time_numeric_standardized;exact_duplicate_candidate,DUP_012,0,INCLUDED,,duplicate_representative_retained;missing_optional_numeric:Volume solvente,MOF_GROUPED_LIGAND_SPLIT_v6.0_seed260730,DEVELOPMENT,Legante,260730
240,"3,5-diamino-4,4'-bipyrazole",Bipyrazole,Co,Co(NO3)2·6H2O,DMF/MeCN/ButOH,Nessuno,160,48,0.06091321,0.03435954,1.77281809,Solvothermal,1,,numeric_decimal_standardized;salt_hydrate_separator_standardized;solvent_canonicalized;temperature_numeric_standardized;time_numeric_standardized,,0,INCLUDED,,missing_optional_numeric:Volume solvente,MOF_GROUPED_LIGAND_SPLIT_v6.0_seed260730,DEVELOPMENT,Legante,260730
241,"3,5-diamino-4,4'-bipyrazole",Bipyrazole,Co,Co(NO3)2·6H2O,DMF/H2O,Nessuno,160,100,0.1827,0.1029,1.7755102,Solvothermal,1,,numeric_decimal_standardized;salt_hydrate_separator_standardized;temperature_numeric_standardized;time_numeric_standardized,,0,INCLUDED,,missing_optional_numeric:Volume solvente,MOF_GROUPED_LIGAND_SPLIT_v6.0_seed260730,DEVELOPMENT,Legante,260730
243,"3,5-diamino-4,4'-bipyrazole",Bipyrazole,Co,Co(NO3)2·6H2O,DMF/H2O,Nessuno,160,24,1.2,0.6,2,Solvothermal,1,,numeric_decimal_standardized;salt_hydrate_separator_standardized;temperature_numeric_standardized;time_numeric_standardized,,0,INCLUDED,,missing_optional_numeric:Volume solvente,MOF_GROUPED_LIGAND_SPLIT_v6.0_seed260730,DEVELOPMENT,Legante,260730
244,"3,5-diamino-4,4'-bipyrazole",Bipyrazole,Co,Co(NO3)2·6H2O,DMF,Nessuno,160,24,0.2,0.4,0.5,Solvothermal,1,,salt_hydrate_separator_standardized;temperature_numeric_standardized;time_numeric_standardized,,0,INCLUDED,,missing_optional_numeric:Volume solvente,MOF_GROUPED_LIGAND_SPLIT_v6.0_seed260730,DEVELOPMENT,Legante,260730
245,"3,5-diamino-4,4'-bipyrazole",Bipyrazole,Co,Co(OAc)2·4H2O,Non specificato,Nessuno,120,60,0.25,0.4,0.625,Solvothermal,1,,salt_hydrate_separator_standardized;temperature_numeric_standardized;time_numeric_standardized,,0,INCLUDED,,missing_optional_numeric:Volume solvente,MOF_GROUPED_LIGAND_SPLIT_v6.0_seed260730,DEVELOPMENT,Legante,260730
246,"3,5-diamino-4,4'-bipyrazole",Bipyrazole,Cu,Cu(OAc)2·H2O,DMF,Nessuno,120,24,0.2,0.2,1,Solvothermal,1,,numeric_decimal_standardized;salt_hydrate_separator_standardized;temperature_numeric_standardized;time_numeric_standardized;exact_duplicate_candidate,DUP_013,0,INCLUDED,,duplicate_representative_retained;missing_optional_numeric:Volume solvente,MOF_GROUPED_LIGAND_SPLIT_v6.0_seed260730,DEVELOPMENT,Legante,260730
247,"3,5-diamino-4,4'-bipyrazole",Bipyrazole,Cu,Cu(OAc)2·H2O,ButOH,Nessuno,130,48,0.2,0.2,1,Solvothermal,1,,numeric_decimal_standardized;salt_hydrate_separator_standardized;temperature_numeric_standardized;time_numeric_standardized,,0,INCLUDED,,missing_optional_numeric:Volume solvente,MOF_GROUPED_LIGAND_SPLIT_v6.0_seed260730,DEVELOPMENT,Legante,260730
248,"3,5-diamino-4,4'-bipyrazole",Bipyrazole,Cu,Cu(OAc)2·H2O,ButOH,Nessuno,110,72,0.2,0.2,1,Solvothermal,1,,numeric_decimal_standardized;salt_hydrate_separator_standardized;temperature_numeric_standardized;time_numeric_standardized,,0,INCLUDED,,missing_optional_numeric:Volume solvente,MOF_GROUPED_LIGAND_SPLIT_v6.0_seed260730,DEVELOPMENT,Legante,260730
249,"3,5-diamino-4,4'-bipyrazole",Bipyrazole,Cu,Cu(OAc)2·H2O,DMF,Nessuno,120,3,0.5,0.5,1,Solvothermal,1,,numeric_decimal_standardized;salt_hydrate_separator_standardized;temperature_numeric_standardized;time_numeric_standardized,,0,INCLUDED,,missing_optional_numeric:Volume solvente,MOF_GROUPED_LIGAND_SPLIT_v6.0_seed260730,DEVELOPMENT,Legante,260730
251,"3,5-diamino-4,4'-bipyrazole",Bipyrazole,Cu,Cu(OAc)2·H2O,EtOH,Nessuno,70,72,0.2,0.2,1,Solvothermal,1,,numeric_decimal_standardized;salt_hydrate_separator_standardized;temperature_numeric_standardized;time_numeric_standardized,,0,INCLUDED,,missing_optional_numeric:Volume solvente,MOF_GROUPED_LIGAND_SPLIT_v6.0_seed260730,DEVELOPMENT,Legante,260730
252,"3,5-diamino-4,4'-bipyrazole",Bipyrazole,Cu,Cu(OAc)2·H2O,DMF,Nessuno,80,3,0.5,0.5,1,Solvothermal,1,,numeric_decimal_standardized;salt_hydrate_separator_standardized;temperature_numeric_standardized;time_numeric_standardized,,0,INCLUDED,,missing_optional_numeric:Volume solvente,MOF_GROUPED_LIGAND_SPLIT_v6.0_seed260730,DEVELOPMENT,Legante,260730
253,"3,5-diamino-4,4'-bipyrazole",Bipyrazole,Cu,Cu(OAc)2·H2O,NH3 30%,Nessuno,110,24,0.2,0.5,0.4,Solvothermal,1,,salt_hydrate_separator_standardized;temperature_numeric_standardized;time_numeric_standardized,,0,INCLUDED,,missing_optional_numeric:Volume solvente,MOF_GROUPED_LIGAND_SPLIT_v6.0_seed260730,DEVELOPMENT,Legante,260730
254,"3,5-diamino-4,4'-bipyrazole",Bipyrazole,Cu,Cu(NO3)2·3H2O,Non specificato,Nessuno,110,24,0.2,0.2,1,Solvothermal,1,,numeric_decimal_standardized;salt_hydrate_separator_standardized;temperature_numeric_standardized;time_numeric_standardized,,0,INCLUDED,,missing_optional_numeric:Volume solvente,MOF_GROUPED_LIGAND_SPLIT_v6.0_seed260730,DEVELOPMENT,Legante,260730
255,"3,5-diamino-4,4'-bipyrazole",Bipyrazole,Cu,Cu(OAc)2·H2O,DMF,Nessuno,110,48,0.2,0.2,1,Solvothermal,1,,numeric_decimal_standardized;salt_hydrate_separator_standardized;temperature_numeric_standardized;time_numeric_standardized,,0,INCLUDED,,missing_optional_numeric:Volume solvente,MOF_GROUPED_LIGAND_SPLIT_v6.0_seed260730,DEVELOPMENT,Legante,260730
256,"3,5-diamino-4,4'-bipyrazole",Bipyrazole,Cu,Cu(OAc)2·H2O,DMF/H2O,Nessuno,120,24,0.2,0.2,1,Solvothermal,1,,numeric_decimal_standardized;salt_hydrate_separator_standardized;temperature_numeric_standardized;time_numeric_standardized,,0,INCLUDED,,missing_optional_numeric:Volume solvente,MOF_GROUPED_LIGAND_SPLIT_v6.0_seed260730,DEVELOPMENT,Legante,260730
257,"3,5-diamino-4,4'-bipyrazole",Bipyrazole,Cu,Cu(NO3)2·3H2O,DMF/H2O,Nessuno,160,24,0.1218,0.0687,1.77292576,Solvothermal,1,,numeric_decimal_standardized;salt_hydrate_separator_standardized;temperature_numeric_standardized;time_numeric_standardized,,0,INCLUDED,,missing_optional_numeric:Volume solvente,MOF_GROUPED_LIGAND_SPLIT_v6.0_seed260730,DEVELOPMENT,Legante,260730
258,"3,5-diamino-4,4'-bipyrazole",Bipyrazole,Cu,Cu(OAc)2·H2O,DMF/H2O,Nessuno,160,24,0.1218,0.0687,1.77292576,Solvothermal,1,,numeric_decimal_standardized;salt_hydrate_separator_standardized;temperature_numeric_standardized;time_numeric_standardized,,0,INCLUDED,,missing_optional_numeric:Volume solvente,MOF_GROUPED_LIGAND_SPLIT_v6.0_seed260730,DEVELOPMENT,Legante,260730
259,"3,5-diamino-4,4'-bipyrazole",Bipyrazole,Cu,Cu(NO3)2·3H2O,DMF/H2O,Nessuno,160,24,0.24,0.13,1.84615385,Solvothermal,1,,numeric_decimal_standardized;salt_hydrate_separator_standardized;temperature_numeric_standardized;time_numeric_standardized,,0,INCLUDED,,missing_optional_numeric:Volume solvente,MOF_GROUPED_LIGAND_SPLIT_v6.0_seed260730,DEVELOPMENT,Legante,260730
260,"3,5-diamino-4,4'-bipyrazole",Bipyrazole,Cu,Cu(OAc)2·H2O,DMF/H2O,Nessuno,100,72,0.24,0.24,1,Solvothermal,1,,numeric_decimal_standardized;salt_hydrate_separator_standardized;temperature_numeric_standardized;time_numeric_standardized,,0,INCLUDED,,missing_optional_numeric:Volume solvente,MOF_GROUPED_LIGAND_SPLIT_v6.0_seed260730,DEVELOPMENT,Legante,260730
261,"3,5-diamino-4,4'-bipyrazole",Bipyrazole,Cu,Cu(NO3)2·3H2O,DMF/H2O,Nessuno,100,72,0.24,0.24,1,Solvothermal,1,,numeric_decimal_standardized;salt_hydrate_separator_standardized;temperature_numeric_standardized;time_numeric_standardized,,0,INCLUDED,,missing_optional_numeric:Volume solvente,MOF_GROUPED_LIGAND_SPLIT_v6.0_seed260730,DEVELOPMENT,Legante,260730
262,"3,5-diamino-4,4'-bipyrazole",Bipyrazole,Fe,Fe(NO3)3·9H2O,DMF,Nessuno,120,24,0.2,0.1,2,Solvothermal,1,,numeric_decimal_standardized;salt_hydrate_separator_standardized;temperature_numeric_standardized;time_numeric_standardized,,0,INCLUDED,,missing_optional_numeric:Volume solvente,MOF_GROUPED_LIGAND_SPLIT_v6.0_seed260730,DEVELOPMENT,Legante,260730
263,"3,5-diamino-4,4'-bipyrazole",Bipyrazole,Fe,FeCl3,DMF,Nessuno,120,24,0.2,0.1,2,Solvothermal,1,,numeric_decimal_standardized;temperature_numeric_standardized;time_numeric_standardized,,0,INCLUDED,,missing_optional_numeric:Volume solvente,MOF_GROUPED_LIGAND_SPLIT_v6.0_seed260730,DEVELOPMENT,Legante,260730
264,"3,5-diamino-4,4'-bipyrazole",Bipyrazole,Mn,MnCl2·4H2O,Non specificato,Nessuno,100,24,0.2,0.2,1,Solvothermal,1,,numeric_decimal_standardized;salt_hydrate_separator_standardized;temperature_numeric_standardized;time_numeric_standardized,,0,INCLUDED,,missing_optional_numeric:Volume solvente,MOF_GROUPED_LIGAND_SPLIT_v6.0_seed260730,DEVELOPMENT,Legante,260730
265,"3,5-diamino-4,4'-bipyrazole",Bipyrazole,Ni,Ni(OAc)2·4H2O,ButOH,Nessuno,130,48,0.2,0.2,1,Solvothermal,1,,numeric_decimal_standardized;salt_hydrate_separator_standardized;temperature_numeric_standardized;time_numeric_standardized,,0,INCLUDED,,missing_optional_numeric:Volume solvente,MOF_GROUPED_LIGAND_SPLIT_v6.0_seed260730,DEVELOPMENT,Legante,260730
266,"3,5-diamino-4,4'-bipyrazole",Bipyrazole,Ni,Ni(OAc)2·4H2O,ButOH,Nessuno,110,72,0.2,0.2,1,Solvothermal,1,,numeric_decimal_standardized;salt_hydrate_separator_standardized;temperature_numeric_standardized;time_numeric_standardized,,0,INCLUDED,,missing_optional_numeric:Volume solvente,MOF_GROUPED_LIGAND_SPLIT_v6.0_seed260730,DEVELOPMENT,Legante,260730
267,"3,5-diamino-4,4'-bipyrazole",Bipyrazole,Ni,Ni(OAc)2·4H2O,DMF,Nessuno,120,3,0.5,0.5,1,Solvothermal,1,,numeric_decimal_standardized;salt_hydrate_separator_standardized;temperature_numeric_standardized;time_numeric_standardized,,0,INCLUDED,,missing_optional_numeric:Volume solvente,MOF_GROUPED_LIGAND_SPLIT_v6.0_seed260730,DEVELOPMENT,Legante,260730
268,"3,5-diamino-4,4'-bipyrazole",Bipyrazole,Ni,Ni(OAc)2·4H2O,DMF,Nessuno,120,24,0.2,0.2,1,Solvothermal,1,,numeric_decimal_standardized;salt_hydrate_separator_standardized;temperature_numeric_standardized;time_numeric_standardized;exact_duplicate_candidate,DUP_014,0,INCLUDED,,duplicate_representative_retained;missing_optional_numeric:Volume solvente,MOF_GROUPED_LIGAND_SPLIT_v6.0_seed260730,DEVELOPMENT,Legante,260730
270,"3,5-diamino-4,4'-bipyrazole",Bipyrazole,Ni,Ni(OAc)2·4H2O,EtOH,Nessuno,70,72,0.2,0.2,1,Solvothermal,1,,numeric_decimal_standardized;salt_hydrate_separator_standardized;temperature_numeric_standardized;time_numeric_standardized,,0,INCLUDED,,missing_optional_numeric:Volume solvente,MOF_GROUPED_LIGAND_SPLIT_v6.0_seed260730,DEVELOPMENT,Legante,260730
271,"3,5-diamino-4,4'-bipyrazole",Bipyrazole,Ni,Ni(NO3)2·6H2O,Mesitilene,Nessuno,120,24,0.2,0.2,1,Solvothermal,1,,numeric_decimal_standardized;salt_hydrate_separator_standardized;temperature_numeric_standardized;time_numeric_standardized,,0,INCLUDED,,missing_optional_numeric:Volume solvente,MOF_GROUPED_LIGAND_SPLIT_v6.0_seed260730,DEVELOPMENT,Legante,260730
272,"3,5-diamino-4,4'-bipyrazole",Bipyrazole,Ni,Ni(NO3)2·6H2O,DMF,Nessuno,160,24,0.2,0.2,1,Solvothermal,1,,numeric_decimal_standardized;salt_hydrate_separator_standardized;temperature_numeric_standardized;time_numeric_standardized,,0,INCLUDED,,missing_optional_numeric:Volume solvente,MOF_GROUPED_LIGAND_SPLIT_v6.0_seed260730,DEVELOPMENT,Legante,260730
273,"3,5-diamino-4,4'-bipyrazole",Bipyrazole,Ni,Ni(NO3)2·6H2O,DMF,Nessuno,120,24,0.2,0.2,1,Solvothermal,1,,numeric_decimal_standardized;salt_hydrate_separator_standardized;temperature_numeric_standardized;time_numeric_standardized,,0,INCLUDED,,missing_optional_numeric:Volume solvente,MOF_GROUPED_LIGAND_SPLIT_v6.0_seed260730,DEVELOPMENT,Legante,260730
274,"3,5-diamino-4,4'-bipyrazole",Bipyrazole,Ni,Ni(NO3)2·6H2O,DMF,Nessuno,65,96,0.2,0.2,1,Solvothermal,1,,numeric_decimal_standardized;salt_hydrate_separator_standardized;temperature_numeric_standardized;time_numeric_standardized,,0,INCLUDED,,missing_optional_numeric:Volume solvente,MOF_GROUPED_LIGAND_SPLIT_v6.0_seed260730,DEVELOPMENT,Legante,260730
275,"3,5-diamino-4,4'-bipyrazole",Bipyrazole,Ni,Ni(OAc)2·4H2O,DMF,Nessuno,110,48,0.2,0.2,1,Solvothermal,1,,numeric_decimal_standardized;salt_hydrate_separator_standardized;temperature_numeric_standardized;time_numeric_standardized,,0,INCLUDED,,missing_optional_numeric:Volume solvente,MOF_GROUPED_LIGAND_SPLIT_v6.0_seed260730,DEVELOPMENT,Legante,260730
276,"3,5-diamino-4,4'-bipyrazole",Bipyrazole,Ni,Ni(OAc)2·4H2O,DMF/H2O,Nessuno,120,24,0.2,0.2,1,Solvothermal,1,,numeric_decimal_standardized;salt_hydrate_separator_standardized;temperature_numeric_standardized;time_numeric_standardized,,0,INCLUDED,,missing_optional_numeric:Volume solvente,MOF_GROUPED_LIGAND_SPLIT_v6.0_seed260730,DEVELOPMENT,Legante,260730
277,"3,5-diamino-4,4'-bipyrazole",Bipyrazole,Ni,Ni(NO3)2·6H2O,DMF/H2O,Nessuno,160,24,0.24,0.13,1.84615385,Solvothermal,1,,numeric_decimal_standardized;salt_hydrate_separator_standardized;temperature_numeric_standardized;time_numeric_standardized,,0,INCLUDED,,missing_optional_numeric:Volume solvente,MOF_GROUPED_LIGAND_SPLIT_v6.0_seed260730,DEVELOPMENT,Legante,260730
278,"3,5-diamino-4,4'-bipyrazole",Bipyrazole,Ni,Ni(OAc)2·4H2O,DMF,Nessuno,140,24,0.2,0.2,1,Solvothermal,1,,numeric_decimal_standardized;salt_hydrate_separator_standardized;temperature_numeric_standardized;time_numeric_standardized,,0,INCLUDED,,missing_optional_numeric:Volume solvente,MOF_GROUPED_LIGAND_SPLIT_v6.0_seed260730,DEVELOPMENT,Legante,260730
279,"3,5-diamino-4,4'-bipyrazole",Bipyrazole,Ni,Ni(OAc)2·4H2O,DMF,Nessuno,120,72,0.2,0.2,1,Solvothermal,1,,numeric_decimal_standardized;salt_hydrate_separator_standardized;temperature_numeric_standardized;time_numeric_standardized,,0,INCLUDED,,missing_optional_numeric:Volume solvente,MOF_GROUPED_LIGAND_SPLIT_v6.0_seed260730,DEVELOPMENT,Legante,260730
280,"3,5-diamino-4,4'-bipyrazole",Bipyrazole,Ni,Ni(NO3)2·6H2O,DMF,Nessuno,85,72,0.2,0.2,1,Solvothermal,1,,numeric_decimal_standardized;salt_hydrate_separator_standardized;temperature_numeric_standardized;time_numeric_standardized,,0,INCLUDED,,missing_optional_numeric:Volume solvente,MOF_GROUPED_LIGAND_SPLIT_v6.0_seed260730,DEVELOPMENT,Legante,260730
281,"3,5-diamino-4,4'-bipyrazole",Bipyrazole,Zn,Zn(NO3)2·6H2O,DMF/H2O,Nessuno,160,24,0.24,0.13,1.84615385,Solvothermal,1,,numeric_decimal_standardized;salt_hydrate_separator_standardized;temperature_numeric_standardized;time_numeric_standardized,,0,INCLUDED,,missing_optional_numeric:Volume solvente,MOF_GROUPED_LIGAND_SPLIT_v6.0_seed260730,DEVELOPMENT,Legante,260730
282,"3,5-diamino-4,4'-bipyrazole",Bipyrazole,Zn,Zn(OAc)2·2H2O,DMF/H2O,Nessuno,160,72,0.2,0.2,1,Solvothermal,1,,numeric_decimal_standardized;salt_hydrate_separator_standardized;temperature_numeric_standardized;time_numeric_standardized,,0,INCLUDED,,missing_optional_numeric:Volume solvente,MOF_GROUPED_LIGAND_SPLIT_v6.0_seed260730,DEVELOPMENT,Legante,260730
283,"3,5-diamino-4,4'-bipyrazole",Bipyrazole,Zn,Zn(NO3)2·6H2O,DMF/H2O,Nessuno,160,72,0.2,0.2,1,Solvothermal,1,,numeric_decimal_standardized;salt_hydrate_separator_standardized;temperature_numeric_standardized;time_numeric_standardized,,0,INCLUDED,,missing_optional_numeric:Volume solvente,MOF_GROUPED_LIGAND_SPLIT_v6.0_seed260730,DEVELOPMENT,Legante,260730
284,"3,5-DiMePz-4-COOH",Pyrazole carbossilati,Cu,Cu(OAc)2·H2O,H2O,Nessuno,120,48,0.2,0.1,2,Solvothermal,2,,numeric_decimal_standardized;salt_hydrate_separator_standardized;temperature_numeric_standardized;time_numeric_standardized,,0,INCLUDED,,missing_optional_numeric:Volume solvente,MOF_GROUPED_LIGAND_SPLIT_v6.0_seed260730,DEVELOPMENT,Legante,260730
285,"3,5-DiMePz-4-COOH",Pyrazole carbossilati,Cu,Cu(OAc)2·H2O,H2O,Nessuno,120,72,1,0.5,2,Solvothermal,1,,numeric_decimal_standardized;salt_hydrate_separator_standardized;temperature_numeric_standardized;time_numeric_standardized,,0,INCLUDED,,missing_optional_numeric:Volume solvente,MOF_GROUPED_LIGAND_SPLIT_v6.0_seed260730,DEVELOPMENT,Legante,260730
286,"3,5-DiMePz-4-COOH",Pyrazole carbossilati,Cu,Cu(OAc)2·H2O,EtOH,Nessuno,120,48,0.2,0.1,2,Solvothermal,2,,numeric_decimal_standardized;salt_hydrate_separator_standardized;temperature_numeric_standardized;time_numeric_standardized,,0,INCLUDED,,missing_optional_numeric:Volume solvente,MOF_GROUPED_LIGAND_SPLIT_v6.0_seed260730,DEVELOPMENT,Legante,260730
287,"3,5-DiMePz-4-COOH",Pyrazole carbossilati,Zn,Zn(OAc)2·2H2O,H2O,Nessuno,120,48,0.2,0.1,2,Solvothermal,1,,numeric_decimal_standardized;salt_hydrate_separator_standardized;temperature_numeric_standardized;time_numeric_standardized,,0,INCLUDED,,missing_optional_numeric:Volume solvente,MOF_GROUPED_LIGAND_SPLIT_v6.0_seed260730,DEVELOPMENT,Legante,260730
288,"3,5-DiMePz-4-COOH",Pyrazole carbossilati,Zn,Zn(OAc)2·2H2O,EtOH,Nessuno,120,48,0.2,0.1,2,Solvothermal,2,,numeric_decimal_standardized;salt_hydrate_separator_standardized;temperature_numeric_standardized;time_numeric_standardized,,0,INCLUDED,,missing_optional_numeric:Volume solvente,MOF_GROUPED_LIGAND_SPLIT_v6.0_seed260730,DEVELOPMENT,Legante,260730
289,"3,5-DiMePz-4-COOH",Pyrazole carbossilati,Zn,Zn(OAc)2·2H2O,EtOH,Nessuno,120,72,1,0.5,2,Solvothermal,1,,numeric_decimal_standardized;salt_hydrate_separator_standardized;temperature_numeric_standardized;time_numeric_standardized,,0,INCLUDED,,missing_optional_numeric:Volume solvente,MOF_GROUPED_LIGAND_SPLIT_v6.0_seed260730,DEVELOPMENT,Legante,260730
290,"3,5-DiMePz-4-COOH",Pyrazole carbossilati,Zr,ZrCl4,MeOH,Nessuno,110,72,0.15,0.15,1,Solvothermal,1,,numeric_decimal_standardized;temperature_numeric_standardized;time_numeric_standardized,,0,INCLUDED,,missing_optional_numeric:Volume solvente,MOF_GROUPED_LIGAND_SPLIT_v6.0_seed260730,DEVELOPMENT,Legante,260730
291,"3,5-DiMePz-4-COOH",Pyrazole carbossilati,Zr,ZrCl4,MeOH,Nessuno,110,94,0.3,0.3,1,Solvothermal,1,,numeric_decimal_standardized;temperature_numeric_standardized;time_numeric_standardized,,0,INCLUDED,,missing_optional_numeric:Volume solvente,MOF_GROUPED_LIGAND_SPLIT_v6.0_seed260730,DEVELOPMENT,Legante,260730
292,"3,5-DiMePz-4-COOH",Pyrazole carbossilati,Zr,ZrCl4,MeOH,Nessuno,100,24,0.3,0.3,1,Solvothermal,1,,numeric_decimal_standardized;temperature_numeric_standardized;time_numeric_standardized,,0,INCLUDED,,missing_optional_numeric:Volume solvente,MOF_GROUPED_LIGAND_SPLIT_v6.0_seed260730,DEVELOPMENT,Legante,260730
293,"3,5-DiMePz-4-COOH",Pyrazole carbossilati,Zr,ZrCl4,MeOH,Nessuno,110,24,0.15,0.15,1,Solvothermal,1,,numeric_decimal_standardized;temperature_numeric_standardized;time_numeric_standardized,,0,INCLUDED,,missing_optional_numeric:Volume solvente,MOF_GROUPED_LIGAND_SPLIT_v6.0_seed260730,DEVELOPMENT,Legante,260730
294,"3,5-DiMePz-4-COOH",Pyrazole carbossilati,Zr,ZrCl4,MeOH,Nessuno,110,48,0.15,0.15,1,Solvothermal,1,,numeric_decimal_standardized;temperature_numeric_standardized;time_numeric_standardized,,0,INCLUDED,,missing_optional_numeric:Volume solvente,MOF_GROUPED_LIGAND_SPLIT_v6.0_seed260730,DEVELOPMENT,Legante,260730
295,"3,5-DiMePz-4-COOH",Pyrazole carbossilati,Zr,Zr(OCH3)4,MeOH,Nessuno,120,30,0.25,0.4,0.625,Solvothermal,1,,solvent_canonicalized;temperature_numeric_standardized;time_numeric_standardized,,0,INCLUDED,,missing_optional_numeric:Volume solvente,MOF_GROUPED_LIGAND_SPLIT_v6.0_seed260730,DEVELOPMENT,Legante,260730
296,"3,5-DiMePz-4-COOH",Pyrazole carbossilati,Zr,Zr(OCH3)4,MeOH,Nessuno,120,2,0.2,0.1,2,Solvothermal,1,,numeric_decimal_standardized;temperature_numeric_standardized;time_numeric_standardized,,0,INCLUDED,,missing_optional_numeric:Volume solvente,MOF_GROUPED_LIGAND_SPLIT_v6.0_seed260730,DEVELOPMENT,Legante,260730
297,"3,5-DiMePz-4-COOH",Pyrazole carbossilati,Zr,ZrCl4,H2O,Nessuno,120,72,1,0.5,2,Solvothermal,1,,numeric_decimal_standardized;temperature_numeric_standardized;time_numeric_standardized,,0,INCLUDED,,missing_optional_numeric:Volume solvente,MOF_GROUPED_LIGAND_SPLIT_v6.0_seed260730,DEVELOPMENT,Legante,260730
298,"4-Amino-4H-1,2,4-triazole",Triazole,Cu,Cu(OAc)2·H2O,EtOH,Nessuno,120,24,1,2,0.5,Solvothermal,1,,numeric_decimal_standardized;salt_hydrate_separator_standardized;temperature_numeric_standardized;time_numeric_standardized,,0,INCLUDED,,missing_optional_numeric:Volume solvente,MOF_GROUPED_LIGAND_SPLIT_v6.0_seed260730,DEVELOPMENT,Legante,260730
299,"4-Amino-4H-1,2,4-triazole",Triazole,Cu,Cu(OAc)2·H2O,DMF,Nessuno,130,48,0.5,0.5,1,Solvothermal,1,,numeric_decimal_standardized;salt_hydrate_separator_standardized;temperature_numeric_standardized;time_numeric_standardized,,0,INCLUDED,,missing_optional_numeric:Volume solvente,MOF_GROUPED_LIGAND_SPLIT_v6.0_seed260730,DEVELOPMENT,Legante,260730
300,"4-Amino-4H-1,2,4-triazole",Triazole,Cu,Cu(OAc)2·H2O,DMF,Nessuno,120,48,0.5,1,0.5,Solvothermal,1,,numeric_decimal_standardized;salt_hydrate_separator_standardized;temperature_numeric_standardized;time_numeric_standardized,,0,INCLUDED,,missing_optional_numeric:Volume solvente,MOF_GROUPED_LIGAND_SPLIT_v6.0_seed260730,DEVELOPMENT,Legante,260730
301,"4-Amino-4H-1,2,4-triazole",Triazole,Cu,Cu(OAc)2·H2O,EtOH,Nessuno,70,72,1,2,0.5,Solvothermal,1,,numeric_decimal_standardized;salt_hydrate_separator_standardized;temperature_numeric_standardized;time_numeric_standardized,,0,INCLUDED,,missing_optional_numeric:Volume solvente,MOF_GROUPED_LIGAND_SPLIT_v6.0_seed260730,DEVELOPMENT,Legante,260730
302,"4-Amino-4H-1,2,4-triazole",Triazole,Zn,Zn(OAc)2·2H2O,EtOH,Nessuno,120,24,1,1,1,Solvothermal,1,,numeric_decimal_standardized;salt_hydrate_separator_standardized;temperature_numeric_standardized;time_numeric_standardized,,0,INCLUDED,,missing_optional_numeric:Volume solvente,MOF_GROUPED_LIGAND_SPLIT_v6.0_seed260730,DEVELOPMENT,Legante,260730
303,"4-Amino-4H-1,2,4-triazole",Triazole,Zn,Zn(NO3)2·6H2O,DMF,BTC,160,75,0.5,0.5,1,Solvothermal,1,,numeric_decimal_standardized;salt_hydrate_separator_standardized;temperature_numeric_standardized;time_numeric_standardized,,0,INCLUDED,,missing_optional_numeric:Volume solvente,MOF_GROUPED_LIGAND_SPLIT_v6.0_seed260730,DEVELOPMENT,Legante,260730
304,"4-Amino-4H-1,2,4-triazole",Triazole,Zn,Zn(NO3)2·6H2O,DMF,Nessuno,160,75,0.5,0.5,1,Solvothermal,1,,numeric_decimal_standardized;salt_hydrate_separator_standardized;temperature_numeric_standardized;time_numeric_standardized,,0,INCLUDED,,missing_optional_numeric:Volume solvente,MOF_GROUPED_LIGAND_SPLIT_v6.0_seed260730,DEVELOPMENT,Legante,260730
305,"4-Amino-4H-1,2,4-triazole",Triazole,Zn,Zn(NO3)2·6H2O,DMF,Nessuno,120,48,0.5,0.5,1,Solvothermal,1,,numeric_decimal_standardized;salt_hydrate_separator_standardized;temperature_numeric_standardized;time_numeric_standardized,,0,INCLUDED,,missing_optional_numeric:Volume solvente,MOF_GROUPED_LIGAND_SPLIT_v6.0_seed260730,DEVELOPMENT,Legante,260730
306,"4-Amino-4H-1,2,4-triazole",Triazole,Zn,Zn(OAc)2·2H2O,EtOH,Nessuno,70,72,1,2,0.5,Solvothermal,1,,numeric_decimal_standardized;salt_hydrate_separator_standardized;temperature_numeric_standardized;time_numeric_standardized,,0,INCLUDED,,missing_optional_numeric:Volume solvente,MOF_GROUPED_LIGAND_SPLIT_v6.0_seed260730,DEVELOPMENT,Legante,260730
307,5-MePz-4-COOH,Pyrazole carbossilati,Zn,Zn(NO3)2·6H2O,DMF,Nessuno,120,24,0.2,0.2,1,Solvothermal,1,,numeric_decimal_standardized;salt_hydrate_separator_standardized;temperature_numeric_standardized;time_numeric_standardized,,0,INCLUDED,,missing_optional_numeric:Volume solvente,MOF_GROUPED_LIGAND_SPLIT_v6.0_seed260730,DEVELOPMENT,Legante,260730
308,5-MePz-4-COOH,Pyrazole carbossilati,Zr,ZrCl4,DMF,Nessuno,120,24,0.2,0.2,1,Solvothermal,1,,numeric_decimal_standardized;temperature_numeric_standardized;time_numeric_standardized,,0,INCLUDED,,missing_optional_numeric:Volume solvente,MOF_GROUPED_LIGAND_SPLIT_v6.0_seed260730,DEVELOPMENT,Legante,260730
309,5-MePz-4-COOH,Pyrazole carbossilati,Zr,ZrCl4,DMF,Acido benzoico,120,24,0.15,0.15,1,Solvothermal,1,,additive_canonicalized;numeric_decimal_standardized;temperature_numeric_standardized;time_numeric_standardized,,0,INCLUDED,,missing_optional_numeric:Volume solvente,MOF_GROUPED_LIGAND_SPLIT_v6.0_seed260730,DEVELOPMENT,Legante,260730
310,5-MePz-4-COOH,Pyrazole carbossilati,Zr,ZrCl4,DMF,HCl 37%,120,72,0.15,0.15,1,Solvothermal,1,,numeric_decimal_standardized;temperature_numeric_standardized;time_numeric_standardized,,0,INCLUDED,,missing_optional_numeric:Volume solvente,MOF_GROUPED_LIGAND_SPLIT_v6.0_seed260730,DEVELOPMENT,Legante,260730
324,Et4BPz,Bipyrazole,Ag,AgNO3,MeOH,Nessuno,120,48,0.2,0.2,1,Solvothermal,1,,numeric_decimal_standardized;temperature_numeric_standardized;time_numeric_standardized,,0,INCLUDED,,missing_optional_numeric:Volume solvente,MOF_GROUPED_LIGAND_SPLIT_v6.0_seed260730,DEVELOPMENT,Legante,260730
325,Et4BPz,Bipyrazole,Ag,AgPF6,MeOH,Nessuno,120,48,0.2,0.2,1,Solvothermal,1,,numeric_decimal_standardized;temperature_numeric_standardized;time_numeric_standardized,,0,INCLUDED,,missing_optional_numeric:Volume solvente,MOF_GROUPED_LIGAND_SPLIT_v6.0_seed260730,DEVELOPMENT,Legante,260730
326,Et4BPz,Bipyrazole,Cd,Cd(NO3)2·4H2O,DMF,Nessuno,140,48,0.6,0.6,1,Solvothermal,1,,numeric_decimal_standardized;salt_hydrate_separator_standardized;temperature_numeric_standardized;time_numeric_standardized,,0,INCLUDED,,missing_optional_numeric:Volume solvente,MOF_GROUPED_LIGAND_SPLIT_v6.0_seed260730,DEVELOPMENT,Legante,260730
327,Et4BPz,Bipyrazole,Ni,Ni(NO3)2·6H2O,DMF/H2O,Nessuno,160,72,0.2,0.1,2,Solvothermal,1,,numeric_decimal_standardized;salt_hydrate_separator_standardized;temperature_numeric_standardized;time_numeric_standardized,,0,INCLUDED,,missing_optional_numeric:Volume solvente,MOF_GROUPED_LIGAND_SPLIT_v6.0_seed260730,DEVELOPMENT,Legante,260730
328,Et4BPz,Bipyrazole,Ni,Ni(OAc)2·4H2O,DMA,Nessuno,150,24,0.2,0.2,1,Solvothermal,1,,numeric_decimal_standardized;salt_hydrate_separator_standardized;temperature_numeric_standardized;time_numeric_standardized,,0,INCLUDED,,missing_optional_numeric:Volume solvente,MOF_GROUPED_LIGAND_SPLIT_v6.0_seed260730,DEVELOPMENT,Legante,260730
329,Et4BPz,Bipyrazole,Ni,Ni(NO3)2·6H2O,MeOH,Nessuno,140,48,0.2,0.2,1,Solvothermal,1,,numeric_decimal_standardized;salt_hydrate_separator_standardized;temperature_numeric_standardized;time_numeric_standardized,,0,INCLUDED,,missing_optional_numeric:Volume solvente,MOF_GROUPED_LIGAND_SPLIT_v6.0_seed260730,DEVELOPMENT,Legante,260730
330,Et4BPz,Bipyrazole,Zn,Zn(OAc)2·2H2O,DMF/H2O,Nessuno,140,72,0.2,0.1,2,Solvothermal,1,,numeric_decimal_standardized;salt_hydrate_separator_standardized;temperature_numeric_standardized;time_numeric_standardized,,0,INCLUDED,,missing_optional_numeric:Volume solvente,MOF_GROUPED_LIGAND_SPLIT_v6.0_seed260730,DEVELOPMENT,Legante,260730
331,H2Me2BDP,Altro,Ag,AgPF6,MeOH,Nessuno,120,48,0.2,0.2,1,Solvothermal,1,,numeric_decimal_standardized;temperature_numeric_standardized;time_numeric_standardized,,0,INCLUDED,,missing_optional_numeric:Volume solvente,MOF_GROUPED_LIGAND_SPLIT_v6.0_seed260730,DEVELOPMENT,Legante,260730
336,"PzDC / 1H-3,5-dicarboxylic",Pyrazole carbossilati,Zr,ZrCl4,DMF/MeOH,Nessuno,120,48,0.1,0.1,1,Solvothermal,1,,numeric_decimal_standardized;temperature_numeric_standardized;time_numeric_standardized,,0,INCLUDED,,missing_optional_numeric:Volume solvente,MOF_GROUPED_LIGAND_SPLIT_v6.0_seed260730,DEVELOPMENT,Legante,260730
337,"PzDC / 1H-3,5-dicarboxylic",Pyrazole carbossilati,Zr,ZrCl4,H2O,Nessuno,120,48,0.1,0.1,1,Solvothermal,1,,numeric_decimal_standardized;temperature_numeric_standardized;time_numeric_standardized,,0,INCLUDED,,missing_optional_numeric:Volume solvente,MOF_GROUPED_LIGAND_SPLIT_v6.0_seed260730,DEVELOPMENT,Legante,260730
338,"PzDC / 1H-3,5-dicarboxylic",Pyrazole carbossilati,Zr,ZrCl4,DMF/H2O,Nessuno,120,48,0.1,0.1,1,Solvothermal,1,,numeric_decimal_standardized;temperature_numeric_standardized;time_numeric_standardized,,0,INCLUDED,,missing_optional_numeric:Volume solvente,MOF_GROUPED_LIGAND_SPLIT_v6.0_seed260730,DEVELOPMENT,Legante,260730
339,"PzDC / 1H-3,5-dicarboxylic",Pyrazole carbossilati,Zr,ZrCl4,H2O,Nessuno,120,72,0.1,0.075,1.33333333,Solvothermal,1,,numeric_decimal_standardized;temperature_numeric_standardized;time_numeric_standardized,,0,INCLUDED,,missing_optional_numeric:Volume solvente,MOF_GROUPED_LIGAND_SPLIT_v6.0_seed260730,DEVELOPMENT,Legante,260730
340,"PzDC / 1H-3,5-dicarboxylic",Pyrazole carbossilati,Zr,ZrCl4,MeOH,Nessuno,120,72,0.25,0.4,0.625,Solvothermal,1,,temperature_numeric_standardized;time_numeric_standardized,,0,INCLUDED,,missing_optional_numeric:Volume solvente,MOF_GROUPED_LIGAND_SPLIT_v6.0_seed260730,DEVELOPMENT,Legante,260730
341,"3,3'-dinitro-4,4'-bipyrazole",Bipyrazole,Cd,Cd(NO3)2·4H2O,DMF,Trietilammina (TEA),150,72,0.1,0.1,1,Solvothermal,0,,additive_canonicalized;numeric_decimal_standardized;salt_hydrate_separator_standardized;temperature_numeric_standardized;time_numeric_standardized,,0,INCLUDED,,missing_optional_numeric:Volume solvente,MOF_GROUPED_LIGAND_SPLIT_v6.0_seed260730,DEVELOPMENT,Legante,260730
348,"3,5-diamino-4,4'-bipyrazole",Bipyrazole,Co,CoCl2+FeCl3,DMF,MeOH,130,16,0.1,0.1,1,Solvothermal,1,,numeric_decimal_standardized;temperature_numeric_standardized;time_numeric_standardized,,0,INCLUDED,,missing_optional_numeric:Volume solvente,MOF_GROUPED_LIGAND_SPLIT_v6.0_seed260730,DEVELOPMENT,Legante,260730
362,TpMe2Tl,Organometallica,Ru,[Ru(p-cymene)Cl2]2,CH2Cl2,Nessuno,120,3,0.1,0.05,2,"Sciolto prima il sale metallico all'interno della vial, una volta solubilizzato ho aggiunto il legante; lasciato in stirring per 3 ore e poi fatto evaporare lentamente il solvente fino a dimezzare il volume. Una volta dimezzato il volume ho aggiunto dietil etere circa 5 ml, ho notato la formazione di una piccola sospensione, quindi l'ho filtrato su filtro con mesh sottili(precipitato bianco-grigio). Le acque madri raccolte ed aspettato di dimezzare nuovamente il volume. Una volta evaporato tutto il solvente, nel residuo ho aggiunto Et2O e poi filtrato. Ora procedo a caratterizzare il precipitato ed aspetto che le acque madri evaporino.",1,,numeric_decimal_standardized;temperature_numeric_standardized;time_numeric_standardized,,0,INCLUDED,,missing_optional_numeric:Volume solvente,MOF_GROUPED_LIGAND_SPLIT_v6.0_seed260730,DEVELOPMENT,Legante,260730
369,Et4BPz,Organometallica - pirazoli,Ru,[Ru(p-cymene)Cl2]2,MeOH,Nessuno,120,4,0.1,0.1,1,"Solubilizzato il dimero del metallo in 10 ml di MeOH, una volta solulbilizzato ho aggiunto il legante e lasciato in stirring per 16 ore.",2,,numeric_decimal_standardized;temperature_numeric_standardized;time_numeric_standardized,,0,INCLUDED,,missing_optional_numeric:Volume solvente,MOF_GROUPED_LIGAND_SPLIT_v6.0_seed260730,DEVELOPMENT,Legante,260730
371,H2BPZNH2,Organometallica - pirazoli,Ru,[Ru(p-cymene)Cl2]2,MeOH,Nessuno,120,4,0.1,0.1,1,"Dopo 4 ore ancora nessuna cristallizzazione, evaporato un po di solvente e poi messo in frido appena raffreddato. Aggiunto eteredietilico, perchè non vi era avvenuta cristallizzazione.",2,,numeric_decimal_standardized;temperature_numeric_standardized;time_numeric_standardized,,0,INCLUDED,,missing_optional_numeric:Volume solvente,MOF_GROUPED_LIGAND_SPLIT_v6.0_seed260730,DEVELOPMENT,Legante,260730
372,"3,5-diamino-4,4'-bipyrazole",Organometallica - pirazoli,Ru,[Ru(p-cymene)Cl2]2,MeOH,Nessuno,120,4,0.16,0.16,1,"Ho pesato il dimero e sciolto in 10 ml di MeOH; una volta sulubilizzato ho aggiunto il legante e lasciato sotto agitazione per 4 ore. Una volta fatto evaporare completamente il solvente ho notato un precipitato rosso bruno, filtrato con dietil etere e mandato un HNMR comr Ru3. Il precipitato rimasto nella vial l'ho lavato con acetone d ulteriormente filtrato, ora mando anche questo all'HNMR come Ru3.lavato con acetone.",1,,ligand_typography_standardized;numeric_decimal_standardized;temperature_numeric_standardized;time_numeric_standardized,,0,INCLUDED,,missing_optional_numeric:Volume solvente,MOF_GROUPED_LIGAND_SPLIT_v6.0_seed260730,DEVELOPMENT,Legante,260730
374,FErrocenylPz,Organometallica,Non specificato,PdCl2·(CH3CN)2,MeOH,Nessuno,120,4,0.2,0.1,2,"Ho sciolto il palladio in 10 ml di metanolo in un pallone a due colli dove insufflavo argono. Dopo 15 minuti ho aggiunto il legante e lasciato insufflare argon per altri 10 minuti, poi cessato il flusso di argon ho messo il tappo. Subito dopo l'aggiunta del legante ho notato cambio di colore con intorbidimento della soluzione. Ho filtrato il precipitato e le acque madri le ho messe in una vial per far evaporare lentamente il solvente. Ilprecipitato era il legante, visto all'IR",2,,numeric_decimal_standardized;salt_hydrate_separator_standardized;temperature_numeric_standardized;time_numeric_standardized,,0,INCLUDED,,missing_optional_numeric:Volume solvente,MOF_GROUPED_LIGAND_SPLIT_v6.0_seed260730,DEVELOPMENT,Legante,260730
378,FErrocenylPz,Organometallica,Non specificato,PdCl2·(CH3CN)2,MeOH,Nessuno,120,4,0.4,0.2,2,"Filtrato il precipitato(eccesso di legante), la soluzione raccolta in una beuta e fatta evaporare all'aria.",1,,numeric_decimal_standardized;salt_hydrate_separator_standardized;temperature_numeric_standardized;time_numeric_standardized,,0,INCLUDED,,missing_optional_numeric:Volume solvente,MOF_GROUPED_LIGAND_SPLIT_v6.0_seed260730,DEVELOPMENT,Legante,260730
379,"1,4-Di(1H-pyrazol-4-yl)benzene",Organometallica - pirazoli,Ru,[Ru(p-cymene)Cl2]2,MeOH,Nessuno,120,24,0.2,0.1,2,"To a methanolic (5 mL) solution of pyrazole based ligand , was added a methanolic (5 mL) solution of [RuCl2(η6-p-cymene)]2 , and the reaction mixture was allowed to stir for 4 h at room temperature. Dopo 24 ore ho filtrato l'eccesso di reagenti e lasciato poi dimezzare il volume della soluzione all'aria lentamente. Portato a secco e mandato l'HNMR",2,,numeric_decimal_standardized;temperature_numeric_standardized;time_numeric_standardized,,0,INCLUDED,,missing_optional_numeric:Volume solvente,MOF_GROUPED_LIGAND_SPLIT_v6.0_seed260730,DEVELOPMENT,Legante,260730
380,(NO2)2BPz,Organometallica - pirazoli,Ru,[Ru(p-cymene)Cl2]2,MeOH,Nessuno,120,24,0.1,0.05,2,"filtrato e lavato con metanolo, dopo aver dimezzato il volume della soluzione.Precipitato di colore nero, ma sembra cristallino",2,,numeric_decimal_standardized;temperature_numeric_standardized;time_numeric_standardized,,0,INCLUDED,,missing_optional_numeric:Volume solvente,MOF_GROUPED_LIGAND_SPLIT_v6.0_seed260730,DEVELOPMENT,Legante,260730
381,NO2BPz,Organometallica - pirazoli,Ru,[Ru(p-cymene)Cl2]2,MeOH,Nessuno,120,24,0.1,0.05,2,"filtrato per rimuovere l'eccesso di reagenti noon reagito, lasciato ridurre il volume. Lavato con etere dietilico e filtrato(precipitato verdino).Ir del primo precipitato è pessimo. Le acque madri le ho tenute.",1,,numeric_decimal_standardized;temperature_numeric_standardized;time_numeric_standardized,,0,INCLUDED,,missing_optional_numeric:Volume solvente,MOF_GROUPED_LIGAND_SPLIT_v6.0_seed260730,DEVELOPMENT,Legante,260730
382,FErrocenylPz,Organometallica,Non specificato,PdCl2·(CH3CN)2,MeOH,Nessuno,120,6,0.1,0.1,1,"Ho pesato il dimero e sciolto in 10 ml di MeOH; una volta sulubilizzato ho aggiunto il legante e lasciato sotto agitazione per 6ORE. Ho lasciato dimezzare il volume all'aria, poi aggiunto qualche goccia di dietiletere e messo in frigo. Il precipitato ottenuto l'ho filtrato.",2,,numeric_decimal_standardized;salt_hydrate_separator_standardized;temperature_numeric_standardized;time_numeric_standardized,,0,INCLUDED,,missing_optional_numeric:Volume solvente,MOF_GROUPED_LIGAND_SPLIT_v6.0_seed260730,DEVELOPMENT,Legante,260730
383,"3,3'-diamino-4,4'-bipyrazole",Organometallica - pirazoli,Ru,[Ru(p-cymene)Cl2]2,MeOH,Nessuno,120,24,0.1,0.1,1,Ho pesato il dimero e sciolto in 10 ml di MeOH; una volta sulubilizzato ho aggiunto il legante e lasciato sotto agitazione per 24 ORE.Fatto evaporare all'aria per ridurre il volume,1,,ligand_typography_standardized;numeric_decimal_standardized;temperature_numeric_standardized;time_numeric_standardized,,0,INCLUDED,,missing_optional_numeric:Volume solvente,MOF_GROUPED_LIGAND_SPLIT_v6.0_seed260730,DEVELOPMENT,Legante,260730
384,"1,4-Di(1H-pyrazol-4-yl)benzene BDP",Organometallica - pirazoli,Ir,[Ir(C₅Me₅)Cl₂]₂,MeOH,Nessuno,120,24,0.05,0.1,0.5,"Ho sciolto il sale metallico in 10 ml di MeOH, una volta solubilizzato ho aggiunto il linker e lasciato in stirring.",1,,temperature_numeric_standardized;time_numeric_standardized,,0,INCLUDED,,missing_optional_numeric:Volume solvente,MOF_GROUPED_LIGAND_SPLIT_v6.0_seed260730,DEVELOPMENT,Legante,260730
385,"1,4-Di(1H-pyrazol-4-yl)benzene BDP",Organometallica - pirazoli,Rh,[Rh(C5Me5)Cl2]2,MeOH,Nessuno,120,24,0.05,0.1,0.5,"Ho sciolto il sale metallico in 10 ml di MeOH, una volta solubilizzato ho aggiunto il linker e lasciato in stirring.",1,,temperature_numeric_standardized;time_numeric_standardized,,0,INCLUDED,,missing_optional_numeric:Volume solvente,MOF_GROUPED_LIGAND_SPLIT_v6.0_seed260730,DEVELOPMENT,Legante,260730
386,Ru1,Organometallica,Ru,CAgF3SO3,MeCN,Nessuno,120,3,0.06,0.12,0.5,lasciato aperto a temperatura ambiente per cercare di ridurre il volume di solvente e favorire una cristallizzazione,2,,temperature_numeric_standardized;time_numeric_standardized,,0,INCLUDED,,missing_optional_numeric:Volume solvente,MOF_GROUPED_LIGAND_SPLIT_v6.0_seed260730,DEVELOPMENT,Legante,260730
387,"Ru1 scambio anionico FW=868,73",Organometallica - scambio anionico,Ru,"4,4'-bipiridina",MeCN,Nessuno,120,24,0.04,0.04,1,"Dopo 5h la soluzione ha cambiato colore, ora faccio evaporare un pò di solvente per vedere se verrà giu qualcosa. Una volta dimezzato il volume ho aggiunto 5 ml di dietil etere e poi posto a scaldare su piastra per circa 15 minuti, ho nontato un precipitato nerastro, fatto raffreddare e posto in frigo per vedere se continuerà a venire giu.",2,,numeric_decimal_standardized;temperature_numeric_standardized;time_numeric_standardized,,0,INCLUDED,,missing_optional_numeric:Volume solvente,MOF_GROUPED_LIGAND_SPLIT_v6.0_seed260730,DEVELOPMENT,Legante,260730
388,"Ru1,2",Organometallica,Ru,CAgF3SO3,CH2Cl2,Nessuno,120,3,0.04,0.08,0.5,"Precipitato bianco formatosi alla fine delle 4 ore, filtrato e lasciato ridurre di volume all'aria.",2,,temperature_numeric_standardized;time_numeric_standardized,,0,INCLUDED,,missing_optional_numeric:Volume solvente,MOF_GROUPED_LIGAND_SPLIT_v6.0_seed260730,DEVELOPMENT,Legante,260730
389,"Ru1,3 802,63",Organometallica,Ru,CAgF3SO3,CH2Cl2,Nessuno,120,5,0.05,0.2,0.25,"Precipitato bianco formatosi alla fine delle 4 ore, filtrato e lasciato ridurre di volume all'aria.",1,,temperature_numeric_standardized;time_numeric_standardized,,0,INCLUDED,,missing_optional_numeric:Volume solvente,MOF_GROUPED_LIGAND_SPLIT_v6.0_seed260730,DEVELOPMENT,Legante,260730
390,"Ru1,3 scambio anionico FW=868,73",Organometallica - scambio anionico,Ru,"4,4'-bipiridina",MeCN,Nessuno,120,5,0.02,0.02,1,"Ho solubilizzato il complesso in 10 ml di MeCN, in un'altra vial ho solubilizzato la bipiridina in altri 10 ml di MeCN, poi ho aggiunto goccia a goccia nella soluzione del complesso.",1,,numeric_decimal_standardized;temperature_numeric_standardized;time_numeric_standardized,,0,INCLUDED,,missing_optional_numeric:Volume solvente,MOF_GROUPED_LIGAND_SPLIT_v6.0_seed260730,DEVELOPMENT,Legante,260730
391,"Ru1,3",Organometallica,Ru,CAgF3SO3,CH2Cl2,Nessuno,120,5,0.05,0.2,0.25,"Precipitato bianco formatosi alla fine delle 4 ore, filtrato e lasciato ridurre di volume all'aria.",1,,temperature_numeric_standardized;time_numeric_standardized,,0,INCLUDED,,missing_optional_numeric:Volume solvente,MOF_GROUPED_LIGAND_SPLIT_v6.0_seed260730,DEVELOPMENT,Legante,260730
392,"Ru1,3 scambio anionico2 FW=868,73",Organometallica - scambio anionico,Ru,BDP,MeCN,Nessuno,120,24,0.02,0.02,1,"Ho solubilizzato il complesso in 52 ml di MeCN, in un'altra vial ho solubilizzato il BDP in altri 5 ml di MeCN, poi ho aggiunto goccia a goccia nella soluzione del complesso. Soluzione torbida, perchè il legante non si è solubilizzato molto bene in MeCN. Dopo 24 ore ho filtrato l'eccesso di reagenti ed ho lasciato ad evaporare il solvente all'aria lentamente.",1,,numeric_decimal_standardized;temperature_numeric_standardized;time_numeric_standardized,,0,INCLUDED,,missing_optional_numeric:Volume solvente,MOF_GROUPED_LIGAND_SPLIT_v6.0_seed260730,DEVELOPMENT,Legante,260730
393,"Ru1,3",Organometallica,Ru,CAgF3SO3,CH2Cl2,Nessuno,120,6,0.05,0.22,0.227,"Filtrato il precipitato formatosi, sciacquato con 5 ml di diclorometano e poi lasciato evaporare all'aria le acque madri.",1,,temperature_numeric_standardized;time_numeric_standardized,,0,INCLUDED,,missing_optional_numeric:Volume solvente,MOF_GROUPED_LIGAND_SPLIT_v6.0_seed260730,DEVELOPMENT,Legante,260730
395,"Ru1,3",Organometallica,Ru,CAgF3SO3,CH2Cl2,Nessuno,120,5,0.05,0.2,0.25,"Solubilizzato separatamente i due reagenti, poi aggiungo goccia a goccia la soluzione di CAgF3SO3 in quella del complesso. Precipitato bianco formatosi alla fine delle 4 ore, filtrato e lasciato ridurre di volume all'aria.",1,,temperature_numeric_standardized;time_numeric_standardized,,0,INCLUDED,,missing_optional_numeric:Volume solvente,MOF_GROUPED_LIGAND_SPLIT_v6.0_seed260730,DEVELOPMENT,Legante,260730
396,"Ru1 scambio anionico FW=868,73",Organometallica - scambio anionico,Ru,"4,4'-bipiridina(Az50)",MeCN,Nessuno,120,24,0.02,0.04,0.5,"Solubilizzare il complesso in 2 ml di acetonitrile, in una vial separata solubilizzare la bipiridina con 3 ml di CH3CN ed aggiungere goccia a goccia la soluzione in quella del complesso. Lasciar reagire 24h.",1,,temperature_numeric_standardized;time_numeric_standardized,,0,INCLUDED,,missing_optional_numeric:Volume solvente,MOF_GROUPED_LIGAND_SPLIT_v6.0_seed260730,DEVELOPMENT,Legante,260730
397,Et4BPz,Organometallica - pirazoli,Rh,[Rh(C5Me5)Cl2]2,MeOH,Nessuno,120,16,0.1,0.05,0.5,"Solubilizzato il dimero del metallo in 10 ml di MeOH, una volta solulbilizzato ho aggiunto il legante e lasciato in stirring per 16 ore.",1,,temperature_numeric_standardized;time_numeric_standardized,,0,INCLUDED,,missing_optional_numeric:Volume solvente,MOF_GROUPED_LIGAND_SPLIT_v6.0_seed260730,DEVELOPMENT,Legante,260730
398,H2BPZNH2,Organometallica,Rh,[Rh(C5Me5)Cl2]3,MeOH,Nessuno,70,24,0.1,0.05,0.5,"Solubilizzato il dimero del metallo in 10 ml di MeOH, una volta solulbilizzato ho aggiunto il legante e lasciato in stirring per 16 ore.",1,,temperature_numeric_standardized;time_numeric_standardized,,0,INCLUDED,,missing_optional_numeric:Volume solvente,MOF_GROUPED_LIGAND_SPLIT_v6.0_seed260730,DEVELOPMENT,Legante,260730
399,(NO2)2BPz,Organometallica,Ir,[Ir(C5Me5)Cl2]4,MeOH,Trietilammina (TEA) 2 eq,70,24,0.1,0.05,0.5,"Solubilizzato il dimero del metallo in 10 ml di MeOH, una volta solulbilizzato ho aggiunto il legante e lasciato in stirring per 16 ore.",1,,additive_canonicalized;temperature_numeric_standardized;time_numeric_standardized,,0,INCLUDED,,missing_optional_numeric:Volume solvente,MOF_GROUPED_LIGAND_SPLIT_v6.0_seed260730,DEVELOPMENT,Legante,260730
400,NO2BPz,Organometallica,Ir,[Ir(C5Me5)Cl2]5,MeOH,Trietilammina (TEA) 2 eq,70,24,0.1,0.05,0.5,"Solubilizzato il dimero del metallo in 10 ml di MeOH, una volta solulbilizzato ho aggiunto il legante e lasciato in stirring per 16 ore.",1,,additive_canonicalized;temperature_numeric_standardized;time_numeric_standardized,,0,INCLUDED,,missing_optional_numeric:Volume solvente,MOF_GROUPED_LIGAND_SPLIT_v6.0_seed260730,DEVELOPMENT,Legante,260730
401,"1,4-Benzenedicarboxylic acid (H2BDC)",Non specificata,Zn,Zn(NO3)2·6H2O,DMF,Nessuno,120,24,0.7,2.2,0.3182,Solvothermal,2,,temperature_numeric_standardized;time_numeric_standardized,,0,INCLUDED,,missing_optional_numeric:Volume solvente,MOF_GROUPED_LIGAND_SPLIT_v6.0_seed260730,DEVELOPMENT,Legante,260730
403,"1,4-Benzenedicarboxylic acid (H2BDC)",Non specificata,Zr,ZrCl4,DMF/HCl,Nessuno,120,24,1.5,1.5,1,Solvothermal,2,,numeric_decimal_standardized;temperature_numeric_standardized;time_numeric_standardized,,0,INCLUDED,,missing_optional_numeric:Volume solvente,MOF_GROUPED_LIGAND_SPLIT_v6.0_seed260730,DEVELOPMENT,Legante,260730
405,2-Nitroterephthalic acid,Non specificata,Zr,ZrCl4,DMF/HCl,Nessuno,120,24,1,1,1,Solvothermal,2,,numeric_decimal_standardized;temperature_numeric_standardized;time_numeric_standardized,,0,INCLUDED,,missing_optional_numeric:Volume solvente,MOF_GROUPED_LIGAND_SPLIT_v6.0_seed260730,DEVELOPMENT,Legante,260730
406,"4,4'-Biphenyldicarboxylic acid (H2BPDC)",Non specificata,Zr,ZrCl4,DMF/HCl,Nessuno,120,24,1,1,1,Solvothermal,2,,numeric_decimal_standardized;temperature_numeric_standardized;time_numeric_standardized,,0,INCLUDED,,missing_optional_numeric:Volume solvente,MOF_GROUPED_LIGAND_SPLIT_v6.0_seed260730,DEVELOPMENT,Legante,260730
407,2-Methylimidazole,Non specificata,Zn,Zn(NO3)2·6H2O,MeOH,Nessuno,25,12,4,1,4,Precipitation,2,,numeric_decimal_standardized;temperature_numeric_standardized;time_numeric_standardized,,0,INCLUDED,,missing_optional_numeric:Volume solvente,MOF_GROUPED_LIGAND_SPLIT_v6.0_seed260730,DEVELOPMENT,Legante,260730
408,2-Methylimidazole,Non specificata,Co,Co(NO3)2·6H2O,MeOH,Nessuno,25,24,4,1,4,Precipitation,2,,numeric_decimal_standardized;temperature_numeric_standardized;time_numeric_standardized,,0,INCLUDED,,missing_optional_numeric:Volume solvente,MOF_GROUPED_LIGAND_SPLIT_v6.0_seed260730,DEVELOPMENT,Legante,260730
409,Benzimidazole,Non specificata,Zn,Zn(NO3)2·6H2O,DMF,Nessuno,130,48,6,1.5,4,Solvothermal,2,,numeric_decimal_standardized;temperature_numeric_standardized;time_numeric_standardized,,0,INCLUDED,,missing_optional_numeric:Volume solvente,MOF_GROUPED_LIGAND_SPLIT_v6.0_seed260730,DEVELOPMENT,Legante,260730
410,Benzimidazole,Non specificata,Zn,Zn(NO3)2·6H2O,MeOH/Toluene,Nessuno,100,24,3.2,0.8,4,Solvothermal,2,,numeric_decimal_standardized;solvent_canonicalized;temperature_numeric_standardized;time_numeric_standardized,,0,INCLUDED,,missing_optional_numeric:Volume solvente,MOF_GROUPED_LIGAND_SPLIT_v6.0_seed260730,DEVELOPMENT,Legante,260730
411,"1,4-Benzenedicarboxylic acid (H2BDC)",Non specificata,Al,Al(NO3)3·9H2O,H2O,Nessuno,220,72,3,3,1,Hydrothermal,2,,numeric_decimal_standardized;temperature_numeric_standardized;time_numeric_standardized,,0,INCLUDED,,missing_optional_numeric:Volume solvente,MOF_GROUPED_LIGAND_SPLIT_v6.0_seed260730,DEVELOPMENT,Legante,260730
412,"1,4-Benzenedicarboxylic acid (H2BDC)",Non specificata,Cr,Cr(NO3)3·9H2O,H2O/HF,Nessuno,220,72,5,5,1,Hydrothermal,2,,numeric_decimal_standardized;temperature_numeric_standardized;time_numeric_standardized,,0,INCLUDED,,missing_optional_numeric:Volume solvente,MOF_GROUPED_LIGAND_SPLIT_v6.0_seed260730,DEVELOPMENT,Legante,260730
413,"1,4-Benzenedicarboxylic acid (H2BDC)",Non specificata,Fe,FeCl3·6H2O,DMF,Nessuno,150,15,5,5,1,Solvothermal,2,,numeric_decimal_standardized;temperature_numeric_standardized;time_numeric_standardized,,0,INCLUDED,,missing_optional_numeric:Volume solvente,MOF_GROUPED_LIGAND_SPLIT_v6.0_seed260730,DEVELOPMENT,Legante,260730
416,"1,4-Benzenedicarboxylic acid (H2BDC)",Non specificata,Cr,Cr(NO3)3·9H2O,H2O/HF,Nessuno,220,8,4,4,1,Hydrothermal,2,,numeric_decimal_standardized;temperature_numeric_standardized;time_numeric_standardized,,0,INCLUDED,,missing_optional_numeric:Volume solvente,MOF_GROUPED_LIGAND_SPLIT_v6.0_seed260730,DEVELOPMENT,Legante,260730
417,"1,4-Benzenedicarboxylic acid (H2BDC)",Non specificata,Fe,FeCl3·6H2O,DMF,Nessuno,110,20,1.5,3,0.5,Solvothermal,2,,numeric_decimal_standardized;temperature_numeric_standardized;time_numeric_standardized,,0,INCLUDED,,missing_optional_numeric:Volume solvente,MOF_GROUPED_LIGAND_SPLIT_v6.0_seed260730,DEVELOPMENT,Legante,260730
418,"2,5-Dihydroxyterephthalic acid (H4DOBDC)",Non specificata,Mg,Mg(NO3)2·6H2O,DMF/H2O/EtOH,Nessuno,125,24,1,3.3,0.303,Solvothermal,2,,numeric_decimal_standardized;solvent_canonicalized;temperature_numeric_standardized;time_numeric_standardized,,0,INCLUDED,,missing_optional_numeric:Volume solvente,MOF_GROUPED_LIGAND_SPLIT_v6.0_seed260730,DEVELOPMENT,Legante,260730
419,"2,5-Dihydroxyterephthalic acid (H4DOBDC)",Non specificata,Zn,Zn(NO3)2·6H2O,DMF/H2O/EtOH,Nessuno,100,24,1,3.3,0.303,Solvothermal,2,,numeric_decimal_standardized;solvent_canonicalized;temperature_numeric_standardized;time_numeric_standardized,,0,INCLUDED,,missing_optional_numeric:Volume solvente,MOF_GROUPED_LIGAND_SPLIT_v6.0_seed260730,DEVELOPMENT,Legante,260730
420,"2,5-Dihydroxyterephthalic acid (H4DOBDC)",Non specificata,Ni,Ni(NO3)2·6H2O,DMF/H2O/EtOH,Nessuno,120,24,1,3.3,0.303,Solvothermal,2,,numeric_decimal_standardized;solvent_canonicalized;temperature_numeric_standardized;time_numeric_standardized,,0,INCLUDED,,missing_optional_numeric:Volume solvente,MOF_GROUPED_LIGAND_SPLIT_v6.0_seed260730,DEVELOPMENT,Legante,260730
421,"2,5-Dihydroxyterephthalic acid (H4DOBDC)",Non specificata,Co,Co(NO3)2·6H2O,DMF/H2O/EtOH,Nessuno,120,24,1,3.3,0.303,Solvothermal,2,,numeric_decimal_standardized;solvent_canonicalized;temperature_numeric_standardized;time_numeric_standardized,,0,INCLUDED,,missing_optional_numeric:Volume solvente,MOF_GROUPED_LIGAND_SPLIT_v6.0_seed260730,DEVELOPMENT,Legante,260730
422,"2,5-Dihydroxyterephthalic acid (H4DOBDC)",Non specificata,Fe,FeCl2·4H2O,DMF/EtOH,Nessuno,120,24,1,3.3,0.303,Solvothermal,2,,numeric_decimal_standardized;temperature_numeric_standardized;time_numeric_standardized,,0,INCLUDED,,missing_optional_numeric:Volume solvente,MOF_GROUPED_LIGAND_SPLIT_v6.0_seed260730,DEVELOPMENT,Legante,260730
423,"2,5-Dihydroxyterephthalic acid (H4DOBDC)",Non specificata,Mn,Mn(OAc)2·4H2O,DMF/H2O/EtOH,Nessuno,120,24,1,3.3,0.303,Solvothermal,2,,numeric_decimal_standardized;solvent_canonicalized;temperature_numeric_standardized;time_numeric_standardized,,0,INCLUDED,,missing_optional_numeric:Volume solvente,MOF_GROUPED_LIGAND_SPLIT_v6.0_seed260730,DEVELOPMENT,Legante,260730
424,"1,3,6,8-tetrakis(p-benzoic acid)pyrene (H4TBAPy)",Non specificata,Zr,ZrOCl2·8H2O,DMF/TFA,Nessuno,120,18,0.06,0.3,0.2,Solvothermal,2,,temperature_numeric_standardized;time_numeric_standardized,,0,INCLUDED,,missing_optional_numeric:Volume solvente,MOF_GROUPED_LIGAND_SPLIT_v6.0_seed260730,DEVELOPMENT,Legante,260730
425,TCPP (Tetrakis(4-carboxyphenyl)porphyrin),Non specificata,Zr,ZrOCl2·8H2O,DMF/BA,Nessuno,120,24,0.04,0.23,0.1739,Solvothermal,2,,temperature_numeric_standardized;time_numeric_standardized,,0,INCLUDED,,missing_optional_numeric:Volume solvente,MOF_GROUPED_LIGAND_SPLIT_v6.0_seed260730,DEVELOPMENT,Legante,260730
426,"3,3',5,5'-Azobenzenetetracarboxylic acid (H4ABTC)",Non specificata,Fe,Fe(NO3)3·9H2O,DMF,Nessuno,150,24,0.3,0.6,0.5,Solvothermal,2,,temperature_numeric_standardized;time_numeric_standardized,,0,INCLUDED,,missing_optional_numeric:Volume solvente,MOF_GROUPED_LIGAND_SPLIT_v6.0_seed260730,DEVELOPMENT,Legante,260730
429,"2,6-NDC (0.5) / H3BTC (0.5)",Non specificata,Zn,Zn(NO3)2·6H2O,DMF,Nessuno,120,24,1,2,0.5,Solvothermal,2,,numeric_decimal_standardized;temperature_numeric_standardized;time_numeric_standardized,,0,INCLUDED,,missing_optional_numeric:Volume solvente,MOF_GROUPED_LIGAND_SPLIT_v6.0_seed260730,DEVELOPMENT,Legante,260730
430,"2,6-NDC (1.0) / DABCO (0.5)",Non specificata,Ni,Ni(NO3)2·6H2O,DMF,Nessuno,120,48,1.5,1,1.5,Solvothermal,2,,numeric_decimal_standardized;temperature_numeric_standardized;time_numeric_standardized,,0,INCLUDED,,missing_optional_numeric:Volume solvente,MOF_GROUPED_LIGAND_SPLIT_v6.0_seed260730,DEVELOPMENT,Legante,260730
435,"1,3,5-tris(4-carboxyphenyl)benzene (BTB)",Non specificata,Zn,Zn(NO3)2·6H2O,DEF,Nessuno,85,48,0.34,1.8,0.1889,Solvothermal,2,,temperature_numeric_standardized;time_numeric_standardized,,0,INCLUDED,,missing_optional_numeric:Volume solvente,MOF_GROUPED_LIGAND_SPLIT_v6.0_seed260730,DEVELOPMENT,Legante,260730
436,"1,3,5-BTB (0.2) / 2,6-NDC (0.2)",Non specificata,Zn,Zn(NO3)2·6H2O,DMF,Nessuno,85,24,0.4,1.2,0.3333,Solvothermal,2,,temperature_numeric_standardized;time_numeric_standardized,,0,INCLUDED,,missing_optional_numeric:Volume solvente,MOF_GROUPED_LIGAND_SPLIT_v6.0_seed260730,DEVELOPMENT,Legante,260730
437,"3,3',5,5'-Biphenyltetracarboxylic acid",Non specificata,Cu,Cu(NO3)2·2.5H2O,DMF/H2O/EtOH,Nessuno,65,24,0.3,1,0.3,Solvothermal,2,,numeric_decimal_standardized;solvent_canonicalized;temperature_numeric_standardized;time_numeric_standardized,,0,INCLUDED,,missing_optional_numeric:Volume solvente,MOF_GROUPED_LIGAND_SPLIT_v6.0_seed260730,DEVELOPMENT,Legante,260730
438,2-Bromoterephthalic acid,Non specificata,Zr,ZrCl4,DMF/HCl,Nessuno,120,24,1,1,1,Solvothermal,2,,numeric_decimal_standardized;temperature_numeric_standardized;time_numeric_standardized,,0,INCLUDED,,missing_optional_numeric:Volume solvente,MOF_GROUPED_LIGAND_SPLIT_v6.0_seed260730,DEVELOPMENT,Legante,260730
439,"1,2,4,5-Benzenetetracarboxylic acid",Non specificata,Zr,ZrCl4,DMF/HCl,Nessuno,120,24,0.5,1,0.5,Solvothermal,2,,numeric_decimal_standardized;temperature_numeric_standardized;time_numeric_standardized,,0,INCLUDED,,missing_optional_numeric:Volume solvente,MOF_GROUPED_LIGAND_SPLIT_v6.0_seed260730,DEVELOPMENT,Legante,260730
440,"2,5-Dihydroxyterephthalic acid",Non specificata,Zr,ZrCl4,DMF/HCl,Nessuno,120,24,1,1,1,Solvothermal,2,,numeric_decimal_standardized;temperature_numeric_standardized;time_numeric_standardized,,0,INCLUDED,,missing_optional_numeric:Volume solvente,MOF_GROUPED_LIGAND_SPLIT_v6.0_seed260730,DEVELOPMENT,Legante,260730
441,Terphenyldicarboxylic acid (TPDC),Non specificata,Zr,ZrCl4,DMF/HCl,Nessuno,120,24,0.5,0.5,1,Solvothermal,2,,numeric_decimal_standardized;temperature_numeric_standardized;time_numeric_standardized,,0,INCLUDED,,missing_optional_numeric:Volume solvente,MOF_GROUPED_LIGAND_SPLIT_v6.0_seed260730,DEVELOPMENT,Legante,260730
442,2-Nitroimidazole,Non specificata,Co,Co(NO3)2·6H2O,DMF,Nessuno,100,48,4,1,4,Solvothermal,2,,numeric_decimal_standardized;temperature_numeric_standardized;time_numeric_standardized,,0,INCLUDED,,missing_optional_numeric:Volume solvente,MOF_GROUPED_LIGAND_SPLIT_v6.0_seed260730,DEVELOPMENT,Legante,260730
443,Imidazole-2-carboxaldehyde,Non specificata,Zn,Zn(NO3)2·6H2O,DMF,Nessuno,100,18,4,1,4,Solvothermal,2,,numeric_decimal_standardized;temperature_numeric_standardized;time_numeric_standardized,,0,INCLUDED,,missing_optional_numeric:Volume solvente,MOF_GROUPED_LIGAND_SPLIT_v6.0_seed260730,DEVELOPMENT,Legante,260730
444,Benzimidazole,Non specificata,Co,Co(NO3)2·6H2O,DMF,Nessuno,140,48,4,1,4,Solvothermal,2,,numeric_decimal_standardized;temperature_numeric_standardized;time_numeric_standardized,,0,INCLUDED,,missing_optional_numeric:Volume solvente,MOF_GROUPED_LIGAND_SPLIT_v6.0_seed260730,DEVELOPMENT,Legante,260730
445,"4,5-Dichloroimidazole",Non specificata,Zn,Zn(NO3)2·6H2O,DMF,Nessuno,85,24,4,1,4,Solvothermal,2,,numeric_decimal_standardized;temperature_numeric_standardized;time_numeric_standardized,,0,INCLUDED,,missing_optional_numeric:Volume solvente,MOF_GROUPED_LIGAND_SPLIT_v6.0_seed260730,DEVELOPMENT,Legante,260730
446,Fumaric acid,Non specificata,Fe,FeCl3·6H2O,H2O,Nessuno,65,12,5,5,1,Hydrothermal,2,,numeric_decimal_standardized;temperature_numeric_standardized;time_numeric_standardized,,0,INCLUDED,,missing_optional_numeric:Volume solvente,MOF_GROUPED_LIGAND_SPLIT_v6.0_seed260730,DEVELOPMENT,Legante,260730
447,"1,4-Benzenedicarboxylic acid (H2BDC)",Non specificata,Fe,FeCl3·6H2O,DMF,Nessuno,100,12,5,5,1,Solvothermal,2,,numeric_decimal_standardized;temperature_numeric_standardized;time_numeric_standardized,,0,INCLUDED,,missing_optional_numeric:Volume solvente,MOF_GROUPED_LIGAND_SPLIT_v6.0_seed260730,DEVELOPMENT,Legante,260730
448,"2,6-Naphthalenedicarboxylic acid",Non specificata,Fe,FeCl3·6H2O,DMF,Nessuno,100,12,5,5,1,Solvothermal,2,,numeric_decimal_standardized;temperature_numeric_standardized;time_numeric_standardized,,0,INCLUDED,,missing_optional_numeric:Volume solvente,MOF_GROUPED_LIGAND_SPLIT_v6.0_seed260730,DEVELOPMENT,Legante,260730
449,"4,4'-Biphenyldicarboxylic acid",Non specificata,Fe,FeCl3·6H2O,DMF,Nessuno,100,12,5,5,1,Solvothermal,2,,numeric_decimal_standardized;temperature_numeric_standardized;time_numeric_standardized,,0,INCLUDED,,missing_optional_numeric:Volume solvente,MOF_GROUPED_LIGAND_SPLIT_v6.0_seed260730,DEVELOPMENT,Legante,260730
450,"1,4-Benzenedicarboxylic acid (H2BDC)",Non specificata,Al,Al(NO3)3·9H2O,DMF,Nessuno,130,24,3,3,1,Solvothermal,2,,numeric_decimal_standardized;temperature_numeric_standardized;time_numeric_standardized,,0,INCLUDED,,missing_optional_numeric:Volume solvente,MOF_GROUPED_LIGAND_SPLIT_v6.0_seed260730,DEVELOPMENT,Legante,260730
451,"1,4-Benzenedicarboxylic acid (H2BDC)",Non specificata,In,In(NO3)3·xH2O,DMF,Nessuno,100,48,2,2,1,Solvothermal,2,,numeric_decimal_standardized;temperature_numeric_standardized;time_numeric_standardized,,0,INCLUDED,,missing_optional_numeric:Volume solvente,MOF_GROUPED_LIGAND_SPLIT_v6.0_seed260730,DEVELOPMENT,Legante,260730
452,"1,4-Benzenedicarboxylic acid (H2BDC)",Non specificata,Ti,Ti(OiPr)4,DMF/MeOH,Nessuno,150,15,12,6,2,Solvothermal,2,,numeric_decimal_standardized;temperature_numeric_standardized;time_numeric_standardized,,0,INCLUDED,,missing_optional_numeric:Volume solvente,MOF_GROUPED_LIGAND_SPLIT_v6.0_seed260730,DEVELOPMENT,Legante,260730
456,5-Methoxyisophthalic acid,Non specificata,Al,Al(ClO4)3·6H2O,H2O,Nessuno,130,12,2,2,1,Hydrothermal,2,,numeric_decimal_standardized;temperature_numeric_standardized;time_numeric_standardized,,0,INCLUDED,,missing_optional_numeric:Volume solvente,MOF_GROUPED_LIGAND_SPLIT_v6.0_seed260730,DEVELOPMENT,Legante,260730
457,5-Nitroisophthalic acid,Non specificata,Al,Al(ClO4)3·6H2O,H2O,Nessuno,130,12,2,2,1,Hydrothermal,2,,numeric_decimal_standardized;temperature_numeric_standardized;time_numeric_standardized,,0,INCLUDED,,missing_optional_numeric:Volume solvente,MOF_GROUPED_LIGAND_SPLIT_v6.0_seed260730,DEVELOPMENT,Legante,260730
458,"trans-Cyclohexane-1,4-dicarboxylic acid",Non specificata,Al,Al2(SO4)3·18H2O,H2O,Nessuno,180,24,3,1.5,2,Hydrothermal,2,,numeric_decimal_standardized;temperature_numeric_standardized;time_numeric_standardized,,0,INCLUDED,,missing_optional_numeric:Volume solvente,MOF_GROUPED_LIGAND_SPLIT_v6.0_seed260730,DEVELOPMENT,Legante,260730
459,TCPP (Tetrakis(4-carboxyphenyl)porphyrin),Non specificata,Zr,ZrOCl2·8H2O,DMF/BA,Nessuno,120,12,0.04,0.3,0.1333,Solvothermal,2,,temperature_numeric_standardized;time_numeric_standardized,,0,INCLUDED,,missing_optional_numeric:Volume solvente,MOF_GROUPED_LIGAND_SPLIT_v6.0_seed260730,DEVELOPMENT,Legante,260730
460,TCPP,Non specificata,Hf,HfCl4,DMF/BA,Nessuno,120,24,0.03,0.2,0.15,Solvothermal,2,,temperature_numeric_standardized;time_numeric_standardized,,0,INCLUDED,,missing_optional_numeric:Volume solvente,MOF_GROUPED_LIGAND_SPLIT_v6.0_seed260730,DEVELOPMENT,Legante,260730
461,TCPP,Non specificata,Fe,FeCl3,DMF,Nessuno,150,24,0.08,0.5,0.16,Solvothermal,2,,temperature_numeric_standardized;time_numeric_standardized,,0,INCLUDED,,missing_optional_numeric:Volume solvente,MOF_GROUPED_LIGAND_SPLIT_v6.0_seed260730,DEVELOPMENT,Legante,260730
462,Fumaric acid,Non specificata,Zr,ZrCl4,DMF/Formic acid,Nessuno,120,24,1,1,1,Solvothermal,2,,numeric_decimal_standardized;temperature_numeric_standardized;time_numeric_standardized,,0,INCLUDED,,missing_optional_numeric:Volume solvente,MOF_GROUPED_LIGAND_SPLIT_v6.0_seed260730,DEVELOPMENT,Legante,260730
464,"Pyrazole-3,5-dicarboxylic acid",Non specificata,Zr,ZrCl4,DMF/Formic acid,Nessuno,120,24,1,1,1,Solvothermal,2,,numeric_decimal_standardized;temperature_numeric_standardized;time_numeric_standardized,,0,INCLUDED,,missing_optional_numeric:Volume solvente,MOF_GROUPED_LIGAND_SPLIT_v6.0_seed260730,DEVELOPMENT,Legante,260730
465,"1H-pyrazole-3,5-dicarboxylic acid",Non specificata,Al,AlCl3·6H2O,H2O,Nessuno,100,24,2,2,1,Hydrothermal,2,,numeric_decimal_standardized;temperature_numeric_standardized;time_numeric_standardized,,0,INCLUDED,,missing_optional_numeric:Volume solvente,MOF_GROUPED_LIGAND_SPLIT_v6.0_seed260730,DEVELOPMENT,Legante,260730
466,"1,4-Benzenedicarboxylic acid (H2BDC)",Non specificata,Fe,FeCl3,EtOH,Nessuno,80,24,1,2,0.5,Solvothermal,2,,numeric_decimal_standardized;temperature_numeric_standardized;time_numeric_standardized,,0,INCLUDED,,missing_optional_numeric:Volume solvente,MOF_GROUPED_LIGAND_SPLIT_v6.0_seed260730,DEVELOPMENT,Legante,260730
468,"5-(2,4,6-trioxohexahydro-1,3,5-triazin-1-yl)isophthalic acid",Non specificata,Cu,Cu(NO3)2·2.5H2O,DMA/DMSO,Nessuno,85,72,0.15,0.5,0.3,Solvothermal,2,,temperature_numeric_standardized;time_numeric_standardized,,0,INCLUDED,,missing_optional_numeric:Volume solvente,MOF_GROUPED_LIGAND_SPLIT_v6.0_seed260730,DEVELOPMENT,Legante,260730
470,"4,4'-(naphthalene-2,6-diyl)dibenzonic acid",Non specificata,Cu,Cu(NO3)2·2.5H2O,DMF,Nessuno,85,48,0.2,0.6,0.3333,Solvothermal,2,,temperature_numeric_standardized;time_numeric_standardized,,0,INCLUDED,,missing_optional_numeric:Volume solvente,MOF_GROUPED_LIGAND_SPLIT_v6.0_seed260730,DEVELOPMENT,Legante,260730
471,Imidazole (3.0) / Benzimidazole (1.0),Non specificata,Zn,Zn(NO3)2·6H2O,DMF,Nessuno,130,48,4,1,4,Solvothermal,2,,numeric_decimal_standardized;temperature_numeric_standardized;time_numeric_standardized,,0,INCLUDED,,missing_optional_numeric:Volume solvente,MOF_GROUPED_LIGAND_SPLIT_v6.0_seed260730,DEVELOPMENT,Legante,260730
473,2-Ethylimidazole,Non specificata,Zn,Zn(ClO4)2·6H2O,MeOH/NH3,Nessuno,25,24,4,1,4,Room Temperature,2,,numeric_decimal_standardized;temperature_numeric_standardized;time_numeric_standardized,,0,INCLUDED,,missing_optional_numeric:Volume solvente,MOF_GROUPED_LIGAND_SPLIT_v6.0_seed260730,DEVELOPMENT,Legante,260730
474,4-Methyl-5-imidazolecarboxaldehyde,Non specificata,Zn,Zn(NO3)2·6H2O,DMF,Nessuno,85,24,4,1,4,Solvothermal,2,,numeric_decimal_standardized;temperature_numeric_standardized;time_numeric_standardized,,0,INCLUDED,,missing_optional_numeric:Volume solvente,MOF_GROUPED_LIGAND_SPLIT_v6.0_seed260730,DEVELOPMENT,Legante,260730
475,"Adenine (0.4) / 4,4'-BPDC (0.8)",Non specificata,Zn,Zn(NO3)2·6H2O,DMF,Nessuno,130,24,1.2,1.2,1,Solvothermal,2,,numeric_decimal_standardized;temperature_numeric_standardized;time_numeric_standardized,,0,INCLUDED,,missing_optional_numeric:Volume solvente,MOF_GROUPED_LIGAND_SPLIT_v6.0_seed260730,DEVELOPMENT,Legante,260730
477,"Pyrazine-2,3-dicarboxylic acid",Non specificata,Zn,Zn(NO3)2·6H2O,H2O,Nessuno,140,24,1,2,0.5,Hydrothermal,2,,numeric_decimal_standardized;temperature_numeric_standardized;time_numeric_standardized,,0,INCLUDED,,missing_optional_numeric:Volume solvente,MOF_GROUPED_LIGAND_SPLIT_v6.0_seed260730,DEVELOPMENT,Legante,260730
479,BHB-based tetracarboxylate,Non specificata,Cu,Cu(NO3)2·2.5H2O,DMF/Dioxane,Nessuno,65,48,0.2,0.8,0.25,Solvothermal,2,,temperature_numeric_standardized;time_numeric_standardized,,0,INCLUDED,,missing_optional_numeric:Volume solvente,MOF_GROUPED_LIGAND_SPLIT_v6.0_seed260730,DEVELOPMENT,Legante,260730
480,"2,5-Dihydroxyterephthalic acid",Non specificata,Mg,Mg(OAc)2·4H2O,H2O/THF,Nessuno,110,24,1,3.3,0.303,Solvothermal,2,,numeric_decimal_standardized;solvent_canonicalized;temperature_numeric_standardized;time_numeric_standardized,,0,INCLUDED,,missing_optional_numeric:Volume solvente,MOF_GROUPED_LIGAND_SPLIT_v6.0_seed260730,DEVELOPMENT,Legante,260730
481,"2,6-Naphthalenedicarboxylic acid",Non specificata,Al,Al(NO3)3·9H2O,DMF,Nessuno,120,24,2,2,1,Solvothermal,2,,numeric_decimal_standardized;temperature_numeric_standardized;time_numeric_standardized,,0,INCLUDED,,missing_optional_numeric:Volume solvente,MOF_GROUPED_LIGAND_SPLIT_v6.0_seed260730,DEVELOPMENT,Legante,260730
482,"4,4'-Biphenyldicarboxylic acid",Non specificata,Al,Al(NO3)3·9H2O,DMF,Nessuno,120,24,2,2,1,Solvothermal,2,,numeric_decimal_standardized;temperature_numeric_standardized;time_numeric_standardized,,0,INCLUDED,,missing_optional_numeric:Volume solvente,MOF_GROUPED_LIGAND_SPLIT_v6.0_seed260730,DEVELOPMENT,Legante,260730
483,TCPP,Non specificata,Al,Al(NO3)3·9H2O,H2O,Nessuno,180,24,0.1,0.5,0.2,Hydrothermal,2,,temperature_numeric_standardized;time_numeric_standardized,,0,INCLUDED,,missing_optional_numeric:Volume solvente,MOF_GROUPED_LIGAND_SPLIT_v6.0_seed260730,DEVELOPMENT,Legante,260730
484,Fumaric acid,Non specificata,Zr,ZrOCl2·8H2O,H2O/Formic acid,Nessuno,100,24,2,2,1,Hydrothermal,2,,numeric_decimal_standardized;solvent_canonicalized;temperature_numeric_standardized;time_numeric_standardized,,0,INCLUDED,,missing_optional_numeric:Volume solvente,MOF_GROUPED_LIGAND_SPLIT_v6.0_seed260730,DEVELOPMENT,Legante,260730
485,"1,4-Benzenedicarboxylic acid (H2BDC)",Non specificata,Ce,Ce(NH4)2(NO3)6,DMF,Nessuno,100,15,1,1,1,Solvothermal,2,,numeric_decimal_standardized;temperature_numeric_standardized;time_numeric_standardized,,0,INCLUDED,,missing_optional_numeric:Volume solvente,MOF_GROUPED_LIGAND_SPLIT_v6.0_seed260730,DEVELOPMENT,Legante,260730
486,"1,4-Benzenedicarboxylic acid (H2BDC)",Non specificata,Hf,HfCl4,DMF/HCl,Nessuno,120,24,1,1,1,Solvothermal,2,,numeric_decimal_standardized;temperature_numeric_standardized;time_numeric_standardized,,0,INCLUDED,,missing_optional_numeric:Volume solvente,MOF_GROUPED_LIGAND_SPLIT_v6.0_seed260730,DEVELOPMENT,Legante,260730
487,"4,4'-Biphenyldicarboxylic acid",Non specificata,Hf,HfCl4,DMF/HCl,Nessuno,120,24,0.8,0.8,1,Solvothermal,2,,numeric_decimal_standardized;temperature_numeric_standardized;time_numeric_standardized,,0,INCLUDED,,missing_optional_numeric:Volume solvente,MOF_GROUPED_LIGAND_SPLIT_v6.0_seed260730,DEVELOPMENT,Legante,260730
488,"2,5-Thiophenedicarboxylic acid",Non specificata,Zr,ZrCl4,DMF/Propanol,Nessuno,120,24,1,1,1,Solvothermal,2,,numeric_decimal_standardized;temperature_numeric_standardized;time_numeric_standardized,,0,INCLUDED,,missing_optional_numeric:Volume solvente,MOF_GROUPED_LIGAND_SPLIT_v6.0_seed260730,DEVELOPMENT,Legante,260730
489,TDPAT,Non specificata,Fe,FeCl3,DMF,Nessuno,120,48,0.3,1,0.3,Solvothermal,2,,numeric_decimal_standardized;temperature_numeric_standardized;time_numeric_standardized,,0,INCLUDED,,missing_optional_numeric:Volume solvente,MOF_GROUPED_LIGAND_SPLIT_v6.0_seed260730,DEVELOPMENT,Legante,260730
490,TCPP,Non specificata,Zr,ZrCl4,DMF,Nessuno,120,24,0.05,0.3,0.1667,Solvothermal,2,,temperature_numeric_standardized;time_numeric_standardized,,0,INCLUDED,,missing_optional_numeric:Volume solvente,MOF_GROUPED_LIGAND_SPLIT_v6.0_seed260730,DEVELOPMENT,Legante,260730
491,TCPP,Non specificata,Zr,ZrOCl2·8H2O,DMF/Benzoic acid,Nessuno,120,24,0.05,0.3,0.1667,Solvothermal,2,,temperature_numeric_standardized;time_numeric_standardized;exact_duplicate_candidate,DUP_017,0,INCLUDED,,duplicate_representative_retained;missing_optional_numeric:Volume solvente,MOF_GROUPED_LIGAND_SPLIT_v6.0_seed260730,DEVELOPMENT,Legante,260730
494,H4TBAPy derivative,Non specificata,Zr,ZrOCl2·8H2O,DMF/TFA,Nessuno,120,24,0.05,0.25,0.2,Solvothermal,2,,temperature_numeric_standardized;time_numeric_standardized,,0,INCLUDED,,missing_optional_numeric:Volume solvente,MOF_GROUPED_LIGAND_SPLIT_v6.0_seed260730,DEVELOPMENT,Legante,260730
500,"4,4'-Bipyridine (0.5) / H2BDC (0.5)",Non specificata,Cd,Cd(NO3)2·4H2O,DMF,Nessuno,100,48,1,1,1,Solvothermal,2,,numeric_decimal_standardized;temperature_numeric_standardized;time_numeric_standardized,,0,INCLUDED,,missing_optional_numeric:Volume solvente,MOF_GROUPED_LIGAND_SPLIT_v6.0_seed260730,DEVELOPMENT,Legante,260730
501,2-Fluoroterephthalic acid,Non specificata,Zr,ZrCl4,DMF/HCl,HCl,120,24,1,1,1,Solvothermal,2,,numeric_decimal_standardized;temperature_numeric_standardized;time_numeric_standardized,,0,INCLUDED,,missing_optional_numeric:Volume solvente,MOF_GROUPED_LIGAND_SPLIT_v6.0_seed260730,DEVELOPMENT,Legante,260730
502,"1,2,4,5-Benzenetetracarboxylic acid",Non specificata,Zr,ZrOCl2·8H2O,DMF/H2O,Acido acetico,100,24,0.5,1,0.5,Solvothermal,2,,additive_canonicalized;numeric_decimal_standardized;solvent_canonicalized;temperature_numeric_standardized;time_numeric_standardized,,0,INCLUDED,,missing_optional_numeric:Volume solvente,MOF_GROUPED_LIGAND_SPLIT_v6.0_seed260730,DEVELOPMENT,Legante,260730
503,2-Sulfoterephthalic acid monosodium salt,Non specificata,Zr,ZrCl4,DMF/HCl,HCl,120,24,1,1,1,Solvothermal,2,,numeric_decimal_standardized;temperature_numeric_standardized;time_numeric_standardized,,0,INCLUDED,,missing_optional_numeric:Volume solvente,MOF_GROUPED_LIGAND_SPLIT_v6.0_seed260730,DEVELOPMENT,Legante,260730
504,"2,5-Dihydroxyterephthalic acid",Non specificata,Zr,ZrOCl2·8H2O,DMF/H2O,Acido benzoico,120,24,1,1,1,Solvothermal,2,,additive_canonicalized;numeric_decimal_standardized;solvent_canonicalized;temperature_numeric_standardized;time_numeric_standardized,,0,INCLUDED,,missing_optional_numeric:Volume solvente,MOF_GROUPED_LIGAND_SPLIT_v6.0_seed260730,DEVELOPMENT,Legante,260730
505,"1,4-Benzenedicarboxylic acid (H2BDC)",Non specificata,Ce,Ce(NH4)2(NO3)6,DMF,Acido formico,100,15,1,1,1,Solvothermal,2,,additive_canonicalized;numeric_decimal_standardized;temperature_numeric_standardized;time_numeric_standardized,,0,INCLUDED,,missing_optional_numeric:Volume solvente,MOF_GROUPED_LIGAND_SPLIT_v6.0_seed260730,DEVELOPMENT,Legante,260730
507,"2,5-Dimethylterephthalic acid",Non specificata,Zr,ZrCl4,DMF/HCl,HCl,120,24,1,1,1,Solvothermal,2,,numeric_decimal_standardized;temperature_numeric_standardized;time_numeric_standardized,,0,INCLUDED,,missing_optional_numeric:Volume solvente,MOF_GROUPED_LIGAND_SPLIT_v6.0_seed260730,DEVELOPMENT,Legante,260730
508,"2,5-Dinitroterephthalic acid",Non specificata,Zr,ZrCl4,DMF/HCl,HCl,120,24,1,1,1,Solvothermal,2,,numeric_decimal_standardized;temperature_numeric_standardized;time_numeric_standardized,,0,INCLUDED,,missing_optional_numeric:Volume solvente,MOF_GROUPED_LIGAND_SPLIT_v6.0_seed260730,DEVELOPMENT,Legante,260730
509,"2-Amino-[1,1'-biphenyl]-4,4'-dicarboxylic acid",Non specificata,Zr,ZrCl4,DMF/HCl,HCl,120,24,0.5,0.5,1,Solvothermal,2,,numeric_decimal_standardized;temperature_numeric_standardized;time_numeric_standardized,,0,INCLUDED,,missing_optional_numeric:Volume solvente,MOF_GROUPED_LIGAND_SPLIT_v6.0_seed260730,DEVELOPMENT,Legante,260730
510,"3,3'-Dimethyl-[1,1'-biphenyl]-4,4'-dicarboxylic acid",Non specificata,Zr,ZrCl4,DMF/HCl,Acido benzoico,120,24,0.5,0.5,1,Solvothermal,2,,additive_canonicalized;numeric_decimal_standardized;temperature_numeric_standardized;time_numeric_standardized,,0,INCLUDED,,missing_optional_numeric:Volume solvente,MOF_GROUPED_LIGAND_SPLIT_v6.0_seed260730,DEVELOPMENT,Legante,260730
511,"2'-Amino-[1,1':4',1''-terphenyl]-4,4''-dicarboxylic acid",Non specificata,Zr,ZrCl4,DMF/HCl,Acido benzoico,120,24,0.3,0.3,1,Solvothermal,2,,additive_canonicalized;numeric_decimal_standardized;temperature_numeric_standardized;time_numeric_standardized,,0,INCLUDED,,missing_optional_numeric:Volume solvente,MOF_GROUPED_LIGAND_SPLIT_v6.0_seed260730,DEVELOPMENT,Legante,260730
512,"2,6-Naphthalenedicarboxylic acid",Non specificata,Zr,ZrCl4,DMF/Acetic acid,Acido acetico,120,24,1,1,1,Solvothermal,2,,additive_canonicalized;numeric_decimal_standardized;temperature_numeric_standardized;time_numeric_standardized,,0,INCLUDED,,missing_optional_numeric:Volume solvente,MOF_GROUPED_LIGAND_SPLIT_v6.0_seed260730,DEVELOPMENT,Legante,260730
513,"2,6-Naphthalenedicarboxylic acid",Non specificata,Hf,HfCl4,DMF/Acetic acid,Acido acetico,120,24,1,1,1,Solvothermal,2,,additive_canonicalized;numeric_decimal_standardized;temperature_numeric_standardized;time_numeric_standardized,,0,INCLUDED,,missing_optional_numeric:Volume solvente,MOF_GROUPED_LIGAND_SPLIT_v6.0_seed260730,DEVELOPMENT,Legante,260730
514,Fumaric acid,Non specificata,Zr,ZrOCl2·8H2O,H2O/Formic acid,Acido formico,100,24,2,2,1,Hydrothermal,2,,additive_canonicalized;numeric_decimal_standardized;solvent_canonicalized;temperature_numeric_standardized;time_numeric_standardized,,0,INCLUDED,,missing_optional_numeric:Volume solvente,MOF_GROUPED_LIGAND_SPLIT_v6.0_seed260730,DEVELOPMENT,Legante,260730
515,Fumaric acid,Non specificata,Hf,HfCl4,DMF/Formic acid,Acido formico,120,24,2,2,1,Solvothermal,2,,additive_canonicalized;numeric_decimal_standardized;temperature_numeric_standardized;time_numeric_standardized,,0,INCLUDED,,missing_optional_numeric:Volume solvente,MOF_GROUPED_LIGAND_SPLIT_v6.0_seed260730,DEVELOPMENT,Legante,260730
516,5-Aminoisophthalic acid,Non specificata,Zr,ZrOCl2·8H2O,DMF/Formic acid,Acido formico,100,24,0.5,1,0.5,Solvothermal,2,,additive_canonicalized;numeric_decimal_standardized;temperature_numeric_standardized;time_numeric_standardized,,0,INCLUDED,,missing_optional_numeric:Volume solvente,MOF_GROUPED_LIGAND_SPLIT_v6.0_seed260730,DEVELOPMENT,Legante,260730
518,"Pyrazole-3,5-dicarboxylic acid",Non specificata,Hf,HfCl4,DMF/Formic acid,Acido formico,120,24,1,1,1,Solvothermal,2,,additive_canonicalized;numeric_decimal_standardized;temperature_numeric_standardized;time_numeric_standardized,,0,INCLUDED,,missing_optional_numeric:Volume solvente,MOF_GROUPED_LIGAND_SPLIT_v6.0_seed260730,DEVELOPMENT,Legante,260730
519,"1,3,6,8-tetrakis(p-benzoic acid)pyrene",Non specificata,Hf,HfCl4,DMF/TFA,TFA,120,18,0.06,0.3,0.2,Solvothermal,2,,temperature_numeric_standardized;time_numeric_standardized,,0,INCLUDED,,missing_optional_numeric:Volume solvente,MOF_GROUPED_LIGAND_SPLIT_v6.0_seed260730,DEVELOPMENT,Legante,260730
520,"1,3,6,8-tetrakis(p-benzoic acid)pyrene",Non specificata,Zr,ZrOCl2·8H2O,DMF/Benzoic acid,Acido benzoico,120,18,0.05,0.25,0.2,Solvothermal,2,,additive_canonicalized;temperature_numeric_standardized;time_numeric_standardized,,0,INCLUDED,,missing_optional_numeric:Volume solvente,MOF_GROUPED_LIGAND_SPLIT_v6.0_seed260730,DEVELOPMENT,Legante,260730
521,2-Methylimidazole,Non specificata,Co,Co(NO3)2·6H2O,H2O/MeOH,Acido formico,150,12,4,2.5,1.6,Precipitation,2,,additive_canonicalized;numeric_decimal_standardized;solvent_canonicalized;temperature_numeric_standardized;time_numeric_standardized,,0,INCLUDED,,missing_optional_numeric:Volume solvente,MOF_GROUPED_LIGAND_SPLIT_v6.0_seed260730,DEVELOPMENT,Legante,260730
522,Benzimidazole,Non specificata,Co,Co(OAc)2·4H2O,MeCN,Acido benzoico,25,48,2,2.5,0.8,Room Temperature,2,,additive_canonicalized;numeric_decimal_standardized;temperature_numeric_standardized;time_numeric_standardized,,0,INCLUDED,,missing_optional_numeric:Volume solvente,MOF_GROUPED_LIGAND_SPLIT_v6.0_seed260730,DEVELOPMENT,Legante,260730
524,"2,5-Dihydroxyterephthalic acid (H4DOBDC)",Non specificata,Ni,Ni(OAc)2·4H2O,DEF,Trietilammina (TEA),100,48,1,5,0.2,Sonochemical,2,,additive_canonicalized;numeric_decimal_standardized;temperature_numeric_standardized;time_numeric_standardized,,0,INCLUDED,,missing_optional_numeric:Volume solvente,MOF_GROUPED_LIGAND_SPLIT_v6.0_seed260730,DEVELOPMENT,Legante,260730
525,"4,4'-Biphenyldicarboxylic acid (H2BPDC)",Non specificata,Fe,FeCl3·6H2O,MeOH,Trietilammina (TEA),120,4,1.5,5,0.3,Solvothermal,2,,additive_canonicalized;numeric_decimal_standardized;temperature_numeric_standardized;time_numeric_standardized,,0,INCLUDED,,missing_optional_numeric:Volume solvente,MOF_GROUPED_LIGAND_SPLIT_v6.0_seed260730,DEVELOPMENT,Legante,260730
526,"2,6-Naphthalenedicarboxylic acid (2,6-NDC)",Non specificata,Fe,Fe(NO3)3·9H2O,EtOH,HNO3,130,4,1.5,5,0.3,Hydrothermal,2,,numeric_decimal_standardized;temperature_numeric_standardized;time_numeric_standardized,,0,INCLUDED,,missing_optional_numeric:Volume solvente,MOF_GROUPED_LIGAND_SPLIT_v6.0_seed260730,DEVELOPMENT,Legante,260730
527,Fumaric acid,Non specificata,Al,Al(NO3)3·9H2O,H2O,Nessuno,60,24,1.5,2.5,0.6,Precipitation,2,,temperature_numeric_standardized;time_numeric_standardized,,0,INCLUDED,,missing_optional_numeric:Volume solvente,MOF_GROUPED_LIGAND_SPLIT_v6.0_seed260730,DEVELOPMENT,Legante,260730
528,Isophthalic acid,Non specificata,Al,AlCl3·6H2O,DMF/H2O/EtOH,Acido benzoico,25,2,1,1.5,0.6667,Room Temperature,2,,additive_canonicalized;numeric_decimal_standardized;solvent_canonicalized;temperature_numeric_standardized;time_numeric_standardized,,0,INCLUDED,,missing_optional_numeric:Volume solvente,MOF_GROUPED_LIGAND_SPLIT_v6.0_seed260730,DEVELOPMENT,Legante,260730
529,5-Nitroisophthalic acid,Non specificata,Zr,ZrCl4,DMF/H2O,Acido formico,85,36,0.25,2,0.125,Microwave,2,,additive_canonicalized;numeric_decimal_standardized;temperature_numeric_standardized;time_numeric_standardized,,0,INCLUDED,,missing_optional_numeric:Volume solvente,MOF_GROUPED_LIGAND_SPLIT_v6.0_seed260730,DEVELOPMENT,Legante,260730
530,5-Aminoisophthalic acid,Non specificata,Zr,ZrOCl2·8H2O,DMA,Nessuno,120,6,2,4,0.5,Sonochemical,2,,numeric_decimal_standardized;temperature_numeric_standardized;time_numeric_standardized,,0,INCLUDED,,missing_optional_numeric:Volume solvente,MOF_GROUPED_LIGAND_SPLIT_v6.0_seed260730,DEVELOPMENT,Legante,260730
531,Imidazole-2-carboxaldehyde,Non specificata,Mg,Mg(NO3)2·6H2O,H2O/THF,HCl,150,4,0.25,2,0.125,Solvothermal,2,,numeric_decimal_standardized;solvent_canonicalized;temperature_numeric_standardized;time_numeric_standardized,,0,INCLUDED,,missing_optional_numeric:Volume solvente,MOF_GROUPED_LIGAND_SPLIT_v6.0_seed260730,DEVELOPMENT,Legante,260730
532,"4,4',4''-Triaminotriphenylamine",Non specificata,Mn,Mn(OAc)2·4H2O,H2O/MeOH,Acido acetico,80,72,2,1,2,Hydrothermal,2,,additive_canonicalized;numeric_decimal_standardized;solvent_canonicalized;temperature_numeric_standardized;time_numeric_standardized,,0,INCLUDED,,missing_optional_numeric:Volume solvente,MOF_GROUPED_LIGAND_SPLIT_v6.0_seed260730,DEVELOPMENT,Legante,260730
534,"Pyrazine-2,3-dicarboxylic acid",Non specificata,Zn,Zn(OAc)2·2H2O,DMF,HCl,25,6,0.25,3,0.0833,Room Temperature,2,,numeric_decimal_standardized;temperature_numeric_standardized;time_numeric_standardized,,0,INCLUDED,,missing_optional_numeric:Volume solvente,MOF_GROUPED_LIGAND_SPLIT_v6.0_seed260730,DEVELOPMENT,Legante,260730
535,"4,4'-Bipyridine",Non specificata,Cu,Cu(NO3)2·2.5H2O,DEF,Trietilammina (TEA),80,48,0.5,2,0.25,Microwave,2,,additive_canonicalized;numeric_decimal_standardized;temperature_numeric_standardized;time_numeric_standardized,,0,INCLUDED,,missing_optional_numeric:Volume solvente,MOF_GROUPED_LIGAND_SPLIT_v6.0_seed260730,DEVELOPMENT,Legante,260730
536,"1,2,4-Triazole",Non specificata,Cu,Cu(OAc)2·H2O,MeOH,Trietilammina (TEA),130,24,1.5,1,1.5,Sonochemical,2,,additive_canonicalized;numeric_decimal_standardized;temperature_numeric_standardized;time_numeric_standardized,,0,INCLUDED,,missing_optional_numeric:Volume solvente,MOF_GROUPED_LIGAND_SPLIT_v6.0_seed260730,DEVELOPMENT,Legante,260730
537,"1,4-Benzenedicarboxylic acid (H2BDC)",Non specificata,Co,Co(NO3)2·6H2O,EtOH,HCl,80,4,3,1,3,Solvothermal,2,,numeric_decimal_standardized;temperature_numeric_standardized;time_numeric_standardized,,0,INCLUDED,,missing_optional_numeric:Volume solvente,MOF_GROUPED_LIGAND_SPLIT_v6.0_seed260730,DEVELOPMENT,Legante,260730
539,2-Methylimidazole,Non specificata,Ni,Ni(NO3)2·6H2O,DMF/H2O/EtOH,Acido acetico,180,18,2,5,0.4,Precipitation,2,,additive_canonicalized;numeric_decimal_standardized;solvent_canonicalized;temperature_numeric_standardized;time_numeric_standardized,,0,INCLUDED,,missing_optional_numeric:Volume solvente,MOF_GROUPED_LIGAND_SPLIT_v6.0_seed260730,DEVELOPMENT,Legante,260730
540,Benzimidazole,Non specificata,Ni,Ni(OAc)2·4H2O,DMF/H2O,Nessuno,25,18,0.5,5,0.1,Room Temperature,2,,numeric_decimal_standardized;temperature_numeric_standardized;time_numeric_standardized,,0,INCLUDED,,missing_optional_numeric:Volume solvente,MOF_GROUPED_LIGAND_SPLIT_v6.0_seed260730,DEVELOPMENT,Legante,260730
542,"2,5-Dihydroxyterephthalic acid (H4DOBDC)",Non specificata,Fe,Fe(NO3)3·9H2O,H2O/THF,Acido formico,180,2,4,2,2,Sonochemical,2,,additive_canonicalized;numeric_decimal_standardized;solvent_canonicalized;temperature_numeric_standardized;time_numeric_standardized,,0,INCLUDED,,missing_optional_numeric:Volume solvente,MOF_GROUPED_LIGAND_SPLIT_v6.0_seed260730,DEVELOPMENT,Legante,260730
543,"4,4'-Biphenyldicarboxylic acid (H2BPDC)",Non specificata,Al,Al(NO3)3·9H2O,H2O/MeOH,Acido formico,85,2,1,5,0.2,Solvothermal,2,,additive_canonicalized;numeric_decimal_standardized;solvent_canonicalized;temperature_numeric_standardized;time_numeric_standardized,,0,INCLUDED,,missing_optional_numeric:Volume solvente,MOF_GROUPED_LIGAND_SPLIT_v6.0_seed260730,DEVELOPMENT,Legante,260730
544,"2,6-Naphthalenedicarboxylic acid (2,6-NDC)",Non specificata,Al,AlCl3·6H2O,MeCN,Acido acetico,60,18,4,1,4,Hydrothermal,2,,additive_canonicalized;numeric_decimal_standardized;temperature_numeric_standardized;time_numeric_standardized,,0,INCLUDED,,missing_optional_numeric:Volume solvente,MOF_GROUPED_LIGAND_SPLIT_v6.0_seed260730,DEVELOPMENT,Legante,260730
545,Fumaric acid,Non specificata,Zr,ZrCl4,DMF,Acido acetico,200,36,1.5,0.5,3,Precipitation,2,,additive_canonicalized;numeric_decimal_standardized;temperature_numeric_standardized;time_numeric_standardized,,0,INCLUDED,,missing_optional_numeric:Volume solvente,MOF_GROUPED_LIGAND_SPLIT_v6.0_seed260730,DEVELOPMENT,Legante,260730
546,Isophthalic acid,Non specificata,Zr,ZrOCl2·8H2O,DEF,Acido benzoico,25,2,4,5,0.8,Room Temperature,2,,additive_canonicalized;numeric_decimal_standardized;temperature_numeric_standardized;time_numeric_standardized,,0,INCLUDED,,missing_optional_numeric:Volume solvente,MOF_GROUPED_LIGAND_SPLIT_v6.0_seed260730,DEVELOPMENT,Legante,260730
547,5-Nitroisophthalic acid,Non specificata,Mg,Mg(NO3)2·6H2O,MeOH,Trietilammina (TEA),180,18,1.5,1.5,1,Microwave,2,,additive_canonicalized;numeric_decimal_standardized;temperature_numeric_standardized;time_numeric_standardized,,0,INCLUDED,,missing_optional_numeric:Volume solvente,MOF_GROUPED_LIGAND_SPLIT_v6.0_seed260730,DEVELOPMENT,Legante,260730
548,5-Aminoisophthalic acid,Non specificata,Mn,Mn(OAc)2·4H2O,EtOH,Acido benzoico,85,2,2,1.5,1.3333,Sonochemical,2,,additive_canonicalized;numeric_decimal_standardized;temperature_numeric_standardized;time_numeric_standardized,,0,INCLUDED,,missing_optional_numeric:Volume solvente,MOF_GROUPED_LIGAND_SPLIT_v6.0_seed260730,DEVELOPMENT,Legante,260730
549,Imidazole-2-carboxaldehyde,Non specificata,Zn,Zn(NO3)2·6H2O,H2O,Acido benzoico,85,2,0.5,2.5,0.2,Solvothermal,2,,additive_canonicalized;temperature_numeric_standardized;time_numeric_standardized,,0,INCLUDED,,missing_optional_numeric:Volume solvente,MOF_GROUPED_LIGAND_SPLIT_v6.0_seed260730,DEVELOPMENT,Legante,260730
550,"4,4',4''-Triaminotriphenylamine",Non specificata,Zn,Zn(OAc)2·2H2O,DMF/H2O/EtOH,Acido acetico,150,72,4,4,1,Hydrothermal,2,,additive_canonicalized;numeric_decimal_standardized;solvent_canonicalized;temperature_numeric_standardized;time_numeric_standardized,,0,INCLUDED,,missing_optional_numeric:Volume solvente,MOF_GROUPED_LIGAND_SPLIT_v6.0_seed260730,DEVELOPMENT,Legante,260730
552,"Pyrazine-2,3-dicarboxylic acid",Non specificata,Cu,Cu(OAc)2·H2O,DMA,Acido benzoico,25,12,2,3,0.6667,Room Temperature,2,,additive_canonicalized;numeric_decimal_standardized;temperature_numeric_standardized;time_numeric_standardized,,0,INCLUDED,,missing_optional_numeric:Volume solvente,MOF_GROUPED_LIGAND_SPLIT_v6.0_seed260730,DEVELOPMENT,Legante,260730
553,"4,4'-Bipyridine",Non specificata,Co,Co(NO3)2·6H2O,H2O/THF,Acido formico,150,12,4,2.5,1.6,Microwave,2,,additive_canonicalized;numeric_decimal_standardized;solvent_canonicalized;temperature_numeric_standardized;time_numeric_standardized,,0,INCLUDED,,missing_optional_numeric:Volume solvente,MOF_GROUPED_LIGAND_SPLIT_v6.0_seed260730,DEVELOPMENT,Legante,260730
554,"1,2,4-Triazole",Non specificata,Co,Co(OAc)2·4H2O,H2O/MeOH,Acido acetico,85,24,0.5,2,0.25,Sonochemical,2,,additive_canonicalized;numeric_decimal_standardized;solvent_canonicalized;temperature_numeric_standardized;time_numeric_standardized,,0,INCLUDED,,missing_optional_numeric:Volume solvente,MOF_GROUPED_LIGAND_SPLIT_v6.0_seed260730,DEVELOPMENT,Legante,260730
555,"1,4-Benzenedicarboxylic acid (H2BDC)",Non specificata,Ni,Ni(NO3)2·6H2O,MeCN,HCl,200,18,1.5,3,0.5,Solvothermal,2,,numeric_decimal_standardized;temperature_numeric_standardized;time_numeric_standardized,,0,INCLUDED,,missing_optional_numeric:Volume solvente,MOF_GROUPED_LIGAND_SPLIT_v6.0_seed260730,DEVELOPMENT,Legante,260730
557,2-Methylimidazole,Non specificata,Fe,FeCl3·6H2O,DEF,Trietilammina (TEA),60,2,1,0.5,2,Precipitation,2,,additive_canonicalized;numeric_decimal_standardized;temperature_numeric_standardized;time_numeric_standardized,,0,INCLUDED,,missing_optional_numeric:Volume solvente,MOF_GROUPED_LIGAND_SPLIT_v6.0_seed260730,DEVELOPMENT,Legante,260730
558,Benzimidazole,Non specificata,Fe,Fe(NO3)3·9H2O,MeOH,Nessuno,25,72,2,2,1,Room Temperature,2,,numeric_decimal_standardized;temperature_numeric_standardized;time_numeric_standardized,,0,INCLUDED,,missing_optional_numeric:Volume solvente,MOF_GROUPED_LIGAND_SPLIT_v6.0_seed260730,DEVELOPMENT,Legante,260730
560,"2,5-Dihydroxyterephthalic acid (H4DOBDC)",Non specificata,Al,AlCl3·6H2O,H2O,HCl,120,2,0.5,1.5,0.3333,Sonochemical,2,,temperature_numeric_standardized;time_numeric_standardized,,0,INCLUDED,,missing_optional_numeric:Volume solvente,MOF_GROUPED_LIGAND_SPLIT_v6.0_seed260730,DEVELOPMENT,Legante,260730
561,"4,4'-Biphenyldicarboxylic acid (H2BPDC)",Non specificata,Zr,ZrCl4,DMF/H2O/EtOH,HCl,180,24,0.25,5,0.05,Solvothermal,2,,numeric_decimal_standardized;solvent_canonicalized;temperature_numeric_standardized;time_numeric_standardized,,0,INCLUDED,,missing_optional_numeric:Volume solvente,MOF_GROUPED_LIGAND_SPLIT_v6.0_seed260730,DEVELOPMENT,Legante,260730
562,"2,6-Naphthalenedicarboxylic acid (2,6-NDC)",Non specificata,Zr,ZrOCl2·8H2O,DMF/H2O,HCl,60,2,1.5,1,1.5,Hydrothermal,2,,numeric_decimal_standardized;temperature_numeric_standardized;time_numeric_standardized,,0,INCLUDED,,missing_optional_numeric:Volume solvente,MOF_GROUPED_LIGAND_SPLIT_v6.0_seed260730,DEVELOPMENT,Legante,260730
563,Fumaric acid,Non specificata,Mg,Mg(NO3)2·6H2O,DMA,HNO3,150,4,0.25,1.5,0.1667,Precipitation,2,,temperature_numeric_standardized;time_numeric_standardized,,0,INCLUDED,,missing_optional_numeric:Volume solvente,MOF_GROUPED_LIGAND_SPLIT_v6.0_seed260730,DEVELOPMENT,Legante,260730
564,Isophthalic acid,Non specificata,Mn,Mn(OAc)2·4H2O,H2O/THF,Acido formico,25,2,0.25,5,0.05,Room Temperature,2,,additive_canonicalized;numeric_decimal_standardized;solvent_canonicalized;temperature_numeric_standardized;time_numeric_standardized,,0,INCLUDED,,missing_optional_numeric:Volume solvente,MOF_GROUPED_LIGAND_SPLIT_v6.0_seed260730,DEVELOPMENT,Legante,260730
565,5-Nitroisophthalic acid,Non specificata,Zn,Zn(NO3)2·6H2O,H2O/MeOH,Trietilammina (TEA),60,4,1.5,1,1.5,Microwave,2,,additive_canonicalized;numeric_decimal_standardized;solvent_canonicalized;temperature_numeric_standardized;time_numeric_standardized,,0,INCLUDED,,missing_optional_numeric:Volume solvente,MOF_GROUPED_LIGAND_SPLIT_v6.0_seed260730,DEVELOPMENT,Legante,260730
566,5-Aminoisophthalic acid,Non specificata,Zn,Zn(OAc)2·2H2O,MeCN,Nessuno,150,18,0.25,5,0.05,Sonochemical,2,,numeric_decimal_standardized;temperature_numeric_standardized;time_numeric_standardized,,0,INCLUDED,,missing_optional_numeric:Volume solvente,MOF_GROUPED_LIGAND_SPLIT_v6.0_seed260730,DEVELOPMENT,Legante,260730
567,Imidazole-2-carboxaldehyde,Non specificata,Cu,Cu(NO3)2·2.5H2O,DMF,Acido acetico,85,4,1.5,2.5,0.6,Solvothermal,2,,additive_canonicalized;temperature_numeric_standardized;time_numeric_standardized,,0,INCLUDED,,missing_optional_numeric:Volume solvente,MOF_GROUPED_LIGAND_SPLIT_v6.0_seed260730,DEVELOPMENT,Legante,260730
568,"4,4',4''-Triaminotriphenylamine",Non specificata,Cu,Cu(OAc)2·H2O,DEF,Acido formico,130,36,4,2,2,Hydrothermal,2,,additive_canonicalized;numeric_decimal_standardized;temperature_numeric_standardized;time_numeric_standardized,,0,INCLUDED,,missing_optional_numeric:Volume solvente,MOF_GROUPED_LIGAND_SPLIT_v6.0_seed260730,DEVELOPMENT,Legante,260730
570,"Pyrazine-2,3-dicarboxylic acid",Non specificata,Co,Co(OAc)2·4H2O,EtOH,Trietilammina (TEA),25,12,3,1,3,Room Temperature,2,,additive_canonicalized;numeric_decimal_standardized;temperature_numeric_standardized;time_numeric_standardized,,0,INCLUDED,,missing_optional_numeric:Volume solvente,MOF_GROUPED_LIGAND_SPLIT_v6.0_seed260730,DEVELOPMENT,Legante,260730
571,"4,4'-Bipyridine",Non specificata,Ni,Ni(NO3)2·6H2O,H2O,Trietilammina (TEA),60,72,1,2,0.5,Microwave,2,,additive_canonicalized;numeric_decimal_standardized;temperature_numeric_standardized;time_numeric_standardized,,0,INCLUDED,,missing_optional_numeric:Volume solvente,MOF_GROUPED_LIGAND_SPLIT_v6.0_seed260730,DEVELOPMENT,Legante,260730
572,"1,2,4-Triazole",Non specificata,Ni,Ni(OAc)2·4H2O,DMF/H2O/EtOH,HCl,85,12,1,2,0.5,Sonochemical,2,,numeric_decimal_standardized;solvent_canonicalized;temperature_numeric_standardized;time_numeric_standardized,,0,INCLUDED,,missing_optional_numeric:Volume solvente,MOF_GROUPED_LIGAND_SPLIT_v6.0_seed260730,DEVELOPMENT,Legante,260730
573,"1,4-Benzenedicarboxylic acid (H2BDC)",Non specificata,Fe,FeCl3·6H2O,DMF/H2O,HCl,85,6,1,4,0.25,Solvothermal,2,,numeric_decimal_standardized;temperature_numeric_standardized;time_numeric_standardized,,0,INCLUDED,,missing_optional_numeric:Volume solvente,MOF_GROUPED_LIGAND_SPLIT_v6.0_seed260730,DEVELOPMENT,Legante,260730
575,2-Methylimidazole,Non specificata,Al,Al(NO3)3·9H2O,H2O/THF,HCl,80,48,1,0.5,2,Precipitation,2,,numeric_decimal_standardized;solvent_canonicalized;temperature_numeric_standardized;time_numeric_standardized,,0,INCLUDED,,missing_optional_numeric:Volume solvente,MOF_GROUPED_LIGAND_SPLIT_v6.0_seed260730,DEVELOPMENT,Legante,260730
576,Benzimidazole,Non specificata,Al,AlCl3·6H2O,H2O/MeOH,Acido benzoico,25,72,0.5,0.5,1,Room Temperature,2,,additive_canonicalized;numeric_decimal_standardized;solvent_canonicalized;temperature_numeric_standardized;time_numeric_standardized,,0,INCLUDED,,missing_optional_numeric:Volume solvente,MOF_GROUPED_LIGAND_SPLIT_v6.0_seed260730,DEVELOPMENT,Legante,260730
578,"2,5-Dihydroxyterephthalic acid (H4DOBDC)",Non specificata,Zr,ZrOCl2·8H2O,DMF,Trietilammina (TEA),100,2,0.25,1,0.25,Sonochemical,2,,additive_canonicalized;numeric_decimal_standardized;temperature_numeric_standardized;time_numeric_standardized,,0,INCLUDED,,missing_optional_numeric:Volume solvente,MOF_GROUPED_LIGAND_SPLIT_v6.0_seed260730,DEVELOPMENT,Legante,260730
579,"4,4'-Biphenyldicarboxylic acid (H2BPDC)",Non specificata,Mg,Mg(NO3)2·6H2O,DEF,Acido benzoico,120,18,1,5,0.2,Solvothermal,2,,additive_canonicalized;numeric_decimal_standardized;temperature_numeric_standardized;time_numeric_standardized,,0,INCLUDED,,missing_optional_numeric:Volume solvente,MOF_GROUPED_LIGAND_SPLIT_v6.0_seed260730,DEVELOPMENT,Legante,260730
580,"2,6-Naphthalenedicarboxylic acid (2,6-NDC)",Non specificata,Mn,Mn(OAc)2·4H2O,MeOH,Acido formico,200,72,1,1.5,0.6667,Hydrothermal,2,,additive_canonicalized;numeric_decimal_standardized;temperature_numeric_standardized;time_numeric_standardized,,0,INCLUDED,,missing_optional_numeric:Volume solvente,MOF_GROUPED_LIGAND_SPLIT_v6.0_seed260730,DEVELOPMENT,Legante,260730
581,Fumaric acid,Non specificata,Zn,Zn(NO3)2·6H2O,EtOH,HCl,100,48,0.25,3,0.0833,Precipitation,2,,numeric_decimal_standardized;temperature_numeric_standardized;time_numeric_standardized,,0,INCLUDED,,missing_optional_numeric:Volume solvente,MOF_GROUPED_LIGAND_SPLIT_v6.0_seed260730,DEVELOPMENT,Legante,260730
582,Isophthalic acid,Non specificata,Zn,Zn(OAc)2·2H2O,H2O,Trietilammina (TEA),25,2,1.5,5,0.3,Room Temperature,2,,additive_canonicalized;numeric_decimal_standardized;temperature_numeric_standardized;time_numeric_standardized,,0,INCLUDED,,missing_optional_numeric:Volume solvente,MOF_GROUPED_LIGAND_SPLIT_v6.0_seed260730,DEVELOPMENT,Legante,260730
583,5-Nitroisophthalic acid,Non specificata,Cu,Cu(NO3)2·2.5H2O,DMF/H2O/EtOH,Trietilammina (TEA),180,12,1,3,0.3333,Microwave,2,,additive_canonicalized;numeric_decimal_standardized;solvent_canonicalized;temperature_numeric_standardized;time_numeric_standardized,,0,INCLUDED,,missing_optional_numeric:Volume solvente,MOF_GROUPED_LIGAND_SPLIT_v6.0_seed260730,DEVELOPMENT,Legante,260730
584,5-Aminoisophthalic acid,Non specificata,Cu,Cu(OAc)2·H2O,DMF/H2O,Acido acetico,200,6,2,0.5,4,Sonochemical,2,,additive_canonicalized;numeric_decimal_standardized;temperature_numeric_standardized;time_numeric_standardized,,0,INCLUDED,,missing_optional_numeric:Volume solvente,MOF_GROUPED_LIGAND_SPLIT_v6.0_seed260730,DEVELOPMENT,Legante,260730
585,Imidazole-2-carboxaldehyde,Non specificata,Co,Co(NO3)2·6H2O,DMA,HNO3,80,4,1,3,0.3333,Solvothermal,2,,numeric_decimal_standardized;temperature_numeric_standardized;time_numeric_standardized,,0,INCLUDED,,missing_optional_numeric:Volume solvente,MOF_GROUPED_LIGAND_SPLIT_v6.0_seed260730,DEVELOPMENT,Legante,260730
586,"4,4',4''-Triaminotriphenylamine",Non specificata,Co,Co(OAc)2·4H2O,H2O/THF,Nessuno,200,12,1.5,0.5,3,Hydrothermal,2,,numeric_decimal_standardized;solvent_canonicalized;temperature_numeric_standardized;time_numeric_standardized,,0,INCLUDED,,missing_optional_numeric:Volume solvente,MOF_GROUPED_LIGAND_SPLIT_v6.0_seed260730,DEVELOPMENT,Legante,260730
588,"Pyrazine-2,3-dicarboxylic acid",Non specificata,Ni,Ni(OAc)2·4H2O,MeCN,HCl,25,2,0.25,5,0.05,Room Temperature,2,,numeric_decimal_standardized;temperature_numeric_standardized;time_numeric_standardized,,0,INCLUDED,,missing_optional_numeric:Volume solvente,MOF_GROUPED_LIGAND_SPLIT_v6.0_seed260730,DEVELOPMENT,Legante,260730
589,"4,4'-Bipyridine",Non specificata,Fe,FeCl3·6H2O,DMF,Trietilammina (TEA),85,24,3,4,0.75,Microwave,2,,additive_canonicalized;numeric_decimal_standardized;temperature_numeric_standardized;time_numeric_standardized,,0,INCLUDED,,missing_optional_numeric:Volume solvente,MOF_GROUPED_LIGAND_SPLIT_v6.0_seed260730,DEVELOPMENT,Legante,260730
590,"1,2,4-Triazole",Non specificata,Fe,Fe(NO3)3·9H2O,DEF,Trietilammina (TEA),130,24,1,2.5,0.4,Sonochemical,2,,additive_canonicalized;numeric_decimal_standardized;temperature_numeric_standardized;time_numeric_standardized,,0,INCLUDED,,missing_optional_numeric:Volume solvente,MOF_GROUPED_LIGAND_SPLIT_v6.0_seed260730,DEVELOPMENT,Legante,260730
591,"1,4-Benzenedicarboxylic acid (H2BDC)",Non specificata,Al,Al(NO3)3·9H2O,MeOH,Nessuno,180,4,3,2.5,1.2,Solvothermal,2,,numeric_decimal_standardized;temperature_numeric_standardized;time_numeric_standardized,,0,INCLUDED,,missing_optional_numeric:Volume solvente,MOF_GROUPED_LIGAND_SPLIT_v6.0_seed260730,DEVELOPMENT,Legante,260730
593,2-Methylimidazole,Non specificata,Zr,ZrCl4,H2O,Nessuno,100,6,0.25,5,0.05,Precipitation,2,,numeric_decimal_standardized;temperature_numeric_standardized;time_numeric_standardized,,0,INCLUDED,,missing_optional_numeric:Volume solvente,MOF_GROUPED_LIGAND_SPLIT_v6.0_seed260730,DEVELOPMENT,Legante,260730
594,Benzimidazole,Non specificata,Zr,ZrOCl2·8H2O,DMF/H2O/EtOH,HCl,25,18,1,3,0.3333,Room Temperature,2,,numeric_decimal_standardized;solvent_canonicalized;temperature_numeric_standardized;time_numeric_standardized,,0,INCLUDED,,missing_optional_numeric:Volume solvente,MOF_GROUPED_LIGAND_SPLIT_v6.0_seed260730,DEVELOPMENT,Legante,260730
596,"2,5-Dihydroxyterephthalic acid (H4DOBDC)",Non specificata,Mn,Mn(OAc)2·4H2O,DMA,HCl,120,6,0.25,2,0.125,Sonochemical,2,,numeric_decimal_standardized;temperature_numeric_standardized;time_numeric_standardized,,0,INCLUDED,,missing_optional_numeric:Volume solvente,MOF_GROUPED_LIGAND_SPLIT_v6.0_seed260730,DEVELOPMENT,Legante,260730
597,"4,4'-Biphenyldicarboxylic acid (H2BPDC)",Non specificata,Zn,Zn(NO3)2·6H2O,H2O/THF,Acido acetico,120,36,1,0.5,2,Solvothermal,2,,additive_canonicalized;numeric_decimal_standardized;solvent_canonicalized;temperature_numeric_standardized;time_numeric_standardized,,0,INCLUDED,,missing_optional_numeric:Volume solvente,MOF_GROUPED_LIGAND_SPLIT_v6.0_seed260730,DEVELOPMENT,Legante,260730
598,"2,6-Naphthalenedicarboxylic acid (2,6-NDC)",Non specificata,Zn,Zn(OAc)2·2H2O,H2O/MeOH,Trietilammina (TEA),200,24,1,1,1,Hydrothermal,2,,additive_canonicalized;numeric_decimal_standardized;solvent_canonicalized;temperature_numeric_standardized;time_numeric_standardized,,0,INCLUDED,,missing_optional_numeric:Volume solvente,MOF_GROUPED_LIGAND_SPLIT_v6.0_seed260730,DEVELOPMENT,Legante,260730
599,Fumaric acid,Non specificata,Cu,Cu(NO3)2·2.5H2O,MeCN,Trietilammina (TEA),180,4,4,5,0.8,Precipitation,2,,additive_canonicalized;numeric_decimal_standardized;temperature_numeric_standardized;time_numeric_standardized,,0,INCLUDED,,missing_optional_numeric:Volume solvente,MOF_GROUPED_LIGAND_SPLIT_v6.0_seed260730,DEVELOPMENT,Legante,260730
600,Isophthalic acid,Non specificata,Cu,Cu(OAc)2·H2O,DMF,Acido formico,25,36,4,1,4,Room Temperature,2,,additive_canonicalized;numeric_decimal_standardized;temperature_numeric_standardized;time_numeric_standardized,,0,INCLUDED,,missing_optional_numeric:Volume solvente,MOF_GROUPED_LIGAND_SPLIT_v6.0_seed260730,DEVELOPMENT,Legante,260730
601,5-Nitroisophthalic acid,Non specificata,Co,Co(NO3)2·6H2O,DEF,Nessuno,80,2,0.25,5,0.05,Microwave,2,,numeric_decimal_standardized;temperature_numeric_standardized;time_numeric_standardized,,0,INCLUDED,,missing_optional_numeric:Volume solvente,MOF_GROUPED_LIGAND_SPLIT_v6.0_seed260730,DEVELOPMENT,Legante,260730
602,5-Aminoisophthalic acid,Non specificata,Co,Co(OAc)2·4H2O,MeOH,Acido benzoico,130,36,0.5,2.5,0.2,Sonochemical,2,,additive_canonicalized;temperature_numeric_standardized;time_numeric_standardized,,0,INCLUDED,,missing_optional_numeric:Volume solvente,MOF_GROUPED_LIGAND_SPLIT_v6.0_seed260730,DEVELOPMENT,Legante,260730
603,Imidazole-2-carboxaldehyde,Non specificata,Ni,Ni(NO3)2·6H2O,EtOH,HCl,85,4,2,0.5,4,Solvothermal,2,,numeric_decimal_standardized;temperature_numeric_standardized;time_numeric_standardized,,0,INCLUDED,,missing_optional_numeric:Volume solvente,MOF_GROUPED_LIGAND_SPLIT_v6.0_seed260730,DEVELOPMENT,Legante,260730
604,"4,4',4''-Triaminotriphenylamine",Non specificata,Ni,Ni(OAc)2·4H2O,H2O,HCl,150,72,2,2,1,Hydrothermal,2,,numeric_decimal_standardized;temperature_numeric_standardized;time_numeric_standardized,,0,INCLUDED,,missing_optional_numeric:Volume solvente,MOF_GROUPED_LIGAND_SPLIT_v6.0_seed260730,DEVELOPMENT,Legante,260730
606,"Pyrazine-2,3-dicarboxylic acid",Non specificata,Fe,Fe(NO3)3·9H2O,DMF/H2O,HCl,25,6,4,4,1,Room Temperature,2,,numeric_decimal_standardized;temperature_numeric_standardized;time_numeric_standardized,,0,INCLUDED,,missing_optional_numeric:Volume solvente,MOF_GROUPED_LIGAND_SPLIT_v6.0_seed260730,DEVELOPMENT,Legante,260730
607,"4,4'-Bipyridine",Non specificata,Al,Al(NO3)3·9H2O,DMA,Acido benzoico,80,4,4,5,0.8,Microwave,2,,additive_canonicalized;numeric_decimal_standardized;temperature_numeric_standardized;time_numeric_standardized,,0,INCLUDED,,missing_optional_numeric:Volume solvente,MOF_GROUPED_LIGAND_SPLIT_v6.0_seed260730,DEVELOPMENT,Legante,260730
608,"1,2,4-Triazole",Non specificata,Al,AlCl3·6H2O,H2O/THF,Acido benzoico,130,6,0.5,0.5,1,Sonochemical,2,,additive_canonicalized;numeric_decimal_standardized;solvent_canonicalized;temperature_numeric_standardized;time_numeric_standardized,,0,INCLUDED,,missing_optional_numeric:Volume solvente,MOF_GROUPED_LIGAND_SPLIT_v6.0_seed260730,DEVELOPMENT,Legante,260730
609,"1,4-Benzenedicarboxylic acid (H2BDC)",Non specificata,Zr,ZrCl4,H2O/MeOH,Acido acetico,130,24,1.5,0.5,3,Solvothermal,2,,additive_canonicalized;numeric_decimal_standardized;solvent_canonicalized;temperature_numeric_standardized;time_numeric_standardized,,0,INCLUDED,,missing_optional_numeric:Volume solvente,MOF_GROUPED_LIGAND_SPLIT_v6.0_seed260730,DEVELOPMENT,Legante,260730
611,2-Methylimidazole,Non specificata,Mg,Mg(NO3)2·6H2O,DMF,HCl,60,48,1.5,2.5,0.6,Precipitation,2,,temperature_numeric_standardized;time_numeric_standardized,,0,INCLUDED,,missing_optional_numeric:Volume solvente,MOF_GROUPED_LIGAND_SPLIT_v6.0_seed260730,DEVELOPMENT,Legante,260730
612,Benzimidazole,Non specificata,Mn,Mn(OAc)2·4H2O,DEF,Trietilammina (TEA),25,18,1.5,4,0.375,Room Temperature,2,,additive_canonicalized;numeric_decimal_standardized;temperature_numeric_standardized;time_numeric_standardized,,0,INCLUDED,,missing_optional_numeric:Volume solvente,MOF_GROUPED_LIGAND_SPLIT_v6.0_seed260730,DEVELOPMENT,Legante,260730
614,"2,5-Dihydroxyterephthalic acid (H4DOBDC)",Non specificata,Zn,Zn(OAc)2·2H2O,EtOH,Acido formico,80,6,4,0.5,8,Sonochemical,2,,additive_canonicalized;numeric_decimal_standardized;temperature_numeric_standardized;time_numeric_standardized,,0,INCLUDED,,missing_optional_numeric:Volume solvente,MOF_GROUPED_LIGAND_SPLIT_v6.0_seed260730,DEVELOPMENT,Legante,260730
615,"4,4'-Biphenyldicarboxylic acid (H2BPDC)",Non specificata,Cu,Cu(NO3)2·2.5H2O,H2O,Trietilammina (TEA),150,18,2,1,2,Solvothermal,2,,additive_canonicalized;numeric_decimal_standardized;temperature_numeric_standardized;time_numeric_standardized,,0,INCLUDED,,missing_optional_numeric:Volume solvente,MOF_GROUPED_LIGAND_SPLIT_v6.0_seed260730,DEVELOPMENT,Legante,260730
616,"2,6-Naphthalenedicarboxylic acid (2,6-NDC)",Non specificata,Cu,Cu(OAc)2·H2O,DMF/H2O/EtOH,Nessuno,150,72,2,2,1,Hydrothermal,2,,numeric_decimal_standardized;solvent_canonicalized;temperature_numeric_standardized;time_numeric_standardized,,0,INCLUDED,,missing_optional_numeric:Volume solvente,MOF_GROUPED_LIGAND_SPLIT_v6.0_seed260730,DEVELOPMENT,Legante,260730
617,Fumaric acid,Non specificata,Co,Co(NO3)2·6H2O,DMF/H2O,Trietilammina (TEA),60,4,3,5,0.6,Precipitation,2,,additive_canonicalized;numeric_decimal_standardized;temperature_numeric_standardized;time_numeric_standardized,,0,INCLUDED,,missing_optional_numeric:Volume solvente,MOF_GROUPED_LIGAND_SPLIT_v6.0_seed260730,DEVELOPMENT,Legante,260730
618,Isophthalic acid,Non specificata,Co,Co(OAc)2·4H2O,DMA,HNO3,25,72,2,5,0.4,Room Temperature,2,,numeric_decimal_standardized;temperature_numeric_standardized;time_numeric_standardized,,0,INCLUDED,,missing_optional_numeric:Volume solvente,MOF_GROUPED_LIGAND_SPLIT_v6.0_seed260730,DEVELOPMENT,Legante,260730
619,5-Nitroisophthalic acid,Non specificata,Ni,Ni(NO3)2·6H2O,H2O/THF,HNO3,60,36,4,5,0.8,Microwave,2,,numeric_decimal_standardized;solvent_canonicalized;temperature_numeric_standardized;time_numeric_standardized,,0,INCLUDED,,missing_optional_numeric:Volume solvente,MOF_GROUPED_LIGAND_SPLIT_v6.0_seed260730,DEVELOPMENT,Legante,260730
620,5-Aminoisophthalic acid,Non specificata,Ni,Ni(OAc)2·4H2O,H2O/MeOH,Acido acetico,130,36,1.5,1.5,1,Sonochemical,2,,additive_canonicalized;numeric_decimal_standardized;solvent_canonicalized;temperature_numeric_standardized;time_numeric_standardized,,0,INCLUDED,,missing_optional_numeric:Volume solvente,MOF_GROUPED_LIGAND_SPLIT_v6.0_seed260730,DEVELOPMENT,Legante,260730
621,Imidazole-2-carboxaldehyde,Non specificata,Fe,FeCl3·6H2O,MeCN,HNO3,85,18,0.25,3,0.0833,Solvothermal,2,,numeric_decimal_standardized;temperature_numeric_standardized;time_numeric_standardized,,0,INCLUDED,,missing_optional_numeric:Volume solvente,MOF_GROUPED_LIGAND_SPLIT_v6.0_seed260730,DEVELOPMENT,Legante,260730
622,"4,4',4''-Triaminotriphenylamine",Non specificata,Fe,Fe(NO3)3·9H2O,DMF,Trietilammina (TEA),120,2,3,3,1,Hydrothermal,2,,additive_canonicalized;numeric_decimal_standardized;temperature_numeric_standardized;time_numeric_standardized,,0,INCLUDED,,missing_optional_numeric:Volume solvente,MOF_GROUPED_LIGAND_SPLIT_v6.0_seed260730,DEVELOPMENT,Legante,260730
624,"Pyrazine-2,3-dicarboxylic acid",Non specificata,Al,AlCl3·6H2O,MeOH,Nessuno,25,18,1.5,4,0.375,Room Temperature,2,,numeric_decimal_standardized;temperature_numeric_standardized;time_numeric_standardized,,0,INCLUDED,,missing_optional_numeric:Volume solvente,MOF_GROUPED_LIGAND_SPLIT_v6.0_seed260730,DEVELOPMENT,Legante,260730
625,"4,4'-Bipyridine",Non specificata,Zr,ZrCl4,EtOH,Trietilammina (TEA),120,36,0.5,1,0.5,Microwave,2,,additive_canonicalized;numeric_decimal_standardized;temperature_numeric_standardized;time_numeric_standardized,,0,INCLUDED,,missing_optional_numeric:Volume solvente,MOF_GROUPED_LIGAND_SPLIT_v6.0_seed260730,DEVELOPMENT,Legante,260730
626,"1,2,4-Triazole",Non specificata,Zr,ZrOCl2·8H2O,H2O,Acido benzoico,120,12,1.5,1,1.5,Sonochemical,2,,additive_canonicalized;numeric_decimal_standardized;temperature_numeric_standardized;time_numeric_standardized,,0,INCLUDED,,missing_optional_numeric:Volume solvente,MOF_GROUPED_LIGAND_SPLIT_v6.0_seed260730,DEVELOPMENT,Legante,260730
627,"1,4-Benzenedicarboxylic acid (H2BDC)",Non specificata,Mg,Mg(NO3)2·6H2O,DMF/H2O/EtOH,HNO3,85,2,2,5,0.4,Solvothermal,2,,numeric_decimal_standardized;solvent_canonicalized;temperature_numeric_standardized;time_numeric_standardized,,0,INCLUDED,,missing_optional_numeric:Volume solvente,MOF_GROUPED_LIGAND_SPLIT_v6.0_seed260730,DEVELOPMENT,Legante,260730
629,2-Methylimidazole,Non specificata,Zn,Zn(NO3)2·6H2O,DMA,Acido acetico,60,12,1.5,5,0.3,Precipitation,2,,additive_canonicalized;numeric_decimal_standardized;temperature_numeric_standardized;time_numeric_standardized,,0,INCLUDED,,missing_optional_numeric:Volume solvente,MOF_GROUPED_LIGAND_SPLIT_v6.0_seed260730,DEVELOPMENT,Legante,260730
630,Benzimidazole,Non specificata,Zn,Zn(OAc)2·2H2O,H2O/THF,Nessuno,25,6,0.25,2,0.125,Room Temperature,2,,numeric_decimal_standardized;solvent_canonicalized;temperature_numeric_standardized;time_numeric_standardized,,0,INCLUDED,,missing_optional_numeric:Volume solvente,MOF_GROUPED_LIGAND_SPLIT_v6.0_seed260730,DEVELOPMENT,Legante,260730
632,"2,5-Dihydroxyterephthalic acid (H4DOBDC)",Non specificata,Cu,Cu(OAc)2·H2O,MeCN,HCl,60,48,1,1,1,Sonochemical,2,,numeric_decimal_standardized;temperature_numeric_standardized;time_numeric_standardized,,0,INCLUDED,,missing_optional_numeric:Volume solvente,MOF_GROUPED_LIGAND_SPLIT_v6.0_seed260730,DEVELOPMENT,Legante,260730
633,"4,4'-Biphenyldicarboxylic acid (H2BPDC)",Non specificata,Co,Co(NO3)2·6H2O,DMF,Acido benzoico,80,6,1,1,1,Solvothermal,2,,additive_canonicalized;numeric_decimal_standardized;temperature_numeric_standardized;time_numeric_standardized,,0,INCLUDED,,missing_optional_numeric:Volume solvente,MOF_GROUPED_LIGAND_SPLIT_v6.0_seed260730,DEVELOPMENT,Legante,260730
634,"2,6-Naphthalenedicarboxylic acid (2,6-NDC)",Non specificata,Co,Co(OAc)2·4H2O,DEF,Acido acetico,60,48,0.5,2.5,0.2,Hydrothermal,2,,additive_canonicalized;temperature_numeric_standardized;time_numeric_standardized,,0,INCLUDED,,missing_optional_numeric:Volume solvente,MOF_GROUPED_LIGAND_SPLIT_v6.0_seed260730,DEVELOPMENT,Legante,260730
635,Fumaric acid,Non specificata,Ni,Ni(NO3)2·6H2O,MeOH,HCl,80,6,4,0.5,8,Precipitation,2,,numeric_decimal_standardized;temperature_numeric_standardized;time_numeric_standardized,,0,INCLUDED,,missing_optional_numeric:Volume solvente,MOF_GROUPED_LIGAND_SPLIT_v6.0_seed260730,DEVELOPMENT,Legante,260730
636,Isophthalic acid,Non specificata,Ni,Ni(OAc)2·4H2O,EtOH,Acido formico,25,18,2,1,2,Room Temperature,2,,additive_canonicalized;numeric_decimal_standardized;temperature_numeric_standardized;time_numeric_standardized,,0,INCLUDED,,missing_optional_numeric:Volume solvente,MOF_GROUPED_LIGAND_SPLIT_v6.0_seed260730,DEVELOPMENT,Legante,260730
637,5-Nitroisophthalic acid,Non specificata,Fe,FeCl3·6H2O,H2O,HNO3,180,12,2,0.5,4,Microwave,2,,numeric_decimal_standardized;temperature_numeric_standardized;time_numeric_standardized,,0,INCLUDED,,missing_optional_numeric:Volume solvente,MOF_GROUPED_LIGAND_SPLIT_v6.0_seed260730,DEVELOPMENT,Legante,260730
638,5-Aminoisophthalic acid,Non specificata,Fe,Fe(NO3)3·9H2O,DMF/H2O/EtOH,Nessuno,200,12,2,1,2,Sonochemical,2,,numeric_decimal_standardized;solvent_canonicalized;temperature_numeric_standardized;time_numeric_standardized,,0,INCLUDED,,missing_optional_numeric:Volume solvente,MOF_GROUPED_LIGAND_SPLIT_v6.0_seed260730,DEVELOPMENT,Legante,260730
639,Imidazole-2-carboxaldehyde,Non specificata,Al,Al(NO3)3·9H2O,DMF/H2O,HCl,180,6,1,0.5,2,Solvothermal,2,,numeric_decimal_standardized;temperature_numeric_standardized;time_numeric_standardized,,0,INCLUDED,,missing_optional_numeric:Volume solvente,MOF_GROUPED_LIGAND_SPLIT_v6.0_seed260730,DEVELOPMENT,Legante,260730
640,"4,4',4''-Triaminotriphenylamine",Non specificata,Al,AlCl3·6H2O,DMA,Trietilammina (TEA),80,2,4,4,1,Hydrothermal,2,,additive_canonicalized;numeric_decimal_standardized;temperature_numeric_standardized;time_numeric_standardized,,0,INCLUDED,,missing_optional_numeric:Volume solvente,MOF_GROUPED_LIGAND_SPLIT_v6.0_seed260730,DEVELOPMENT,Legante,260730
642,"Pyrazine-2,3-dicarboxylic acid",Non specificata,Zr,ZrOCl2·8H2O,H2O/MeOH,Trietilammina (TEA),25,72,0.25,1.5,0.1667,Room Temperature,2,,additive_canonicalized;solvent_canonicalized;temperature_numeric_standardized;time_numeric_standardized,,0,INCLUDED,,missing_optional_numeric:Volume solvente,MOF_GROUPED_LIGAND_SPLIT_v6.0_seed260730,DEVELOPMENT,Legante,260730
643,"4,4'-Bipyridine",Non specificata,Mg,Mg(NO3)2·6H2O,MeCN,Nessuno,60,2,1.5,3,0.5,Microwave,2,,numeric_decimal_standardized;temperature_numeric_standardized;time_numeric_standardized,,0,INCLUDED,,missing_optional_numeric:Volume solvente,MOF_GROUPED_LIGAND_SPLIT_v6.0_seed260730,DEVELOPMENT,Legante,260730
644,"1,2,4-Triazole",Non specificata,Mn,Mn(OAc)2·4H2O,DMF,HCl,130,6,1.5,0.5,3,Sonochemical,2,,numeric_decimal_standardized;temperature_numeric_standardized;time_numeric_standardized,,0,INCLUDED,,missing_optional_numeric:Volume solvente,MOF_GROUPED_LIGAND_SPLIT_v6.0_seed260730,DEVELOPMENT,Legante,260730
645,"1,4-Benzenedicarboxylic acid (H2BDC)",Non specificata,Zn,Zn(NO3)2·6H2O,DEF,Acido benzoico,200,6,0.25,2,0.125,Solvothermal,2,,additive_canonicalized;numeric_decimal_standardized;temperature_numeric_standardized;time_numeric_standardized,,0,INCLUDED,,missing_optional_numeric:Volume solvente,MOF_GROUPED_LIGAND_SPLIT_v6.0_seed260730,DEVELOPMENT,Legante,260730
647,2-Methylimidazole,Non specificata,Cu,Cu(NO3)2·2.5H2O,EtOH,HCl,120,6,0.25,2,0.125,Precipitation,2,,numeric_decimal_standardized;temperature_numeric_standardized;time_numeric_standardized,,0,INCLUDED,,missing_optional_numeric:Volume solvente,MOF_GROUPED_LIGAND_SPLIT_v6.0_seed260730,DEVELOPMENT,Legante,260730
648,Benzimidazole,Non specificata,Cu,Cu(OAc)2·H2O,H2O,Acido benzoico,25,18,2,2,1,Room Temperature,2,,additive_canonicalized;numeric_decimal_standardized;temperature_numeric_standardized;time_numeric_standardized,,0,INCLUDED,,missing_optional_numeric:Volume solvente,MOF_GROUPED_LIGAND_SPLIT_v6.0_seed260730,DEVELOPMENT,Legante,260730
650,"2,5-Dihydroxyterephthalic acid (H4DOBDC)",Non specificata,Co,Co(OAc)2·4H2O,DMF/H2O,HNO3,150,18,4,1.5,2.6667,Sonochemical,2,,numeric_decimal_standardized;temperature_numeric_standardized;time_numeric_standardized,,0,INCLUDED,,missing_optional_numeric:Volume solvente,MOF_GROUPED_LIGAND_SPLIT_v6.0_seed260730,DEVELOPMENT,Legante,260730
651,"4,4'-Biphenyldicarboxylic acid (H2BPDC)",Non specificata,Ni,Ni(NO3)2·6H2O,DMA,HCl,80,72,0.5,1,0.5,Solvothermal,2,,numeric_decimal_standardized;temperature_numeric_standardized;time_numeric_standardized,,0,INCLUDED,,missing_optional_numeric:Volume solvente,MOF_GROUPED_LIGAND_SPLIT_v6.0_seed260730,DEVELOPMENT,Legante,260730
652,"2,6-Naphthalenedicarboxylic acid (2,6-NDC)",Non specificata,Ni,Ni(OAc)2·4H2O,H2O/THF,HNO3,60,24,3,4,0.75,Hydrothermal,2,,numeric_decimal_standardized;solvent_canonicalized;temperature_numeric_standardized;time_numeric_standardized,,0,INCLUDED,,missing_optional_numeric:Volume solvente,MOF_GROUPED_LIGAND_SPLIT_v6.0_seed260730,DEVELOPMENT,Legante,260730
653,Fumaric acid,Non specificata,Fe,FeCl3·6H2O,H2O/MeOH,Acido acetico,180,72,1,1,1,Precipitation,2,,additive_canonicalized;numeric_decimal_standardized;solvent_canonicalized;temperature_numeric_standardized;time_numeric_standardized,,0,INCLUDED,,missing_optional_numeric:Volume solvente,MOF_GROUPED_LIGAND_SPLIT_v6.0_seed260730,DEVELOPMENT,Legante,260730
654,Isophthalic acid,Non specificata,Fe,Fe(NO3)3·9H2O,MeCN,HNO3,25,4,2,2.5,0.8,Room Temperature,2,,numeric_decimal_standardized;temperature_numeric_standardized;time_numeric_standardized,,0,INCLUDED,,missing_optional_numeric:Volume solvente,MOF_GROUPED_LIGAND_SPLIT_v6.0_seed260730,DEVELOPMENT,Legante,260730
655,5-Nitroisophthalic acid,Non specificata,Al,Al(NO3)3·9H2O,DMF,Nessuno,130,6,2,5,0.4,Microwave,2,,numeric_decimal_standardized;temperature_numeric_standardized;time_numeric_standardized,,0,INCLUDED,,missing_optional_numeric:Volume solvente,MOF_GROUPED_LIGAND_SPLIT_v6.0_seed260730,DEVELOPMENT,Legante,260730
656,5-Aminoisophthalic acid,Non specificata,Al,AlCl3·6H2O,DEF,Acido benzoico,130,12,4,0.5,8,Sonochemical,2,,additive_canonicalized;numeric_decimal_standardized;temperature_numeric_standardized;time_numeric_standardized,,0,INCLUDED,,missing_optional_numeric:Volume solvente,MOF_GROUPED_LIGAND_SPLIT_v6.0_seed260730,DEVELOPMENT,Legante,260730
657,Imidazole-2-carboxaldehyde,Non specificata,Zr,ZrCl4,MeOH,HCl,200,12,3,2,1.5,Solvothermal,2,,numeric_decimal_standardized;temperature_numeric_standardized;time_numeric_standardized,,0,INCLUDED,,missing_optional_numeric:Volume solvente,MOF_GROUPED_LIGAND_SPLIT_v6.0_seed260730,DEVELOPMENT,Legante,260730
658,"4,4',4''-Triaminotriphenylamine",Non specificata,Zr,ZrOCl2·8H2O,EtOH,Acido acetico,85,24,1,4,0.25,Hydrothermal,2,,additive_canonicalized;numeric_decimal_standardized;temperature_numeric_standardized;time_numeric_standardized,,0,INCLUDED,,missing_optional_numeric:Volume solvente,MOF_GROUPED_LIGAND_SPLIT_v6.0_seed260730,DEVELOPMENT,Legante,260730
660,"Pyrazine-2,3-dicarboxylic acid",Non specificata,Mn,Mn(OAc)2·4H2O,DMF/H2O/EtOH,Acido acetico,25,4,3,2,1.5,Room Temperature,2,,additive_canonicalized;numeric_decimal_standardized;solvent_canonicalized;temperature_numeric_standardized;time_numeric_standardized,,0,INCLUDED,,missing_optional_numeric:Volume solvente,MOF_GROUPED_LIGAND_SPLIT_v6.0_seed260730,DEVELOPMENT,Legante,260730
661,"4,4'-Bipyridine",Non specificata,Zn,Zn(NO3)2·6H2O,DMF/H2O,Nessuno,100,48,4,2.5,1.6,Microwave,2,,numeric_decimal_standardized;temperature_numeric_standardized;time_numeric_standardized,,0,INCLUDED,,missing_optional_numeric:Volume solvente,MOF_GROUPED_LIGAND_SPLIT_v6.0_seed260730,DEVELOPMENT,Legante,260730
662,"1,2,4-Triazole",Non specificata,Zn,Zn(OAc)2·2H2O,DMA,HCl,150,2,2,1.5,1.3333,Sonochemical,2,,numeric_decimal_standardized;temperature_numeric_standardized;time_numeric_standardized,,0,INCLUDED,,missing_optional_numeric:Volume solvente,MOF_GROUPED_LIGAND_SPLIT_v6.0_seed260730,DEVELOPMENT,Legante,260730
663,"1,4-Benzenedicarboxylic acid (H2BDC)",Non specificata,Cu,Cu(NO3)2·2.5H2O,H2O/THF,Trietilammina (TEA),200,2,0.25,0.5,0.5,Solvothermal,2,,additive_canonicalized;solvent_canonicalized;temperature_numeric_standardized;time_numeric_standardized,,0,INCLUDED,,missing_optional_numeric:Volume solvente,MOF_GROUPED_LIGAND_SPLIT_v6.0_seed260730,DEVELOPMENT,Legante,260730
665,2-Methylimidazole,Non specificata,Co,Co(NO3)2·6H2O,MeCN,HCl,120,24,1,2.5,0.4,Precipitation,2,,numeric_decimal_standardized;temperature_numeric_standardized;time_numeric_standardized,,0,INCLUDED,,missing_optional_numeric:Volume solvente,MOF_GROUPED_LIGAND_SPLIT_v6.0_seed260730,DEVELOPMENT,Legante,260730
666,Benzimidazole,Non specificata,Co,Co(OAc)2·4H2O,DMF,Acido formico,25,18,1,2,0.5,Room Temperature,2,,additive_canonicalized;numeric_decimal_standardized;temperature_numeric_standardized;time_numeric_standardized,,0,INCLUDED,,missing_optional_numeric:Volume solvente,MOF_GROUPED_LIGAND_SPLIT_v6.0_seed260730,DEVELOPMENT,Legante,260730
668,"2,5-Dihydroxyterephthalic acid (H4DOBDC)",Non specificata,Ni,Ni(OAc)2·4H2O,MeOH,Trietilammina (TEA),60,2,3,2.5,1.2,Sonochemical,2,,additive_canonicalized;numeric_decimal_standardized;temperature_numeric_standardized;time_numeric_standardized,,0,INCLUDED,,missing_optional_numeric:Volume solvente,MOF_GROUPED_LIGAND_SPLIT_v6.0_seed260730,DEVELOPMENT,Legante,260730
669,"4,4'-Biphenyldicarboxylic acid (H2BPDC)",Non specificata,Fe,FeCl3·6H2O,EtOH,HCl,85,36,1,0.5,2,Solvothermal,2,,numeric_decimal_standardized;temperature_numeric_standardized;time_numeric_standardized,,0,INCLUDED,,missing_optional_numeric:Volume solvente,MOF_GROUPED_LIGAND_SPLIT_v6.0_seed260730,DEVELOPMENT,Legante,260730
670,"2,6-Naphthalenedicarboxylic acid (2,6-NDC)",Non specificata,Fe,Fe(NO3)3·9H2O,H2O,HNO3,180,24,1.5,2,0.75,Hydrothermal,2,,numeric_decimal_standardized;temperature_numeric_standardized;time_numeric_standardized,,0,INCLUDED,,missing_optional_numeric:Volume solvente,MOF_GROUPED_LIGAND_SPLIT_v6.0_seed260730,DEVELOPMENT,Legante,260730
671,Fumaric acid,Non specificata,Al,Al(NO3)3·9H2O,DMF/H2O/EtOH,HCl,180,12,0.5,1,0.5,Precipitation,2,,numeric_decimal_standardized;solvent_canonicalized;temperature_numeric_standardized;time_numeric_standardized,,0,INCLUDED,,missing_optional_numeric:Volume solvente,MOF_GROUPED_LIGAND_SPLIT_v6.0_seed260730,DEVELOPMENT,Legante,260730
672,Isophthalic acid,Non specificata,Al,AlCl3·6H2O,DMF/H2O,HNO3,25,4,1.5,2,0.75,Room Temperature,2,,numeric_decimal_standardized;temperature_numeric_standardized;time_numeric_standardized,,0,INCLUDED,,missing_optional_numeric:Volume solvente,MOF_GROUPED_LIGAND_SPLIT_v6.0_seed260730,DEVELOPMENT,Legante,260730
673,5-Nitroisophthalic acid,Non specificata,Zr,ZrCl4,DMA,Trietilammina (TEA),200,12,1,5,0.2,Microwave,2,,additive_canonicalized;numeric_decimal_standardized;temperature_numeric_standardized;time_numeric_standardized,,0,INCLUDED,,missing_optional_numeric:Volume solvente,MOF_GROUPED_LIGAND_SPLIT_v6.0_seed260730,DEVELOPMENT,Legante,260730
674,5-Aminoisophthalic acid,Non specificata,Zr,ZrOCl2·8H2O,H2O/THF,HCl,60,72,2,0.5,4,Sonochemical,2,,numeric_decimal_standardized;solvent_canonicalized;temperature_numeric_standardized;time_numeric_standardized,,0,INCLUDED,,missing_optional_numeric:Volume solvente,MOF_GROUPED_LIGAND_SPLIT_v6.0_seed260730,DEVELOPMENT,Legante,260730
675,Imidazole-2-carboxaldehyde,Non specificata,Mg,Mg(NO3)2·6H2O,H2O/MeOH,HNO3,85,24,1,1,1,Solvothermal,2,,numeric_decimal_standardized;solvent_canonicalized;temperature_numeric_standardized;time_numeric_standardized,,0,INCLUDED,,missing_optional_numeric:Volume solvente,MOF_GROUPED_LIGAND_SPLIT_v6.0_seed260730,DEVELOPMENT,Legante,260730
676,"4,4',4''-Triaminotriphenylamine",Non specificata,Mn,Mn(OAc)2·4H2O,MeCN,Acido acetico,200,4,3,1,3,Hydrothermal,2,,additive_canonicalized;numeric_decimal_standardized;temperature_numeric_standardized;time_numeric_standardized,,0,INCLUDED,,missing_optional_numeric:Volume solvente,MOF_GROUPED_LIGAND_SPLIT_v6.0_seed260730,DEVELOPMENT,Legante,260730
678,"Pyrazine-2,3-dicarboxylic acid",Non specificata,Zn,Zn(OAc)2·2H2O,DEF,Nessuno,25,2,4,1,4,Room Temperature,2,,numeric_decimal_standardized;temperature_numeric_standardized;time_numeric_standardized,,0,INCLUDED,,missing_optional_numeric:Volume solvente,MOF_GROUPED_LIGAND_SPLIT_v6.0_seed260730,DEVELOPMENT,Legante,260730
679,"4,4'-Bipyridine",Non specificata,Cu,Cu(NO3)2·2.5H2O,MeOH,Acido formico,120,72,1,3,0.3333,Microwave,2,,additive_canonicalized;numeric_decimal_standardized;temperature_numeric_standardized;time_numeric_standardized,,0,INCLUDED,,missing_optional_numeric:Volume solvente,MOF_GROUPED_LIGAND_SPLIT_v6.0_seed260730,DEVELOPMENT,Legante,260730
680,"1,2,4-Triazole",Non specificata,Cu,Cu(OAc)2·H2O,EtOH,Acido formico,60,2,0.25,1,0.25,Sonochemical,2,,additive_canonicalized;numeric_decimal_standardized;temperature_numeric_standardized;time_numeric_standardized,,0,INCLUDED,,missing_optional_numeric:Volume solvente,MOF_GROUPED_LIGAND_SPLIT_v6.0_seed260730,DEVELOPMENT,Legante,260730
681,"1,4-Benzenedicarboxylic acid (H2BDC)",Non specificata,Co,Co(NO3)2·6H2O,H2O,Trietilammina (TEA),60,18,4,5,0.8,Solvothermal,2,,additive_canonicalized;numeric_decimal_standardized;temperature_numeric_standardized;time_numeric_standardized,,0,INCLUDED,,missing_optional_numeric:Volume solvente,MOF_GROUPED_LIGAND_SPLIT_v6.0_seed260730,DEVELOPMENT,Legante,260730
683,2-Methylimidazole,Non specificata,Ni,Ni(NO3)2·6H2O,DMF/H2O,HNO3,85,18,2,4,0.5,Precipitation,2,,numeric_decimal_standardized;temperature_numeric_standardized;time_numeric_standardized,,0,INCLUDED,,missing_optional_numeric:Volume solvente,MOF_GROUPED_LIGAND_SPLIT_v6.0_seed260730,DEVELOPMENT,Legante,260730
684,Benzimidazole,Non specificata,Ni,Ni(OAc)2·4H2O,DMA,Acido formico,25,18,0.5,1,0.5,Room Temperature,2,,additive_canonicalized;numeric_decimal_standardized;temperature_numeric_standardized;time_numeric_standardized,,0,INCLUDED,,missing_optional_numeric:Volume solvente,MOF_GROUPED_LIGAND_SPLIT_v6.0_seed260730,DEVELOPMENT,Legante,260730
686,"2,5-Dihydroxyterephthalic acid (H4DOBDC)",Non specificata,Fe,Fe(NO3)3·9H2O,H2O/MeOH,HCl,60,6,2,2.5,0.8,Sonochemical,2,,numeric_decimal_standardized;solvent_canonicalized;temperature_numeric_standardized;time_numeric_standardized,,0,INCLUDED,,missing_optional_numeric:Volume solvente,MOF_GROUPED_LIGAND_SPLIT_v6.0_seed260730,DEVELOPMENT,Legante,260730
687,"4,4'-Biphenyldicarboxylic acid (H2BPDC)",Non specificata,Al,Al(NO3)3·9H2O,MeCN,HCl,60,2,0.5,5,0.1,Solvothermal,2,,numeric_decimal_standardized;temperature_numeric_standardized;time_numeric_standardized,,0,INCLUDED,,missing_optional_numeric:Volume solvente,MOF_GROUPED_LIGAND_SPLIT_v6.0_seed260730,DEVELOPMENT,Legante,260730
688,"2,6-Naphthalenedicarboxylic acid (2,6-NDC)",Non specificata,Al,AlCl3·6H2O,DMF,Acido acetico,180,36,0.5,1,0.5,Hydrothermal,2,,additive_canonicalized;numeric_decimal_standardized;temperature_numeric_standardized;time_numeric_standardized,,0,INCLUDED,,missing_optional_numeric:Volume solvente,MOF_GROUPED_LIGAND_SPLIT_v6.0_seed260730,DEVELOPMENT,Legante,260730
689,Fumaric acid,Non specificata,Zr,ZrCl4,DEF,Acido acetico,130,24,1,1.5,0.6667,Precipitation,2,,additive_canonicalized;numeric_decimal_standardized;temperature_numeric_standardized;time_numeric_standardized,,0,INCLUDED,,missing_optional_numeric:Volume solvente,MOF_GROUPED_LIGAND_SPLIT_v6.0_seed260730,DEVELOPMENT,Legante,260730
690,Isophthalic acid,Non specificata,Zr,ZrOCl2·8H2O,MeOH,HNO3,25,2,1.5,3,0.5,Room Temperature,2,,numeric_decimal_standardized;temperature_numeric_standardized;time_numeric_standardized,,0,INCLUDED,,missing_optional_numeric:Volume solvente,MOF_GROUPED_LIGAND_SPLIT_v6.0_seed260730,DEVELOPMENT,Legante,260730
691,5-Nitroisophthalic acid,Non specificata,Mg,Mg(NO3)2·6H2O,EtOH,Acido benzoico,200,2,4,5,0.8,Microwave,2,,additive_canonicalized;numeric_decimal_standardized;temperature_numeric_standardized;time_numeric_standardized,,0,INCLUDED,,missing_optional_numeric:Volume solvente,MOF_GROUPED_LIGAND_SPLIT_v6.0_seed260730,DEVELOPMENT,Legante,260730
692,5-Aminoisophthalic acid,Non specificata,Mn,Mn(OAc)2·4H2O,H2O,Acido acetico,150,18,3,2.5,1.2,Sonochemical,2,,additive_canonicalized;numeric_decimal_standardized;temperature_numeric_standardized;time_numeric_standardized,,0,INCLUDED,,missing_optional_numeric:Volume solvente,MOF_GROUPED_LIGAND_SPLIT_v6.0_seed260730,DEVELOPMENT,Legante,260730
693,Imidazole-2-carboxaldehyde,Non specificata,Zn,Zn(NO3)2·6H2O,DMF/H2O/EtOH,Acido acetico,85,36,1.5,3,0.5,Solvothermal,2,,additive_canonicalized;numeric_decimal_standardized;solvent_canonicalized;temperature_numeric_standardized;time_numeric_standardized,,0,INCLUDED,,missing_optional_numeric:Volume solvente,MOF_GROUPED_LIGAND_SPLIT_v6.0_seed260730,DEVELOPMENT,Legante,260730
694,"4,4',4''-Triaminotriphenylamine",Non specificata,Zn,Zn(OAc)2·2H2O,DMF/H2O,Trietilammina (TEA),130,4,0.5,1,0.5,Hydrothermal,2,,additive_canonicalized;numeric_decimal_standardized;temperature_numeric_standardized;time_numeric_standardized,,0,INCLUDED,,missing_optional_numeric:Volume solvente,MOF_GROUPED_LIGAND_SPLIT_v6.0_seed260730,DEVELOPMENT,Legante,260730
696,"Pyrazine-2,3-dicarboxylic acid",Non specificata,Cu,Cu(OAc)2·H2O,H2O/THF,HCl,25,2,4,5,0.8,Room Temperature,2,,numeric_decimal_standardized;solvent_canonicalized;temperature_numeric_standardized;time_numeric_standardized,,0,INCLUDED,,missing_optional_numeric:Volume solvente,MOF_GROUPED_LIGAND_SPLIT_v6.0_seed260730,DEVELOPMENT,Legante,260730
697,"4,4'-Bipyridine",Non specificata,Co,Co(NO3)2·6H2O,H2O/MeOH,HNO3,150,6,2,0.5,4,Microwave,2,,numeric_decimal_standardized;solvent_canonicalized;temperature_numeric_standardized;time_numeric_standardized,,0,INCLUDED,,missing_optional_numeric:Volume solvente,MOF_GROUPED_LIGAND_SPLIT_v6.0_seed260730,DEVELOPMENT,Legante,260730
698,"1,2,4-Triazole",Non specificata,Co,Co(OAc)2·4H2O,MeCN,Nessuno,100,48,0.5,0.5,1,Sonochemical,2,,numeric_decimal_standardized;temperature_numeric_standardized;time_numeric_standardized,,0,INCLUDED,,missing_optional_numeric:Volume solvente,MOF_GROUPED_LIGAND_SPLIT_v6.0_seed260730,DEVELOPMENT,Legante,260730
699,"1,4-Benzenedicarboxylic acid (H2BDC)",Non specificata,Ni,Ni(NO3)2·6H2O,DMF,Trietilammina (TEA),100,48,0.5,2.5,0.2,Solvothermal,2,,additive_canonicalized;temperature_numeric_standardized;time_numeric_standardized,,0,INCLUDED,,missing_optional_numeric:Volume solvente,MOF_GROUPED_LIGAND_SPLIT_v6.0_seed260730,DEVELOPMENT,Legante,260730
701,Fumaric acid,Carbossilati aromatici,Cd,Cd(NO3)2·4H2O,H2O,Nessuno,120,72,0.2,0.4,0.5,Hydrothermal,2,,temperature_numeric_standardized;time_numeric_standardized,,0,INCLUDED,,missing_optional_numeric:Volume solvente,MOF_GROUPED_LIGAND_SPLIT_v6.0_seed260730,DEVELOPMENT,Legante,260730
702,"3,3'-dimethyl-4,4'-bipyrazole",Bipyrazole,Cu,Cu(OAc)2·H2O,H2O,Nessuno,160,18,0.5,1.515,0.33,Sonochemical,2,,temperature_numeric_standardized;time_numeric_standardized,,0,INCLUDED,,missing_optional_numeric:Volume solvente,MOF_GROUPED_LIGAND_SPLIT_v6.0_seed260730,DEVELOPMENT,Legante,260730
703,Benzimidazole,Imidazolati,Zn,Zn(OAc)2·2H2O,DEF,Nessuno,120,4,2,6.061,0.33,Microwave,2,,numeric_decimal_standardized;temperature_numeric_standardized;time_numeric_standardized,,0,INCLUDED,,missing_optional_numeric:Volume solvente,MOF_GROUPED_LIGAND_SPLIT_v6.0_seed260730,DEVELOPMENT,Legante,260730
704,2-Methylimidazole,Imidazolati,Fe,Fe(NO3)3·9H2O,DMF/H2O/EtOH,Nessuno,25,18,0.1,0.067,1.5,Room Temperature,2,,solvent_canonicalized;temperature_numeric_standardized;time_numeric_standardized,,0,INCLUDED,,missing_optional_numeric:Volume solvente,MOF_GROUPED_LIGAND_SPLIT_v6.0_seed260730,DEVELOPMENT,Legante,260730
705,"1,2,4-Triazole",Triazole,Mg,Mg(NO3)2·6H2O,DMF/H2O,Nessuno,150,24,1,2,0.5,Solvothermal,2,,numeric_decimal_standardized;temperature_numeric_standardized;time_numeric_standardized,,0,INCLUDED,,missing_optional_numeric:Volume solvente,MOF_GROUPED_LIGAND_SPLIT_v6.0_seed260730,DEVELOPMENT,Legante,260730
707,"1,2,4-Triazole",Triazole,Al,AlCl3·6H2O,DEF,Nessuno,180,12,0.5,1.515,0.33,Sonochemical,2,,temperature_numeric_standardized;time_numeric_standardized,,0,INCLUDED,,missing_optional_numeric:Volume solvente,MOF_GROUPED_LIGAND_SPLIT_v6.0_seed260730,DEVELOPMENT,Legante,260730
708,"1,2,4-Triazole",Triazole,Cd,Cd(NO3)2·4H2O,MeOH,Nessuno,160,72,0.05,0.042,1.2,Room Temperature,2,,temperature_numeric_standardized;time_numeric_standardized,,0,INCLUDED,,missing_optional_numeric:Volume solvente,MOF_GROUPED_LIGAND_SPLIT_v6.0_seed260730,DEVELOPMENT,Legante,260730
709,"2,5-Dihydroxyterephthalic acid (H4DOBDC)",Carbossilati aromatici,Co,Co(OAc)2·4H2O,DMF/MeOH,Nessuno,60,48,2,2.5,0.8,Hydrothermal,2,,numeric_decimal_standardized;temperature_numeric_standardized;time_numeric_standardized,,0,INCLUDED,,missing_optional_numeric:Volume solvente,MOF_GROUPED_LIGAND_SPLIT_v6.0_seed260730,DEVELOPMENT,Legante,260730
710,2-Methylimidazole,Imidazolati,Fe,Fe(NO3)3·9H2O,DEF,Nessuno,100,48,2,10,0.2,Microwave,2,,numeric_decimal_standardized;temperature_numeric_standardized;time_numeric_standardized,,0,INCLUDED,,missing_optional_numeric:Volume solvente,MOF_GROUPED_LIGAND_SPLIT_v6.0_seed260730,DEVELOPMENT,Legante,260730
711,"3,5-diamino-4,4'-bipyrazole",Bipyrazole,Mg,Mg(NO3)2·6H2O,DEF,Nessuno,120,12,0.5,0.625,0.8,Solvothermal,2,,temperature_numeric_standardized;time_numeric_standardized,,0,INCLUDED,,missing_optional_numeric:Volume solvente,MOF_GROUPED_LIGAND_SPLIT_v6.0_seed260730,DEVELOPMENT,Legante,260730
712,"1,2,4-Triazole",Triazole,Al,Al(NO3)3·9H2O,DMF/H2O/EtOH,Nessuno,25,4,0.05,0.025,2,Solvothermal,2,,numeric_decimal_standardized;solvent_canonicalized;temperature_numeric_standardized;time_numeric_standardized,,0,INCLUDED,,missing_optional_numeric:Volume solvente,MOF_GROUPED_LIGAND_SPLIT_v6.0_seed260730,DEVELOPMENT,Legante,260730
713,"1,2,4-Triazole",Triazole,Co,Co(OAc)2·4H2O,H2O,Nessuno,80,4,0.05,0.1,0.5,Room Temperature,2,,temperature_numeric_standardized;time_numeric_standardized,,0,INCLUDED,,missing_optional_numeric:Volume solvente,MOF_GROUPED_LIGAND_SPLIT_v6.0_seed260730,DEVELOPMENT,Legante,260730
714,"3,3'-dimethyl-4,4'-bipyrazole",Bipyrazole,Zn,Zn(NO3)2·6H2O,MeOH,Nessuno,180,24,0.5,0.25,2,Solvothermal,2,,numeric_decimal_standardized;temperature_numeric_standardized;time_numeric_standardized,,0,INCLUDED,,missing_optional_numeric:Volume solvente,MOF_GROUPED_LIGAND_SPLIT_v6.0_seed260730,DEVELOPMENT,Legante,260730
716,"3,5-diamino-4,4'-bipyrazole",Bipyrazole,Cu,Cu(NO3)2·3H2O,DMF,Nessuno,80,36,1,5,0.2,Room Temperature,2,,numeric_decimal_standardized;temperature_numeric_standardized;time_numeric_standardized,,0,INCLUDED,,missing_optional_numeric:Volume solvente,MOF_GROUPED_LIGAND_SPLIT_v6.0_seed260730,DEVELOPMENT,Legante,260730
717,"3,3'-dinitro-4,4'-bipyrazole",Bipyrazole,Al,AlCl3·6H2O,MeOH,Nessuno,180,72,0.5,1.515,0.33,Hydrothermal,2,,temperature_numeric_standardized;time_numeric_standardized,,0,INCLUDED,,missing_optional_numeric:Volume solvente,MOF_GROUPED_LIGAND_SPLIT_v6.0_seed260730,DEVELOPMENT,Legante,260730
718,2-Methylimidazole,Imidazolati,Co,Co(NO3)2·6H2O,DMF,Nessuno,100,36,1,0.833,1.2,Microwave,2,,numeric_decimal_standardized;temperature_numeric_standardized;time_numeric_standardized,,0,INCLUDED,,missing_optional_numeric:Volume solvente,MOF_GROUPED_LIGAND_SPLIT_v6.0_seed260730,DEVELOPMENT,Legante,260730
719,Fumaric acid,Carbossilati aromatici,Co,Co(NO3)2·6H2O,DMF/MeOH,Nessuno,150,18,0.5,0.417,1.2,Room Temperature,2,,temperature_numeric_standardized;time_numeric_standardized,,0,INCLUDED,,missing_optional_numeric:Volume solvente,MOF_GROUPED_LIGAND_SPLIT_v6.0_seed260730,DEVELOPMENT,Legante,260730
721,"1,2,4-Triazole",Triazole,Fe,FeCl3·6H2O,MeOH,Nessuno,180,72,0.05,0.25,0.2,Solvothermal,2,,temperature_numeric_standardized;time_numeric_standardized,,0,INCLUDED,,missing_optional_numeric:Volume solvente,MOF_GROUPED_LIGAND_SPLIT_v6.0_seed260730,DEVELOPMENT,Legante,260730
722,"3,3'-dimethyl-4,4'-bipyrazole",Bipyrazole,Al,Al(NO3)3·9H2O,DMF/H2O/EtOH,Nessuno,80,72,2,10,0.2,Room Temperature,2,,numeric_decimal_standardized;solvent_canonicalized;temperature_numeric_standardized;time_numeric_standardized,,0,INCLUDED,,missing_optional_numeric:Volume solvente,MOF_GROUPED_LIGAND_SPLIT_v6.0_seed260730,DEVELOPMENT,Legante,260730
723,"2,6-Naphthalenedicarboxylic acid",Carbossilati aromatici,Zr,ZrCl4,DMF/H2O,Nessuno,160,72,0.05,0.042,1.2,Room Temperature,2,,temperature_numeric_standardized;time_numeric_standardized,,0,INCLUDED,,missing_optional_numeric:Volume solvente,MOF_GROUPED_LIGAND_SPLIT_v6.0_seed260730,DEVELOPMENT,Legante,260730
724,"2,5-Dihydroxyterephthalic acid (H4DOBDC)",Carbossilati aromatici,Mn,Mn(OAc)2·4H2O,DMF,Nessuno,100,24,0.05,0.1,0.5,Hydrothermal,2,,temperature_numeric_standardized;time_numeric_standardized,,0,INCLUDED,,missing_optional_numeric:Volume solvente,MOF_GROUPED_LIGAND_SPLIT_v6.0_seed260730,DEVELOPMENT,Legante,260730
725,"2,6-Naphthalenedicarboxylic acid",Carbossilati aromatici,Mn,Mn(OAc)2·4H2O,H2O,Nessuno,25,18,0.1,0.303,0.33,Solvothermal,2,,temperature_numeric_standardized;time_numeric_standardized,,0,INCLUDED,,missing_optional_numeric:Volume solvente,MOF_GROUPED_LIGAND_SPLIT_v6.0_seed260730,DEVELOPMENT,Legante,260730
726,"1,2,4-Triazole",Triazole,Zn,Zn(NO3)2·6H2O,DMF,Nessuno,25,18,0.5,0.5,1,Hydrothermal,2,,numeric_decimal_standardized;temperature_numeric_standardized;time_numeric_standardized,,0,INCLUDED,,missing_optional_numeric:Volume solvente,MOF_GROUPED_LIGAND_SPLIT_v6.0_seed260730,DEVELOPMENT,Legante,260730
727,"3,3'-dinitro-4,4'-bipyrazole",Bipyrazole,Zn,Zn(OAc)2·2H2O,MeOH,Nessuno,100,72,0.2,0.1,2,Room Temperature,2,,numeric_decimal_standardized;temperature_numeric_standardized;time_numeric_standardized,,0,INCLUDED,,missing_optional_numeric:Volume solvente,MOF_GROUPED_LIGAND_SPLIT_v6.0_seed260730,DEVELOPMENT,Legante,260730
728,"1,4-Benzenedicarboxylic acid (H2BDC)",Carbossilati aromatici,Zn,Zn(OAc)2·2H2O,H2O,Nessuno,120,24,2,1.667,1.2,Hydrothermal,2,,numeric_decimal_standardized;temperature_numeric_standardized;time_numeric_standardized,,0,INCLUDED,,missing_optional_numeric:Volume solvente,MOF_GROUPED_LIGAND_SPLIT_v6.0_seed260730,DEVELOPMENT,Legante,260730
729,"3,3'-dimethyl-4,4'-bipyrazole",Bipyrazole,Mg,Mg(NO3)2·6H2O,DMF,Nessuno,180,24,1,0.833,1.2,Room Temperature,2,,numeric_decimal_standardized;temperature_numeric_standardized;time_numeric_standardized,,0,INCLUDED,,missing_optional_numeric:Volume solvente,MOF_GROUPED_LIGAND_SPLIT_v6.0_seed260730,DEVELOPMENT,Legante,260730
731,"3-amino-4,4'-bipyrazole",Bipyrazole,Zr,ZrCl4,H2O,Nessuno,150,12,0.5,1,0.5,Solvothermal,2,,numeric_decimal_standardized;temperature_numeric_standardized;time_numeric_standardized,,0,INCLUDED,,missing_optional_numeric:Volume solvente,MOF_GROUPED_LIGAND_SPLIT_v6.0_seed260730,DEVELOPMENT,Legante,260730
732,"3-amino-4,4'-bipyrazole",Bipyrazole,Ni,Ni(OAc)2·4H2O,DMF/H2O,Nessuno,150,24,0.05,0.025,2,Hydrothermal,2,,numeric_decimal_standardized;temperature_numeric_standardized;time_numeric_standardized,,0,INCLUDED,,missing_optional_numeric:Volume solvente,MOF_GROUPED_LIGAND_SPLIT_v6.0_seed260730,DEVELOPMENT,Legante,260730
733,"2,5-Dihydroxyterephthalic acid (H4DOBDC)",Carbossilati aromatici,Mn,Mn(OAc)2·4H2O,DEF,Nessuno,25,48,1,1,1,Microwave,2,,numeric_decimal_standardized;temperature_numeric_standardized;time_numeric_standardized,,0,INCLUDED,,missing_optional_numeric:Volume solvente,MOF_GROUPED_LIGAND_SPLIT_v6.0_seed260730,DEVELOPMENT,Legante,260730
734,"3,3'-dimethyl-4,4'-bipyrazole",Bipyrazole,Ni,Ni(NO3)2·6H2O,DMF/H2O/EtOH,Nessuno,80,18,2,2.5,0.8,Room Temperature,2,,numeric_decimal_standardized;solvent_canonicalized;temperature_numeric_standardized;time_numeric_standardized,,0,INCLUDED,,missing_optional_numeric:Volume solvente,MOF_GROUPED_LIGAND_SPLIT_v6.0_seed260730,DEVELOPMENT,Legante,260730
735,"3,5-diamino-4,4'-bipyrazole",Bipyrazole,Zr,ZrCl4,H2O,Nessuno,100,18,0.5,0.25,2,Solvothermal,2,,numeric_decimal_standardized;temperature_numeric_standardized;time_numeric_standardized,,0,INCLUDED,,missing_optional_numeric:Volume solvente,MOF_GROUPED_LIGAND_SPLIT_v6.0_seed260730,DEVELOPMENT,Legante,260730
736,"4,4'-Biphenyldicarboxylic acid (BPDC)",Carbossilati aromatici,Co,Co(OAc)2·4H2O,DMF/MeOH,Nessuno,80,48,0.05,0.1,0.5,Solvothermal,2,,temperature_numeric_standardized;time_numeric_standardized,,0,INCLUDED,,missing_optional_numeric:Volume solvente,MOF_GROUPED_LIGAND_SPLIT_v6.0_seed260730,DEVELOPMENT,Legante,260730
737,2-Methylimidazole,Imidazolati,Al,AlCl3·6H2O,DEF,Nessuno,60,48,1,0.5,2,Room Temperature,2,,numeric_decimal_standardized;temperature_numeric_standardized;time_numeric_standardized,,0,INCLUDED,,missing_optional_numeric:Volume solvente,MOF_GROUPED_LIGAND_SPLIT_v6.0_seed260730,DEVELOPMENT,Legante,260730
738,"3-amino-4,4'-bipyrazole",Bipyrazole,Cu,Cu(OAc)2·H2O,DMF,Nessuno,100,4,0.5,0.25,2,Sonochemical,2,,numeric_decimal_standardized;temperature_numeric_standardized;time_numeric_standardized,,0,INCLUDED,,missing_optional_numeric:Volume solvente,MOF_GROUPED_LIGAND_SPLIT_v6.0_seed260730,DEVELOPMENT,Legante,260730
739,"3,5-diamino-4,4'-bipyrazole",Bipyrazole,Co,Co(OAc)2·4H2O,MeOH,Nessuno,80,4,0.5,0.25,2,Solvothermal,2,,numeric_decimal_standardized;temperature_numeric_standardized;time_numeric_standardized,,0,INCLUDED,,missing_optional_numeric:Volume solvente,MOF_GROUPED_LIGAND_SPLIT_v6.0_seed260730,DEVELOPMENT,Legante,260730
740,"3,3'-dimethyl-4,4'-bipyrazole",Bipyrazole,Al,AlCl3·6H2O,DMA,Nessuno,140,36,0.2,0.167,1.2,Room Temperature,2,,temperature_numeric_standardized;time_numeric_standardized,,0,INCLUDED,,missing_optional_numeric:Volume solvente,MOF_GROUPED_LIGAND_SPLIT_v6.0_seed260730,DEVELOPMENT,Legante,260730
741,"3,3'-dimethyl-4,4'-bipyrazole",Bipyrazole,Zr,ZrOCl2·8H2O,H2O/EtOH,Nessuno,25,24,0.5,0.5,1,Solvothermal,2,,numeric_decimal_standardized;solvent_canonicalized;temperature_numeric_standardized;time_numeric_standardized,,0,INCLUDED,,missing_optional_numeric:Volume solvente,MOF_GROUPED_LIGAND_SPLIT_v6.0_seed260730,DEVELOPMENT,Legante,260730
742,2-Methylimidazole,Imidazolati,Mg,Mg(NO3)2·6H2O,DMF/H2O,Nessuno,100,18,0.05,0.025,2,Solvothermal,2,,numeric_decimal_standardized;temperature_numeric_standardized;time_numeric_standardized,,0,INCLUDED,,missing_optional_numeric:Volume solvente,MOF_GROUPED_LIGAND_SPLIT_v6.0_seed260730,DEVELOPMENT,Legante,260730
743,"1,2,4-Triazole",Triazole,Al,AlCl3·6H2O,H2O/EtOH,Nessuno,140,18,1,5,0.2,Microwave,2,,numeric_decimal_standardized;solvent_canonicalized;temperature_numeric_standardized;time_numeric_standardized,,0,INCLUDED,,missing_optional_numeric:Volume solvente,MOF_GROUPED_LIGAND_SPLIT_v6.0_seed260730,DEVELOPMENT,Legante,260730
744,"3,5-diamino-4,4'-bipyrazole",Bipyrazole,Mn,Mn(OAc)2·4H2O,H2O/EtOH,Nessuno,80,24,1,1.25,0.8,Solvothermal,2,,numeric_decimal_standardized;solvent_canonicalized;temperature_numeric_standardized;time_numeric_standardized,,0,INCLUDED,,missing_optional_numeric:Volume solvente,MOF_GROUPED_LIGAND_SPLIT_v6.0_seed260730,DEVELOPMENT,Legante,260730
745,"2,6-Naphthalenedicarboxylic acid",Carbossilati aromatici,Zr,ZrCl4,DMF/H2O,Nessuno,60,4,2,1.333,1.5,Hydrothermal,2,,numeric_decimal_standardized;temperature_numeric_standardized;time_numeric_standardized,,0,INCLUDED,,missing_optional_numeric:Volume solvente,MOF_GROUPED_LIGAND_SPLIT_v6.0_seed260730,DEVELOPMENT,Legante,260730
746,"3,3'-dinitro-4,4'-bipyrazole",Bipyrazole,Cu,Cu(NO3)2·3H2O,H2O,Nessuno,160,12,0.2,0.133,1.5,Hydrothermal,2,,temperature_numeric_standardized;time_numeric_standardized,,0,INCLUDED,,missing_optional_numeric:Volume solvente,MOF_GROUPED_LIGAND_SPLIT_v6.0_seed260730,DEVELOPMENT,Legante,260730
747,"3,3'-dinitro-4,4'-bipyrazole",Bipyrazole,Zr,ZrOCl2·8H2O,DMF,Nessuno,160,4,2,4,0.5,Solvothermal,2,,numeric_decimal_standardized;temperature_numeric_standardized;time_numeric_standardized,,0,INCLUDED,,missing_optional_numeric:Volume solvente,MOF_GROUPED_LIGAND_SPLIT_v6.0_seed260730,DEVELOPMENT,Legante,260730
748,Fumaric acid,Carbossilati aromatici,Ni,Ni(OAc)2·4H2O,MeOH,Nessuno,80,12,1,0.5,2,Solvothermal,2,,numeric_decimal_standardized;temperature_numeric_standardized;time_numeric_standardized,,0,INCLUDED,,missing_optional_numeric:Volume solvente,MOF_GROUPED_LIGAND_SPLIT_v6.0_seed260730,DEVELOPMENT,Legante,260730
749,"1,2,4-Triazole",Triazole,Co,Co(NO3)2·6H2O,DMF/H2O/EtOH,Nessuno,100,36,2,10,0.2,Microwave,2,,numeric_decimal_standardized;solvent_canonicalized;temperature_numeric_standardized;time_numeric_standardized,,0,INCLUDED,,missing_optional_numeric:Volume solvente,MOF_GROUPED_LIGAND_SPLIT_v6.0_seed260730,DEVELOPMENT,Legante,260730
750,Benzimidazole,Imidazolati,Fe,Fe(NO3)3·9H2O,DMF/H2O,Nessuno,150,72,0.1,0.303,0.33,Microwave,2,,temperature_numeric_standardized;time_numeric_standardized,,0,INCLUDED,,missing_optional_numeric:Volume solvente,MOF_GROUPED_LIGAND_SPLIT_v6.0_seed260730,DEVELOPMENT,Legante,260730
751,Fumaric acid,Carbossilati aromatici,Mn,Mn(OAc)2·4H2O,DMF/MeOH,Nessuno,140,72,1,1.25,0.8,Room Temperature,2,,numeric_decimal_standardized;temperature_numeric_standardized;time_numeric_standardized,,0,INCLUDED,,missing_optional_numeric:Volume solvente,MOF_GROUPED_LIGAND_SPLIT_v6.0_seed260730,DEVELOPMENT,Legante,260730
752,"1,4-Benzenedicarboxylic acid (H2BDC)",Carbossilati aromatici,Co,Co(OAc)2·4H2O,H2O/EtOH,Nessuno,120,72,1,0.833,1.2,Microwave,2,,numeric_decimal_standardized;solvent_canonicalized;temperature_numeric_standardized;time_numeric_standardized,,0,INCLUDED,,missing_optional_numeric:Volume solvente,MOF_GROUPED_LIGAND_SPLIT_v6.0_seed260730,DEVELOPMENT,Legante,260730
753,"2,5-Dihydroxyterephthalic acid (H4DOBDC)",Carbossilati aromatici,Cd,Cd(NO3)2·4H2O,DMF/H2O,Nessuno,150,24,0.5,1.515,0.33,Sonochemical,2,,temperature_numeric_standardized;time_numeric_standardized,,0,INCLUDED,,missing_optional_numeric:Volume solvente,MOF_GROUPED_LIGAND_SPLIT_v6.0_seed260730,DEVELOPMENT,Legante,260730
754,"3,3'-dinitro-4,4'-bipyrazole",Bipyrazole,Mn,Mn(OAc)2·4H2O,H2O,Nessuno,80,24,0.1,0.067,1.5,Hydrothermal,2,,temperature_numeric_standardized;time_numeric_standardized,,0,INCLUDED,,missing_optional_numeric:Volume solvente,MOF_GROUPED_LIGAND_SPLIT_v6.0_seed260730,DEVELOPMENT,Legante,260730
755,"2,6-Naphthalenedicarboxylic acid",Carbossilati aromatici,Ni,Ni(NO3)2·6H2O,H2O/EtOH,Nessuno,25,12,0.1,0.5,0.2,Hydrothermal,2,,solvent_canonicalized;temperature_numeric_standardized;time_numeric_standardized,,0,INCLUDED,,missing_optional_numeric:Volume solvente,MOF_GROUPED_LIGAND_SPLIT_v6.0_seed260730,DEVELOPMENT,Legante,260730
756,Benzimidazole,Imidazolati,Mg,Mg(NO3)2·6H2O,DMF/H2O/EtOH,Nessuno,160,36,1,5,0.2,Sonochemical,2,,numeric_decimal_standardized;solvent_canonicalized;temperature_numeric_standardized;time_numeric_standardized,,0,INCLUDED,,missing_optional_numeric:Volume solvente,MOF_GROUPED_LIGAND_SPLIT_v6.0_seed260730,DEVELOPMENT,Legante,260730
757,Fumaric acid,Carbossilati aromatici,Zn,Zn(NO3)2·6H2O,DMA,Nessuno,150,18,0.2,0.606,0.33,Microwave,2,,temperature_numeric_standardized;time_numeric_standardized,,0,INCLUDED,,missing_optional_numeric:Volume solvente,MOF_GROUPED_LIGAND_SPLIT_v6.0_seed260730,DEVELOPMENT,Legante,260730
758,"2,6-Naphthalenedicarboxylic acid",Carbossilati aromatici,Al,AlCl3·6H2O,H2O/EtOH,Nessuno,25,48,0.5,0.5,1,Microwave,2,,numeric_decimal_standardized;solvent_canonicalized;temperature_numeric_standardized;time_numeric_standardized,,0,INCLUDED,,missing_optional_numeric:Volume solvente,MOF_GROUPED_LIGAND_SPLIT_v6.0_seed260730,DEVELOPMENT,Legante,260730
759,"3,3'-dinitro-4,4'-bipyrazole",Bipyrazole,Mg,Mg(NO3)2·6H2O,H2O/EtOH,Nessuno,150,24,2,1.667,1.2,Solvothermal,2,,numeric_decimal_standardized;solvent_canonicalized;temperature_numeric_standardized;time_numeric_standardized,,0,INCLUDED,,missing_optional_numeric:Volume solvente,MOF_GROUPED_LIGAND_SPLIT_v6.0_seed260730,DEVELOPMENT,Legante,260730
760,"2,6-Naphthalenedicarboxylic acid",Carbossilati aromatici,Ni,Ni(OAc)2·4H2O,DMA,Nessuno,120,24,0.1,0.125,0.8,Hydrothermal,2,,temperature_numeric_standardized;time_numeric_standardized,,0,INCLUDED,,missing_optional_numeric:Volume solvente,MOF_GROUPED_LIGAND_SPLIT_v6.0_seed260730,DEVELOPMENT,Legante,260730
761,"3,3'-dinitro-4,4'-bipyrazole",Bipyrazole,Zr,ZrCl4,H2O,Nessuno,120,36,0.1,0.05,2,Microwave,2,,numeric_decimal_standardized;temperature_numeric_standardized;time_numeric_standardized,,0,INCLUDED,,missing_optional_numeric:Volume solvente,MOF_GROUPED_LIGAND_SPLIT_v6.0_seed260730,DEVELOPMENT,Legante,260730
762,"1,4-Benzenedicarboxylic acid (H2BDC)",Carbossilati aromatici,Fe,Fe(NO3)3·9H2O,DEF,Nessuno,80,24,1,5,0.2,Solvothermal,2,,numeric_decimal_standardized;temperature_numeric_standardized;time_numeric_standardized,,0,INCLUDED,,missing_optional_numeric:Volume solvente,MOF_GROUPED_LIGAND_SPLIT_v6.0_seed260730,DEVELOPMENT,Legante,260730
764,"3,3'-dimethyl-4,4'-bipyrazole",Bipyrazole,Fe,Fe(NO3)3·9H2O,DEF,Nessuno,80,12,0.05,0.033,1.5,Room Temperature,2,,temperature_numeric_standardized;time_numeric_standardized,,0,INCLUDED,,missing_optional_numeric:Volume solvente,MOF_GROUPED_LIGAND_SPLIT_v6.0_seed260730,DEVELOPMENT,Legante,260730
765,"3,3'-dinitro-4,4'-bipyrazole",Bipyrazole,Co,Co(OAc)2·4H2O,DEF,Nessuno,80,4,1,3.03,0.33,Microwave,2,,numeric_decimal_standardized;temperature_numeric_standardized;time_numeric_standardized,,0,INCLUDED,,missing_optional_numeric:Volume solvente,MOF_GROUPED_LIGAND_SPLIT_v6.0_seed260730,DEVELOPMENT,Legante,260730
767,"2,5-Dihydroxyterephthalic acid (H4DOBDC)",Carbossilati aromatici,Ni,Ni(OAc)2·4H2O,H2O/EtOH,Nessuno,180,18,0.5,1,0.5,Solvothermal,2,,numeric_decimal_standardized;solvent_canonicalized;temperature_numeric_standardized;time_numeric_standardized,,0,INCLUDED,,missing_optional_numeric:Volume solvente,MOF_GROUPED_LIGAND_SPLIT_v6.0_seed260730,DEVELOPMENT,Legante,260730
769,Fumaric acid,Carbossilati aromatici,Al,Al(NO3)3·9H2O,MeOH,Nessuno,180,18,0.05,0.042,1.2,Solvothermal,2,,temperature_numeric_standardized;time_numeric_standardized,,0,INCLUDED,,missing_optional_numeric:Volume solvente,MOF_GROUPED_LIGAND_SPLIT_v6.0_seed260730,DEVELOPMENT,Legante,260730
770,"1,4-Benzenedicarboxylic acid (H2BDC)",Carbossilati aromatici,Mg,Mg(NO3)2·6H2O,DMF/H2O/EtOH,Nessuno,140,36,0.05,0.1,0.5,Room Temperature,2,,solvent_canonicalized;temperature_numeric_standardized;time_numeric_standardized,,0,INCLUDED,,missing_optional_numeric:Volume solvente,MOF_GROUPED_LIGAND_SPLIT_v6.0_seed260730,DEVELOPMENT,Legante,260730
771,"2,5-Dihydroxyterephthalic acid (H4DOBDC)",Carbossilati aromatici,Fe,Fe(NO3)3·9H2O,DMF/H2O/EtOH,Nessuno,80,24,0.5,0.333,1.5,Solvothermal,2,,solvent_canonicalized;temperature_numeric_standardized;time_numeric_standardized,,0,INCLUDED,,missing_optional_numeric:Volume solvente,MOF_GROUPED_LIGAND_SPLIT_v6.0_seed260730,DEVELOPMENT,Legante,260730
772,Benzimidazole,Imidazolati,Cd,Cd(NO3)2·4H2O,H2O/EtOH,Nessuno,120,18,0.5,2.5,0.2,Microwave,2,,solvent_canonicalized;temperature_numeric_standardized;time_numeric_standardized,,0,INCLUDED,,missing_optional_numeric:Volume solvente,MOF_GROUPED_LIGAND_SPLIT_v6.0_seed260730,DEVELOPMENT,Legante,260730
773,"3,3'-dimethyl-4,4'-bipyrazole",Bipyrazole,Cu,Cu(OAc)2·H2O,H2O/EtOH,Nessuno,150,4,0.1,0.1,1,Sonochemical,2,,numeric_decimal_standardized;solvent_canonicalized;temperature_numeric_standardized;time_numeric_standardized,,0,INCLUDED,,missing_optional_numeric:Volume solvente,MOF_GROUPED_LIGAND_SPLIT_v6.0_seed260730,DEVELOPMENT,Legante,260730
774,"3,3'-dinitro-4,4'-bipyrazole",Bipyrazole,Co,Co(NO3)2·6H2O,H2O/EtOH,Nessuno,80,72,0.2,0.4,0.5,Sonochemical,2,,solvent_canonicalized;temperature_numeric_standardized;time_numeric_standardized,,0,INCLUDED,,missing_optional_numeric:Volume solvente,MOF_GROUPED_LIGAND_SPLIT_v6.0_seed260730,DEVELOPMENT,Legante,260730
776,"3-amino-4,4'-bipyrazole",Bipyrazole,Zr,ZrOCl2·8H2O,H2O/EtOH,Nessuno,120,48,1,0.5,2,Room Temperature,2,,numeric_decimal_standardized;solvent_canonicalized;temperature_numeric_standardized;time_numeric_standardized,,0,INCLUDED,,missing_optional_numeric:Volume solvente,MOF_GROUPED_LIGAND_SPLIT_v6.0_seed260730,DEVELOPMENT,Legante,260730
777,"1,4-Benzenedicarboxylic acid (H2BDC)",Carbossilati aromatici,Mn,Mn(OAc)2·4H2O,MeOH,Nessuno,180,36,2,2.5,0.8,Microwave,2,,numeric_decimal_standardized;temperature_numeric_standardized;time_numeric_standardized,,0,INCLUDED,,missing_optional_numeric:Volume solvente,MOF_GROUPED_LIGAND_SPLIT_v6.0_seed260730,DEVELOPMENT,Legante,260730
778,"1,2,4-Triazole",Triazole,Fe,Fe(NO3)3·9H2O,DMA,Nessuno,150,18,0.2,0.606,0.33,Hydrothermal,2,,temperature_numeric_standardized;time_numeric_standardized,,0,INCLUDED,,missing_optional_numeric:Volume solvente,MOF_GROUPED_LIGAND_SPLIT_v6.0_seed260730,DEVELOPMENT,Legante,260730
779,Fumaric acid,Carbossilati aromatici,Cu,Cu(NO3)2·3H2O,DEF,Nessuno,100,24,0.05,0.033,1.5,Sonochemical,2,,temperature_numeric_standardized;time_numeric_standardized,,0,INCLUDED,,missing_optional_numeric:Volume solvente,MOF_GROUPED_LIGAND_SPLIT_v6.0_seed260730,DEVELOPMENT,Legante,260730
780,Fumaric acid,Carbossilati aromatici,Zr,ZrCl4,DMF/H2O,Nessuno,180,72,0.05,0.25,0.2,Microwave,2,,temperature_numeric_standardized;time_numeric_standardized,,0,INCLUDED,,missing_optional_numeric:Volume solvente,MOF_GROUPED_LIGAND_SPLIT_v6.0_seed260730,DEVELOPMENT,Legante,260730
781,"3,5-diamino-4,4'-bipyrazole",Bipyrazole,Zr,ZrCl4,DMA,Nessuno,120,48,1,1.25,0.8,Hydrothermal,2,,numeric_decimal_standardized;temperature_numeric_standardized;time_numeric_standardized,,0,INCLUDED,,missing_optional_numeric:Volume solvente,MOF_GROUPED_LIGAND_SPLIT_v6.0_seed260730,DEVELOPMENT,Legante,260730
782,2-Methylimidazole,Imidazolati,Cd,Cd(NO3)2·4H2O,H2O/EtOH,Nessuno,140,36,1,1.25,0.8,Room Temperature,2,,numeric_decimal_standardized;solvent_canonicalized;temperature_numeric_standardized;time_numeric_standardized,,0,INCLUDED,,missing_optional_numeric:Volume solvente,MOF_GROUPED_LIGAND_SPLIT_v6.0_seed260730,DEVELOPMENT,Legante,260730
783,"2,5-Dihydroxyterephthalic acid (H4DOBDC)",Carbossilati aromatici,Cu,Cu(NO3)2·3H2O,DMF/H2O,Nessuno,100,4,0.05,0.033,1.5,Hydrothermal,2,,temperature_numeric_standardized;time_numeric_standardized,,0,INCLUDED,,missing_optional_numeric:Volume solvente,MOF_GROUPED_LIGAND_SPLIT_v6.0_seed260730,DEVELOPMENT,Legante,260730
784,"1,4-Benzenedicarboxylic acid (H2BDC)",Carbossilati aromatici,Al,AlCl3·6H2O,DMF,Nessuno,120,48,0.05,0.025,2,Room Temperature,2,,numeric_decimal_standardized;temperature_numeric_standardized;time_numeric_standardized,,0,INCLUDED,,missing_optional_numeric:Volume solvente,MOF_GROUPED_LIGAND_SPLIT_v6.0_seed260730,DEVELOPMENT,Legante,260730
785,"3,3'-dimethyl-4,4'-bipyrazole",Bipyrazole,Fe,Fe(NO3)3·9H2O,H2O,Nessuno,140,24,0.1,0.1,1,Microwave,2,,numeric_decimal_standardized;temperature_numeric_standardized;time_numeric_standardized,,0,INCLUDED,,missing_optional_numeric:Volume solvente,MOF_GROUPED_LIGAND_SPLIT_v6.0_seed260730,DEVELOPMENT,Legante,260730
786,"1,2,4-Triazole",Triazole,Cu,Cu(OAc)2·H2O,H2O,Nessuno,60,24,0.05,0.05,1,Microwave,2,,numeric_decimal_standardized;temperature_numeric_standardized;time_numeric_standardized,,0,INCLUDED,,missing_optional_numeric:Volume solvente,MOF_GROUPED_LIGAND_SPLIT_v6.0_seed260730,DEVELOPMENT,Legante,260730
787,"2,5-Dihydroxyterephthalic acid (H4DOBDC)",Carbossilati aromatici,Mn,Mn(OAc)2·4H2O,DMF/H2O/EtOH,Nessuno,25,36,0.5,0.5,1,Microwave,2,,numeric_decimal_standardized;solvent_canonicalized;temperature_numeric_standardized;time_numeric_standardized,,0,INCLUDED,,missing_optional_numeric:Volume solvente,MOF_GROUPED_LIGAND_SPLIT_v6.0_seed260730,DEVELOPMENT,Legante,260730
788,2-Methylimidazole,Imidazolati,Al,Al(NO3)3·9H2O,DMF/H2O,Nessuno,140,12,1,0.5,2,Room Temperature,2,,numeric_decimal_standardized;temperature_numeric_standardized;time_numeric_standardized,,0,INCLUDED,,missing_optional_numeric:Volume solvente,MOF_GROUPED_LIGAND_SPLIT_v6.0_seed260730,DEVELOPMENT,Legante,260730
790,"4,4'-Biphenyldicarboxylic acid (BPDC)",Carbossilati aromatici,Zr,ZrCl4,DEF,Nessuno,25,18,0.05,0.152,0.33,Sonochemical,2,,temperature_numeric_standardized;time_numeric_standardized,,0,INCLUDED,,missing_optional_numeric:Volume solvente,MOF_GROUPED_LIGAND_SPLIT_v6.0_seed260730,DEVELOPMENT,Legante,260730
791,"4,4'-Biphenyldicarboxylic acid (BPDC)",Carbossilati aromatici,Mn,Mn(OAc)2·4H2O,DMF,Nessuno,60,4,0.05,0.033,1.5,Room Temperature,2,,temperature_numeric_standardized;time_numeric_standardized,,0,INCLUDED,,missing_optional_numeric:Volume solvente,MOF_GROUPED_LIGAND_SPLIT_v6.0_seed260730,DEVELOPMENT,Legante,260730
792,"2,6-Naphthalenedicarboxylic acid",Carbossilati aromatici,Mg,Mg(NO3)2·6H2O,MeOH,Nessuno,140,24,1,1,1,Solvothermal,2,,numeric_decimal_standardized;temperature_numeric_standardized;time_numeric_standardized,,0,INCLUDED,,missing_optional_numeric:Volume solvente,MOF_GROUPED_LIGAND_SPLIT_v6.0_seed260730,DEVELOPMENT,Legante,260730
793,"4,4'-Biphenyldicarboxylic acid (BPDC)",Carbossilati aromatici,Cu,Cu(NO3)2·3H2O,H2O/EtOH,Nessuno,150,36,0.1,0.1,1,Sonochemical,2,,numeric_decimal_standardized;solvent_canonicalized;temperature_numeric_standardized;time_numeric_standardized,,0,INCLUDED,,missing_optional_numeric:Volume solvente,MOF_GROUPED_LIGAND_SPLIT_v6.0_seed260730,DEVELOPMENT,Legante,260730
794,"3,3'-dinitro-4,4'-bipyrazole",Bipyrazole,Mn,Mn(OAc)2·4H2O,H2O/EtOH,Nessuno,180,48,1,2,0.5,Solvothermal,2,,numeric_decimal_standardized;solvent_canonicalized;temperature_numeric_standardized;time_numeric_standardized,,0,INCLUDED,,missing_optional_numeric:Volume solvente,MOF_GROUPED_LIGAND_SPLIT_v6.0_seed260730,DEVELOPMENT,Legante,260730
795,2-Methylimidazole,Imidazolati,Cu,Cu(OAc)2·H2O,DMF,Nessuno,25,12,0.1,0.067,1.5,Microwave,2,,temperature_numeric_standardized;time_numeric_standardized,,0,INCLUDED,,missing_optional_numeric:Volume solvente,MOF_GROUPED_LIGAND_SPLIT_v6.0_seed260730,DEVELOPMENT,Legante,260730
796,"3,3'-dinitro-4,4'-bipyrazole",Bipyrazole,Zr,ZrOCl2·8H2O,DMA,Nessuno,140,18,0.5,1.515,0.33,Room Temperature,2,,temperature_numeric_standardized;time_numeric_standardized,,0,INCLUDED,,missing_optional_numeric:Volume solvente,MOF_GROUPED_LIGAND_SPLIT_v6.0_seed260730,DEVELOPMENT,Legante,260730
797,"1,4-Benzenedicarboxylic acid (H2BDC)",Carbossilati aromatici,Fe,Fe(NO3)3·9H2O,H2O/EtOH,Nessuno,180,4,2,2,1,Sonochemical,2,,numeric_decimal_standardized;solvent_canonicalized;temperature_numeric_standardized;time_numeric_standardized,,0,INCLUDED,,missing_optional_numeric:Volume solvente,MOF_GROUPED_LIGAND_SPLIT_v6.0_seed260730,DEVELOPMENT,Legante,260730
800,"4,4'-Biphenyldicarboxylic acid (BPDC)",Carbossilati aromatici,Zr,ZrCl4,H2O,Nessuno,150,12,1,5,0.2,Room Temperature,2,,numeric_decimal_standardized;temperature_numeric_standardized;time_numeric_standardized,,0,INCLUDED,,missing_optional_numeric:Volume solvente,MOF_GROUPED_LIGAND_SPLIT_v6.0_seed260730,DEVELOPMENT,Legante,260730
801,2-Methylimidazole,Imidazolati,Cu,Cu(OAc)2·H2O,H2O,Nessuno,25,12,0.5,0.625,0.8,Solvothermal,2,,temperature_numeric_standardized;time_numeric_standardized,,0,INCLUDED,,missing_optional_numeric:Volume solvente,MOF_GROUPED_LIGAND_SPLIT_v6.0_seed260730,DEVELOPMENT,Legante,260730
802,"3,5-diamino-4,4'-bipyrazole",Bipyrazole,Zn,Zn(NO3)2·6H2O,DEF,Nessuno,140,36,2,2,1,Hydrothermal,2,,numeric_decimal_standardized;temperature_numeric_standardized;time_numeric_standardized,,0,INCLUDED,,missing_optional_numeric:Volume solvente,MOF_GROUPED_LIGAND_SPLIT_v6.0_seed260730,DEVELOPMENT,Legante,260730
803,"3,3'-dimethyl-4,4'-bipyrazole",Bipyrazole,Fe,FeCl3·6H2O,DMF/H2O,Nessuno,180,72,0.5,0.417,1.2,Room Temperature,2,,temperature_numeric_standardized;time_numeric_standardized,,0,INCLUDED,,missing_optional_numeric:Volume solvente,MOF_GROUPED_LIGAND_SPLIT_v6.0_seed260730,DEVELOPMENT,Legante,260730
804,"3,5-diamino-4,4'-bipyrazole",Bipyrazole,Cu,Cu(OAc)2·H2O,H2O,Nessuno,180,18,1,2,0.5,Room Temperature,2,,numeric_decimal_standardized;temperature_numeric_standardized;time_numeric_standardized,,0,INCLUDED,,missing_optional_numeric:Volume solvente,MOF_GROUPED_LIGAND_SPLIT_v6.0_seed260730,DEVELOPMENT,Legante,260730
806,"1,2,4-Triazole",Triazole,Al,AlCl3·6H2O,DEF,Nessuno,25,48,0.2,0.2,1,Hydrothermal,2,,numeric_decimal_standardized;temperature_numeric_standardized;time_numeric_standardized,,0,INCLUDED,,missing_optional_numeric:Volume solvente,MOF_GROUPED_LIGAND_SPLIT_v6.0_seed260730,DEVELOPMENT,Legante,260730
807,"3-amino-4,4'-bipyrazole",Bipyrazole,Cd,Cd(NO3)2·4H2O,DMF/H2O/EtOH,Nessuno,140,72,1,0.667,1.5,Room Temperature,2,,numeric_decimal_standardized;solvent_canonicalized;temperature_numeric_standardized;time_numeric_standardized,,0,INCLUDED,,missing_optional_numeric:Volume solvente,MOF_GROUPED_LIGAND_SPLIT_v6.0_seed260730,DEVELOPMENT,Legante,260730
808,"1,4-Benzenedicarboxylic acid (H2BDC)",Carbossilati aromatici,Cu,Cu(OAc)2·H2O,DMF,Nessuno,160,4,0.5,0.5,1,Room Temperature,2,,numeric_decimal_standardized;temperature_numeric_standardized;time_numeric_standardized,,0,INCLUDED,,missing_optional_numeric:Volume solvente,MOF_GROUPED_LIGAND_SPLIT_v6.0_seed260730,DEVELOPMENT,Legante,260730
810,"3,5-diamino-4,4'-bipyrazole",Bipyrazole,Zr,ZrOCl2·8H2O,H2O,Nessuno,80,72,2,1.333,1.5,Room Temperature,2,,numeric_decimal_standardized;temperature_numeric_standardized;time_numeric_standardized,,0,INCLUDED,,missing_optional_numeric:Volume solvente,MOF_GROUPED_LIGAND_SPLIT_v6.0_seed260730,DEVELOPMENT,Legante,260730
811,"3,3'-dimethyl-4,4'-bipyrazole",Bipyrazole,Cd,Cd(NO3)2·4H2O,DEF,Nessuno,140,18,0.05,0.033,1.5,Room Temperature,2,,temperature_numeric_standardized;time_numeric_standardized,,0,INCLUDED,,missing_optional_numeric:Volume solvente,MOF_GROUPED_LIGAND_SPLIT_v6.0_seed260730,DEVELOPMENT,Legante,260730
812,Fumaric acid,Carbossilati aromatici,Zn,Zn(NO3)2·6H2O,MeOH,Nessuno,180,4,0.5,0.417,1.2,Hydrothermal,2,,temperature_numeric_standardized;time_numeric_standardized,,0,INCLUDED,,missing_optional_numeric:Volume solvente,MOF_GROUPED_LIGAND_SPLIT_v6.0_seed260730,DEVELOPMENT,Legante,260730
813,"3-amino-4,4'-bipyrazole",Bipyrazole,Mn,Mn(OAc)2·4H2O,DMF/MeOH,Nessuno,180,24,0.05,0.1,0.5,Hydrothermal,2,,temperature_numeric_standardized;time_numeric_standardized,,0,INCLUDED,,missing_optional_numeric:Volume solvente,MOF_GROUPED_LIGAND_SPLIT_v6.0_seed260730,DEVELOPMENT,Legante,260730
814,2-Methylimidazole,Imidazolati,Cd,Cd(NO3)2·4H2O,DMF/MeOH,Nessuno,140,12,0.2,0.25,0.8,Solvothermal,2,,temperature_numeric_standardized;time_numeric_standardized,,0,INCLUDED,,missing_optional_numeric:Volume solvente,MOF_GROUPED_LIGAND_SPLIT_v6.0_seed260730,DEVELOPMENT,Legante,260730
815,"3,3'-dinitro-4,4'-bipyrazole",Bipyrazole,Ni,Ni(NO3)2·6H2O,H2O/EtOH,Nessuno,140,24,0.1,0.05,2,Hydrothermal,2,,numeric_decimal_standardized;solvent_canonicalized;temperature_numeric_standardized;time_numeric_standardized,,0,INCLUDED,,missing_optional_numeric:Volume solvente,MOF_GROUPED_LIGAND_SPLIT_v6.0_seed260730,DEVELOPMENT,Legante,260730
816,"3,3'-dimethyl-4,4'-bipyrazole",Bipyrazole,Al,Al(NO3)3·9H2O,DMA,Nessuno,120,4,2,2,1,Solvothermal,2,,numeric_decimal_standardized;temperature_numeric_standardized;time_numeric_standardized,,0,INCLUDED,,missing_optional_numeric:Volume solvente,MOF_GROUPED_LIGAND_SPLIT_v6.0_seed260730,DEVELOPMENT,Legante,260730
817,"2,6-Naphthalenedicarboxylic acid",Carbossilati aromatici,Zn,Zn(OAc)2·2H2O,DMA,Nessuno,150,24,2,1.667,1.2,Room Temperature,2,,numeric_decimal_standardized;temperature_numeric_standardized;time_numeric_standardized,,0,INCLUDED,,missing_optional_numeric:Volume solvente,MOF_GROUPED_LIGAND_SPLIT_v6.0_seed260730,DEVELOPMENT,Legante,260730
818,Benzimidazole,Imidazolati,Ni,Ni(NO3)2·6H2O,MeOH,Nessuno,80,18,2,2.5,0.8,Sonochemical,2,,numeric_decimal_standardized;temperature_numeric_standardized;time_numeric_standardized,,0,INCLUDED,,missing_optional_numeric:Volume solvente,MOF_GROUPED_LIGAND_SPLIT_v6.0_seed260730,DEVELOPMENT,Legante,260730
821,"3,3'-dinitro-4,4'-bipyrazole",Bipyrazole,Cu,Cu(OAc)2·H2O,DMF/H2O,Nessuno,100,4,0.5,2.5,0.2,Microwave,2,,temperature_numeric_standardized;time_numeric_standardized,,0,INCLUDED,,missing_optional_numeric:Volume solvente,MOF_GROUPED_LIGAND_SPLIT_v6.0_seed260730,DEVELOPMENT,Legante,260730
823,2-Methylimidazole,Imidazolati,Fe,FeCl3·6H2O,DMF/H2O,Nessuno,25,48,0.1,0.05,2,Hydrothermal,2,,numeric_decimal_standardized;temperature_numeric_standardized;time_numeric_standardized,,0,INCLUDED,,missing_optional_numeric:Volume solvente,MOF_GROUPED_LIGAND_SPLIT_v6.0_seed260730,DEVELOPMENT,Legante,260730
824,"2,6-Naphthalenedicarboxylic acid",Carbossilati aromatici,Ni,Ni(OAc)2·4H2O,DEF,Nessuno,160,12,1,5,0.2,Microwave,2,,numeric_decimal_standardized;temperature_numeric_standardized;time_numeric_standardized,,0,INCLUDED,,missing_optional_numeric:Volume solvente,MOF_GROUPED_LIGAND_SPLIT_v6.0_seed260730,DEVELOPMENT,Legante,260730
825,"3-amino-4,4'-bipyrazole",Bipyrazole,Mn,Mn(OAc)2·4H2O,DMF/H2O/EtOH,Nessuno,160,48,0.05,0.042,1.2,Room Temperature,2,,solvent_canonicalized;temperature_numeric_standardized;time_numeric_standardized,,0,INCLUDED,,missing_optional_numeric:Volume solvente,MOF_GROUPED_LIGAND_SPLIT_v6.0_seed260730,DEVELOPMENT,Legante,260730
826,"2,6-Naphthalenedicarboxylic acid",Carbossilati aromatici,Fe,Fe(NO3)3·9H2O,DEF,Nessuno,120,18,0.5,1.515,0.33,Solvothermal,2,,temperature_numeric_standardized;time_numeric_standardized,,0,INCLUDED,,missing_optional_numeric:Volume solvente,MOF_GROUPED_LIGAND_SPLIT_v6.0_seed260730,DEVELOPMENT,Legante,260730
828,"3,5-diamino-4,4'-bipyrazole",Bipyrazole,Fe,FeCl3·6H2O,DMF/H2O/EtOH,Nessuno,120,48,0.2,0.167,1.2,Microwave,2,,solvent_canonicalized;temperature_numeric_standardized;time_numeric_standardized,,0,INCLUDED,,missing_optional_numeric:Volume solvente,MOF_GROUPED_LIGAND_SPLIT_v6.0_seed260730,DEVELOPMENT,Legante,260730
829,"2,6-Naphthalenedicarboxylic acid",Carbossilati aromatici,Zn,Zn(NO3)2·6H2O,H2O/EtOH,Nessuno,80,18,0.5,0.417,1.2,Hydrothermal,2,,solvent_canonicalized;temperature_numeric_standardized;time_numeric_standardized,,0,INCLUDED,,missing_optional_numeric:Volume solvente,MOF_GROUPED_LIGAND_SPLIT_v6.0_seed260730,DEVELOPMENT,Legante,260730
830,"3-amino-4,4'-bipyrazole",Bipyrazole,Al,Al(NO3)3·9H2O,DMF/H2O/EtOH,Nessuno,60,72,2,2,1,Room Temperature,2,,numeric_decimal_standardized;solvent_canonicalized;temperature_numeric_standardized;time_numeric_standardized,,0,INCLUDED,,missing_optional_numeric:Volume solvente,MOF_GROUPED_LIGAND_SPLIT_v6.0_seed260730,DEVELOPMENT,Legante,260730
831,"1,4-Benzenedicarboxylic acid (H2BDC)",Carbossilati aromatici,Cd,Cd(NO3)2·4H2O,DMF,Nessuno,180,4,0.1,0.067,1.5,Solvothermal,2,,temperature_numeric_standardized;time_numeric_standardized,,0,INCLUDED,,missing_optional_numeric:Volume solvente,MOF_GROUPED_LIGAND_SPLIT_v6.0_seed260730,DEVELOPMENT,Legante,260730
832,Benzimidazole,Imidazolati,Co,Co(OAc)2·4H2O,H2O,Nessuno,80,72,2,1.667,1.2,Room Temperature,2,,numeric_decimal_standardized;temperature_numeric_standardized;time_numeric_standardized,,0,INCLUDED,,missing_optional_numeric:Volume solvente,MOF_GROUPED_LIGAND_SPLIT_v6.0_seed260730,DEVELOPMENT,Legante,260730
834,"1,4-Benzenedicarboxylic acid (H2BDC)",Carbossilati aromatici,Co,Co(NO3)2·6H2O,DMF/MeOH,Nessuno,140,4,1,1,1,Solvothermal,2,,numeric_decimal_standardized;temperature_numeric_standardized;time_numeric_standardized,,0,INCLUDED,,missing_optional_numeric:Volume solvente,MOF_GROUPED_LIGAND_SPLIT_v6.0_seed260730,DEVELOPMENT,Legante,260730
835,"3,3'-dimethyl-4,4'-bipyrazole",Bipyrazole,Zr,ZrCl4,DMF/MeOH,Nessuno,140,12,0.2,0.2,1,Hydrothermal,2,,numeric_decimal_standardized;temperature_numeric_standardized;time_numeric_standardized,,0,INCLUDED,,missing_optional_numeric:Volume solvente,MOF_GROUPED_LIGAND_SPLIT_v6.0_seed260730,DEVELOPMENT,Legante,260730
836,"3,3'-dinitro-4,4'-bipyrazole",Bipyrazole,Zr,ZrCl4,DMA,Nessuno,140,36,0.5,0.5,1,Microwave,2,,numeric_decimal_standardized;temperature_numeric_standardized;time_numeric_standardized,,0,INCLUDED,,missing_optional_numeric:Volume solvente,MOF_GROUPED_LIGAND_SPLIT_v6.0_seed260730,DEVELOPMENT,Legante,260730
837,"3,5-diamino-4,4'-bipyrazole",Bipyrazole,Cd,Cd(NO3)2·4H2O,H2O,Nessuno,120,36,1,1.25,0.8,Microwave,2,,numeric_decimal_standardized;temperature_numeric_standardized;time_numeric_standardized,,0,INCLUDED,,missing_optional_numeric:Volume solvente,MOF_GROUPED_LIGAND_SPLIT_v6.0_seed260730,DEVELOPMENT,Legante,260730
839,"3,5-diamino-4,4'-bipyrazole",Bipyrazole,Zn,Zn(OAc)2·2H2O,DMA,Nessuno,160,72,0.2,0.167,1.2,Hydrothermal,2,,temperature_numeric_standardized;time_numeric_standardized,,0,INCLUDED,,missing_optional_numeric:Volume solvente,MOF_GROUPED_LIGAND_SPLIT_v6.0_seed260730,DEVELOPMENT,Legante,260730
840,"1,2,4-Triazole",Triazole,Al,Al(NO3)3·9H2O,H2O,Nessuno,60,4,0.5,0.333,1.5,Solvothermal,2,,temperature_numeric_standardized;time_numeric_standardized,,0,INCLUDED,,missing_optional_numeric:Volume solvente,MOF_GROUPED_LIGAND_SPLIT_v6.0_seed260730,DEVELOPMENT,Legante,260730
841,"3,3'-dimethyl-4,4'-bipyrazole",Bipyrazole,Fe,Fe(NO3)3·9H2O,DMF/MeOH,Nessuno,100,36,0.1,0.05,2,Sonochemical,2,,numeric_decimal_standardized;temperature_numeric_standardized;time_numeric_standardized,,0,INCLUDED,,missing_optional_numeric:Volume solvente,MOF_GROUPED_LIGAND_SPLIT_v6.0_seed260730,DEVELOPMENT,Legante,260730
842,"1,4-Benzenedicarboxylic acid (H2BDC)",Carbossilati aromatici,Ni,Ni(NO3)2·6H2O,DMA,Nessuno,80,36,0.2,0.167,1.2,Solvothermal,2,,temperature_numeric_standardized;time_numeric_standardized,,0,INCLUDED,,missing_optional_numeric:Volume solvente,MOF_GROUPED_LIGAND_SPLIT_v6.0_seed260730,DEVELOPMENT,Legante,260730
843,Fumaric acid,Carbossilati aromatici,Zr,ZrCl4,H2O/EtOH,Nessuno,120,12,0.05,0.042,1.2,Microwave,2,,solvent_canonicalized;temperature_numeric_standardized;time_numeric_standardized,,0,INCLUDED,,missing_optional_numeric:Volume solvente,MOF_GROUPED_LIGAND_SPLIT_v6.0_seed260730,DEVELOPMENT,Legante,260730
844,"1,4-Benzenedicarboxylic acid (H2BDC)",Carbossilati aromatici,Co,Co(OAc)2·4H2O,H2O/EtOH,Nessuno,180,36,0.5,1.515,0.33,Solvothermal,2,,solvent_canonicalized;temperature_numeric_standardized;time_numeric_standardized,,0,INCLUDED,,missing_optional_numeric:Volume solvente,MOF_GROUPED_LIGAND_SPLIT_v6.0_seed260730,DEVELOPMENT,Legante,260730
845,"3-amino-4,4'-bipyrazole",Bipyrazole,Ni,Ni(NO3)2·6H2O,DMF/H2O,Nessuno,100,4,2,4,0.5,Hydrothermal,2,,numeric_decimal_standardized;temperature_numeric_standardized;time_numeric_standardized,,0,INCLUDED,,missing_optional_numeric:Volume solvente,MOF_GROUPED_LIGAND_SPLIT_v6.0_seed260730,DEVELOPMENT,Legante,260730
847,"3,3'-dimethyl-4,4'-bipyrazole",Bipyrazole,Fe,Fe(NO3)3·9H2O,DMF/H2O,Nessuno,140,4,1,0.833,1.2,Microwave,2,,numeric_decimal_standardized;temperature_numeric_standardized;time_numeric_standardized,,0,INCLUDED,,missing_optional_numeric:Volume solvente,MOF_GROUPED_LIGAND_SPLIT_v6.0_seed260730,DEVELOPMENT,Legante,260730
848,"3,5-diamino-4,4'-bipyrazole",Bipyrazole,Zr,ZrCl4,DMF,Nessuno,140,12,1,3.03,0.33,Microwave,2,,numeric_decimal_standardized;temperature_numeric_standardized;time_numeric_standardized,,0,INCLUDED,,missing_optional_numeric:Volume solvente,MOF_GROUPED_LIGAND_SPLIT_v6.0_seed260730,DEVELOPMENT,Legante,260730
849,"1,4-Benzenedicarboxylic acid (H2BDC)",Carbossilati aromatici,Co,Co(NO3)2·6H2O,DMF,Nessuno,100,4,2,2.5,0.8,Solvothermal,2,,numeric_decimal_standardized;temperature_numeric_standardized;time_numeric_standardized,,0,INCLUDED,,missing_optional_numeric:Volume solvente,MOF_GROUPED_LIGAND_SPLIT_v6.0_seed260730,DEVELOPMENT,Legante,260730
850,"4,4'-Biphenyldicarboxylic acid (BPDC)",Carbossilati aromatici,Co,Co(OAc)2·4H2O,DMF,Nessuno,150,4,0.2,0.167,1.2,Sonochemical,2,,temperature_numeric_standardized;time_numeric_standardized,,0,INCLUDED,,missing_optional_numeric:Volume solvente,MOF_GROUPED_LIGAND_SPLIT_v6.0_seed260730,DEVELOPMENT,Legante,260730
851,"3,3'-dimethyl-4,4'-bipyrazole",Bipyrazole,Mn,Mn(OAc)2·4H2O,H2O,Nessuno,80,12,0.2,0.167,1.2,Solvothermal,2,,temperature_numeric_standardized;time_numeric_standardized,,0,INCLUDED,,missing_optional_numeric:Volume solvente,MOF_GROUPED_LIGAND_SPLIT_v6.0_seed260730,DEVELOPMENT,Legante,260730
853,"1,4-Benzenedicarboxylic acid (H2BDC)",Carbossilati aromatici,Co,Co(OAc)2·4H2O,MeOH,Nessuno,150,18,0.2,0.606,0.33,Hydrothermal,2,,temperature_numeric_standardized;time_numeric_standardized,,0,INCLUDED,,missing_optional_numeric:Volume solvente,MOF_GROUPED_LIGAND_SPLIT_v6.0_seed260730,DEVELOPMENT,Legante,260730
854,Benzimidazole,Imidazolati,Zr,ZrOCl2·8H2O,DMF,Nessuno,150,72,0.1,0.05,2,Microwave,2,,numeric_decimal_standardized;temperature_numeric_standardized;time_numeric_standardized,,0,INCLUDED,,missing_optional_numeric:Volume solvente,MOF_GROUPED_LIGAND_SPLIT_v6.0_seed260730,DEVELOPMENT,Legante,260730
855,Fumaric acid,Carbossilati aromatici,Co,Co(OAc)2·4H2O,DMF,Nessuno,180,72,0.2,0.1,2,Room Temperature,2,,numeric_decimal_standardized;temperature_numeric_standardized;time_numeric_standardized,,0,INCLUDED,,missing_optional_numeric:Volume solvente,MOF_GROUPED_LIGAND_SPLIT_v6.0_seed260730,DEVELOPMENT,Legante,260730
857,"1,4-Benzenedicarboxylic acid (H2BDC)",Carbossilati aromatici,Cd,Cd(NO3)2·4H2O,H2O,Nessuno,60,18,0.5,0.25,2,Room Temperature,2,,numeric_decimal_standardized;temperature_numeric_standardized;time_numeric_standardized,,0,INCLUDED,,missing_optional_numeric:Volume solvente,MOF_GROUPED_LIGAND_SPLIT_v6.0_seed260730,DEVELOPMENT,Legante,260730
858,"2,5-Dihydroxyterephthalic acid (H4DOBDC)",Carbossilati aromatici,Zn,Zn(NO3)2·6H2O,DMA,Nessuno,120,48,0.1,0.067,1.5,Hydrothermal,2,,temperature_numeric_standardized;time_numeric_standardized,,0,INCLUDED,,missing_optional_numeric:Volume solvente,MOF_GROUPED_LIGAND_SPLIT_v6.0_seed260730,DEVELOPMENT,Legante,260730
859,Fumaric acid,Carbossilati aromatici,Zr,ZrCl4,MeOH,Nessuno,120,18,0.5,1,0.5,Sonochemical,2,,numeric_decimal_standardized;temperature_numeric_standardized;time_numeric_standardized,,0,INCLUDED,,missing_optional_numeric:Volume solvente,MOF_GROUPED_LIGAND_SPLIT_v6.0_seed260730,DEVELOPMENT,Legante,260730
860,2-Methylimidazole,Imidazolati,Zr,ZrOCl2·8H2O,DMF,Nessuno,120,24,0.1,0.303,0.33,Room Temperature,2,,temperature_numeric_standardized;time_numeric_standardized,,0,INCLUDED,,missing_optional_numeric:Volume solvente,MOF_GROUPED_LIGAND_SPLIT_v6.0_seed260730,DEVELOPMENT,Legante,260730
862,"1,2,4-Triazole",Triazole,Cu,Cu(NO3)2·3H2O,DMF/MeOH,Nessuno,140,24,2,6.061,0.33,Solvothermal,2,,numeric_decimal_standardized;temperature_numeric_standardized;time_numeric_standardized,,0,INCLUDED,,missing_optional_numeric:Volume solvente,MOF_GROUPED_LIGAND_SPLIT_v6.0_seed260730,DEVELOPMENT,Legante,260730
863,"3,5-diamino-4,4'-bipyrazole",Bipyrazole,Al,AlCl3·6H2O,MeOH,Nessuno,25,12,2,10,0.2,Room Temperature,2,,numeric_decimal_standardized;temperature_numeric_standardized;time_numeric_standardized,,0,INCLUDED,,missing_optional_numeric:Volume solvente,MOF_GROUPED_LIGAND_SPLIT_v6.0_seed260730,DEVELOPMENT,Legante,260730
864,"3-amino-4,4'-bipyrazole",Bipyrazole,Co,Co(OAc)2·4H2O,DEF,Nessuno,180,72,2,1.667,1.2,Solvothermal,2,,numeric_decimal_standardized;temperature_numeric_standardized;time_numeric_standardized,,0,INCLUDED,,missing_optional_numeric:Volume solvente,MOF_GROUPED_LIGAND_SPLIT_v6.0_seed260730,DEVELOPMENT,Legante,260730
865,"3,3'-dimethyl-4,4'-bipyrazole",Bipyrazole,Al,AlCl3·6H2O,DMF/MeOH,Nessuno,60,72,2,4,0.5,Sonochemical,2,,numeric_decimal_standardized;temperature_numeric_standardized;time_numeric_standardized,,0,INCLUDED,,missing_optional_numeric:Volume solvente,MOF_GROUPED_LIGAND_SPLIT_v6.0_seed260730,DEVELOPMENT,Legante,260730
867,"3-amino-4,4'-bipyrazole",Bipyrazole,Zn,Zn(OAc)2·2H2O,MeOH,Nessuno,120,12,0.05,0.1,0.5,Sonochemical,2,,temperature_numeric_standardized;time_numeric_standardized,,0,INCLUDED,,missing_optional_numeric:Volume solvente,MOF_GROUPED_LIGAND_SPLIT_v6.0_seed260730,DEVELOPMENT,Legante,260730
869,Fumaric acid,Carbossilati aromatici,Ni,Ni(OAc)2·4H2O,DMF,Nessuno,120,24,0.1,0.083,1.2,Hydrothermal,2,,temperature_numeric_standardized;time_numeric_standardized,,0,INCLUDED,,missing_optional_numeric:Volume solvente,MOF_GROUPED_LIGAND_SPLIT_v6.0_seed260730,DEVELOPMENT,Legante,260730
870,"1,2,4-Triazole",Triazole,Fe,FeCl3·6H2O,DMF,Nessuno,80,36,0.1,0.2,0.5,Microwave,2,,temperature_numeric_standardized;time_numeric_standardized,,0,INCLUDED,,missing_optional_numeric:Volume solvente,MOF_GROUPED_LIGAND_SPLIT_v6.0_seed260730,DEVELOPMENT,Legante,260730
871,2-Methylimidazole,Imidazolati,Fe,FeCl3·6H2O,H2O,Nessuno,100,4,0.2,0.133,1.5,Room Temperature,2,,temperature_numeric_standardized;time_numeric_standardized,,0,INCLUDED,,missing_optional_numeric:Volume solvente,MOF_GROUPED_LIGAND_SPLIT_v6.0_seed260730,DEVELOPMENT,Legante,260730
872,"4,4'-Biphenyldicarboxylic acid (BPDC)",Carbossilati aromatici,Zr,ZrOCl2·8H2O,MeOH,Nessuno,160,48,0.05,0.025,2,Sonochemical,2,,numeric_decimal_standardized;temperature_numeric_standardized;time_numeric_standardized,,0,INCLUDED,,missing_optional_numeric:Volume solvente,MOF_GROUPED_LIGAND_SPLIT_v6.0_seed260730,DEVELOPMENT,Legante,260730
873,"3,3'-dinitro-4,4'-bipyrazole",Bipyrazole,Cu,Cu(OAc)2·H2O,DMF/MeOH,Nessuno,80,18,0.05,0.1,0.5,Microwave,2,,temperature_numeric_standardized;time_numeric_standardized,,0,INCLUDED,,missing_optional_numeric:Volume solvente,MOF_GROUPED_LIGAND_SPLIT_v6.0_seed260730,DEVELOPMENT,Legante,260730
874,Benzimidazole,Imidazolati,Al,Al(NO3)3·9H2O,DEF,Nessuno,180,12,0.05,0.05,1,Hydrothermal,2,,numeric_decimal_standardized;temperature_numeric_standardized;time_numeric_standardized,,0,INCLUDED,,missing_optional_numeric:Volume solvente,MOF_GROUPED_LIGAND_SPLIT_v6.0_seed260730,DEVELOPMENT,Legante,260730
875,"3-amino-4,4'-bipyrazole",Bipyrazole,Co,Co(OAc)2·4H2O,DMF,Nessuno,25,4,0.1,0.2,0.5,Sonochemical,2,,temperature_numeric_standardized;time_numeric_standardized,,0,INCLUDED,,missing_optional_numeric:Volume solvente,MOF_GROUPED_LIGAND_SPLIT_v6.0_seed260730,DEVELOPMENT,Legante,260730
876,"3-amino-4,4'-bipyrazole",Bipyrazole,Co,Co(NO3)2·6H2O,DMF/H2O,Nessuno,80,12,0.5,0.625,0.8,Sonochemical,2,,temperature_numeric_standardized;time_numeric_standardized,,0,INCLUDED,,missing_optional_numeric:Volume solvente,MOF_GROUPED_LIGAND_SPLIT_v6.0_seed260730,DEVELOPMENT,Legante,260730
878,"1,4-Benzenedicarboxylic acid (H2BDC)",Carbossilati aromatici,Mn,Mn(OAc)2·4H2O,DMF/H2O/EtOH,Nessuno,150,4,0.2,0.167,1.2,Microwave,2,,solvent_canonicalized;temperature_numeric_standardized;time_numeric_standardized,,0,INCLUDED,,missing_optional_numeric:Volume solvente,MOF_GROUPED_LIGAND_SPLIT_v6.0_seed260730,DEVELOPMENT,Legante,260730
879,"3,5-diamino-4,4'-bipyrazole",Bipyrazole,Mn,Mn(OAc)2·4H2O,MeOH,Nessuno,120,48,0.05,0.152,0.33,Solvothermal,2,,temperature_numeric_standardized;time_numeric_standardized,,0,INCLUDED,,missing_optional_numeric:Volume solvente,MOF_GROUPED_LIGAND_SPLIT_v6.0_seed260730,DEVELOPMENT,Legante,260730
880,"1,2,4-Triazole",Triazole,Cd,Cd(NO3)2·4H2O,DMF/H2O/EtOH,Nessuno,150,4,2,2,1,Hydrothermal,2,,numeric_decimal_standardized;solvent_canonicalized;temperature_numeric_standardized;time_numeric_standardized,,0,INCLUDED,,missing_optional_numeric:Volume solvente,MOF_GROUPED_LIGAND_SPLIT_v6.0_seed260730,DEVELOPMENT,Legante,260730
881,"3,3'-dinitro-4,4'-bipyrazole",Bipyrazole,Co,Co(NO3)2·6H2O,H2O/EtOH,Nessuno,150,4,0.1,0.05,2,Room Temperature,2,,numeric_decimal_standardized;solvent_canonicalized;temperature_numeric_standardized;time_numeric_standardized,,0,INCLUDED,,missing_optional_numeric:Volume solvente,MOF_GROUPED_LIGAND_SPLIT_v6.0_seed260730,DEVELOPMENT,Legante,260730
882,"3,3'-dimethyl-4,4'-bipyrazole",Bipyrazole,Co,Co(NO3)2·6H2O,DMF/H2O,Nessuno,60,18,0.05,0.033,1.5,Hydrothermal,2,,temperature_numeric_standardized;time_numeric_standardized,,0,INCLUDED,,missing_optional_numeric:Volume solvente,MOF_GROUPED_LIGAND_SPLIT_v6.0_seed260730,DEVELOPMENT,Legante,260730
883,Benzimidazole,Imidazolati,Cu,Cu(NO3)2·3H2O,DEF,Nessuno,80,36,0.1,0.05,2,Room Temperature,2,,numeric_decimal_standardized;temperature_numeric_standardized;time_numeric_standardized,,0,INCLUDED,,missing_optional_numeric:Volume solvente,MOF_GROUPED_LIGAND_SPLIT_v6.0_seed260730,DEVELOPMENT,Legante,260730
884,Fumaric acid,Carbossilati aromatici,Fe,Fe(NO3)3·9H2O,MeOH,Nessuno,160,4,2,2,1,Microwave,2,,numeric_decimal_standardized;temperature_numeric_standardized;time_numeric_standardized,,0,INCLUDED,,missing_optional_numeric:Volume solvente,MOF_GROUPED_LIGAND_SPLIT_v6.0_seed260730,DEVELOPMENT,Legante,260730
885,"3-amino-4,4'-bipyrazole",Bipyrazole,Al,Al(NO3)3·9H2O,DEF,Nessuno,25,36,2,2.5,0.8,Hydrothermal,2,,numeric_decimal_standardized;temperature_numeric_standardized;time_numeric_standardized,,0,INCLUDED,,missing_optional_numeric:Volume solvente,MOF_GROUPED_LIGAND_SPLIT_v6.0_seed260730,DEVELOPMENT,Legante,260730
887,"3,3'-dimethyl-4,4'-bipyrazole",Bipyrazole,Co,Co(NO3)2·6H2O,DMF/MeOH,Nessuno,25,36,0.05,0.062,0.8,Sonochemical,2,,temperature_numeric_standardized;time_numeric_standardized,,0,INCLUDED,,missing_optional_numeric:Volume solvente,MOF_GROUPED_LIGAND_SPLIT_v6.0_seed260730,DEVELOPMENT,Legante,260730
888,"3,5-diamino-4,4'-bipyrazole",Bipyrazole,Fe,Fe(NO3)3·9H2O,DMF/H2O/EtOH,Nessuno,180,72,0.05,0.05,1,Microwave,2,,numeric_decimal_standardized;solvent_canonicalized;temperature_numeric_standardized;time_numeric_standardized,,0,INCLUDED,,missing_optional_numeric:Volume solvente,MOF_GROUPED_LIGAND_SPLIT_v6.0_seed260730,DEVELOPMENT,Legante,260730
889,Benzimidazole,Imidazolati,Mn,Mn(OAc)2·4H2O,DMF/H2O,Nessuno,160,48,0.1,0.125,0.8,Hydrothermal,2,,temperature_numeric_standardized;time_numeric_standardized,,0,INCLUDED,,missing_optional_numeric:Volume solvente,MOF_GROUPED_LIGAND_SPLIT_v6.0_seed260730,DEVELOPMENT,Legante,260730
890,Benzimidazole,Imidazolati,Zn,Zn(NO3)2·6H2O,DMF/H2O/EtOH,Nessuno,25,36,0.05,0.033,1.5,Solvothermal,2,,solvent_canonicalized;temperature_numeric_standardized;time_numeric_standardized,,0,INCLUDED,,missing_optional_numeric:Volume solvente,MOF_GROUPED_LIGAND_SPLIT_v6.0_seed260730,DEVELOPMENT,Legante,260730
891,"3-amino-4,4'-bipyrazole",Bipyrazole,Cu,Cu(OAc)2·H2O,H2O/EtOH,Nessuno,120,18,2,1.667,1.2,Microwave,2,,numeric_decimal_standardized;solvent_canonicalized;temperature_numeric_standardized;time_numeric_standardized,,0,INCLUDED,,missing_optional_numeric:Volume solvente,MOF_GROUPED_LIGAND_SPLIT_v6.0_seed260730,DEVELOPMENT,Legante,260730
892,"3,5-diamino-4,4'-bipyrazole",Bipyrazole,Fe,FeCl3·6H2O,DEF,Nessuno,180,72,0.2,0.25,0.8,Microwave,2,,temperature_numeric_standardized;time_numeric_standardized,,0,INCLUDED,,missing_optional_numeric:Volume solvente,MOF_GROUPED_LIGAND_SPLIT_v6.0_seed260730,DEVELOPMENT,Legante,260730
893,"3,5-diamino-4,4'-bipyrazole",Bipyrazole,Al,Al(NO3)3·9H2O,DEF,Nessuno,180,12,0.1,0.5,0.2,Solvothermal,2,,temperature_numeric_standardized;time_numeric_standardized,,0,INCLUDED,,missing_optional_numeric:Volume solvente,MOF_GROUPED_LIGAND_SPLIT_v6.0_seed260730,DEVELOPMENT,Legante,260730
895,"2,5-Dihydroxyterephthalic acid (H4DOBDC)",Carbossilati aromatici,Mn,Mn(OAc)2·4H2O,DMF/H2O,Nessuno,60,12,0.2,0.1,2,Solvothermal,2,,numeric_decimal_standardized;temperature_numeric_standardized;time_numeric_standardized,,0,INCLUDED,,missing_optional_numeric:Volume solvente,MOF_GROUPED_LIGAND_SPLIT_v6.0_seed260730,DEVELOPMENT,Legante,260730
898,"3-amino-4,4'-bipyrazole",Bipyrazole,Cu,Cu(NO3)2·3H2O,DMF/H2O/EtOH,Nessuno,60,24,0.05,0.25,0.2,Hydrothermal,2,,solvent_canonicalized;temperature_numeric_standardized;time_numeric_standardized,,0,INCLUDED,,missing_optional_numeric:Volume solvente,MOF_GROUPED_LIGAND_SPLIT_v6.0_seed260730,DEVELOPMENT,Legante,260730
899,"2,6-Naphthalenedicarboxylic acid",Carbossilati aromatici,Fe,FeCl3·6H2O,DEF,Nessuno,160,24,0.1,0.1,1,Room Temperature,2,,numeric_decimal_standardized;temperature_numeric_standardized;time_numeric_standardized,,0,INCLUDED,,missing_optional_numeric:Volume solvente,MOF_GROUPED_LIGAND_SPLIT_v6.0_seed260730,DEVELOPMENT,Legante,260730
901,Benzimidazole,Imidazolati,Cu,Cu(NO3)2·3H2O,H2O,Nessuno,160,12,1,1,1,Room Temperature,2,,numeric_decimal_standardized;temperature_numeric_standardized;time_numeric_standardized,,0,INCLUDED,,missing_optional_numeric:Volume solvente,MOF_GROUPED_LIGAND_SPLIT_v6.0_seed260730,DEVELOPMENT,Legante,260730
902,"1,4-Benzenedicarboxylic acid (H2BDC)",Carbossilati aromatici,Zn,Zn(OAc)2·2H2O,H2O,Nessuno,80,24,0.2,0.4,0.5,Solvothermal,2,,temperature_numeric_standardized;time_numeric_standardized,,0,INCLUDED,,missing_optional_numeric:Volume solvente,MOF_GROUPED_LIGAND_SPLIT_v6.0_seed260730,DEVELOPMENT,Legante,260730
903,"3-amino-4,4'-bipyrazole",Bipyrazole,Al,Al(NO3)3·9H2O,DMF/H2O/EtOH,Nessuno,120,12,0.2,0.133,1.5,Microwave,2,,solvent_canonicalized;temperature_numeric_standardized;time_numeric_standardized,,0,INCLUDED,,missing_optional_numeric:Volume solvente,MOF_GROUPED_LIGAND_SPLIT_v6.0_seed260730,DEVELOPMENT,Legante,260730
904,"4,4'-Biphenyldicarboxylic acid (BPDC)",Carbossilati aromatici,Co,Co(NO3)2·6H2O,H2O/EtOH,Nessuno,180,18,0.2,0.606,0.33,Hydrothermal,2,,solvent_canonicalized;temperature_numeric_standardized;time_numeric_standardized,,0,INCLUDED,,missing_optional_numeric:Volume solvente,MOF_GROUPED_LIGAND_SPLIT_v6.0_seed260730,DEVELOPMENT,Legante,260730
905,"2,6-Naphthalenedicarboxylic acid",Carbossilati aromatici,Co,Co(NO3)2·6H2O,DEF,Nessuno,100,12,0.5,0.5,1,Sonochemical,2,,numeric_decimal_standardized;temperature_numeric_standardized;time_numeric_standardized,,0,INCLUDED,,missing_optional_numeric:Volume solvente,MOF_GROUPED_LIGAND_SPLIT_v6.0_seed260730,DEVELOPMENT,Legante,260730
906,Fumaric acid,Carbossilati aromatici,Zr,ZrOCl2·8H2O,DMF,Nessuno,180,4,1,1.25,0.8,Hydrothermal,2,,numeric_decimal_standardized;temperature_numeric_standardized;time_numeric_standardized,,0,INCLUDED,,missing_optional_numeric:Volume solvente,MOF_GROUPED_LIGAND_SPLIT_v6.0_seed260730,DEVELOPMENT,Legante,260730
910,"4,4'-Biphenyldicarboxylic acid (BPDC)",Carbossilati aromatici,Al,AlCl3·6H2O,DMF/MeOH,Nessuno,80,24,1,1.25,0.8,Sonochemical,2,,numeric_decimal_standardized;temperature_numeric_standardized;time_numeric_standardized,,0,INCLUDED,,missing_optional_numeric:Volume solvente,MOF_GROUPED_LIGAND_SPLIT_v6.0_seed260730,DEVELOPMENT,Legante,260730
911,"3,3'-dimethyl-4,4'-bipyrazole",Bipyrazole,Zr,ZrCl4,DMA,Nessuno,80,18,0.1,0.067,1.5,Hydrothermal,2,,temperature_numeric_standardized;time_numeric_standardized,,0,INCLUDED,,missing_optional_numeric:Volume solvente,MOF_GROUPED_LIGAND_SPLIT_v6.0_seed260730,DEVELOPMENT,Legante,260730
913,Fumaric acid,Carbossilati aromatici,Cd,Cd(NO3)2·4H2O,MeOH,Nessuno,100,12,0.2,0.167,1.2,Microwave,2,,temperature_numeric_standardized;time_numeric_standardized,,0,INCLUDED,,missing_optional_numeric:Volume solvente,MOF_GROUPED_LIGAND_SPLIT_v6.0_seed260730,DEVELOPMENT,Legante,260730
914,"3,3'-dimethyl-4,4'-bipyrazole",Bipyrazole,Cu,Cu(NO3)2·3H2O,DMF,Nessuno,160,24,1,1,1,Sonochemical,2,,numeric_decimal_standardized;temperature_numeric_standardized;time_numeric_standardized,,0,INCLUDED,,missing_optional_numeric:Volume solvente,MOF_GROUPED_LIGAND_SPLIT_v6.0_seed260730,DEVELOPMENT,Legante,260730
915,"3,3'-dimethyl-4,4'-bipyrazole",Bipyrazole,Zn,Zn(OAc)2·2H2O,DMF/H2O,Nessuno,180,36,0.05,0.1,0.5,Room Temperature,2,,temperature_numeric_standardized;time_numeric_standardized,,0,INCLUDED,,missing_optional_numeric:Volume solvente,MOF_GROUPED_LIGAND_SPLIT_v6.0_seed260730,DEVELOPMENT,Legante,260730
916,"3,3'-dinitro-4,4'-bipyrazole",Bipyrazole,Zn,Zn(OAc)2·2H2O,DEF,Nessuno,80,4,0.5,0.25,2,Solvothermal,2,,numeric_decimal_standardized;temperature_numeric_standardized;time_numeric_standardized,,0,INCLUDED,,missing_optional_numeric:Volume solvente,MOF_GROUPED_LIGAND_SPLIT_v6.0_seed260730,DEVELOPMENT,Legante,260730
918,Benzimidazole,Imidazolati,Co,Co(NO3)2·6H2O,DMF/H2O,Nessuno,120,24,0.5,1,0.5,Hydrothermal,2,,numeric_decimal_standardized;temperature_numeric_standardized;time_numeric_standardized,,0,INCLUDED,,missing_optional_numeric:Volume solvente,MOF_GROUPED_LIGAND_SPLIT_v6.0_seed260730,DEVELOPMENT,Legante,260730
919,Benzimidazole,Imidazolati,Cd,Cd(NO3)2·4H2O,DMF/H2O/EtOH,Nessuno,150,4,0.5,0.625,0.8,Microwave,2,,solvent_canonicalized;temperature_numeric_standardized;time_numeric_standardized,,0,INCLUDED,,missing_optional_numeric:Volume solvente,MOF_GROUPED_LIGAND_SPLIT_v6.0_seed260730,DEVELOPMENT,Legante,260730
920,"3-amino-4,4'-bipyrazole",Bipyrazole,Zn,Zn(OAc)2·2H2O,DMF/H2O/EtOH,Nessuno,140,48,0.1,0.1,1,Sonochemical,2,,numeric_decimal_standardized;solvent_canonicalized;temperature_numeric_standardized;time_numeric_standardized,,0,INCLUDED,,missing_optional_numeric:Volume solvente,MOF_GROUPED_LIGAND_SPLIT_v6.0_seed260730,DEVELOPMENT,Legante,260730
921,"3,5-diamino-4,4'-bipyrazole",Bipyrazole,Co,Co(OAc)2·4H2O,DMF,Nessuno,160,36,0.1,0.083,1.2,Hydrothermal,2,,temperature_numeric_standardized;time_numeric_standardized,,0,INCLUDED,,missing_optional_numeric:Volume solvente,MOF_GROUPED_LIGAND_SPLIT_v6.0_seed260730,DEVELOPMENT,Legante,260730
922,Benzimidazole,Imidazolati,Cd,Cd(NO3)2·4H2O,DMA,Nessuno,180,4,0.05,0.042,1.2,Microwave,2,,temperature_numeric_standardized;time_numeric_standardized,,0,INCLUDED,,missing_optional_numeric:Volume solvente,MOF_GROUPED_LIGAND_SPLIT_v6.0_seed260730,DEVELOPMENT,Legante,260730
923,"3,5-diamino-4,4'-bipyrazole",Bipyrazole,Fe,FeCl3·6H2O,DMA,Nessuno,80,4,0.05,0.062,0.8,Solvothermal,2,,temperature_numeric_standardized;time_numeric_standardized,,0,INCLUDED,,missing_optional_numeric:Volume solvente,MOF_GROUPED_LIGAND_SPLIT_v6.0_seed260730,DEVELOPMENT,Legante,260730
924,Benzimidazole,Imidazolati,Cd,Cd(NO3)2·4H2O,DMA,Nessuno,140,24,0.1,0.5,0.2,Microwave,2,,temperature_numeric_standardized;time_numeric_standardized,,0,INCLUDED,,missing_optional_numeric:Volume solvente,MOF_GROUPED_LIGAND_SPLIT_v6.0_seed260730,DEVELOPMENT,Legante,260730
925,"3,5-diamino-4,4'-bipyrazole",Bipyrazole,Zr,ZrCl4,DEF,Nessuno,25,4,2,2,1,Solvothermal,2,,numeric_decimal_standardized;temperature_numeric_standardized;time_numeric_standardized,,0,INCLUDED,,missing_optional_numeric:Volume solvente,MOF_GROUPED_LIGAND_SPLIT_v6.0_seed260730,DEVELOPMENT,Legante,260730
926,"1,4-Benzenedicarboxylic acid (H2BDC)",Carbossilati aromatici,Al,Al(NO3)3·9H2O,DMF/MeOH,Nessuno,140,72,0.1,0.083,1.2,Hydrothermal,2,,temperature_numeric_standardized;time_numeric_standardized,,0,INCLUDED,,missing_optional_numeric:Volume solvente,MOF_GROUPED_LIGAND_SPLIT_v6.0_seed260730,DEVELOPMENT,Legante,260730
927,Benzimidazole,Imidazolati,Cd,Cd(NO3)2·4H2O,DEF,Nessuno,150,24,0.2,0.1,2,Solvothermal,2,,numeric_decimal_standardized;temperature_numeric_standardized;time_numeric_standardized,,0,INCLUDED,,missing_optional_numeric:Volume solvente,MOF_GROUPED_LIGAND_SPLIT_v6.0_seed260730,DEVELOPMENT,Legante,260730
928,2-Methylimidazole,Imidazolati,Cu,Cu(NO3)2·3H2O,DMA,Nessuno,180,48,0.05,0.033,1.5,Solvothermal,2,,temperature_numeric_standardized;time_numeric_standardized,,0,INCLUDED,,missing_optional_numeric:Volume solvente,MOF_GROUPED_LIGAND_SPLIT_v6.0_seed260730,DEVELOPMENT,Legante,260730
930,Benzimidazole,Imidazolati,Cd,Cd(NO3)2·4H2O,MeOH,Nessuno,100,24,0.1,0.083,1.2,Hydrothermal,2,,temperature_numeric_standardized;time_numeric_standardized,,0,INCLUDED,,missing_optional_numeric:Volume solvente,MOF_GROUPED_LIGAND_SPLIT_v6.0_seed260730,DEVELOPMENT,Legante,260730
932,2-Methylimidazole,Imidazolati,Al,Al(NO3)3·9H2O,DMF/H2O,Nessuno,80,72,1,1,1,Microwave,2,,numeric_decimal_standardized;temperature_numeric_standardized;time_numeric_standardized,,0,INCLUDED,,missing_optional_numeric:Volume solvente,MOF_GROUPED_LIGAND_SPLIT_v6.0_seed260730,DEVELOPMENT,Legante,260730
933,Fumaric acid,Carbossilati aromatici,Fe,Fe(NO3)3·9H2O,DEF,Nessuno,140,12,1,0.833,1.2,Room Temperature,2,,numeric_decimal_standardized;temperature_numeric_standardized;time_numeric_standardized,,0,INCLUDED,,missing_optional_numeric:Volume solvente,MOF_GROUPED_LIGAND_SPLIT_v6.0_seed260730,DEVELOPMENT,Legante,260730
934,"3,5-diamino-4,4'-bipyrazole",Bipyrazole,Ni,Ni(NO3)2·6H2O,DMF/H2O,Nessuno,80,18,2,2,1,Sonochemical,2,,numeric_decimal_standardized;temperature_numeric_standardized;time_numeric_standardized,,0,INCLUDED,,missing_optional_numeric:Volume solvente,MOF_GROUPED_LIGAND_SPLIT_v6.0_seed260730,DEVELOPMENT,Legante,260730
937,"3-amino-4,4'-bipyrazole",Bipyrazole,Cu,Cu(OAc)2·H2O,H2O/EtOH,Nessuno,60,24,0.1,0.067,1.5,Hydrothermal,2,,solvent_canonicalized;temperature_numeric_standardized;time_numeric_standardized,,0,INCLUDED,,missing_optional_numeric:Volume solvente,MOF_GROUPED_LIGAND_SPLIT_v6.0_seed260730,DEVELOPMENT,Legante,260730
938,"2,5-Dihydroxyterephthalic acid (H4DOBDC)",Carbossilati aromatici,Zn,Zn(OAc)2·2H2O,MeOH,Nessuno,80,18,1,0.833,1.2,Hydrothermal,2,,numeric_decimal_standardized;temperature_numeric_standardized;time_numeric_standardized,,0,INCLUDED,,missing_optional_numeric:Volume solvente,MOF_GROUPED_LIGAND_SPLIT_v6.0_seed260730,DEVELOPMENT,Legante,260730
939,"1,2,4-Triazole",Triazole,Cu,Cu(NO3)2·3H2O,DEF,Nessuno,160,36,0.1,0.2,0.5,Solvothermal,2,,temperature_numeric_standardized;time_numeric_standardized,,0,INCLUDED,,missing_optional_numeric:Volume solvente,MOF_GROUPED_LIGAND_SPLIT_v6.0_seed260730,DEVELOPMENT,Legante,260730
940,"3,5-diamino-4,4'-bipyrazole",Bipyrazole,Cu,Cu(OAc)2·H2O,MeOH,Nessuno,60,72,2,2,1,Sonochemical,2,,numeric_decimal_standardized;temperature_numeric_standardized;time_numeric_standardized,,0,INCLUDED,,missing_optional_numeric:Volume solvente,MOF_GROUPED_LIGAND_SPLIT_v6.0_seed260730,DEVELOPMENT,Legante,260730
941,2-Methylimidazole,Imidazolati,Ni,Ni(NO3)2·6H2O,DMA,Nessuno,160,72,0.1,0.125,0.8,Solvothermal,2,,temperature_numeric_standardized;time_numeric_standardized,,0,INCLUDED,,missing_optional_numeric:Volume solvente,MOF_GROUPED_LIGAND_SPLIT_v6.0_seed260730,DEVELOPMENT,Legante,260730
942,Fumaric acid,Carbossilati aromatici,Zn,Zn(OAc)2·2H2O,DMF,Nessuno,180,4,0.2,0.606,0.33,Microwave,2,,temperature_numeric_standardized;time_numeric_standardized,,0,INCLUDED,,missing_optional_numeric:Volume solvente,MOF_GROUPED_LIGAND_SPLIT_v6.0_seed260730,DEVELOPMENT,Legante,260730
943,"2,6-Naphthalenedicarboxylic acid",Carbossilati aromatici,Zn,Zn(NO3)2·6H2O,DMF,Nessuno,160,24,0.2,0.2,1,Microwave,2,,numeric_decimal_standardized;temperature_numeric_standardized;time_numeric_standardized,,0,INCLUDED,,missing_optional_numeric:Volume solvente,MOF_GROUPED_LIGAND_SPLIT_v6.0_seed260730,DEVELOPMENT,Legante,260730
944,"3,3'-dinitro-4,4'-bipyrazole",Bipyrazole,Cu,Cu(NO3)2·3H2O,DMA,Nessuno,180,4,0.2,0.25,0.8,Sonochemical,2,,temperature_numeric_standardized;time_numeric_standardized,,0,INCLUDED,,missing_optional_numeric:Volume solvente,MOF_GROUPED_LIGAND_SPLIT_v6.0_seed260730,DEVELOPMENT,Legante,260730
945,"1,2,4-Triazole",Triazole,Zr,ZrCl4,DMF/H2O/EtOH,Nessuno,140,24,0.2,1,0.2,Microwave,2,,numeric_decimal_standardized;solvent_canonicalized;temperature_numeric_standardized;time_numeric_standardized,,0,INCLUDED,,missing_optional_numeric:Volume solvente,MOF_GROUPED_LIGAND_SPLIT_v6.0_seed260730,DEVELOPMENT,Legante,260730
946,"2,6-Naphthalenedicarboxylic acid",Carbossilati aromatici,Cd,Cd(NO3)2·4H2O,H2O/EtOH,Nessuno,120,4,0.5,0.25,2,Solvothermal,2,,numeric_decimal_standardized;solvent_canonicalized;temperature_numeric_standardized;time_numeric_standardized,,0,INCLUDED,,missing_optional_numeric:Volume solvente,MOF_GROUPED_LIGAND_SPLIT_v6.0_seed260730,DEVELOPMENT,Legante,260730
947,"3,5-diamino-4,4'-bipyrazole",Bipyrazole,Cd,Cd(NO3)2·4H2O,DMA,Nessuno,100,12,1,5,0.2,Hydrothermal,2,,numeric_decimal_standardized;temperature_numeric_standardized;time_numeric_standardized,,0,INCLUDED,,missing_optional_numeric:Volume solvente,MOF_GROUPED_LIGAND_SPLIT_v6.0_seed260730,DEVELOPMENT,Legante,260730
948,"2,5-Dihydroxyterephthalic acid (H4DOBDC)",Carbossilati aromatici,Zr,ZrCl4,MeOH,Nessuno,80,48,0.2,0.2,1,Sonochemical,2,,numeric_decimal_standardized;temperature_numeric_standardized;time_numeric_standardized,,0,INCLUDED,,missing_optional_numeric:Volume solvente,MOF_GROUPED_LIGAND_SPLIT_v6.0_seed260730,DEVELOPMENT,Legante,260730
949,"2,6-Naphthalenedicarboxylic acid",Carbossilati aromatici,Zr,ZrCl4,DMF,Nessuno,80,48,0.5,1.515,0.33,Microwave,2,,temperature_numeric_standardized;time_numeric_standardized,,0,INCLUDED,,missing_optional_numeric:Volume solvente,MOF_GROUPED_LIGAND_SPLIT_v6.0_seed260730,DEVELOPMENT,Legante,260730
950,"2,6-Naphthalenedicarboxylic acid",Carbossilati aromatici,Fe,FeCl3·6H2O,DEF,Nessuno,180,12,0.2,1,0.2,Sonochemical,2,,numeric_decimal_standardized;temperature_numeric_standardized;time_numeric_standardized,,0,INCLUDED,,missing_optional_numeric:Volume solvente,MOF_GROUPED_LIGAND_SPLIT_v6.0_seed260730,DEVELOPMENT,Legante,260730
952,"3,3'-dinitro-4,4'-bipyrazole",Bipyrazole,Co,Co(OAc)2·4H2O,DEF,Nessuno,120,4,2,1,2,Sonochemical,2,,numeric_decimal_standardized;temperature_numeric_standardized;time_numeric_standardized,,0,INCLUDED,,missing_optional_numeric:Volume solvente,MOF_GROUPED_LIGAND_SPLIT_v6.0_seed260730,DEVELOPMENT,Legante,260730
953,"2,6-Naphthalenedicarboxylic acid",Carbossilati aromatici,Cd,Cd(NO3)2·4H2O,DMA,Nessuno,60,4,0.1,0.2,0.5,Hydrothermal,2,,temperature_numeric_standardized;time_numeric_standardized,,0,INCLUDED,,missing_optional_numeric:Volume solvente,MOF_GROUPED_LIGAND_SPLIT_v6.0_seed260730,DEVELOPMENT,Legante,260730
954,Benzimidazole,Imidazolati,Mn,Mn(OAc)2·4H2O,H2O,Nessuno,160,4,0.05,0.1,0.5,Microwave,2,,temperature_numeric_standardized;time_numeric_standardized,,0,INCLUDED,,missing_optional_numeric:Volume solvente,MOF_GROUPED_LIGAND_SPLIT_v6.0_seed260730,DEVELOPMENT,Legante,260730
955,Benzimidazole,Imidazolati,Cu,Cu(OAc)2·H2O,DMF,Nessuno,25,18,1,0.5,2,Sonochemical,2,,numeric_decimal_standardized;temperature_numeric_standardized;time_numeric_standardized,,0,INCLUDED,,missing_optional_numeric:Volume solvente,MOF_GROUPED_LIGAND_SPLIT_v6.0_seed260730,DEVELOPMENT,Legante,260730
956,"3-amino-4,4'-bipyrazole",Bipyrazole,Zr,ZrOCl2·8H2O,DEF,Nessuno,140,72,0.05,0.25,0.2,Solvothermal,2,,temperature_numeric_standardized;time_numeric_standardized,,0,INCLUDED,,missing_optional_numeric:Volume solvente,MOF_GROUPED_LIGAND_SPLIT_v6.0_seed260730,DEVELOPMENT,Legante,260730
957,"3-amino-4,4'-bipyrazole",Bipyrazole,Mg,Mg(NO3)2·6H2O,DMF/H2O/EtOH,Nessuno,120,36,0.5,1,0.5,Solvothermal,2,,numeric_decimal_standardized;solvent_canonicalized;temperature_numeric_standardized;time_numeric_standardized,,0,INCLUDED,,missing_optional_numeric:Volume solvente,MOF_GROUPED_LIGAND_SPLIT_v6.0_seed260730,DEVELOPMENT,Legante,260730
959,"3-amino-4,4'-bipyrazole",Bipyrazole,Al,Al(NO3)3·9H2O,DMF,Nessuno,160,48,0.05,0.05,1,Solvothermal,2,,numeric_decimal_standardized;temperature_numeric_standardized;time_numeric_standardized,,0,INCLUDED,,missing_optional_numeric:Volume solvente,MOF_GROUPED_LIGAND_SPLIT_v6.0_seed260730,DEVELOPMENT,Legante,260730
960,"1,2,4-Triazole",Triazole,Co,Co(NO3)2·6H2O,H2O/EtOH,Nessuno,80,24,0.05,0.25,0.2,Sonochemical,2,,solvent_canonicalized;temperature_numeric_standardized;time_numeric_standardized,,0,INCLUDED,,missing_optional_numeric:Volume solvente,MOF_GROUPED_LIGAND_SPLIT_v6.0_seed260730,DEVELOPMENT,Legante,260730
961,"1,4-Benzenedicarboxylic acid (H2BDC)",Carbossilati aromatici,Mn,Mn(OAc)2·4H2O,DMF/H2O,Nessuno,140,12,2,4,0.5,Room Temperature,2,,numeric_decimal_standardized;temperature_numeric_standardized;time_numeric_standardized,,0,INCLUDED,,missing_optional_numeric:Volume solvente,MOF_GROUPED_LIGAND_SPLIT_v6.0_seed260730,DEVELOPMENT,Legante,260730
962,Benzimidazole,Imidazolati,Ni,Ni(OAc)2·4H2O,DEF,Nessuno,180,18,0.1,0.303,0.33,Sonochemical,2,,temperature_numeric_standardized;time_numeric_standardized,,0,INCLUDED,,missing_optional_numeric:Volume solvente,MOF_GROUPED_LIGAND_SPLIT_v6.0_seed260730,DEVELOPMENT,Legante,260730
963,"4,4'-Biphenyldicarboxylic acid (BPDC)",Carbossilati aromatici,Fe,Fe(NO3)3·9H2O,H2O/EtOH,Nessuno,60,36,0.2,0.25,0.8,Microwave,2,,solvent_canonicalized;temperature_numeric_standardized;time_numeric_standardized,,0,INCLUDED,,missing_optional_numeric:Volume solvente,MOF_GROUPED_LIGAND_SPLIT_v6.0_seed260730,DEVELOPMENT,Legante,260730
964,Fumaric acid,Carbossilati aromatici,Zn,Zn(OAc)2·2H2O,DEF,Nessuno,120,72,1,0.667,1.5,Room Temperature,2,,numeric_decimal_standardized;temperature_numeric_standardized;time_numeric_standardized,,0,INCLUDED,,missing_optional_numeric:Volume solvente,MOF_GROUPED_LIGAND_SPLIT_v6.0_seed260730,DEVELOPMENT,Legante,260730
965,"1,2,4-Triazole",Triazole,Cd,Cd(NO3)2·4H2O,DMF/H2O/EtOH,Nessuno,100,18,0.5,0.333,1.5,Room Temperature,2,,solvent_canonicalized;temperature_numeric_standardized;time_numeric_standardized,,0,INCLUDED,,missing_optional_numeric:Volume solvente,MOF_GROUPED_LIGAND_SPLIT_v6.0_seed260730,DEVELOPMENT,Legante,260730
966,"2,6-Naphthalenedicarboxylic acid",Carbossilati aromatici,Al,Al(NO3)3·9H2O,DMA,Nessuno,80,12,1,1.25,0.8,Sonochemical,2,,numeric_decimal_standardized;temperature_numeric_standardized;time_numeric_standardized,,0,INCLUDED,,missing_optional_numeric:Volume solvente,MOF_GROUPED_LIGAND_SPLIT_v6.0_seed260730,DEVELOPMENT,Legante,260730
967,"2,5-Dihydroxyterephthalic acid (H4DOBDC)",Carbossilati aromatici,Al,AlCl3·6H2O,DMF/H2O,Nessuno,160,12,0.1,0.083,1.2,Microwave,2,,temperature_numeric_standardized;time_numeric_standardized,,0,INCLUDED,,missing_optional_numeric:Volume solvente,MOF_GROUPED_LIGAND_SPLIT_v6.0_seed260730,DEVELOPMENT,Legante,260730
969,"3,3'-dinitro-4,4'-bipyrazole",Bipyrazole,Co,Co(NO3)2·6H2O,MeOH,Nessuno,160,4,0.1,0.1,1,Hydrothermal,2,,numeric_decimal_standardized;temperature_numeric_standardized;time_numeric_standardized,,0,INCLUDED,,missing_optional_numeric:Volume solvente,MOF_GROUPED_LIGAND_SPLIT_v6.0_seed260730,DEVELOPMENT,Legante,260730
970,"3,5-diamino-4,4'-bipyrazole",Bipyrazole,Cu,Cu(OAc)2·H2O,DMF/MeOH,Nessuno,100,48,1,1.25,0.8,Solvothermal,2,,numeric_decimal_standardized;temperature_numeric_standardized;time_numeric_standardized,,0,INCLUDED,,missing_optional_numeric:Volume solvente,MOF_GROUPED_LIGAND_SPLIT_v6.0_seed260730,DEVELOPMENT,Legante,260730
971,"3,3'-dinitro-4,4'-bipyrazole",Bipyrazole,Cd,Cd(NO3)2·4H2O,MeOH,Nessuno,140,48,0.5,0.417,1.2,Sonochemical,2,,temperature_numeric_standardized;time_numeric_standardized,,0,INCLUDED,,missing_optional_numeric:Volume solvente,MOF_GROUPED_LIGAND_SPLIT_v6.0_seed260730,DEVELOPMENT,Legante,260730
972,"3-amino-4,4'-bipyrazole",Bipyrazole,Ni,Ni(NO3)2·6H2O,H2O,Nessuno,180,36,0.05,0.025,2,Hydrothermal,2,,numeric_decimal_standardized;temperature_numeric_standardized;time_numeric_standardized,,0,INCLUDED,,missing_optional_numeric:Volume solvente,MOF_GROUPED_LIGAND_SPLIT_v6.0_seed260730,DEVELOPMENT,Legante,260730
973,"3,3'-dinitro-4,4'-bipyrazole",Bipyrazole,Zn,Zn(NO3)2·6H2O,DMF/MeOH,Nessuno,60,18,0.1,0.125,0.8,Microwave,2,,temperature_numeric_standardized;time_numeric_standardized,,0,INCLUDED,,missing_optional_numeric:Volume solvente,MOF_GROUPED_LIGAND_SPLIT_v6.0_seed260730,DEVELOPMENT,Legante,260730
974,"3-amino-4,4'-bipyrazole",Bipyrazole,Cu,Cu(OAc)2·H2O,DMF,Nessuno,150,12,0.05,0.033,1.5,Sonochemical,2,,temperature_numeric_standardized;time_numeric_standardized,,0,INCLUDED,,missing_optional_numeric:Volume solvente,MOF_GROUPED_LIGAND_SPLIT_v6.0_seed260730,DEVELOPMENT,Legante,260730
976,"2,6-Naphthalenedicarboxylic acid",Carbossilati aromatici,Cd,Cd(NO3)2·4H2O,DMF/H2O,Nessuno,150,18,2,10,0.2,Hydrothermal,2,,numeric_decimal_standardized;temperature_numeric_standardized;time_numeric_standardized,,0,INCLUDED,,missing_optional_numeric:Volume solvente,MOF_GROUPED_LIGAND_SPLIT_v6.0_seed260730,DEVELOPMENT,Legante,260730
977,2-Methylimidazole,Imidazolati,Zr,ZrOCl2·8H2O,DMF/H2O,Nessuno,150,36,0.1,0.2,0.5,Hydrothermal,2,,temperature_numeric_standardized;time_numeric_standardized,,0,INCLUDED,,missing_optional_numeric:Volume solvente,MOF_GROUPED_LIGAND_SPLIT_v6.0_seed260730,DEVELOPMENT,Legante,260730
978,"4,4'-Biphenyldicarboxylic acid (BPDC)",Carbossilati aromatici,Co,Co(NO3)2·6H2O,DMF/H2O/EtOH,Nessuno,25,18,0.2,0.167,1.2,Microwave,2,,solvent_canonicalized;temperature_numeric_standardized;time_numeric_standardized,,0,INCLUDED,,missing_optional_numeric:Volume solvente,MOF_GROUPED_LIGAND_SPLIT_v6.0_seed260730,DEVELOPMENT,Legante,260730
979,"2,5-Dihydroxyterephthalic acid (H4DOBDC)",Carbossilati aromatici,Zn,Zn(OAc)2·2H2O,MeOH,Nessuno,100,36,0.2,0.25,0.8,Solvothermal,2,,temperature_numeric_standardized;time_numeric_standardized,,0,INCLUDED,,missing_optional_numeric:Volume solvente,MOF_GROUPED_LIGAND_SPLIT_v6.0_seed260730,DEVELOPMENT,Legante,260730
980,"3-amino-4,4'-bipyrazole",Bipyrazole,Co,Co(OAc)2·4H2O,DMF,Nessuno,140,4,0.05,0.05,1,Microwave,2,,numeric_decimal_standardized;temperature_numeric_standardized;time_numeric_standardized,,0,INCLUDED,,missing_optional_numeric:Volume solvente,MOF_GROUPED_LIGAND_SPLIT_v6.0_seed260730,DEVELOPMENT,Legante,260730
981,"1,2,4-Triazole",Triazole,Zr,ZrOCl2·8H2O,H2O/EtOH,Nessuno,120,48,2,4,0.5,Hydrothermal,2,,numeric_decimal_standardized;solvent_canonicalized;temperature_numeric_standardized;time_numeric_standardized,,0,INCLUDED,,missing_optional_numeric:Volume solvente,MOF_GROUPED_LIGAND_SPLIT_v6.0_seed260730,DEVELOPMENT,Legante,260730
982,"1,2,4-Triazole",Triazole,Cu,Cu(NO3)2·3H2O,DMA,Nessuno,140,12,2,6.061,0.33,Microwave,2,,numeric_decimal_standardized;temperature_numeric_standardized;time_numeric_standardized,,0,INCLUDED,,missing_optional_numeric:Volume solvente,MOF_GROUPED_LIGAND_SPLIT_v6.0_seed260730,DEVELOPMENT,Legante,260730
983,"1,4-Benzenedicarboxylic acid (H2BDC)",Carbossilati aromatici,Cu,Cu(NO3)2·3H2O,DEF,Nessuno,150,48,2,1,2,Microwave,2,,numeric_decimal_standardized;temperature_numeric_standardized;time_numeric_standardized,,0,INCLUDED,,missing_optional_numeric:Volume solvente,MOF_GROUPED_LIGAND_SPLIT_v6.0_seed260730,DEVELOPMENT,Legante,260730
984,"1,2,4-Triazole",Triazole,Cu,Cu(OAc)2·H2O,H2O/EtOH,Nessuno,180,72,2,1.667,1.2,Hydrothermal,2,,numeric_decimal_standardized;solvent_canonicalized;temperature_numeric_standardized;time_numeric_standardized,,0,INCLUDED,,missing_optional_numeric:Volume solvente,MOF_GROUPED_LIGAND_SPLIT_v6.0_seed260730,DEVELOPMENT,Legante,260730
985,"3-amino-4,4'-bipyrazole",Bipyrazole,Mg,Mg(NO3)2·6H2O,DMF,Nessuno,160,24,2,1,2,Room Temperature,2,,numeric_decimal_standardized;temperature_numeric_standardized;time_numeric_standardized,,0,INCLUDED,,missing_optional_numeric:Volume solvente,MOF_GROUPED_LIGAND_SPLIT_v6.0_seed260730,DEVELOPMENT,Legante,260730
986,2-Methylimidazole,Imidazolati,Co,Co(OAc)2·4H2O,DMA,Nessuno,120,24,0.05,0.25,0.2,Microwave,2,,temperature_numeric_standardized;time_numeric_standardized,,0,INCLUDED,,missing_optional_numeric:Volume solvente,MOF_GROUPED_LIGAND_SPLIT_v6.0_seed260730,DEVELOPMENT,Legante,260730
987,Benzimidazole,Imidazolati,Zn,Zn(OAc)2·2H2O,DMA,Nessuno,60,72,0.5,0.5,1,Solvothermal,2,,numeric_decimal_standardized;temperature_numeric_standardized;time_numeric_standardized,,0,INCLUDED,,missing_optional_numeric:Volume solvente,MOF_GROUPED_LIGAND_SPLIT_v6.0_seed260730,DEVELOPMENT,Legante,260730
988,"4,4'-Biphenyldicarboxylic acid (BPDC)",Carbossilati aromatici,Zr,ZrOCl2·8H2O,DMF/MeOH,Nessuno,25,72,0.1,0.1,1,Hydrothermal,2,,numeric_decimal_standardized;temperature_numeric_standardized;time_numeric_standardized,,0,INCLUDED,,missing_optional_numeric:Volume solvente,MOF_GROUPED_LIGAND_SPLIT_v6.0_seed260730,DEVELOPMENT,Legante,260730
989,"3-amino-4,4'-bipyrazole",Bipyrazole,Zr,ZrOCl2·8H2O,DMF/H2O/EtOH,Nessuno,180,4,0.5,1,0.5,Room Temperature,2,,numeric_decimal_standardized;solvent_canonicalized;temperature_numeric_standardized;time_numeric_standardized,,0,INCLUDED,,missing_optional_numeric:Volume solvente,MOF_GROUPED_LIGAND_SPLIT_v6.0_seed260730,DEVELOPMENT,Legante,260730
990,Benzimidazole,Imidazolati,Cu,Cu(OAc)2·H2O,DEF,Nessuno,150,48,0.2,0.167,1.2,Room Temperature,2,,temperature_numeric_standardized;time_numeric_standardized,,0,INCLUDED,,missing_optional_numeric:Volume solvente,MOF_GROUPED_LIGAND_SPLIT_v6.0_seed260730,DEVELOPMENT,Legante,260730
992,Benzimidazole,Imidazolati,Ni,Ni(OAc)2·4H2O,DMA,Nessuno,80,72,0.05,0.042,1.2,Microwave,2,,temperature_numeric_standardized;time_numeric_standardized,,0,INCLUDED,,missing_optional_numeric:Volume solvente,MOF_GROUPED_LIGAND_SPLIT_v6.0_seed260730,DEVELOPMENT,Legante,260730
995,"2,5-Dihydroxyterephthalic acid (H4DOBDC)",Carbossilati aromatici,Al,AlCl3·6H2O,DMF,Nessuno,140,48,0.2,0.25,0.8,Sonochemical,2,,temperature_numeric_standardized;time_numeric_standardized,,0,INCLUDED,,missing_optional_numeric:Volume solvente,MOF_GROUPED_LIGAND_SPLIT_v6.0_seed260730,DEVELOPMENT,Legante,260730
998,2-Methylimidazole,Imidazolati,Al,AlCl3·6H2O,DMF/MeOH,Nessuno,60,36,2,1.333,1.5,Microwave,2,,numeric_decimal_standardized;temperature_numeric_standardized;time_numeric_standardized,,0,INCLUDED,,missing_optional_numeric:Volume solvente,MOF_GROUPED_LIGAND_SPLIT_v6.0_seed260730,DEVELOPMENT,Legante,260730
999,2-Methylimidazole,Imidazolati,Fe,FeCl3·6H2O,DEF,Nessuno,150,18,0.2,0.2,1,Room Temperature,2,,numeric_decimal_standardized;temperature_numeric_standardized;time_numeric_standardized,,0,INCLUDED,,missing_optional_numeric:Volume solvente,MOF_GROUPED_LIGAND_SPLIT_v6.0_seed260730,DEVELOPMENT,Legante,260730
MOFs_0,"3-nitro-4,4'-bipyrazole",Bipyrazole,Cd,Cd(NO3)2·4H2O,DMF,Nessuno,150,24,0.1,0.1,1,Solvothermal,0,10,numeric_decimal_standardized;salt_hydrate_separator_standardized,,0,INCLUDED,,,MOF_GROUPED_LIGAND_SPLIT_v6.0_seed260730,DEVELOPMENT,Legante,260730
MOFs_1,"3-nitro-4,4'-bipyrazole",Bipyrazole,Cd,Cd(NO3)2·4H2O,DMF,Nessuno,150,24,0.1,0.2,0.5,Solvothermal,0,10,numeric_decimal_standardized;salt_hydrate_separator_standardized,,0,INCLUDED,,,MOF_GROUPED_LIGAND_SPLIT_v6.0_seed260730,DEVELOPMENT,Legante,260730
MOFs_2,"3-nitro-4,4'-bipyrazole",Bipyrazole,Ni,Ni(NO3)2,MeCN,Trietilammina (TEA),25,48,0.1,0.1,1,Solvothermal,0,10,additive_canonicalized;numeric_decimal_standardized;solvent_canonicalized;temperature_room_to_25,,0,INCLUDED,,,MOF_GROUPED_LIGAND_SPLIT_v6.0_seed260730,DEVELOPMENT,Legante,260730
MOFs_6,"3-(3,5-DiMePz4-yl)pentane-2,4-dione",Altro,Zr,ZrCl4,MeOH,Nessuno,110,94,0.3,0.3,1,Solvothermal,0,20,numeric_decimal_standardized,,0,INCLUDED,,,MOF_GROUPED_LIGAND_SPLIT_v6.0_seed260730,DEVELOPMENT,Legante,260730
MOFs_8,"3-(3,5-DiMePz4-yl)pentane-2,4-dione",Altro,Zr,ZrCl4,MeOH,Nessuno,110,48,0.15,0.15,1,Solvothermal,0,10,numeric_decimal_standardized,,0,INCLUDED,,,MOF_GROUPED_LIGAND_SPLIT_v6.0_seed260730,DEVELOPMENT,Legante,260730
MOFs_9,"3-(3,5-DiMePz4-yl)pentane-2,4-dione",Altro,Zr,ZrCl4,MeOH,Nessuno,110,72,0.15,0.15,1,Solvothermal,0,10,numeric_decimal_standardized,,0,INCLUDED,,,MOF_GROUPED_LIGAND_SPLIT_v6.0_seed260730,DEVELOPMENT,Legante,260730
MOFs_10,"3-amino-4,4'-bipyrazole",Bipyrazole,Ag,Ag2O,MeOH,Nessuno,25,24,0.2,0.2,1,Solvothermal,0,2,numeric_decimal_standardized;solvent_canonicalized;temperature_room_to_25,,0,INCLUDED,,,MOF_GROUPED_LIGAND_SPLIT_v6.0_seed260730,DEVELOPMENT,Legante,260730
MOFs_11,"3-amino-4,4'-bipyrazole",Bipyrazole,Ag,AgNO3,ButOH,Trietilammina (TEA),25,36,0.15,0.15,1,Solvothermal,0,16,additive_canonicalized;numeric_decimal_standardized;temperature_room_to_25,,0,INCLUDED,,,MOF_GROUPED_LIGAND_SPLIT_v6.0_seed260730,DEVELOPMENT,Legante,260730
MOFs_12,"3-amino-4,4'-bipyrazole",Bipyrazole,Ag,AgNO3,DMF,Nessuno,110,48,0.2,0.2,1,Solvothermal,0,1.5,numeric_decimal_standardized,,0,INCLUDED,,,MOF_GROUPED_LIGAND_SPLIT_v6.0_seed260730,DEVELOPMENT,Legante,260730
MOFs_13,"3-amino-4,4'-bipyrazole",Bipyrazole,Ag,AgNO3,MeOH,Trietilammina (TEA),70,72,0.15,0.15,1,Solvothermal,0,16,additive_canonicalized;numeric_decimal_standardized;solvent_canonicalized,,0,INCLUDED,,,MOF_GROUPED_LIGAND_SPLIT_v6.0_seed260730,DEVELOPMENT,Legante,260730
MOFs_14,"3-amino-4,4'-bipyrazole",Bipyrazole,Ag,AgNO3,MeOH,Nessuno,25,24,0.2,0.2,1,Solvothermal,0,2,numeric_decimal_standardized;solvent_canonicalized;temperature_room_to_25,,0,INCLUDED,,,MOF_GROUPED_LIGAND_SPLIT_v6.0_seed260730,DEVELOPMENT,Legante,260730
MOFs_15,"3-amino-4,4'-bipyrazole",Bipyrazole,Ag,AgNO3,DMF,Nessuno,120,24,0.2,0.4,0.5,Solvothermal,0,10,numeric_decimal_standardized,,0,INCLUDED,,,MOF_GROUPED_LIGAND_SPLIT_v6.0_seed260730,DEVELOPMENT,Legante,260730
MOFs_16,"3-amino-4,4'-bipyrazole",Bipyrazole,Ag,Ag2O,NH3 28%,Nessuno,60,24,0.2,0.2,1,Solvothermal,0,2,numeric_decimal_standardized,,0,INCLUDED,,,MOF_GROUPED_LIGAND_SPLIT_v6.0_seed260730,DEVELOPMENT,Legante,260730
MOFs_17,"3-amino-4,4'-bipyrazole",Bipyrazole,Ag,AgNO3,DMF/H2O,Nessuno,100,96,0.2,0.2,1,Solvothermal,0,8,numeric_decimal_standardized,,0,INCLUDED,,,MOF_GROUPED_LIGAND_SPLIT_v6.0_seed260730,DEVELOPMENT,Legante,260730
MOFs_18,"3-amino-4,4'-bipyrazole",Bipyrazole,Ag,AgNO3,DMF,Nessuno,100,24,0.4,0.4,1,Solvothermal,0,16,numeric_decimal_standardized,,0,INCLUDED,,,MOF_GROUPED_LIGAND_SPLIT_v6.0_seed260730,DEVELOPMENT,Legante,260730
MOFs_19,"3-amino-4,4'-bipyrazole",Bipyrazole,Ag,AgNO3,DMF,Nessuno,100,5,0.2,0.2,1,Solvothermal,0,8,numeric_decimal_standardized,,0,INCLUDED,,,MOF_GROUPED_LIGAND_SPLIT_v6.0_seed260730,DEVELOPMENT,Legante,260730
MOFs_20,"3-amino-4,4'-bipyrazole",Bipyrazole,Ag,AgNO3,DMF,Nessuno,90,2,0.2,0.2,1,Solvothermal,0,8,numeric_decimal_standardized,,0,INCLUDED,,,MOF_GROUPED_LIGAND_SPLIT_v6.0_seed260730,DEVELOPMENT,Legante,260730
MOFs_21,"3-amino-4,4'-bipyrazole",Bipyrazole,Ag,AgNO3,DMF,Nessuno,100,1,0.4,0.4,1,Solvothermal,0,16,numeric_decimal_standardized,,0,INCLUDED,,,MOF_GROUPED_LIGAND_SPLIT_v6.0_seed260730,DEVELOPMENT,Legante,260730
MOFs_23,"3-amino-4,4'-bipyrazole",Bipyrazole,Ag,AgNO3,DMF/H2O/EtOH,Nessuno,100,1,0.15,0.15,1,Solvothermal,0,5,numeric_decimal_standardized;solvent_canonicalized,,0,INCLUDED,,,MOF_GROUPED_LIGAND_SPLIT_v6.0_seed260730,DEVELOPMENT,Legante,260730
MOFs_24,"3-amino-4,4'-bipyrazole",Bipyrazole,Ag,AgNO3,DMA,Nessuno,100,4,0.15,0.15,1,Solvothermal,0,8,numeric_decimal_standardized,,0,INCLUDED,,,MOF_GROUPED_LIGAND_SPLIT_v6.0_seed260730,DEVELOPMENT,Legante,260730
MOFs_25,"3-amino-4,4'-bipyrazole",Bipyrazole,Ag,AgNO3,DMF,Acido benzoico,90,1,0.15,0.15,1,Solvothermal,0,8,numeric_decimal_standardized,,0,INCLUDED,,,MOF_GROUPED_LIGAND_SPLIT_v6.0_seed260730,DEVELOPMENT,Legante,260730
MOFs_26,"3-amino-4,4'-bipyrazole",Bipyrazole,Ag,AgNO3,DMF,Nessuno,100,1.5,0.15,0.15,1,Solvothermal,0,8,numeric_decimal_standardized,,0,INCLUDED,,,MOF_GROUPED_LIGAND_SPLIT_v6.0_seed260730,DEVELOPMENT,Legante,260730
MOFs_27,"3-amino-4,4'-bipyrazole",Bipyrazole,Ag,AgNO3,DMF/MeCN,Nessuno,100,1,0.15,0.15,1,Solvothermal,0,6,numeric_decimal_standardized;solvent_canonicalized,,0,INCLUDED,,,MOF_GROUPED_LIGAND_SPLIT_v6.0_seed260730,DEVELOPMENT,Legante,260730
MOFs_28,"3-amino-4,4'-bipyrazole",Bipyrazole,Ag,AgNO3,DMF/MeCN,Nessuno,80,24,0.15,0.15,1,Solvothermal,0,2,numeric_decimal_standardized;solvent_canonicalized,,0,INCLUDED,,,MOF_GROUPED_LIGAND_SPLIT_v6.0_seed260730,DEVELOPMENT,Legante,260730
MOFs_29,"3-amino-4,4'-bipyrazole",Bipyrazole,Ag,AgNO3,DMF/MeCN,Nessuno,100,1.5,0.15,0.15,1,Solvothermal,0,4,numeric_decimal_standardized;solvent_canonicalized,,0,INCLUDED,,,MOF_GROUPED_LIGAND_SPLIT_v6.0_seed260730,DEVELOPMENT,Legante,260730
MOFs_30,"3-amino-4,4'-bipyrazole",Bipyrazole,Ag,AgNO3,Et3N,Nessuno,25,24,0.3,0.3,1,Solvothermal,0,10,numeric_decimal_standardized;temperature_room_to_25,,0,INCLUDED,,,MOF_GROUPED_LIGAND_SPLIT_v6.0_seed260730,DEVELOPMENT,Legante,260730
MOFs_31,"3-amino-4,4'-bipyrazole",Bipyrazole,Ag,AgNO3,DMF,Nessuno,100,48,0.2,0.2,1,Solvothermal,0,8,numeric_decimal_standardized,,0,INCLUDED,,,MOF_GROUPED_LIGAND_SPLIT_v6.0_seed260730,DEVELOPMENT,Legante,260730
MOFs_32,"3-amino-4,4'-bipyrazole",Bipyrazole,Ag,AgNO3,DMF,Nessuno,25,72,0.3,0.3,1,Solvothermal,0,8,numeric_decimal_standardized;temperature_room_to_25,,0,INCLUDED,,,MOF_GROUPED_LIGAND_SPLIT_v6.0_seed260730,DEVELOPMENT,Legante,260730
MOFs_35,"3-amino-4,4'-bipyrazole",Bipyrazole,Au,Cloro(tri-tert-butilfosfina)Au(I),DMF,Nessuno,25,72,0.2,0.2,1,Solvothermal,0,8,numeric_decimal_standardized;temperature_room_to_25,,0,INCLUDED,,,MOF_GROUPED_LIGAND_SPLIT_v6.0_seed260730,DEVELOPMENT,Legante,260730
MOFs_36,"3-amino-4,4'-bipyrazole",Bipyrazole,Au,Chlorotriphenylphosphine gold(I),,Nessuno,120,24,0.2,0.2,1,Solvothermal,0,10,numeric_decimal_standardized,,0,INCLUDED,,,MOF_GROUPED_LIGAND_SPLIT_v6.0_seed260730,DEVELOPMENT,Legante,260730
MOFs_37,"3-amino-4,4'-bipyrazole",Bipyrazole,Au,Cloro(tri-tert-butilfosfina)Au(I),MeOH,Nessuno,25,24,0.2,0.2,1,Solvothermal,0,2,numeric_decimal_standardized;solvent_canonicalized;temperature_room_to_25,,0,INCLUDED,,,MOF_GROUPED_LIGAND_SPLIT_v6.0_seed260730,DEVELOPMENT,Legante,260730
MOFs_38,"3-amino-4,4'-bipyrazole",Bipyrazole,Au,Cloro(tri-tert-butilfosfina)Au(I),DMF,Nessuno,100,48,0.2,0.2,1,Solvothermal,0,8,numeric_decimal_standardized,,0,INCLUDED,,,MOF_GROUPED_LIGAND_SPLIT_v6.0_seed260730,DEVELOPMENT,Legante,260730
MOFs_40,"3-amino-4,4'-bipyrazole",Bipyrazole,Cd,Cd(NO3)2·4H2O,DMF/H2O,Nessuno,160,72,0.3,0.3,1,Solvothermal,0,12,numeric_decimal_standardized;salt_hydrate_separator_standardized,,0,INCLUDED,,,MOF_GROUPED_LIGAND_SPLIT_v6.0_seed260730,DEVELOPMENT,Legante,260730
MOFs_41,"3-amino-4,4'-bipyrazole",Bipyrazole,Cd,Cd(NO3)2·4H2O,DMF,Nessuno,140,72,0.2,0.2,1,Solvothermal,0,10,numeric_decimal_standardized;salt_hydrate_separator_standardized,,0,INCLUDED,,,MOF_GROUPED_LIGAND_SPLIT_v6.0_seed260730,DEVELOPMENT,Legante,260730
MOFs_42,"3-amino-4,4'-bipyrazole",Bipyrazole,Cd,Cd(OAc)2·2H2O,DMF/H2O,Nessuno,140,48,0.2,0.1,2,Solvothermal,0,10,numeric_decimal_standardized;salt_hydrate_separator_standardized,,0,INCLUDED,,,MOF_GROUPED_LIGAND_SPLIT_v6.0_seed260730,DEVELOPMENT,Legante,260730
MOFs_43,"3-amino-4,4'-bipyrazole",Bipyrazole,Cd,Cd(NO3)2·4H2O,MeOH,Nessuno,120,48,0.2,0.1,2,Solvothermal,0,10,numeric_decimal_standardized;salt_hydrate_separator_standardized,,0,INCLUDED,,,MOF_GROUPED_LIGAND_SPLIT_v6.0_seed260730,DEVELOPMENT,Legante,260730
MOFs_44,"3-amino-4,4'-bipyrazole",Bipyrazole,Cd,Cd(NO3)2·4H2O,DMF/H2O,Nessuno,140,120,0.2,0.1,2,Solvothermal,0,20,numeric_decimal_standardized;salt_hydrate_separator_standardized,,0,INCLUDED,,,MOF_GROUPED_LIGAND_SPLIT_v6.0_seed260730,DEVELOPMENT,Legante,260730
MOFs_45,"3-amino-4,4'-bipyrazole",Bipyrazole,Cd,Cd(NO3)2·4H2O,DMF,Nessuno,140,48,0.2,0.1,2,Solvothermal,0,10,numeric_decimal_standardized;salt_hydrate_separator_standardized,,0,INCLUDED,,,MOF_GROUPED_LIGAND_SPLIT_v6.0_seed260730,DEVELOPMENT,Legante,260730
MOFs_46,"3-amino-4,4'-bipyrazole",Bipyrazole,Cd,Cd(NO3)2·4H2O,DMF,Nessuno,140,48,0.8,0.4,2,Solvothermal,0,30,numeric_decimal_standardized;salt_hydrate_separator_standardized,,0,INCLUDED,,,MOF_GROUPED_LIGAND_SPLIT_v6.0_seed260730,DEVELOPMENT,Legante,260730
MOFs_47,"3-amino-4,4'-bipyrazole",Bipyrazole,Cd,Cd(NO3)2·4H2O,DMF,Nessuno,160,24,0.2,0.1,2,Solvothermal,2,12,numeric_decimal_standardized;salt_hydrate_separator_standardized,,0,INCLUDED,,,MOF_GROUPED_LIGAND_SPLIT_v6.0_seed260730,DEVELOPMENT,Legante,260730
MOFs_50,"3-amino-4,4'-bipyrazole",Bipyrazole,Cd,Cd(OAc)2·2H2O,DMF,Nessuno,140,48,0.2,0.1,2,Solvothermal,0,10,numeric_decimal_standardized;salt_hydrate_separator_standardized,,0,INCLUDED,,,MOF_GROUPED_LIGAND_SPLIT_v6.0_seed260730,DEVELOPMENT,Legante,260730
MOFs_51,"3-amino-4,4'-bipyrazole",Bipyrazole,Cd,Cd(NO3)2·4H2O,DMF/EtOH,Nessuno,140,48,0.2,0.1,2,Solvothermal,0,8,numeric_decimal_standardized;salt_hydrate_separator_standardized,,0,INCLUDED,,,MOF_GROUPED_LIGAND_SPLIT_v6.0_seed260730,DEVELOPMENT,Legante,260730
MOFs_52,"3-amino-4,4'-bipyrazole",Bipyrazole,Cd,Cd(NO3)2·4H2O,DMF/MeOH,Nessuno,140,72,0.2,0.1,2,Solvothermal,0,10,numeric_decimal_standardized;salt_hydrate_separator_standardized,,0,INCLUDED,,,MOF_GROUPED_LIGAND_SPLIT_v6.0_seed260730,DEVELOPMENT,Legante,260730
MOFs_53,"3-amino-4,4'-bipyrazole",Bipyrazole,Cd,Cd(NO3)2·4H2O,,Nessuno,120,48,0.15,0.15,1,Solvothermal,0,10,numeric_decimal_standardized;salt_hydrate_separator_standardized,,0,INCLUDED,,,MOF_GROUPED_LIGAND_SPLIT_v6.0_seed260730,DEVELOPMENT,Legante,260730
MOFs_54,"3-amino-4,4'-bipyrazole",Bipyrazole,Cd,Cd(OAc)2·2H2O,,Nessuno,120,48,0.15,0.15,1,Solvothermal,0,10,numeric_decimal_standardized;salt_hydrate_separator_standardized,,0,INCLUDED,,,MOF_GROUPED_LIGAND_SPLIT_v6.0_seed260730,DEVELOPMENT,Legante,260730
MOFs_55,"3-amino-4,4'-bipyrazole",Bipyrazole,Cu,CuOAc,MeOH,Mesitilene,25,24,0.2,0.2,1,Solvothermal,0,2,numeric_decimal_standardized;solvent_canonicalized;temperature_room_to_25,,0,INCLUDED,,,MOF_GROUPED_LIGAND_SPLIT_v6.0_seed260730,DEVELOPMENT,Legante,260730
MOFs_56,"3-amino-4,4'-bipyrazole",Bipyrazole,Cu,CuOAc,ButOH,Nessuno,25,36,0.15,0.15,1,Solvothermal,0,16,numeric_decimal_standardized;temperature_room_to_25,,0,INCLUDED,,,MOF_GROUPED_LIGAND_SPLIT_v6.0_seed260730,DEVELOPMENT,Legante,260730
MOFs_57,"3-amino-4,4'-bipyrazole",Bipyrazole,Cu,CuOAc,DMF,Nessuno,110,48,0.2,0.2,1,Solvothermal,0,1.5,numeric_decimal_standardized,,0,INCLUDED,,,MOF_GROUPED_LIGAND_SPLIT_v6.0_seed260730,DEVELOPMENT,Legante,260730
MOFs_58,"3-amino-4,4'-bipyrazole",Bipyrazole,Cu,CuOAc,MeOH,Nessuno,70,72,0.15,0.15,1,Solvothermal,0,16,numeric_decimal_standardized;solvent_canonicalized,,0,INCLUDED,,,MOF_GROUPED_LIGAND_SPLIT_v6.0_seed260730,DEVELOPMENT,Legante,260730
MOFs_59,"3-amino-4,4'-bipyrazole",Bipyrazole,Cu,CuOAc,DMF,Nessuno,120,24,0.2,0.4,0.5,Solvothermal,0,10,numeric_decimal_standardized,,0,INCLUDED,,,MOF_GROUPED_LIGAND_SPLIT_v6.0_seed260730,DEVELOPMENT,Legante,260730
MOFs_60,"3-amino-4,4'-bipyrazole",Bipyrazole,Cu,CuCl,NH3 28%,Nessuno,60,24,0.3,0.3,1,Solvothermal,0,2,numeric_decimal_standardized,,0,INCLUDED,,,MOF_GROUPED_LIGAND_SPLIT_v6.0_seed260730,DEVELOPMENT,Legante,260730
MOFs_61,"3-amino-4,4'-bipyrazole",Bipyrazole,Cu,CuI,,Nessuno,100,24,0.2,0.2,1,Solvothermal,0,10,numeric_decimal_standardized;exact_duplicate_candidate,DUP_018,0,INCLUDED,,duplicate_representative_retained,MOF_GROUPED_LIGAND_SPLIT_v6.0_seed260730,DEVELOPMENT,Legante,260730
MOFs_63,"3-amino-4,4'-bipyrazole",Bipyrazole,Cu,CuOAc,H2O/Met,Nessuno,160,72,0.5,0.5,1,Solvothermal,0,1,numeric_decimal_standardized;solvent_canonicalized,,0,INCLUDED,,,MOF_GROUPED_LIGAND_SPLIT_v6.0_seed260730,DEVELOPMENT,Legante,260730
MOFs_64,"3-amino-4,4'-bipyrazole",Bipyrazole,Cu,CuOAc,DMF,Nessuno,100,48,0.2,0.2,1,Solvothermal,0,8,numeric_decimal_standardized,,0,INCLUDED,,,MOF_GROUPED_LIGAND_SPLIT_v6.0_seed260730,DEVELOPMENT,Legante,260730
MOFs_65,"3-amino-4,4'-bipyrazole",Bipyrazole,Cu,CuOAc,DMF,Nessuno,25,72,0.3,0.3,1,Solvothermal,0,10,numeric_decimal_standardized;temperature_room_to_25,,0,INCLUDED,,,MOF_GROUPED_LIGAND_SPLIT_v6.0_seed260730,DEVELOPMENT,Legante,260730
MOFs_72,"3-amino-4,4'-bipyrazole",Bipyrazole,Fe,Fe(NO3)3·9H2O,,Nessuno,140,24,0.15,0.15,1,Solvothermal,0,10,numeric_decimal_standardized;salt_hydrate_separator_standardized,,0,INCLUDED,,,MOF_GROUPED_LIGAND_SPLIT_v6.0_seed260730,DEVELOPMENT,Legante,260730
MOFs_73,"3-amino-4,4'-bipyrazole",Bipyrazole,Fe,Fe(NO3)3·9H2O,DMF,Nessuno,120,24,0.2,0.1,2,Solvothermal,0,10,numeric_decimal_standardized;salt_hydrate_separator_standardized,,0,INCLUDED,,,MOF_GROUPED_LIGAND_SPLIT_v6.0_seed260730,DEVELOPMENT,Legante,260730
MOFs_74,"3-amino-4,4'-bipyrazole",Bipyrazole,Fe,FeCl3,DMF,Nessuno,120,24,0.2,0.1,2,Solvothermal,0,10,numeric_decimal_standardized,,0,INCLUDED,,,MOF_GROUPED_LIGAND_SPLIT_v6.0_seed260730,DEVELOPMENT,Legante,260730
MOFs_75,"3-amino-4,4'-bipyrazole",Bipyrazole,Fe,FeCl3,DMF,Acido acetico,25,24,0.2,0.1,2,Solvothermal,0,1.2,additive_canonicalized;numeric_decimal_standardized;temperature_room_to_25,,0,INCLUDED,,,MOF_GROUPED_LIGAND_SPLIT_v6.0_seed260730,DEVELOPMENT,Legante,260730
MOFs_76,"3-amino-4,4'-bipyrazole",Bipyrazole,Fe,FeCl3,DMF,Acido acetico,120,24,0.2,0.1,2,Solvothermal,0,1.2,additive_canonicalized;numeric_decimal_standardized,,0,INCLUDED,,,MOF_GROUPED_LIGAND_SPLIT_v6.0_seed260730,DEVELOPMENT,Legante,260730
MOFs_77,"3-amino-4,4'-bipyrazole",Bipyrazole,Fe,FeCl3,DMF/H2O,Acido acetico,100,24,0.2,0.1,2,Solvothermal,0,20,additive_canonicalized;numeric_decimal_standardized;solvent_canonicalized,,0,INCLUDED,,,MOF_GROUPED_LIGAND_SPLIT_v6.0_seed260730,DEVELOPMENT,Legante,260730
MOFs_78,"3-amino-4,4'-bipyrazole",Bipyrazole,Fe,FeCl3,DMF/H2O,Acido acetico,110,72,0.2,0.2,1,Solvothermal,0,15,additive_canonicalized;numeric_decimal_standardized;solvent_canonicalized,,0,INCLUDED,,,MOF_GROUPED_LIGAND_SPLIT_v6.0_seed260730,DEVELOPMENT,Legante,260730
MOFs_79,"3-amino-4,4'-bipyrazole",Bipyrazole,Mg,Mg(OAc)2·4H2O,H2O,Nessuno,130,48,0.15,0.45,0.33333333,Solvothermal,0,0.5,numeric_decimal_standardized;salt_hydrate_separator_standardized,,0,INCLUDED,,,MOF_GROUPED_LIGAND_SPLIT_v6.0_seed260730,DEVELOPMENT,Legante,260730
MOFs_80,"3-amino-4,4'-bipyrazole",Bipyrazole,Mn,MnCl2·4H2O,,Nessuno,100,24,0.2,0.2,1,Solvothermal,0,5,numeric_decimal_standardized;salt_hydrate_separator_standardized,,0,INCLUDED,,,MOF_GROUPED_LIGAND_SPLIT_v6.0_seed260730,DEVELOPMENT,Legante,260730
MOFs_81,"3-amino-4,4'-bipyrazole",Bipyrazole,Mn,MnCl2·4H2O,,Nessuno,100,120,0.2,0.2,1,Solvothermal,0,10,numeric_decimal_standardized;salt_hydrate_separator_standardized;time_days_to_hours,,0,INCLUDED,,,MOF_GROUPED_LIGAND_SPLIT_v6.0_seed260730,DEVELOPMENT,Legante,260730
MOFs_82,"3-amino-4,4'-bipyrazole",Bipyrazole,Mn,Mn(Oac)2·4H2O,,Nessuno,130,72,0.2,0.2,1,Solvothermal,0,5,numeric_decimal_standardized;salt_hydrate_separator_standardized,,0,INCLUDED,,,MOF_GROUPED_LIGAND_SPLIT_v6.0_seed260730,DEVELOPMENT,Legante,260730
MOFs_83,"3-amino-4,4'-bipyrazole",Bipyrazole,Mn,MnCl2·4H2O,,Nessuno,100,48,0.2,0.2,1,Solvothermal,0,10,numeric_decimal_standardized;salt_hydrate_separator_standardized,,0,INCLUDED,,,MOF_GROUPED_LIGAND_SPLIT_v6.0_seed260730,DEVELOPMENT,Legante,260730
MOFs_84,"3-amino-4,4'-bipyrazole",Bipyrazole,Mn,MnCl2·4H2O,,Nessuno,160,48,0.2,0.2,1,Solvothermal,0,5,numeric_decimal_standardized;salt_hydrate_separator_standardized,,0,INCLUDED,,,MOF_GROUPED_LIGAND_SPLIT_v6.0_seed260730,DEVELOPMENT,Legante,260730
MOFs_85,"3-amino-4,4'-bipyrazole",Bipyrazole,Mn,MnCl2·4H2O,,Nessuno,160,72,0.2,0.2,1,Solvothermal,0,10,numeric_decimal_standardized;salt_hydrate_separator_standardized,,0,INCLUDED,,,MOF_GROUPED_LIGAND_SPLIT_v6.0_seed260730,DEVELOPMENT,Legante,260730
MOFs_86,"3-amino-4,4'-bipyrazole",Bipyrazole,Mn,Mn(Oac)2·4H2O,,Nessuno,160,24,0.2,0.2,1,Solvothermal,0,10,numeric_decimal_standardized;salt_hydrate_separator_standardized,,0,INCLUDED,,,MOF_GROUPED_LIGAND_SPLIT_v6.0_seed260730,DEVELOPMENT,Legante,260730
MOFs_87,"3-amino-4,4'-bipyrazole",Bipyrazole,Mn,Mn(Oac)2·4H2O,DMF,BDC,140,115,0.2,0.2,1,Solvothermal,0,10,numeric_decimal_standardized;salt_hydrate_separator_standardized,,0,INCLUDED,,,MOF_GROUPED_LIGAND_SPLIT_v6.0_seed260730,DEVELOPMENT,Legante,260730
MOFs_88,"3-amino-4,4'-bipyrazole",Bipyrazole,Zr,Zr(OCH3)4,HCl 37%,Nessuno,120,48,0.15,0.15,1,Solvothermal,0,90,numeric_decimal_standardized,,0,INCLUDED,,,MOF_GROUPED_LIGAND_SPLIT_v6.0_seed260730,DEVELOPMENT,Legante,260730
MOFs_89,"3-amino-4,4'-bipyrazole",Bipyrazole,Zr,ZrCl4,HCl 37%,Nessuno,120,48,0.15,0.15,1,Solvothermal,0,90,numeric_decimal_standardized,,0,INCLUDED,,,MOF_GROUPED_LIGAND_SPLIT_v6.0_seed260730,DEVELOPMENT,Legante,260730
MOFs_90,"3-amino-4,4'-bipyrazole",Bipyrazole,Zr,ZrCl4,H2O,Nessuno,100,48,0.2,0.1,2,Solvothermal,0,10,numeric_decimal_standardized,,0,INCLUDED,,,MOF_GROUPED_LIGAND_SPLIT_v6.0_seed260730,DEVELOPMENT,Legante,260730
MOFs_91,"3-amino-4,4'-bipyrazole",Bipyrazole,Zr,ZrCl4,DMF,Nessuno,120,48,0.2,0.1,2,Solvothermal,0,10,numeric_decimal_standardized,,0,INCLUDED,,,MOF_GROUPED_LIGAND_SPLIT_v6.0_seed260730,DEVELOPMENT,Legante,260730
MOFs_92,3-MePz-4-COOH,Pyrazole carbossilati,Al,Al(NO3)3·9H2O,DMF,Nessuno,120,24,0.2,0.2,1,Solvothermal,0,10,numeric_decimal_standardized;salt_hydrate_separator_standardized,,0,INCLUDED,,,MOF_GROUPED_LIGAND_SPLIT_v6.0_seed260730,DEVELOPMENT,Legante,260730
MOFs_93,3-MePz-4-COOH,Pyrazole carbossilati,Cu,Cu(OAc)2·H2O,H2O,Nessuno,25,96,0.2,0.1,2,Solvothermal,2,20,numeric_decimal_standardized;salt_hydrate_separator_standardized;temperature_room_to_25,,0,INCLUDED,,,MOF_GROUPED_LIGAND_SPLIT_v6.0_seed260730,DEVELOPMENT,Legante,260730
MOFs_94,3-MePz-4-COOH,Pyrazole carbossilati,Fe,Fe2(SO4)3·xH2O,DMF/EtOH,Nessuno,25,24,0.2,0.1,2,Solvothermal,0,20,numeric_decimal_standardized;salt_hydrate_separator_standardized;temperature_room_to_25,,0,INCLUDED,,,MOF_GROUPED_LIGAND_SPLIT_v6.0_seed260730,DEVELOPMENT,Legante,260730
MOFs_95,3-MePz-4-COOH,Pyrazole carbossilati,Fe,FeCl3,DMF/EtOH,Nessuno,25,24,0.2,0.1,2,Solvothermal,0,20,numeric_decimal_standardized;temperature_room_to_25,,0,INCLUDED,,,MOF_GROUPED_LIGAND_SPLIT_v6.0_seed260730,DEVELOPMENT,Legante,260730
MOFs_96,3-MePz-4-COOH,Pyrazole carbossilati,Mn,Mn(OAc)2·4H2O,DMF/H2O,Nessuno,120,24,0.2,0.1,2,Solvothermal,0,15,numeric_decimal_standardized;salt_hydrate_separator_standardized,,0,INCLUDED,,,MOF_GROUPED_LIGAND_SPLIT_v6.0_seed260730,DEVELOPMENT,Legante,260730
MOFs_97,3-MePz-4-COOH,Pyrazole carbossilati,Mn,Mn(OAc)2·4H2O,DMF/H2O,Nessuno,120,72,0.2,0.1,2,Solvothermal,0,1,numeric_decimal_standardized;salt_hydrate_separator_standardized,,0,INCLUDED,,,MOF_GROUPED_LIGAND_SPLIT_v6.0_seed260730,DEVELOPMENT,Legante,260730
MOFs_98,3-MePz-4-COOH,Pyrazole carbossilati,Ni,Ni(NO3)2,DMF/H2O,Nessuno,120,72,0.2,0.1,2,Solvothermal,1,15,numeric_decimal_standardized,,0,INCLUDED,,,MOF_GROUPED_LIGAND_SPLIT_v6.0_seed260730,DEVELOPMENT,Legante,260730
MOFs_99,3-MePz-4-COOH,Pyrazole carbossilati,Zr,ZrCl4,MeOH,Nessuno,110,94,0.3,0.3,1,Solvothermal,0,20,numeric_decimal_standardized,,0,INCLUDED,,,MOF_GROUPED_LIGAND_SPLIT_v6.0_seed260730,DEVELOPMENT,Legante,260730
MOFs_101,3-MePz-4-COOH,Pyrazole carbossilati,Zr,ZrCl4,MeOH,Nessuno,110,24,0.15,0.15,1,Solvothermal,0,10,numeric_decimal_standardized,,0,INCLUDED,,,MOF_GROUPED_LIGAND_SPLIT_v6.0_seed260730,DEVELOPMENT,Legante,260730
MOFs_103,3-MePz-4-COOH,Pyrazole carbossilati,Zr,ZrCl4,MeOH,Nessuno,110,72,0.15,0.15,1,Solvothermal,0,10,numeric_decimal_standardized,,0,INCLUDED,,,MOF_GROUPED_LIGAND_SPLIT_v6.0_seed260730,DEVELOPMENT,Legante,260730
MOFs_104,"3-nitro-4,4'-bipyrazole",Bipyrazole,Cd,Cd(NO3)2·4H2O,DMF/EtOH,Nessuno,140,72,0.2,0.1,2,Solvothermal,0,11,numeric_decimal_standardized;salt_hydrate_separator_standardized,,0,INCLUDED,,,MOF_GROUPED_LIGAND_SPLIT_v6.0_seed260730,DEVELOPMENT,Legante,260730
MOFs_105,"3-nitro-4,4'-bipyrazole",Bipyrazole,Cd,Cd(NO3)2·4H2O,DMF,Nessuno,140,72,0.2,0.1,2,Solvothermal,0,10,numeric_decimal_standardized;salt_hydrate_separator_standardized,,0,INCLUDED,,,MOF_GROUPED_LIGAND_SPLIT_v6.0_seed260730,DEVELOPMENT,Legante,260730
MOFs_106,"3-nitro-4,4'-bipyrazole",Bipyrazole,Cd,Cd(NO3)2·4H2O,DMF,Nessuno,140,72,0.6,0.3,2,Solvothermal,2,30,numeric_decimal_standardized;salt_hydrate_separator_standardized,,0,INCLUDED,,,MOF_GROUPED_LIGAND_SPLIT_v6.0_seed260730,DEVELOPMENT,Legante,260730
MOFs_107,"3-nitro-4,4'-bipyrazole",Bipyrazole,Cd,Cd(OAc)2·2H2O,DMF,Nessuno,140,72,0.2,0.1,2,Solvothermal,0,10,numeric_decimal_standardized;salt_hydrate_separator_standardized,,0,INCLUDED,,,MOF_GROUPED_LIGAND_SPLIT_v6.0_seed260730,DEVELOPMENT,Legante,260730
MOFs_108,"3-nitro-4,4'-bipyrazole",Bipyrazole,Cd,Cd(NO3)2·4H2O,DMF,Nessuno,160,24,0.2,0.1,2,Solvothermal,2,12,numeric_decimal_standardized;salt_hydrate_separator_standardized,,0,INCLUDED,,,MOF_GROUPED_LIGAND_SPLIT_v6.0_seed260730,DEVELOPMENT,Legante,260730
MOFs_109,"3-nitro-4,4'-bipyrazole",Bipyrazole,Cd,Cd(NO3)2·4H2O,DMF,Nessuno,160,48,0.1,0.1,1,Solvothermal,2,15,numeric_decimal_standardized;salt_hydrate_separator_standardized,,0,INCLUDED,,,MOF_GROUPED_LIGAND_SPLIT_v6.0_seed260730,DEVELOPMENT,Legante,260730
MOFs_110,"3-nitro-4,4'-bipyrazole",Bipyrazole,Cd,Cd(NO3)2·4H2O,DMF,Nessuno,160,48,0.1,0.2,0.5,Solvothermal,2,10,numeric_decimal_standardized;salt_hydrate_separator_standardized,,0,INCLUDED,,,MOF_GROUPED_LIGAND_SPLIT_v6.0_seed260730,DEVELOPMENT,Legante,260730
MOFs_111,"3-nitro-4,4'-bipyrazole",Bipyrazole,Cd,Cd(NO3)2·4H2O,DMF/H2O,Nessuno,160,72,0.3,0.3,1,Solvothermal,0,12,numeric_decimal_standardized;salt_hydrate_separator_standardized,,0,INCLUDED,,,MOF_GROUPED_LIGAND_SPLIT_v6.0_seed260730,DEVELOPMENT,Legante,260730
MOFs_112,"3-nitro-4,4'-bipyrazole",Bipyrazole,Cd,Cd(NO3)2·4H2O,DMF/H2O,Nessuno,140,120,0.2,0.1,2,Solvothermal,0,20,numeric_decimal_standardized;salt_hydrate_separator_standardized,,0,INCLUDED,,,MOF_GROUPED_LIGAND_SPLIT_v6.0_seed260730,DEVELOPMENT,Legante,260730
MOFs_132,"3,3'-dinitro-4,4'-bipyrazole",Bipyrazole,Cd,Cd(NO3)2·4H2O,DMF,Nessuno,150,24,0.1,0.1,1,Solvothermal,1,10,numeric_decimal_standardized;salt_hydrate_separator_standardized,,0,INCLUDED,,,MOF_GROUPED_LIGAND_SPLIT_v6.0_seed260730,DEVELOPMENT,Legante,260730
MOFs_133,"3,3'-dinitro-4,4'-bipyrazole",Bipyrazole,Cd,Cd(NO3)2·4H2O,DMF,Nessuno,150,24,0.1,0.2,0.5,Solvothermal,0,10,numeric_decimal_standardized;salt_hydrate_separator_standardized,,0,INCLUDED,,,MOF_GROUPED_LIGAND_SPLIT_v6.0_seed260730,DEVELOPMENT,Legante,260730
MOFs_134,"3,3'-dinitro-4,4'-bipyrazole",Bipyrazole,Cd,Cd(NO3)2·4H2O,DMF/H2O,Nessuno,160,48,0.2,0.1,2,Solvothermal,0,8,numeric_decimal_standardized;salt_hydrate_separator_standardized;solvent_canonicalized,,0,INCLUDED,,,MOF_GROUPED_LIGAND_SPLIT_v6.0_seed260730,DEVELOPMENT,Legante,260730
MOFs_135,"3,3'-dinitro-4,4'-bipyrazole",Bipyrazole,Co,Co(OAc)2·4H2O,DMF/H2O,Nessuno,160,48,0.2,0.1,2,Solvothermal,2,8,numeric_decimal_standardized;salt_hydrate_separator_standardized;solvent_canonicalized,,0,INCLUDED,,,MOF_GROUPED_LIGAND_SPLIT_v6.0_seed260730,DEVELOPMENT,Legante,260730
MOFs_136,"3,3'-dinitro-4,4'-bipyrazole",Bipyrazole,Co,Cd(OAc)2·4H2O,DMF/H2O,Nessuno,160,24,0.2,0.2,1,Solvothermal,0,8,numeric_decimal_standardized;salt_hydrate_separator_standardized;solvent_canonicalized,,0,INCLUDED,,,MOF_GROUPED_LIGAND_SPLIT_v6.0_seed260730,DEVELOPMENT,Legante,260730
MOFs_137,"3,3'-dinitro-4,4'-bipyrazole",Bipyrazole,Co,Co(NO3)2·6H2O,DMF/H2O,Nessuno,120,24,0.1,0.1,1,Solvothermal,1,5,numeric_decimal_standardized;salt_hydrate_separator_standardized;solvent_canonicalized,,0,INCLUDED,,,MOF_GROUPED_LIGAND_SPLIT_v6.0_seed260730,DEVELOPMENT,Legante,260730
MOFs_138,"3,3'-dinitro-4,4'-bipyrazole",Bipyrazole,Co,Co(NO3)2·6H2O,DMF/H2O,Nessuno,150,48,0.1,0.1,1,Solvothermal,0,8,numeric_decimal_standardized;salt_hydrate_separator_standardized;solvent_canonicalized,,0,INCLUDED,,,MOF_GROUPED_LIGAND_SPLIT_v6.0_seed260730,DEVELOPMENT,Legante,260730
MOFs_139,"3,3'-dinitro-4,4'-bipyrazole",Bipyrazole,Co,Cd(OAc)2·4H2O,DMF/H2O,Nessuno,160,24,0.1,0.2,0.5,Solvothermal,2,14,numeric_decimal_standardized;salt_hydrate_separator_standardized;solvent_canonicalized,,0,INCLUDED,,,MOF_GROUPED_LIGAND_SPLIT_v6.0_seed260730,DEVELOPMENT,Legante,260730
MOFs_140,"3,3'-dinitro-4,4'-bipyrazole",Bipyrazole,Co,Co(NO3)2·6H2O,DMF,Nessuno,160,6,0.2,0.1,2,Solvothermal,1,10,numeric_decimal_standardized;salt_hydrate_separator_standardized,,0,INCLUDED,,,MOF_GROUPED_LIGAND_SPLIT_v6.0_seed260730,DEVELOPMENT,Legante,260730
MOFs_141,"3,3'-dinitro-4,4'-bipyrazole",Bipyrazole,Cu,Cu(NO3)2·3H2O,DMF/H2O,Nessuno,160,48,0.2,0.1,2,Solvothermal,2,8,numeric_decimal_standardized;salt_hydrate_separator_standardized;solvent_canonicalized,,0,INCLUDED,,,MOF_GROUPED_LIGAND_SPLIT_v6.0_seed260730,DEVELOPMENT,Legante,260730
MOFs_142,"3,3'-dinitro-4,4'-bipyrazole",Bipyrazole,Cu,Cu(NO3)2·3H2O,DMF/H2O,Nessuno,160,24,0.2,0.2,1,Solvothermal,2,8,numeric_decimal_standardized;salt_hydrate_separator_standardized;solvent_canonicalized,,0,INCLUDED,,,MOF_GROUPED_LIGAND_SPLIT_v6.0_seed260730,DEVELOPMENT,Legante,260730
MOFs_143,"3,3'-dinitro-4,4'-bipyrazole",Bipyrazole,Cu,Cu(NO3)2·3H2O,DMF/H2O,Nessuno,160,48,0.1,0.2,0.5,Solvothermal,0,6,numeric_decimal_standardized;salt_hydrate_separator_standardized;solvent_canonicalized,,0,INCLUDED,,,MOF_GROUPED_LIGAND_SPLIT_v6.0_seed260730,DEVELOPMENT,Legante,260730
MOFs_144,"3,3'-dinitro-4,4'-bipyrazole",Bipyrazole,Cu,Cu(OAc)2·H2O,DMF/H2O,Nessuno,120,24,0.1,0.1,1,Solvothermal,1,5,numeric_decimal_standardized;salt_hydrate_separator_standardized;solvent_canonicalized,,0,INCLUDED,,,MOF_GROUPED_LIGAND_SPLIT_v6.0_seed260730,DEVELOPMENT,Legante,260730
MOFs_145,"3,3'-dinitro-4,4'-bipyrazole",Bipyrazole,Cu,Cu(OAc)2·H2O,DMF/H2O,Nessuno,150,48,0.1,0.1,1,Solvothermal,0,8,numeric_decimal_standardized;salt_hydrate_separator_standardized;solvent_canonicalized,,0,INCLUDED,,,MOF_GROUPED_LIGAND_SPLIT_v6.0_seed260730,DEVELOPMENT,Legante,260730
MOFs_146,"3,3'-dinitro-4,4'-bipyrazole",Bipyrazole,Cu,Cu(NO3)2·3H2O,DMF,Nessuno,160,6,0.2,0.1,2,Solvothermal,2,10,numeric_decimal_standardized;salt_hydrate_separator_standardized,,0,INCLUDED,,,MOF_GROUPED_LIGAND_SPLIT_v6.0_seed260730,DEVELOPMENT,Legante,260730
MOFs_148,"3,3'-dinitro-4,4'-bipyrazole",Bipyrazole,Zn,Zn(NO3)2·6H2O,DMF/H2O,Nessuno,160,48,0.2,0.1,2,Solvothermal,2,8,numeric_decimal_standardized;salt_hydrate_separator_standardized;solvent_canonicalized,,0,INCLUDED,,,MOF_GROUPED_LIGAND_SPLIT_v6.0_seed260730,DEVELOPMENT,Legante,260730
MOFs_149,"3,3'-dinitro-4,4'-bipyrazole",Bipyrazole,Zn,Zn(NO3)2·6H2O,DMF/H2O,Nessuno,160,24,0.2,0.2,1,Solvothermal,0,8,numeric_decimal_standardized;salt_hydrate_separator_standardized;solvent_canonicalized,,0,INCLUDED,,,MOF_GROUPED_LIGAND_SPLIT_v6.0_seed260730,DEVELOPMENT,Legante,260730
MOFs_150,"3,3'-dinitro-4,4'-bipyrazole",Bipyrazole,Zn,Zn(OAc)2·2H2O,DMF/H2O,Nessuno,120,24,0.1,0.1,1,Solvothermal,1,5,numeric_decimal_standardized;salt_hydrate_separator_standardized;solvent_canonicalized,,0,INCLUDED,,,MOF_GROUPED_LIGAND_SPLIT_v6.0_seed260730,DEVELOPMENT,Legante,260730
MOFs_151,"3,3'-dinitro-4,4'-bipyrazole",Bipyrazole,Zn,Zn(OAc)2·2H2O,DMF/H2O,Nessuno,150,48,0.1,0.1,1,Solvothermal,0,8,numeric_decimal_standardized;salt_hydrate_separator_standardized;solvent_canonicalized,,0,INCLUDED,,,MOF_GROUPED_LIGAND_SPLIT_v6.0_seed260730,DEVELOPMENT,Legante,260730
MOFs_152,"3,3'-dinitro-4,4'-bipyrazole",Bipyrazole,Zn,Zn(NO3)2·6H2O,DMF/H2O,Nessuno,160,24,0.1,0.2,0.5,Solvothermal,2,14,numeric_decimal_standardized;salt_hydrate_separator_standardized;solvent_canonicalized,,0,INCLUDED,,,MOF_GROUPED_LIGAND_SPLIT_v6.0_seed260730,DEVELOPMENT,Legante,260730
MOFs_153,"3,3'-dinitro-4,4'-bipyrazole",Bipyrazole,Zn,Zn(NO3)2·6H2O,DMF,Nessuno,160,6,0.2,0.1,2,Solvothermal,2,10,numeric_decimal_standardized;salt_hydrate_separator_standardized,,0,INCLUDED,,,MOF_GROUPED_LIGAND_SPLIT_v6.0_seed260730,DEVELOPMENT,Legante,260730
MOFs_154,"3,3'-dinitro-4,4'-bipyrazole",Bipyrazole,Zr,ZrCl4,DMF,Nessuno,120,48,0.1,0.1,1,Solvothermal,0,6,numeric_decimal_standardized,,0,INCLUDED,,,MOF_GROUPED_LIGAND_SPLIT_v6.0_seed260730,DEVELOPMENT,Legante,260730
MOFs_155,"3,3'-dinitro-4,4'-bipyrazole",Bipyrazole,Zr,ZrCl4,DMF,H2O-Et3N,120,48,0.1,0.1,1,Solvothermal,0,6,numeric_decimal_standardized,,0,INCLUDED,,,MOF_GROUPED_LIGAND_SPLIT_v6.0_seed260730,DEVELOPMENT,Legante,260730
MOFs_156,"3,5-diamino-4,4'-bipyrazole",Bipyrazole,Ag,AgNO3,DMF,Nessuno,100,1.5,0.15,0.15,1,Solvothermal,0,8,numeric_decimal_standardized,,0,INCLUDED,,,MOF_GROUPED_LIGAND_SPLIT_v6.0_seed260730,DEVELOPMENT,Legante,260730
MOFs_157,"3,5-diamino-4,4'-bipyrazole",Bipyrazole,Ag,AgNO3,DMF/MeCN,Nessuno,100,0.45,0.15,0.15,1,Solvothermal,0,6,numeric_decimal_standardized,,0,INCLUDED,,,MOF_GROUPED_LIGAND_SPLIT_v6.0_seed260730,DEVELOPMENT,Legante,260730
MOFs_158,"3,5-diamino-4,4'-bipyrazole",Bipyrazole,Ag,AgNO3,DMF/MeCN,Nessuno,100,1,0.15,0.15,1,Solvothermal,0,4,numeric_decimal_standardized,,0,INCLUDED,,,MOF_GROUPED_LIGAND_SPLIT_v6.0_seed260730,DEVELOPMENT,Legante,260730
MOFs_160,"3,5-diamino-4,4'-bipyrazole",Bipyrazole,Ag,Ag2O,MeOH/NH3,Nessuno,25,115,0.15,0.15,1,Solvothermal,0,20,numeric_decimal_standardized;temperature_room_to_25,,0,INCLUDED,,,MOF_GROUPED_LIGAND_SPLIT_v6.0_seed260730,DEVELOPMENT,Legante,260730
MOFs_163,"3,5-diamino-4,4'-bipyrazole",Bipyrazole,Al,Al(NO3)3∙9H2O,DMF,Nessuno,140,24,0.2,0.2,1,Solvothermal,0,10,numeric_decimal_standardized,,0,INCLUDED,,,MOF_GROUPED_LIGAND_SPLIT_v6.0_seed260730,DEVELOPMENT,Legante,260730
MOFs_164,"3,5-diamino-4,4'-bipyrazole",Bipyrazole,Cd,Cd(NO3)2·4H2O,DMF/H2O,Nessuno,160,72,0.3,0.3,1,Solvothermal,0,12,numeric_decimal_standardized;salt_hydrate_separator_standardized,,0,INCLUDED,,,MOF_GROUPED_LIGAND_SPLIT_v6.0_seed260730,DEVELOPMENT,Legante,260730
MOFs_165,"3,5-diamino-4,4'-bipyrazole",Bipyrazole,Cd,Cd(NO3)2·4H2O,DMF,Nessuno,140,72,0.2,0.1,2,Solvothermal,0,10,numeric_decimal_standardized;salt_hydrate_separator_standardized,,0,INCLUDED,,,MOF_GROUPED_LIGAND_SPLIT_v6.0_seed260730,DEVELOPMENT,Legante,260730
MOFs_166,"3,5-diamino-4,4'-bipyrazole",Bipyrazole,Cd,Cd(NO3)2·4H2O,DMF,Nessuno,140,72,0.48,0.2,2.4,Solvothermal,2,20,numeric_decimal_standardized;salt_hydrate_separator_standardized,,0,INCLUDED,,,MOF_GROUPED_LIGAND_SPLIT_v6.0_seed260730,DEVELOPMENT,Legante,260730
MOFs_167,"3,5-diamino-4,4'-bipyrazole",Bipyrazole,Cd,Cd(NO3)2·4H2O,DMF,Nessuno,140,48,1,0.5,2,Solvothermal,0,60,numeric_decimal_standardized;salt_hydrate_separator_standardized,,0,INCLUDED,,,MOF_GROUPED_LIGAND_SPLIT_v6.0_seed260730,DEVELOPMENT,Legante,260730
MOFs_168,"3,5-diamino-4,4'-bipyrazole",Bipyrazole,Cd,Cd(OAc)2·2H2O,DMF/H2O,Nessuno,140,48,0.2,0.1,2,Solvothermal,0,10,numeric_decimal_standardized;salt_hydrate_separator_standardized,,0,INCLUDED,,,MOF_GROUPED_LIGAND_SPLIT_v6.0_seed260730,DEVELOPMENT,Legante,260730
MOFs_169,"3,5-diamino-4,4'-bipyrazole",Bipyrazole,Cd,Cd(NO3)2·4H2O,DMF/H2O,Nessuno,140,120,0.2,0.1,2,Solvothermal,0,20,numeric_decimal_standardized;salt_hydrate_separator_standardized,,0,INCLUDED,,,MOF_GROUPED_LIGAND_SPLIT_v6.0_seed260730,DEVELOPMENT,Legante,260730
MOFs_170,"3,5-diamino-4,4'-bipyrazole",Bipyrazole,Co,Co(OAc)2·4H2O,ButOH,Nessuno,130,48,0.2,0.2,1,Solvothermal,0,8,numeric_decimal_standardized;salt_hydrate_separator_standardized,,0,INCLUDED,,,MOF_GROUPED_LIGAND_SPLIT_v6.0_seed260730,DEVELOPMENT,Legante,260730
MOFs_171,"3,5-diamino-4,4'-bipyrazole",Bipyrazole,Co,Co(OAc)2·4H2O,ButOH,Nessuno,110,72,0.2,0.2,1,Solvothermal,0,8,numeric_decimal_standardized;salt_hydrate_separator_standardized,,0,INCLUDED,,,MOF_GROUPED_LIGAND_SPLIT_v6.0_seed260730,DEVELOPMENT,Legante,260730
MOFs_172,"3,5-diamino-4,4'-bipyrazole",Bipyrazole,Co,Co(OAc)2·4H2O,DMF,Nessuno,120,3,0.5,0.5,1,Solvothermal,0,7.5,numeric_decimal_standardized;salt_hydrate_separator_standardized,,0,INCLUDED,,,MOF_GROUPED_LIGAND_SPLIT_v6.0_seed260730,DEVELOPMENT,Legante,260730
MOFs_173,"3,5-diamino-4,4'-bipyrazole",Bipyrazole,Co,Co(OAc)2·4H2O,DMF,Nessuno,25,24,0.2,0.2,1,Solvothermal,0,8,numeric_decimal_standardized;salt_hydrate_separator_standardized;temperature_room_to_25,,0,INCLUDED,,,MOF_GROUPED_LIGAND_SPLIT_v6.0_seed260730,DEVELOPMENT,Legante,260730
MOFs_174,"3,5-diamino-4,4'-bipyrazole",Bipyrazole,Co,Co(OAc)2·4H2O,EtOH,Nessuno,70,72,0.2,0.2,1,Solvothermal,0,10,numeric_decimal_standardized;salt_hydrate_separator_standardized,,0,INCLUDED,,,MOF_GROUPED_LIGAND_SPLIT_v6.0_seed260730,DEVELOPMENT,Legante,260730
MOFs_175,"3,5-diamino-4,4'-bipyrazole",Bipyrazole,Co,Co(OAc)2·4H2O,NH3 28%,Nessuno,70,24,0.2,0.2,1,Solvothermal,0,0.5,numeric_decimal_standardized;salt_hydrate_separator_standardized,,0,INCLUDED,,,MOF_GROUPED_LIGAND_SPLIT_v6.0_seed260730,DEVELOPMENT,Legante,260730
MOFs_176,"3,5-diamino-4,4'-bipyrazole",Bipyrazole,Co,Co(OAc)2·4H2O,DMF,Nessuno,160,24,0.2,0.2,1,Solvothermal,0,10,numeric_decimal_standardized;salt_hydrate_separator_standardized,,0,INCLUDED,,,MOF_GROUPED_LIGAND_SPLIT_v6.0_seed260730,DEVELOPMENT,Legante,260730
MOFs_177,"3,5-diamino-4,4'-bipyrazole",Bipyrazole,Co,Co(NO3)2·6H2O,DMF,Nessuno,160,24,0.2,0.2,1,Solvothermal,0,10,numeric_decimal_standardized;salt_hydrate_separator_standardized,,0,INCLUDED,,,MOF_GROUPED_LIGAND_SPLIT_v6.0_seed260730,DEVELOPMENT,Legante,260730
MOFs_178,"3,5-diamino-4,4'-bipyrazole",Bipyrazole,Co,Co(OAc)2·4H2O,DMF,Nessuno,120,24,0.2,0.2,1,Solvothermal,0,8,numeric_decimal_standardized;salt_hydrate_separator_standardized,,0,INCLUDED,,,MOF_GROUPED_LIGAND_SPLIT_v6.0_seed260730,DEVELOPMENT,Legante,260730
MOFs_179,"3,5-diamino-4,4'-bipyrazole",Bipyrazole,Co,Co(OAc)2·4H2O,NH3 30%,Nessuno,140,24,0.2,0.2,1,Solvothermal,0,2,numeric_decimal_standardized;salt_hydrate_separator_standardized,,0,INCLUDED,,,MOF_GROUPED_LIGAND_SPLIT_v6.0_seed260730,DEVELOPMENT,Legante,260730
MOFs_180,"3,5-diamino-4,4'-bipyrazole",Bipyrazole,Co,Co(OAc)2·4H2O,DMF,BDC,160,48,0.2,0.2,1,Solvothermal,0,0.1,numeric_decimal_standardized;salt_hydrate_separator_standardized,,0,INCLUDED,,,MOF_GROUPED_LIGAND_SPLIT_v6.0_seed260730,DEVELOPMENT,Legante,260730
MOFs_181,"3,5-diamino-4,4'-bipyrazole",Bipyrazole,Co,Co(OAc)2·4H2O,DMF/H2O,BDC,160,48,0.2,0.2,1,Solvothermal,0,0.1,numeric_decimal_standardized;salt_hydrate_separator_standardized,,0,INCLUDED,,,MOF_GROUPED_LIGAND_SPLIT_v6.0_seed260730,DEVELOPMENT,Legante,260730
MOFs_182,"3,5-diamino-4,4'-bipyrazole",Bipyrazole,Co,Co(OAc)2·4H2O,DMF,Nessuno,200,144,0.2,0.2,1,Solvothermal,0,10,numeric_decimal_standardized;salt_hydrate_separator_standardized,,0,INCLUDED,,,MOF_GROUPED_LIGAND_SPLIT_v6.0_seed260730,DEVELOPMENT,Legante,260730
MOFs_183,"3,5-diamino-4,4'-bipyrazole",Bipyrazole,Co,Co(OAc)2·4H2O,DMF/H2O,Nessuno,160,72,0.2,0.2,1,Solvothermal,0,8,numeric_decimal_standardized;salt_hydrate_separator_standardized,,0,INCLUDED,,,MOF_GROUPED_LIGAND_SPLIT_v6.0_seed260730,DEVELOPMENT,Legante,260730
MOFs_184,"3,5-diamino-4,4'-bipyrazole",Bipyrazole,Co,Co(OAc)2·4H2O,DMF,Nessuno,160,72,0.2,0.2,1,Solvothermal,0,200,numeric_decimal_standardized;salt_hydrate_separator_standardized,,0,INCLUDED,,,MOF_GROUPED_LIGAND_SPLIT_v6.0_seed260730,DEVELOPMENT,Legante,260730
MOFs_185,"3,5-diamino-4,4'-bipyrazole",Bipyrazole,Co,Co(NO3)2·6H2O,DMF/H2O,Nessuno,160,72,0.2,0.2,1,Solvothermal,0,8,numeric_decimal_standardized;salt_hydrate_separator_standardized,,0,INCLUDED,,,MOF_GROUPED_LIGAND_SPLIT_v6.0_seed260730,DEVELOPMENT,Legante,260730
MOFs_186,"3,5-diamino-4,4'-bipyrazole",Bipyrazole,Co,Co(NO3)2·6H2O,DMF/H2O,Nessuno,160,120,0.06091321,0.03435954,1.77281809,Solvothermal,0,8,numeric_decimal_standardized;salt_hydrate_separator_standardized;exact_duplicate_candidate,DUP_020,0,INCLUDED,,duplicate_representative_retained,MOF_GROUPED_LIGAND_SPLIT_v6.0_seed260730,DEVELOPMENT,Legante,260730
MOFs_187,"3,5-diamino-4,4'-bipyrazole",Bipyrazole,Co,Co(NO3)2·6H2O,DMF/H2O,Nessuno,160,72,1.2,0.6,2,Solvothermal,0,50,numeric_decimal_standardized;salt_hydrate_separator_standardized,,0,INCLUDED,,,MOF_GROUPED_LIGAND_SPLIT_v6.0_seed260730,DEVELOPMENT,Legante,260730
MOFs_188,"3,5-diamino-4,4'-bipyrazole",Bipyrazole,Co,Co(NO3)2·6H2O,DMF/H2O,Nessuno,160,72,1.5,1.5,1,Solvothermal,2,65,numeric_decimal_standardized;salt_hydrate_separator_standardized,,0,INCLUDED,,,MOF_GROUPED_LIGAND_SPLIT_v6.0_seed260730,DEVELOPMENT,Legante,260730
MOFs_189,"3,5-diamino-4,4'-bipyrazole",Bipyrazole,Co,Co(NO3)2·6H2O,DMF/H2O,Nessuno,160,24,0.1,0.05,2,Solvothermal,0,5,numeric_decimal_standardized;salt_hydrate_separator_standardized,,0,INCLUDED,,,MOF_GROUPED_LIGAND_SPLIT_v6.0_seed260730,DEVELOPMENT,Legante,260730
MOFs_190,"3,5-diamino-4,4'-bipyrazole",Bipyrazole,Co,Co(NO3)2·6H2O,DMF/EtOH,Nessuno,160,24,0.1,0.05,2,Solvothermal,2,5,numeric_decimal_standardized;salt_hydrate_separator_standardized,,0,INCLUDED,,,MOF_GROUPED_LIGAND_SPLIT_v6.0_seed260730,DEVELOPMENT,Legante,260730
MOFs_191,"3,5-diamino-4,4'-bipyrazole",Bipyrazole,Co,Co(NO3)2·6H2O,DMF/H2O,Nessuno,160,24,0.1,0.05,2,Solvothermal,2,2,numeric_decimal_standardized;salt_hydrate_separator_standardized,,0,INCLUDED,,,MOF_GROUPED_LIGAND_SPLIT_v6.0_seed260730,DEVELOPMENT,Legante,260730
MOFs_192,"3,5-diamino-4,4'-bipyrazole",Bipyrazole,Co,Co(NO3)2·6H2O,DMF/EtOH,Nessuno,160,16,0.2,0.1,2,Solvothermal,2,10,numeric_decimal_standardized;salt_hydrate_separator_standardized,,0,INCLUDED,,,MOF_GROUPED_LIGAND_SPLIT_v6.0_seed260730,DEVELOPMENT,Legante,260730
MOFs_193,"3,5-diamino-4,4'-bipyrazole",Bipyrazole,Co,Co(NO3)2·6H2O,DMF/MeOH,Nessuno,160,24,0.1,0.05,2,Solvothermal,2,5,numeric_decimal_standardized;salt_hydrate_separator_standardized,,0,INCLUDED,,,MOF_GROUPED_LIGAND_SPLIT_v6.0_seed260730,DEVELOPMENT,Legante,260730
MOFs_194,"3,5-diamino-4,4'-bipyrazole",Bipyrazole,Co,Co(NO3)2·6H2O,MeOH,Nessuno,120,72,0.1,0.1,1,Solvothermal,0,10,numeric_decimal_standardized;salt_hydrate_separator_standardized,,0,INCLUDED,,,MOF_GROUPED_LIGAND_SPLIT_v6.0_seed260730,DEVELOPMENT,Legante,260730
MOFs_195,"3,5-diamino-4,4'-bipyrazole",Bipyrazole,Co,Co(NO3)2·6H2O,DMF/H2O,Nessuno,150,72,0.05,0.05,1,Solvothermal,2,7,numeric_decimal_standardized;salt_hydrate_separator_standardized,,0,INCLUDED,,,MOF_GROUPED_LIGAND_SPLIT_v6.0_seed260730,DEVELOPMENT,Legante,260730
MOFs_196,"3,5-diamino-4,4'-bipyrazole",Bipyrazole,Co,Co(OAc)2·4H2O,DMF,Nessuno,110,48,0.2,0.2,1,Solvothermal,0,8,numeric_decimal_standardized;salt_hydrate_separator_standardized,,0,INCLUDED,,,MOF_GROUPED_LIGAND_SPLIT_v6.0_seed260730,DEVELOPMENT,Legante,260730
MOFs_197,"3,5-diamino-4,4'-bipyrazole",Bipyrazole,Co,Co(OAc)2·4H2O,DMF/H2O,Nessuno,120,24,0.2,0.2,1,Solvothermal,0,6.7,numeric_decimal_standardized;salt_hydrate_separator_standardized,,0,INCLUDED,,,MOF_GROUPED_LIGAND_SPLIT_v6.0_seed260730,DEVELOPMENT,Legante,260730
MOFs_203,"3,5-diamino-4,4'-bipyrazole",Bipyrazole,Co,Co(NO3)2·6H2O,DMF/H2O,Nessuno,160,95,0.06091321,0.03435954,1.77281809,Solvothermal,0,5,numeric_decimal_standardized;salt_hydrate_separator_standardized,,0,INCLUDED,,,MOF_GROUPED_LIGAND_SPLIT_v6.0_seed260730,DEVELOPMENT,Legante,260730
MOFs_204,"3,5-diamino-4,4'-bipyrazole",Bipyrazole,Co,Co(NO3)2·6H2O,DMF/H2O,Nessuno,160,24,0.1218,0.0687,1.77292576,Solvothermal,0,16,numeric_decimal_standardized;salt_hydrate_separator_standardized,,0,INCLUDED,,,MOF_GROUPED_LIGAND_SPLIT_v6.0_seed260730,DEVELOPMENT,Legante,260730
MOFs_205,"3,5-diamino-4,4'-bipyrazole",Bipyrazole,Co,Co(NO3)2·6H2O,DMF/H2O,Nessuno,160,24,1.2,1.2,1,Solvothermal,0,50,numeric_decimal_standardized;salt_hydrate_separator_standardized;exact_duplicate_candidate,DUP_021,0,INCLUDED,,duplicate_representative_retained,MOF_GROUPED_LIGAND_SPLIT_v6.0_seed260730,DEVELOPMENT,Legante,260730
MOFs_206,"3,5-diamino-4,4'-bipyrazole",Bipyrazole,Co,Co(NO3)2·6H2O,DMF/H2O,Nessuno,160,24,1.3,1.3,1,Solvothermal,2,62.5,numeric_decimal_standardized;salt_hydrate_separator_standardized,,0,INCLUDED,,,MOF_GROUPED_LIGAND_SPLIT_v6.0_seed260730,DEVELOPMENT,Legante,260730
MOFs_207,"3,5-diamino-4,4'-bipyrazole",Bipyrazole,Co,Co(NO3)2·6H2O,DMF/H2O,Nessuno,160,72,0.2,0.2,1,Solvothermal,2,10,numeric_decimal_standardized;salt_hydrate_separator_standardized,,0,INCLUDED,,,MOF_GROUPED_LIGAND_SPLIT_v6.0_seed260730,DEVELOPMENT,Legante,260730
MOFs_209,"3,5-diamino-4,4'-bipyrazole",Bipyrazole,Co,Co(NO3)2·6H2O,DMF/H2O,Nessuno,160,24,0.2,0.2,1,Solvothermal,0,8,numeric_decimal_standardized;salt_hydrate_separator_standardized,,0,INCLUDED,,,MOF_GROUPED_LIGAND_SPLIT_v6.0_seed260730,DEVELOPMENT,Legante,260730
MOFs_211,"3,5-diamino-4,4'-bipyrazole",Bipyrazole,Co,Co(NO3)2·6H2O,DMF/MeCN/ButOH,Nessuno,160,48,0.06091321,0.03435954,1.77281809,Solvothermal,0,3,numeric_decimal_standardized;salt_hydrate_separator_standardized;solvent_canonicalized,,0,INCLUDED,,,MOF_GROUPED_LIGAND_SPLIT_v6.0_seed260730,DEVELOPMENT,Legante,260730
MOFs_212,"3,5-diamino-4,4'-bipyrazole",Bipyrazole,Co,Co(NO3)2·6H2O,DMF/H2O,Nessuno,160,100,0.1827,0.1029,1.7755102,Solvothermal,0,24,numeric_decimal_standardized;salt_hydrate_separator_standardized,,0,INCLUDED,,,MOF_GROUPED_LIGAND_SPLIT_v6.0_seed260730,DEVELOPMENT,Legante,260730
MOFs_214,"3,5-diamino-4,4'-bipyrazole",Bipyrazole,Co,Co(NO3)2·6H2O,DMF/H2O,Nessuno,160,24,1.2,0.6,2,Solvothermal,0,50,numeric_decimal_standardized;salt_hydrate_separator_standardized,,0,INCLUDED,,,MOF_GROUPED_LIGAND_SPLIT_v6.0_seed260730,DEVELOPMENT,Legante,260730
MOFs_217,"3,5-diamino-4,4'-bipyrazole",Bipyrazole,Cu,Cu(OAc)2·H2O,DMF,Nessuno,120,24,0.2,0.2,1,Solvothermal,0,8,numeric_decimal_standardized;salt_hydrate_separator_standardized,,0,INCLUDED,,,MOF_GROUPED_LIGAND_SPLIT_v6.0_seed260730,DEVELOPMENT,Legante,260730
MOFs_218,"3,5-diamino-4,4'-bipyrazole",Bipyrazole,Cu,Cu(OAc)2·H2O,ButOH,Nessuno,130,48,0.2,0.2,1,Solvothermal,0,8,numeric_decimal_standardized;salt_hydrate_separator_standardized,,0,INCLUDED,,,MOF_GROUPED_LIGAND_SPLIT_v6.0_seed260730,DEVELOPMENT,Legante,260730
MOFs_219,"3,5-diamino-4,4'-bipyrazole",Bipyrazole,Cu,Cu(OAc)2·H2O,ButOH,Nessuno,110,72,0.2,0.2,1,Solvothermal,0,8,numeric_decimal_standardized;salt_hydrate_separator_standardized,,0,INCLUDED,,,MOF_GROUPED_LIGAND_SPLIT_v6.0_seed260730,DEVELOPMENT,Legante,260730
MOFs_220,"3,5-diamino-4,4'-bipyrazole",Bipyrazole,Cu,Cu(OAc)2·H2O,DMF,Nessuno,120,3,0.5,0.5,1,Solvothermal,0,7.5,numeric_decimal_standardized;salt_hydrate_separator_standardized,,0,INCLUDED,,,MOF_GROUPED_LIGAND_SPLIT_v6.0_seed260730,DEVELOPMENT,Legante,260730
MOFs_221,"3,5-diamino-4,4'-bipyrazole",Bipyrazole,Cu,Cu(OAc)2·H2O,DMF,Nessuno,25,24,0.2,0.2,1,Solvothermal,0,8,numeric_decimal_standardized;salt_hydrate_separator_standardized;temperature_room_to_25,,0,INCLUDED,,,MOF_GROUPED_LIGAND_SPLIT_v6.0_seed260730,DEVELOPMENT,Legante,260730
MOFs_222,"3,5-diamino-4,4'-bipyrazole",Bipyrazole,Cu,Cu(OAc)2·H2O,EtOH,Nessuno,70,72,0.2,0.2,1,Solvothermal,0,10,numeric_decimal_standardized;salt_hydrate_separator_standardized,,0,INCLUDED,,,MOF_GROUPED_LIGAND_SPLIT_v6.0_seed260730,DEVELOPMENT,Legante,260730
MOFs_223,"3,5-diamino-4,4'-bipyrazole",Bipyrazole,Cu,Cu(OAc)2·H2O,DMF,Nessuno,80,3,0.5,0.5,1,Solvothermal,0,7.5,numeric_decimal_standardized;salt_hydrate_separator_standardized,,0,INCLUDED,,,MOF_GROUPED_LIGAND_SPLIT_v6.0_seed260730,DEVELOPMENT,Legante,260730
MOFs_224,"3,5-diamino-4,4'-bipyrazole",Bipyrazole,Cu,Cu(OAc)2·H2O,NH3 30%,Nessuno,110,24,0.2,0.5,0.4,Solvothermal,0,2,numeric_decimal_standardized;salt_hydrate_separator_standardized,,0,INCLUDED,,,MOF_GROUPED_LIGAND_SPLIT_v6.0_seed260730,DEVELOPMENT,Legante,260730
MOFs_225,"3,5-diamino-4,4'-bipyrazole",Bipyrazole,Cu,Cu(NO3)2·3H2O,,Nessuno,110,24,0.2,0.2,1,Solvothermal,0,10,numeric_decimal_standardized;salt_hydrate_separator_standardized,,0,INCLUDED,,,MOF_GROUPED_LIGAND_SPLIT_v6.0_seed260730,DEVELOPMENT,Legante,260730
MOFs_226,"3,5-diamino-4,4'-bipyrazole",Bipyrazole,Cu,Cu(OAc)2·H2O,DMF,Nessuno,110,48,0.2,0.2,1,Solvothermal,0,8,numeric_decimal_standardized;salt_hydrate_separator_standardized,,0,INCLUDED,,,MOF_GROUPED_LIGAND_SPLIT_v6.0_seed260730,DEVELOPMENT,Legante,260730
MOFs_227,"3,5-diamino-4,4'-bipyrazole",Bipyrazole,Cu,Cu(OAc)2·H2O,DMF/H2O,Nessuno,120,24,0.2,0.2,1,Solvothermal,0,6.7,numeric_decimal_standardized;salt_hydrate_separator_standardized,,0,INCLUDED,,,MOF_GROUPED_LIGAND_SPLIT_v6.0_seed260730,DEVELOPMENT,Legante,260730
MOFs_228,"3,5-diamino-4,4'-bipyrazole",Bipyrazole,Cu,Cu(NO3)2·3H2O,DMF/H2O,Nessuno,160,24,0.1218,0.0687,1.77292576,Solvothermal,0,16,numeric_decimal_standardized;salt_hydrate_separator_standardized,,0,INCLUDED,,,MOF_GROUPED_LIGAND_SPLIT_v6.0_seed260730,DEVELOPMENT,Legante,260730
MOFs_229,"3,5-diamino-4,4'-bipyrazole",Bipyrazole,Cu,Cu(OAc)2·H2O,DMF/H2O,Nessuno,160,24,0.1218,0.0687,1.77292576,Solvothermal,0,16,numeric_decimal_standardized;salt_hydrate_separator_standardized,,0,INCLUDED,,,MOF_GROUPED_LIGAND_SPLIT_v6.0_seed260730,DEVELOPMENT,Legante,260730
MOFs_230,"3,5-diamino-4,4'-bipyrazole",Bipyrazole,Cu,Cu(NO3)2·3H2O,DMF/H2O,Nessuno,160,24,0.24,0.13,1.84615385,Solvothermal,0,16,numeric_decimal_standardized;salt_hydrate_separator_standardized,,0,INCLUDED,,,MOF_GROUPED_LIGAND_SPLIT_v6.0_seed260730,DEVELOPMENT,Legante,260730
MOFs_231,"3,5-diamino-4,4'-bipyrazole",Bipyrazole,Cu,Cu(OAc)2·H2O,DMF/H2O,Nessuno,100,72,0.24,0.24,1,Solvothermal,0,14,numeric_decimal_standardized;salt_hydrate_separator_standardized,,0,INCLUDED,,,MOF_GROUPED_LIGAND_SPLIT_v6.0_seed260730,DEVELOPMENT,Legante,260730
MOFs_232,"3,5-diamino-4,4'-bipyrazole",Bipyrazole,Cu,Cu(NO3)2·3H2O,DMF/H2O,Nessuno,100,72,0.24,0.24,1,Solvothermal,0,14,numeric_decimal_standardized;salt_hydrate_separator_standardized,,0,INCLUDED,,,MOF_GROUPED_LIGAND_SPLIT_v6.0_seed260730,DEVELOPMENT,Legante,260730
MOFs_233,"3,5-diamino-4,4'-bipyrazole",Bipyrazole,Fe,Fe(NO3)3·9H2O,DMF,Nessuno,120,24,0.2,0.1,2,Solvothermal,0,10,numeric_decimal_standardized;salt_hydrate_separator_standardized,,0,INCLUDED,,,MOF_GROUPED_LIGAND_SPLIT_v6.0_seed260730,DEVELOPMENT,Legante,260730
MOFs_234,"3,5-diamino-4,4'-bipyrazole",Bipyrazole,Fe,FeCl3,DMF,Nessuno,120,24,0.2,0.1,2,Solvothermal,0,10,numeric_decimal_standardized,,0,INCLUDED,,,MOF_GROUPED_LIGAND_SPLIT_v6.0_seed260730,DEVELOPMENT,Legante,260730
MOFs_235,"3,5-diamino-4,4'-bipyrazole",Bipyrazole,Mn,MnCl2·4H2O,,Nessuno,100,24,0.2,0.2,1,Solvothermal,0,5,numeric_decimal_standardized;salt_hydrate_separator_standardized,,0,INCLUDED,,,MOF_GROUPED_LIGAND_SPLIT_v6.0_seed260730,DEVELOPMENT,Legante,260730
MOFs_236,"3,5-diamino-4,4'-bipyrazole",Bipyrazole,Ni,Ni(OAc)2·4H2O,ButOH,Nessuno,130,48,0.2,0.2,1,Solvothermal,0,8,numeric_decimal_standardized;salt_hydrate_separator_standardized,,0,INCLUDED,,,MOF_GROUPED_LIGAND_SPLIT_v6.0_seed260730,DEVELOPMENT,Legante,260730
MOFs_237,"3,5-diamino-4,4'-bipyrazole",Bipyrazole,Ni,Ni(OAc)2·4H2O,ButOH,Nessuno,110,72,0.2,0.2,1,Solvothermal,0,8,numeric_decimal_standardized;salt_hydrate_separator_standardized,,0,INCLUDED,,,MOF_GROUPED_LIGAND_SPLIT_v6.0_seed260730,DEVELOPMENT,Legante,260730
MOFs_238,"3,5-diamino-4,4'-bipyrazole",Bipyrazole,Ni,Ni(OAc)2·4H2O,DMF,Nessuno,120,3,0.5,0.5,1,Solvothermal,0,7.5,numeric_decimal_standardized;salt_hydrate_separator_standardized,,0,INCLUDED,,,MOF_GROUPED_LIGAND_SPLIT_v6.0_seed260730,DEVELOPMENT,Legante,260730
MOFs_239,"3,5-diamino-4,4'-bipyrazole",Bipyrazole,Ni,Ni(OAc)2·4H2O,DMF,Nessuno,120,24,0.2,0.2,1,Solvothermal,0,8,numeric_decimal_standardized;salt_hydrate_separator_standardized,,0,INCLUDED,,,MOF_GROUPED_LIGAND_SPLIT_v6.0_seed260730,DEVELOPMENT,Legante,260730
MOFs_240,"3,5-diamino-4,4'-bipyrazole",Bipyrazole,Ni,Ni(OAc)2·4H2O,DMF,Nessuno,25,24,0.2,0.2,1,Solvothermal,0,8,numeric_decimal_standardized;salt_hydrate_separator_standardized;temperature_room_to_25,,0,INCLUDED,,,MOF_GROUPED_LIGAND_SPLIT_v6.0_seed260730,DEVELOPMENT,Legante,260730
MOFs_241,"3,5-diamino-4,4'-bipyrazole",Bipyrazole,Ni,Ni(OAc)2·4H2O,EtOH,Nessuno,70,72,0.2,0.2,1,Solvothermal,0,10,numeric_decimal_standardized;salt_hydrate_separator_standardized,,0,INCLUDED,,,MOF_GROUPED_LIGAND_SPLIT_v6.0_seed260730,DEVELOPMENT,Legante,260730
MOFs_242,"3,5-diamino-4,4'-bipyrazole",Bipyrazole,Ni,Ni(NO3)2·6H2O,Mesitilene,Nessuno,25,24,0.2,0.2,1,Solvothermal,0,2,numeric_decimal_standardized;salt_hydrate_separator_standardized;temperature_room_to_25,,0,INCLUDED,,,MOF_GROUPED_LIGAND_SPLIT_v6.0_seed260730,DEVELOPMENT,Legante,260730
MOFs_243,"3,5-diamino-4,4'-bipyrazole",Bipyrazole,Ni,Ni(NO3)2·6H2O,DMF,Nessuno,160,24,0.2,0.2,1,Solvothermal,0,10,numeric_decimal_standardized;salt_hydrate_separator_standardized,,0,INCLUDED,,,MOF_GROUPED_LIGAND_SPLIT_v6.0_seed260730,DEVELOPMENT,Legante,260730
MOFs_244,"3,5-diamino-4,4'-bipyrazole",Bipyrazole,Ni,Ni(NO3)2·6H2O,DMF,Nessuno,120,24,0.2,0.2,1,Solvothermal,0,10,numeric_decimal_standardized;salt_hydrate_separator_standardized,,0,INCLUDED,,,MOF_GROUPED_LIGAND_SPLIT_v6.0_seed260730,DEVELOPMENT,Legante,260730
MOFs_245,"3,5-diamino-4,4'-bipyrazole",Bipyrazole,Ni,Ni(NO3)2·6H2O,DMF,Nessuno,65,96,0.2,0.2,1,Solvothermal,0,10,numeric_decimal_standardized;salt_hydrate_separator_standardized,,0,INCLUDED,,,MOF_GROUPED_LIGAND_SPLIT_v6.0_seed260730,DEVELOPMENT,Legante,260730
MOFs_246,"3,5-diamino-4,4'-bipyrazole",Bipyrazole,Ni,Ni(OAc)2·4H2O,DMF,Nessuno,110,48,0.2,0.2,1,Solvothermal,0,8,numeric_decimal_standardized;salt_hydrate_separator_standardized,,0,INCLUDED,,,MOF_GROUPED_LIGAND_SPLIT_v6.0_seed260730,DEVELOPMENT,Legante,260730
MOFs_247,"3,5-diamino-4,4'-bipyrazole",Bipyrazole,Ni,Ni(OAc)2·4H2O,DMF/H2O,Nessuno,120,24,0.2,0.2,1,Solvothermal,0,6.7,numeric_decimal_standardized;salt_hydrate_separator_standardized,,0,INCLUDED,,,MOF_GROUPED_LIGAND_SPLIT_v6.0_seed260730,DEVELOPMENT,Legante,260730
MOFs_248,"3,5-diamino-4,4'-bipyrazole",Bipyrazole,Ni,Ni(NO3)2·6H2O,DMF/H2O,Nessuno,160,24,0.24,0.13,1.84615385,Solvothermal,0,16,numeric_decimal_standardized;salt_hydrate_separator_standardized,,0,INCLUDED,,,MOF_GROUPED_LIGAND_SPLIT_v6.0_seed260730,DEVELOPMENT,Legante,260730
MOFs_249,"3,5-diamino-4,4'-bipyrazole",Bipyrazole,Ni,Ni(OAc)2·4H2O,DMF,Nessuno,140,24,0.2,0.2,1,Solvothermal,0,10,numeric_decimal_standardized;salt_hydrate_separator_standardized,,0,INCLUDED,,,MOF_GROUPED_LIGAND_SPLIT_v6.0_seed260730,DEVELOPMENT,Legante,260730
MOFs_250,"3,5-diamino-4,4'-bipyrazole",Bipyrazole,Ni,Ni(OAc)2·4H2O,DMF,Nessuno,25,72,0.2,0.2,1,Solvothermal,0,10,numeric_decimal_standardized;salt_hydrate_separator_standardized;temperature_room_to_25,,0,INCLUDED,,,MOF_GROUPED_LIGAND_SPLIT_v6.0_seed260730,DEVELOPMENT,Legante,260730
MOFs_251,"3,5-diamino-4,4'-bipyrazole",Bipyrazole,Ni,Ni(NO3)2·6H2O,DMF,Nessuno,85,72,0.2,0.2,1,Solvothermal,0,10,numeric_decimal_standardized;salt_hydrate_separator_standardized,,0,INCLUDED,,,MOF_GROUPED_LIGAND_SPLIT_v6.0_seed260730,DEVELOPMENT,Legante,260730
MOFs_252,"3,5-diamino-4,4'-bipyrazole",Bipyrazole,Zn,Zn(NO3)2·6H2O,DMF/H2O,Nessuno,160,24,0.24,0.13,1.84615385,Solvothermal,0,16,numeric_decimal_standardized;salt_hydrate_separator_standardized,,0,INCLUDED,,,MOF_GROUPED_LIGAND_SPLIT_v6.0_seed260730,DEVELOPMENT,Legante,260730
MOFs_253,"3,5-diamino-4,4'-bipyrazole",Bipyrazole,Zn,Zn(OAc)2·2H2O,DMF/H2O,Nessuno,160,72,0.2,0.2,1,Solvothermal,2,13,numeric_decimal_standardized;salt_hydrate_separator_standardized,,0,INCLUDED,,,MOF_GROUPED_LIGAND_SPLIT_v6.0_seed260730,DEVELOPMENT,Legante,260730
MOFs_254,"3,5-diamino-4,4'-bipyrazole",Bipyrazole,Zn,Zn(NO3)2·6H2O,DMF/H2O,Nessuno,160,72,0.2,0.2,1,Solvothermal,2,13,numeric_decimal_standardized;salt_hydrate_separator_standardized,,0,INCLUDED,,,MOF_GROUPED_LIGAND_SPLIT_v6.0_seed260730,DEVELOPMENT,Legante,260730
MOFs_255,"3,5-DiMePz-4-COOH",Pyrazole carbossilati,Cu,Cu(OAc)2·H2O,H2O,Nessuno,25,48,0.2,0.1,2,Solvothermal,2,20,numeric_decimal_standardized;salt_hydrate_separator_standardized;temperature_room_to_25,,0,INCLUDED,,,MOF_GROUPED_LIGAND_SPLIT_v6.0_seed260730,DEVELOPMENT,Legante,260730
MOFs_256,"3,5-DiMePz-4-COOH",Pyrazole carbossilati,Cu,Cu(OAc)2·H2O,H2O,Nessuno,25,72,1,0.5,2,Solvothermal,2,100,numeric_decimal_standardized;salt_hydrate_separator_standardized;temperature_room_to_25,,0,INCLUDED,,,MOF_GROUPED_LIGAND_SPLIT_v6.0_seed260730,DEVELOPMENT,Legante,260730
MOFs_257,"3,5-DiMePz-4-COOH",Pyrazole carbossilati,Cu,Cu(OAc)2·H2O,EtOH,Nessuno,25,48,0.2,0.1,2,Solvothermal,1,20,numeric_decimal_standardized;salt_hydrate_separator_standardized;temperature_room_to_25,,0,INCLUDED,,,MOF_GROUPED_LIGAND_SPLIT_v6.0_seed260730,DEVELOPMENT,Legante,260730
MOFs_258,"3,5-DiMePz-4-COOH",Pyrazole carbossilati,Zn,Zn(OAc)2·2H2O,H2O,Nessuno,25,48,0.2,0.1,2,Solvothermal,0,20,numeric_decimal_standardized;salt_hydrate_separator_standardized;temperature_room_to_25,,0,INCLUDED,,,MOF_GROUPED_LIGAND_SPLIT_v6.0_seed260730,DEVELOPMENT,Legante,260730
MOFs_259,"3,5-DiMePz-4-COOH",Pyrazole carbossilati,Zn,Zn(OAc)2·2H2O,EtOH,Nessuno,25,48,0.2,0.1,2,Solvothermal,2,20,numeric_decimal_standardized;salt_hydrate_separator_standardized;temperature_room_to_25,,0,INCLUDED,,,MOF_GROUPED_LIGAND_SPLIT_v6.0_seed260730,DEVELOPMENT,Legante,260730
MOFs_260,"3,5-DiMePz-4-COOH",Pyrazole carbossilati,Zn,Zn(OAc)2·2H2O,EtOH,Nessuno,25,72,1,0.5,2,Solvothermal,2,100,numeric_decimal_standardized;salt_hydrate_separator_standardized;temperature_room_to_25,,0,INCLUDED,,,MOF_GROUPED_LIGAND_SPLIT_v6.0_seed260730,DEVELOPMENT,Legante,260730
MOFs_261,"3,5-DiMePz-4-COOH",Pyrazole carbossilati,Zr,ZrCl4,MeOH,Nessuno,110,72,0.15,0.15,1,Solvothermal,0,10,numeric_decimal_standardized,,0,INCLUDED,,,MOF_GROUPED_LIGAND_SPLIT_v6.0_seed260730,DEVELOPMENT,Legante,260730
MOFs_262,"3,5-DiMePz-4-COOH",Pyrazole carbossilati,Zr,ZrCl4,MeOH,Nessuno,110,94,0.3,0.3,1,Solvothermal,0,20,numeric_decimal_standardized,,0,INCLUDED,,,MOF_GROUPED_LIGAND_SPLIT_v6.0_seed260730,DEVELOPMENT,Legante,260730
MOFs_265,"3,5-DiMePz-4-COOH",Pyrazole carbossilati,Zr,ZrCl4,MeOH,Nessuno,110,48,0.15,0.15,1,Solvothermal,0,10,numeric_decimal_standardized,,0,INCLUDED,,,MOF_GROUPED_LIGAND_SPLIT_v6.0_seed260730,DEVELOPMENT,Legante,260730
MOFs_267,"3,5-DiMePz-4-COOH",Pyrazole carbossilati,Zr,Zr(OCH3)4,MeOH,Nessuno,120,2,0.2,0.1,2,Solvothermal,0,0.5,numeric_decimal_standardized;time_hours_standardized,,0,INCLUDED,,,MOF_GROUPED_LIGAND_SPLIT_v6.0_seed260730,DEVELOPMENT,Legante,260730
MOFs_268,"3,5-DiMePz-4-COOH",Pyrazole carbossilati,Zr,ZrCl4,H2O,Nessuno,25,72,1,0.5,2,Solvothermal,2,100,numeric_decimal_standardized;temperature_room_to_25,,0,INCLUDED,,,MOF_GROUPED_LIGAND_SPLIT_v6.0_seed260730,DEVELOPMENT,Legante,260730
MOFs_269,"4-Amino-4H-1,2,4-triazole",Triazole,Cu,Cu(OAc)2·H2O,EtOH,Nessuno,25,24,1,2,0.5,Solvothermal,0,20,numeric_decimal_standardized;salt_hydrate_separator_standardized;temperature_room_to_25,,0,INCLUDED,,,MOF_GROUPED_LIGAND_SPLIT_v6.0_seed260730,DEVELOPMENT,Legante,260730
MOFs_270,"4-Amino-4H-1,2,4-triazole",Triazole,Cu,Cu(OAc)2·H2O,DMF,Nessuno,130,48,0.5,0.5,1,Solvothermal,0,35,numeric_decimal_standardized;salt_hydrate_separator_standardized,,0,INCLUDED,,,MOF_GROUPED_LIGAND_SPLIT_v6.0_seed260730,DEVELOPMENT,Legante,260730
MOFs_271,"4-Amino-4H-1,2,4-triazole",Triazole,Cu,Cu(OAc)2·H2O,DMF,Nessuno,25,48,0.5,1,0.5,Solvothermal,0,20,numeric_decimal_standardized;salt_hydrate_separator_standardized;temperature_room_to_25,,0,INCLUDED,,,MOF_GROUPED_LIGAND_SPLIT_v6.0_seed260730,DEVELOPMENT,Legante,260730
MOFs_272,"4-Amino-4H-1,2,4-triazole",Triazole,Cu,Cu(OAc)2·H2O,EtOH,Nessuno,70,72,1,2,0.5,Solvothermal,0,18,numeric_decimal_standardized;salt_hydrate_separator_standardized,,0,INCLUDED,,,MOF_GROUPED_LIGAND_SPLIT_v6.0_seed260730,DEVELOPMENT,Legante,260730
MOFs_273,"4-Amino-4H-1,2,4-triazole",Triazole,Zn,Zn(OAc)2·2H2O,EtOH,Nessuno,25,24,1,1,1,Solvothermal,0,20,numeric_decimal_standardized;salt_hydrate_separator_standardized;temperature_room_to_25,,0,INCLUDED,,,MOF_GROUPED_LIGAND_SPLIT_v6.0_seed260730,DEVELOPMENT,Legante,260730
MOFs_274,"4-Amino-4H-1,2,4-triazole",Triazole,Zn,Zn(NO3)2·6H2O,DMF,BTC,160,75,0.5,0.5,1,Solvothermal,0,0.48,numeric_decimal_standardized;salt_hydrate_separator_standardized,,0,INCLUDED,,,MOF_GROUPED_LIGAND_SPLIT_v6.0_seed260730,DEVELOPMENT,Legante,260730
MOFs_275,"4-Amino-4H-1,2,4-triazole",Triazole,Zn,Zn(NO3)2·6H2O,DMF,Nessuno,160,75,0.5,0.5,1,Solvothermal,0,35,numeric_decimal_standardized;salt_hydrate_separator_standardized,,0,INCLUDED,,,MOF_GROUPED_LIGAND_SPLIT_v6.0_seed260730,DEVELOPMENT,Legante,260730
MOFs_276,"4-Amino-4H-1,2,4-triazole",Triazole,Zn,Zn(NO3)2·6H2O,DMF,Nessuno,25,48,0.5,0.5,1,Solvothermal,0,50,numeric_decimal_standardized;salt_hydrate_separator_standardized;temperature_room_to_25,,0,INCLUDED,,,MOF_GROUPED_LIGAND_SPLIT_v6.0_seed260730,DEVELOPMENT,Legante,260730
MOFs_277,"4-Amino-4H-1,2,4-triazole",Triazole,Zn,Zn(OAc)2·2H2O,EtOH,Nessuno,70,72,1,2,0.5,Solvothermal,0,18,numeric_decimal_standardized;salt_hydrate_separator_standardized,,0,INCLUDED,,,MOF_GROUPED_LIGAND_SPLIT_v6.0_seed260730,DEVELOPMENT,Legante,260730
MOFs_278,5-MePz-4-COOH,Pyrazole carbossilati,Zn,Zn(NO3)2·6H2O,DMF,Nessuno,120,24,0.2,0.2,1,Solvothermal,2,10,numeric_decimal_standardized;salt_hydrate_separator_standardized,,0,INCLUDED,,,MOF_GROUPED_LIGAND_SPLIT_v6.0_seed260730,DEVELOPMENT,Legante,260730
MOFs_279,5-MePz-4-COOH,Pyrazole carbossilati,Zr,ZrCl4,DMF,Nessuno,120,24,0.2,0.2,1,Solvothermal,0,10,numeric_decimal_standardized,,0,INCLUDED,,,MOF_GROUPED_LIGAND_SPLIT_v6.0_seed260730,DEVELOPMENT,Legante,260730
MOFs_280,5-MePz-4-COOH,Pyrazole carbossilati,Zr,ZrCl4,DMF,Acido benzoico,120,36,0.15,0.15,1,Solvothermal,0,10,additive_canonicalized;numeric_decimal_standardized;time_range_midpoint,,0,INCLUDED,,,MOF_GROUPED_LIGAND_SPLIT_v6.0_seed260730,DEVELOPMENT,Legante,260730
MOFs_295,Et4BPz,Bipyrazole,Ag,AgNO3,MeOH,Nessuno,25,48,0.2,0.2,1,Solvothermal,0,10,numeric_decimal_standardized;temperature_room_to_25,,0,INCLUDED,,,MOF_GROUPED_LIGAND_SPLIT_v6.0_seed260730,DEVELOPMENT,Legante,260730
MOFs_296,Et4BPz,Bipyrazole,Ag,AgPF6,MeOH,Nessuno,25,48,0.2,0.2,1,Solvothermal,0,10,numeric_decimal_standardized;temperature_room_to_25,,0,INCLUDED,,,MOF_GROUPED_LIGAND_SPLIT_v6.0_seed260730,DEVELOPMENT,Legante,260730
MOFs_298,Et4BPz,Bipyrazole,Ni,Ni(NO3)2·6H2O,DMF/H2O,Nessuno,160,72,0.2,0.1,2,Solvothermal,0,10,numeric_decimal_standardized;salt_hydrate_separator_standardized,,0,INCLUDED,,,MOF_GROUPED_LIGAND_SPLIT_v6.0_seed260730,DEVELOPMENT,Legante,260730
MOFs_299,Et4BPz,Bipyrazole,Ni,Ni(OAc)2·4H2O,DMA,Nessuno,150,24,0.2,0.2,1,Solvothermal,0,10,numeric_decimal_standardized;salt_hydrate_separator_standardized,,0,INCLUDED,,,MOF_GROUPED_LIGAND_SPLIT_v6.0_seed260730,DEVELOPMENT,Legante,260730
MOFs_300,Et4BPz,Bipyrazole,Ni,Ni(NO3)2·6H2O,MeOH,Nessuno,140,48,0.2,0.2,1,Solvothermal,0,10,numeric_decimal_standardized;salt_hydrate_separator_standardized,,0,INCLUDED,,,MOF_GROUPED_LIGAND_SPLIT_v6.0_seed260730,DEVELOPMENT,Legante,260730
MOFs_301,Et4BPz,Bipyrazole,Zn,Zn(OAc)2·2H2O,DMF/H2O,Nessuno,140,72,0.2,0.1,2,Solvothermal,0,10,numeric_decimal_standardized;salt_hydrate_separator_standardized,,0,INCLUDED,,,MOF_GROUPED_LIGAND_SPLIT_v6.0_seed260730,DEVELOPMENT,Legante,260730
MOFs_302,H2Me2BDP,Altro,Ag,AgPF6,MeOH,Nessuno,25,48,0.2,0.2,1,Solvothermal,2,10,numeric_decimal_standardized;temperature_room_to_25,,0,INCLUDED,,,MOF_GROUPED_LIGAND_SPLIT_v6.0_seed260730,DEVELOPMENT,Legante,260730
MOFs_307,"PzDC / 1H-3,5-dicarboxylic",Pyrazole carbossilati,Zr,ZrCl4,DMF/MeOH,Nessuno,120,48,0.1,0.1,1,Solvothermal,0,15,numeric_decimal_standardized,,0,INCLUDED,,,MOF_GROUPED_LIGAND_SPLIT_v6.0_seed260730,DEVELOPMENT,Legante,260730
MOFs_308,"PzDC / 1H-3,5-dicarboxylic",Pyrazole carbossilati,Zr,ZrCl4,H2O,Nessuno,120,48,0.1,0.1,1,Solvothermal,0,20,numeric_decimal_standardized,,0,INCLUDED,,,MOF_GROUPED_LIGAND_SPLIT_v6.0_seed260730,DEVELOPMENT,Legante,260730
MOFs_309,"PzDC / 1H-3,5-dicarboxylic",Pyrazole carbossilati,Zr,ZrCl4,DMF/H2O,Nessuno,120,48,0.1,0.1,1,Solvothermal,0,15,numeric_decimal_standardized,,0,INCLUDED,,,MOF_GROUPED_LIGAND_SPLIT_v6.0_seed260730,DEVELOPMENT,Legante,260730
MOFs_310,"PzDC / 1H-3,5-dicarboxylic",Pyrazole carbossilati,Zr,ZrCl4,H2O,Nessuno,25,72,0.1,0.075,1.33333333,Solvothermal,0,20,numeric_decimal_standardized;temperature_room_to_25,,0,INCLUDED,,,MOF_GROUPED_LIGAND_SPLIT_v6.0_seed260730,DEVELOPMENT,Legante,260730
MOFs_312,"3,3'-dinitro-4,4'-bipyrazole",Bipyrazole,Cd,Cd(NO3)2·4H2O,DMF,Trietilammina (TEA),150,72,0.1,0.1,1,Solvothermal,1,10,additive_canonicalized;numeric_decimal_standardized;salt_hydrate_separator_standardized,,0,INCLUDED,,,MOF_GROUPED_LIGAND_SPLIT_v6.0_seed260730,DEVELOPMENT,Legante,260730
MOFs_326,"3-nitro-4,4'-bipyrazole",Bipyrazole,Ni,NiCl2·6H2O,DEF,Nessuno,110,24,0.1,0.02,5,Solvothermal,0,2,numeric_decimal_standardized;salt_hydrate_separator_standardized,,0,INCLUDED,,,MOF_GROUPED_LIGAND_SPLIT_v6.0_seed260730,DEVELOPMENT,Legante,260730
CurcumineMOFs_327,curc-ind,Curcumina,Zn,Zn(OAc)2·2H2O,DMF,Nessuno,80,72,0.1,0.05,2,no precipitato,1,20,numeric_decimal_standardized;salt_hydrate_separator_standardized,,0,INCLUDED,,,MOF_GROUPED_LIGAND_SPLIT_v6.0_seed260730,DEVELOPMENT,Legante,260730
CurcumineMOFs_329,curc-ind,Curcumina,Cu,Cu(OAc)2·H2O,DMF,Nessuno,80,72,0.1,0.05,2,no precipitato,0,20,numeric_decimal_standardized;salt_hydrate_separator_standardized,,0,INCLUDED,,,MOF_GROUPED_LIGAND_SPLIT_v6.0_seed260730,DEVELOPMENT,Legante,260730
CurcumineMOFs_334,curc-ind,Curcumina,Zn,Zn(OAc)2·2H2O,MeOH,Nessuno,80,72,0.1,0.05,2,precipitato nero,0,20,numeric_decimal_standardized;salt_hydrate_separator_standardized,,0,INCLUDED,,,MOF_GROUPED_LIGAND_SPLIT_v6.0_seed260730,DEVELOPMENT,Legante,260730
CurcumineMOFs_335,curc-ind,Curcumina,Zn,Zn(NO3)2·6H2O,DMF,Nessuno,120,72,0.1,0.05,2,nessun precipitato,0,15,numeric_decimal_standardized;salt_hydrate_separator_standardized,,0,INCLUDED,,,MOF_GROUPED_LIGAND_SPLIT_v6.0_seed260730,DEVELOPMENT,Legante,260730
CurcumineMOFs_338,curc(III)_KC,Curcumina,Zn,Zn(NO3)2·6H2O,DMF,Nessuno,80,48,0.1,0.05,2,"dopo 48 ore nessun precipitato, posto nella stufa a 100°C per 72h, ma ancora nessun precipitato, allora trasferito nella stufa a 120°, dopo 48h si è formato poco precipitato, filtrato e lavato con acetone.",1,15,numeric_decimal_standardized;salt_hydrate_separator_standardized,,0,INCLUDED,,,MOF_GROUPED_LIGAND_SPLIT_v6.0_seed260730,DEVELOPMENT,Legante,260730
CurcumineMOFs_339,curc(III)_KC,Curcumina,Zn,Zn(OAc)2·2H2O,DMF,Nessuno,120,16,0.05,0.05,1,dopo 16 ore si è formato già il precipitato nella vial,0,15,numeric_decimal_standardized;salt_hydrate_separator_standardized,,0,INCLUDED,,,MOF_GROUPED_LIGAND_SPLIT_v6.0_seed260730,DEVELOPMENT,Legante,260730
Organometallica_363,TpMe2Tl,Organometallica,Ru,[Ru(p-cymene)Cl2]2,CH2Cl2,Nessuno,25,3,0.1,0.05,2,"Sciolto prima il sale metallico all'interno della vial, una volta solubilizzato ho aggiunto il legante; lasciato in stirring per 3 ore e poi fatto evaporare lentamente il solvente fino a dimezzare il volume. Una volta dimezzato il volume ho aggiunto dietil etere circa 5 ml, ho notato la formazione di una piccola sospensione, quindi l'ho filtrato su filtro con mesh sottili(precipitato bianco-grigio). Le acque madri raccolte ed aspettato di dimezzare nuovamente il volume. Una volta evaporato tutto il solvente, nel residuo ho aggiunto Et2O e poi filtrato. Ora procedo a caratterizzare il precipitato ed aspetto che le acque madri evaporino.",1,20,numeric_decimal_standardized;temperature_room_to_25,,0,INCLUDED,,,MOF_GROUPED_LIGAND_SPLIT_v6.0_seed260730,DEVELOPMENT,Legante,260730
Organometallica_370,Et4BPz,Organometallica - pirazoli,Ru,[Ru(p-cymene)Cl2]2,MeOH,Nessuno,25,4,0.1,0.1,1,"Solubilizzato il dimero del metallo in 10 ml di MeOH, una volta solulbilizzato ho aggiunto il legante e lasciato in stirring per 16 ore.",1,20,numeric_decimal_standardized;temperature_room_to_25,,0,INCLUDED,,,MOF_GROUPED_LIGAND_SPLIT_v6.0_seed260730,DEVELOPMENT,Legante,260730
Organometallica_372,H2BPZNH2,Organometallica - pirazoli,Ru,[Ru(p-cymene)Cl2]2,MeOH,Nessuno,25,4,0.1,0.1,1,"Dopo 4 ore ancora nessuna cristallizzazione, evaporato un po di solvente e poi messo in frido appena raffreddato. Aggiunto eteredietilico, perchè non vi era avvenuta cristallizzazione.",2,20,numeric_decimal_standardized;temperature_room_to_25,,0,INCLUDED,,,MOF_GROUPED_LIGAND_SPLIT_v6.0_seed260730,DEVELOPMENT,Legante,260730
Organometallica_373,"3,5-diamino-4,4'-bipyrazole",Organometallica - pirazoli,Ru,[Ru(p-cymene)Cl2]2,MeOH,Nessuno,25,4,0.16,0.16,1,"Ho pesato il dimero e sciolto in 10 ml di MeOH; una volta sulubilizzato ho aggiunto il legante e lasciato sotto agitazione per 4 ore. Una volta fatto evaporare completamente il solvente ho notato un precipitato rosso bruno, filtrato con dietil etere e mandato un HNMR comr Ru3. Il precipitato rimasto nella vial l'ho lavato con acetone d ulteriormente filtrato, ora mando anche questo all'HNMR come Ru3.lavato con acetone.",1,20,ligand_typography_standardized;numeric_decimal_standardized;temperature_room_to_25,,0,INCLUDED,,,MOF_GROUPED_LIGAND_SPLIT_v6.0_seed260730,DEVELOPMENT,Legante,260730
Organometallica_380,"1,4-Di(1H-pyrazol-4-yl)benzene",Organometallica - pirazoli,Ru,[Ru(p-cymene)Cl2]2,MeOH,Nessuno,25,24,0.2,0.1,2,"To a methanolic (5 mL) solution of pyrazole based ligand , was added a methanolic (5 mL) solution of [RuCl2(η6-p-cymene)]2 , and the reaction mixture was allowed to stir for 4 h at room temperature. Dopo 24 ore ho filtrato l'eccesso di reagenti e lasciato poi dimezzare il volume della soluzione all'aria lentamente. Portato a secco e mandato l'HNMR",1,20,numeric_decimal_standardized;temperature_room_to_25,,0,INCLUDED,,,MOF_GROUPED_LIGAND_SPLIT_v6.0_seed260730,DEVELOPMENT,Legante,260730
Organometallica_381,(NO2)2BPz,Organometallica - pirazoli,Ru,[Ru(p-cymene)Cl2]2,MeOH,Nessuno,25,24,0.1,0.05,2,"filtrato e lavato con metanolo, dopo aver dimezzato il volume della soluzione.Precipitato di colore nero, ma sembra cristallino",0,20,numeric_decimal_standardized;temperature_room_to_25,,0,INCLUDED,,,MOF_GROUPED_LIGAND_SPLIT_v6.0_seed260730,DEVELOPMENT,Legante,260730
Organometallica_382,NO2BPz,Organometallica - pirazoli,Ru,[Ru(p-cymene)Cl2]2,MeOH,Nessuno,25,24,0.1,0.05,2,"filtrato per rimuovere l'eccesso di reagenti noon reagito, lasciato ridurre il volume. Lavato con etere dietilico e filtrato(precipitato verdino).Ir del primo precipitato è pessimo. Le acque madri le ho tenute.",1,20,numeric_decimal_standardized;temperature_room_to_25,,0,INCLUDED,,,MOF_GROUPED_LIGAND_SPLIT_v6.0_seed260730,DEVELOPMENT,Legante,260730
Organometallica_384,"3,3'-diamino-4,4'-bipyrazole",Organometallica - pirazoli,Ru,[Ru(p-cymene)Cl2]2,MeOH,Nessuno,25,24,0.1,0.1,1,Ho pesato il dimero e sciolto in 10 ml di MeOH; una volta sulubilizzato ho aggiunto il legante e lasciato sotto agitazione per 24 ORE.Fatto evaporare all'aria per ridurre il volume,1,20,ligand_typography_standardized;numeric_decimal_standardized;temperature_room_to_25,,0,INCLUDED,,,MOF_GROUPED_LIGAND_SPLIT_v6.0_seed260730,DEVELOPMENT,Legante,260730
Organometallica_385,"1,4-Di(1H-pyrazol-4-yl)benzene BDP",Organometallica - pirazoli,Ir,[Ir(C₅Me₅)Cl₂]₂,MeOH,Nessuno,25,24,0.05,0.1,0.5,"Ho sciolto il sale metallico in 10 ml di MeOH, una volta solubilizzato ho aggiunto il linker e lasciato in stirring.",1,20,numeric_decimal_standardized;temperature_room_to_25,,0,INCLUDED,,,MOF_GROUPED_LIGAND_SPLIT_v6.0_seed260730,DEVELOPMENT,Legante,260730
Organometallica_387,Ru1,Organometallica,Ru,CAgF3SO3,MeCN,Nessuno,25,3,0.06,0.12,0.5,lasciato aperto a temperatura ambiente per cercare di ridurre il volume di solvente e favorire una cristallizzazione,1,20,numeric_decimal_standardized;temperature_room_to_25,,0,INCLUDED,,,MOF_GROUPED_LIGAND_SPLIT_v6.0_seed260730,DEVELOPMENT,Legante,260730
Organometallica_389,"Ru1,2",Organometallica,Ru,CAgF3SO3,CH2Cl2,Nessuno,25,3,0.04,0.08,0.5,"Precipitato bianco formatosi alla fine delle 4 ore, filtrato e lasciato ridurre di volume all'aria.",1,20,numeric_decimal_standardized;temperature_room_to_25,,0,INCLUDED,,,MOF_GROUPED_LIGAND_SPLIT_v6.0_seed260730,DEVELOPMENT,Legante,260730
Organometallica_390,"Ru1,3 802,63",Organometallica,Ru,CAgF3SO3,CH2Cl2,Nessuno,25,5,0.05,0.2,0.25,"Precipitato bianco formatosi alla fine delle 4 ore, filtrato e lasciato ridurre di volume all'aria.",1,20,numeric_decimal_standardized;temperature_room_to_25,,0,INCLUDED,,,MOF_GROUPED_LIGAND_SPLIT_v6.0_seed260730,DEVELOPMENT,Legante,260730
Organometallica_391,"Ru1,3 scambio anionico FW=868,73",Organometallica - scambio anionico,Ru,"4,4'-bipiridina",MeCN,Nessuno,25,5,0.02,0.02,1,"Ho solubilizzato il complesso in 10 ml di MeCN, in un'altra vial ho solubilizzato la bipiridina in altri 10 ml di MeCN, poi ho aggiunto goccia a goccia nella soluzione del complesso.",1,20,numeric_decimal_standardized;temperature_room_to_25,,0,INCLUDED,,,MOF_GROUPED_LIGAND_SPLIT_v6.0_seed260730,DEVELOPMENT,Legante,260730
Organometallica_392,"Ru1,3",Organometallica,Ru,CAgF3SO3,CH2Cl2,Nessuno,25,5,0.05,0.2,0.25,"Precipitato bianco formatosi alla fine delle 4 ore, filtrato e lasciato ridurre di volume all'aria.",1,20,numeric_decimal_standardized;temperature_room_to_25,,0,INCLUDED,,,MOF_GROUPED_LIGAND_SPLIT_v6.0_seed260730,DEVELOPMENT,Legante,260730
Organometallica_393,"Ru1,3 scambio anionico2 FW=868,73",Organometallica - scambio anionico,Ru,BDP,MeCN,Nessuno,25,24,0.02,0.02,1,"Ho solubilizzato il complesso in 52 ml di MeCN, in un'altra vial ho solubilizzato il BDP in altri 5 ml di MeCN, poi ho aggiunto goccia a goccia nella soluzione del complesso. Soluzione torbida, perchè il legante non si è solubilizzato molto bene in MeCN. Dopo 24 ore ho filtrato l'eccesso di reagenti ed ho lasciato ad evaporare il solvente all'aria lentamente.",1,20,numeric_decimal_standardized;temperature_room_to_25,,0,INCLUDED,,,MOF_GROUPED_LIGAND_SPLIT_v6.0_seed260730,DEVELOPMENT,Legante,260730
Organometallica_394,"Ru1,3",Organometallica,Ru,CAgF3SO3,CH2Cl2,Nessuno,25,6,0.05,0.22,0.22727273,"Filtrato il precipitato formatosi, sciacquato con 5 ml di diclorometano e poi lasciato evaporare all'aria le acque madri.",2,20,numeric_decimal_standardized;temperature_room_to_25,,0,INCLUDED,,,MOF_GROUPED_LIGAND_SPLIT_v6.0_seed260730,DEVELOPMENT,Legante,260730
Organometallica_396,"Ru1,3",Organometallica,Ru,CAgF3SO3,CH2Cl2,Nessuno,25,5,0.05,0.2,0.25,"Solubilizzato separatamente i due reagenti, poi aggiungo goccia a goccia la soluzione di CAgF3SO3 in quella del complesso. Precipitato bianco formatosi alla fine delle 4 ore, filtrato e lasciato ridurre di volume all'aria.",1,15,numeric_decimal_standardized;temperature_room_to_25,,0,INCLUDED,,,MOF_GROUPED_LIGAND_SPLIT_v6.0_seed260730,DEVELOPMENT,Legante,260730
Organometallica_398,Et4BPz,Organometallica - pirazoli,Rh,[Rh(C5Me5)Cl2]2,MeOH,Nessuno,25,16,0.1,0.05,2,"Solubilizzato il dimero del metallo in 10 ml di MeOH, una volta solulbilizzato ho aggiunto il legante e lasciato in stirring per 16 ore.",1,20,numeric_decimal_standardized;temperature_room_to_25,,0,INCLUDED,,,MOF_GROUPED_LIGAND_SPLIT_v6.0_seed260730,DEVELOPMENT,Legante,260730
Organometallica_399,H2BPZNH2,Organometallica,Rh,[Rh(C5Me5)Cl2]3,MeOH,Nessuno,70,24,0.1,0.05,2,"Solubilizzato il dimero del metallo in 10 ml di MeOH, una volta solulbilizzato ho aggiunto il legante e lasciato in stirring per 16 ore.",2,20,numeric_decimal_standardized,,0,INCLUDED,,,MOF_GROUPED_LIGAND_SPLIT_v6.0_seed260730,DEVELOPMENT,Legante,260730
Organometallica_400,(NO2)2BPz,Organometallica,Ir,[Ir(C5Me5)Cl2]4,MeOH,Trietilammina (TEA) 2 eq,70,24,0.1,0.05,2,"Solubilizzato il dimero del metallo in 10 ml di MeOH, una volta solulbilizzato ho aggiunto il legante e lasciato in stirring per 16 ore.",0,20,additive_canonicalized;numeric_decimal_standardized,,0,INCLUDED,,,MOF_GROUPED_LIGAND_SPLIT_v6.0_seed260730,DEVELOPMENT,Legante,260730
Organometallica_401,NO2BPz,Organometallica,Ir,[Ir(C5Me5)Cl2]5,MeOH,Trietilammina (TEA) 2 eq,70,24,0.1,0.05,2,"Solubilizzato il dimero del metallo in 10 ml di MeOH, una volta solulbilizzato ho aggiunto il legante e lasciato in stirring per 16 ore.",0,20,additive_canonicalized;numeric_decimal_standardized,,0,INCLUDED,,,MOF_GROUPED_LIGAND_SPLIT_v6.0_seed260730,DEVELOPMENT,Legante,260730
LitNeg_1,"1,4-Benzenedicarboxylic acid (H2BDC)",Carbossilati aromatici,Zr,ZrCl4,DMF,Nessuno,100,24,0.5,0.5,1,Solvothermal,1,5,numeric_decimal_standardized;time_numeric_standardized;exact_duplicate_candidate,DUP_023,0,INCLUDED,,duplicate_representative_retained,MOF_GROUPED_LIGAND_SPLIT_v6.0_seed260730,DEVELOPMENT,Legante,260730
LitNeg_2,"1,4-Benzenedicarboxylic acid (H2BDC)",Carbossilati aromatici,Zr,ZrOCl2·8H2O,H2O,Nessuno,20,0.5,1.5,1,1.5,Solvothermal,1,10,numeric_decimal_standardized;salt_hydrate_separator_standardized,,0,INCLUDED,,,MOF_GROUPED_LIGAND_SPLIT_v6.0_seed260730,DEVELOPMENT,Legante,260730
LitNeg_4,Fumaric acid,Carbossilati alifatici,Zr,ZrOCl2·8H2O,H2O,Nessuno,100,24,0.5,0.5,1,Solvothermal,1,10,numeric_decimal_standardized;salt_hydrate_separator_standardized;time_numeric_standardized,,0,INCLUDED,,,MOF_GROUPED_LIGAND_SPLIT_v6.0_seed260730,DEVELOPMENT,Legante,260730
LitNeg_5,"1,4-Benzenedicarboxylic acid (H2BDC)",Carbossilati aromatici,Al,Al(NO3)3·9H2O,DMF,Nessuno,150,24,0.5,0.5,1,Solvothermal,1,10,numeric_decimal_standardized;salt_hydrate_separator_standardized;time_numeric_standardized,,0,INCLUDED,,,MOF_GROUPED_LIGAND_SPLIT_v6.0_seed260730,DEVELOPMENT,Legante,260730
LitNeg_6,"1,4-Benzenedicarboxylic acid (H2BDC)",Carbossilati aromatici,Cr,Cr(NO3)3·9H2O,H2O,Nessuno,220,8,1,1,1,Solvothermal,1,4.8,numeric_decimal_standardized;salt_hydrate_separator_standardized;time_numeric_standardized,,0,INCLUDED,,,MOF_GROUPED_LIGAND_SPLIT_v6.0_seed260730,DEVELOPMENT,Legante,260730
LitNeg_9,Benzimidazole,Imidazolati,Zn,Zn(NO3)2,MeOH,Nessuno,25,24,1,0.25,4,Solvothermal,1,10,numeric_decimal_standardized;time_numeric_standardized,,0,INCLUDED,,,MOF_GROUPED_LIGAND_SPLIT_v6.0_seed260730,DEVELOPMENT,Legante,260730
LitNeg_11,2-Methylimidazole,Imidazolati,Co,Co(NO3)2·6H2O,H2O,Nessuno,25,1,2,0.5,4,Solvothermal,1,10,numeric_decimal_standardized;salt_hydrate_separator_standardized;time_numeric_standardized,,0,INCLUDED,,,MOF_GROUPED_LIGAND_SPLIT_v6.0_seed260730,DEVELOPMENT,Legante,260730
LitNeg_12,2-Methylimidazole,Imidazolati,Zn,Zn(OAc)2·2H2O,H2O,Nessuno,25,0.5,0.04,0.01,4,Solvothermal,1,1,numeric_decimal_standardized;salt_hydrate_separator_standardized,,0,INCLUDED,,,MOF_GROUPED_LIGAND_SPLIT_v6.0_seed260730,DEVELOPMENT,Legante,260730
LitNeg_13,"1,4-Benzenedicarboxylic acid (H2BDC)",Carbossilati aromatici,Zn,ZnCl2,DEF,Nessuno,100,24,0.5,0.5,1,Solvothermal,0,10,numeric_decimal_standardized;time_numeric_standardized,,0,INCLUDED,,,MOF_GROUPED_LIGAND_SPLIT_v6.0_seed260730,DEVELOPMENT,Legante,260730
LitNeg_14,"1,4-Benzenedicarboxylic acid (H2BDC)",Carbossilati aromatici,Zn,ZnSO4·7H2O,DEF,Nessuno,100,24,0.5,0.5,1,Solvothermal,0,10,numeric_decimal_standardized;salt_hydrate_separator_standardized;time_numeric_standardized,,0,INCLUDED,,,MOF_GROUPED_LIGAND_SPLIT_v6.0_seed260730,DEVELOPMENT,Legante,260730
LitNeg2_1,"1,4-Benzenedicarboxylic acid (H2BDC)",Carbossilati aromatici,Fe,Fe(NO3)3·9H2O,DMF,Nessuno,120,24,0.5,0.5,1,Solvothermal,1,10,numeric_decimal_standardized;salt_hydrate_separator_standardized;time_numeric_standardized,,0,INCLUDED,,,MOF_GROUPED_LIGAND_SPLIT_v6.0_seed260730,DEVELOPMENT,Legante,260730
LitNeg2_4,"1,4-Benzenedicarboxylic acid (H2BDC)",Carbossilati aromatici,Co,CoCl2·6H2O,EtOH,Trietilammina (TEA),25,5,0.076,0.057,1.34,Solvothermal,1,10,numeric_decimal_standardized;salt_hydrate_separator_standardized;time_numeric_standardized,,0,INCLUDED,,,MOF_GROUPED_LIGAND_SPLIT_v6.0_seed260730,DEVELOPMENT,Legante,260730
LitNeg2_5,Benzimidazole,Imidazolati,Cd,Cd(NO3)2·4H2O,EtOH,Trietilammina (TEA),25,5,0.076,0.057,1.34,Solvothermal,1,10,numeric_decimal_standardized;salt_hydrate_separator_standardized;time_numeric_standardized,,0,INCLUDED,,,MOF_GROUPED_LIGAND_SPLIT_v6.0_seed260730,DEVELOPMENT,Legante,260730
LitNeg2_6,2-Methylimidazole,Imidazolati,Fe,FeCl2,MeOH,Nessuno,60,24,1,0.5,2,Solvothermal,0,10,numeric_decimal_standardized;time_numeric_standardized,,0,INCLUDED,,,MOF_GROUPED_LIGAND_SPLIT_v6.0_seed260730,DEVELOPMENT,Legante,260730
LitNeg2_7,Benzimidazole,Imidazolati,Co,CoCl2·6H2O,EtOH,Trietilammina (TEA),25,5,0.0762,0.0567,1.34,Solvothermal,1,10,numeric_decimal_standardized;salt_hydrate_separator_standardized;time_numeric_standardized,,0,INCLUDED,,,MOF_GROUPED_LIGAND_SPLIT_v6.0_seed260730,DEVELOPMENT,Legante,260730
LitNeg2_8,Benzimidazole,Imidazolati,Cu,CuCl2,H2O,Nessuno,25,1,1,0.5,2,Solvothermal,0,10,numeric_decimal_standardized;time_numeric_standardized,,0,INCLUDED,,,MOF_GROUPED_LIGAND_SPLIT_v6.0_seed260730,DEVELOPMENT,Legante,260730
LitNeg2_9,"1,4-Benzenedicarboxylic acid (H2BDC)",Carbossilati aromatici,Zr,ZrCl4,DMF,Acido Acetico (AcOH),120,24,0.5,0.5,1,Solvothermal,1,10,numeric_decimal_standardized;time_numeric_standardized,,0,INCLUDED,,,MOF_GROUPED_LIGAND_SPLIT_v6.0_seed260730,DEVELOPMENT,Legante,260730
LitNeg2_10,"1,4-Benzenedicarboxylic acid (H2BDC)",Carbossilati aromatici,Zr,ZrCl4,DMF,Nessuno,90,12,1,1,1,Solvothermal,1,3,numeric_decimal_standardized;time_numeric_standardized,,0,INCLUDED,,,MOF_GROUPED_LIGAND_SPLIT_v6.0_seed260730,DEVELOPMENT,Legante,260730
LitNeg2_11,"1,4-Benzenedicarboxylic acid (H2BDC)",Carbossilati aromatici,Cr,Cr(NO3)3·9H2O,DMF,Nessuno,120,24,0.5,0.5,1,Solvothermal,1,10,numeric_decimal_standardized;salt_hydrate_separator_standardized;time_numeric_standardized,,0,INCLUDED,,,MOF_GROUPED_LIGAND_SPLIT_v6.0_seed260730,DEVELOPMENT,Legante,260730
LitNeg2_12,2-Methylimidazole,Imidazolati,Zn,Zn(NO3)2·6H2O,H2O,Nessuno,25,0.5,0.5,0.5,1,Solvothermal,1,10,numeric_decimal_standardized;salt_hydrate_separator_standardized,,0,INCLUDED,,,MOF_GROUPED_LIGAND_SPLIT_v6.0_seed260730,DEVELOPMENT,Legante,260730
LitNeg2_13,"2,5-Dihydroxyterephthalic acid",Carbossilati aromatici,Mg,Mg(OAc)2·4H2O,MeOH,Nessuno,25,16,0.02,0.02,1,Solvothermal,1,4,numeric_decimal_standardized;salt_hydrate_separator_standardized;time_numeric_standardized,,0,INCLUDED,,,MOF_GROUPED_LIGAND_SPLIT_v6.0_seed260730,DEVELOPMENT,Legante,260730
