Positive_ID,ID,Legante,Famiglia_Legante,Metallo,Sale_Metallico,Solvente,Additivo_Colinker,Temperatura_C,Tempo_ore,mmol_Legante,mmol_Sale,Rapporto_LM,Volume solvente,Hydration_Number,Counterion_Class,Oxidation_State,Procedura_Sintetica,Esito_ML,Positive_Library_Source,Split_Set,Critical_Completeness,Extended_Completeness,Completeness_Score,Source_Quality_Score,Diversity_Weight,Evidence_Weight,Quality_Tier,PXRD_Confirmed,Condition_Signature,Source_DOI,Extraction_Method
POS-0001,76,"3-amino-4,4'-bipyrazole",Bipyrazole,Cd,Cd(NO3)2·4H2O,DMF,Nessuno,160,24.0,0.2,0.1,2.0,,4.0,nitrate,2.0,Solvothermal,2,curated_development_positive,DEVELOPMENT,1.0,0.875,0.96875,0.82,0.19364916731037082,0.7691048334620741,B,True,cd|bipyrazole|nitrate|dmf|nessuno|160|24|2.0,,curated_project_dataset
POS-0002,122,3-MePz-4-COOH,Pyrazole carbossilati,Cu,Cu(OAc)2·H2O,H2O,Nessuno,120,96.0,0.2,0.1,2.0,,1.0,acetate,2.0,Solvothermal,2,curated_development_positive,DEVELOPMENT,1.0,0.875,0.96875,0.82,0.7071067811865476,0.8717963562373096,A,True,cu|pyrazole carbossilati|acetate|h2o|nessuno|120|96|2.0,,curated_project_dataset
POS-0003,125,3-MePz-4-COOH,Pyrazole carbossilati,Mn,Mn(OAc)2·4H2O,DMF/H2O,Nessuno,120,24.0,0.2,0.1,2.0,,4.0,acetate,2.0,Solvothermal,2,curated_development_positive,DEVELOPMENT,1.0,0.875,0.96875,0.82,1.0,0.930375,A,True,mn|pyrazole carbossilati|acetate|dmf/h2o|nessuno|120|24|2.0,,curated_project_dataset
POS-0004,126,3-MePz-4-COOH,Pyrazole carbossilati,Mn,Mn(OAc)2·4H2O,DMF/H2O,Nessuno,120,72.0,0.2,0.1,2.0,,4.0,acetate,2.0,Solvothermal,2,curated_development_positive,DEVELOPMENT,1.0,0.875,0.96875,0.82,1.0,0.930375,A,True,mn|pyrazole carbossilati|acetate|dmf/h2o|nessuno|120|72|2.0,,curated_project_dataset
POS-0005,127,3-MePz-4-COOH,Pyrazole carbossilati,Ni,Ni(NO3)2,DMF/H2O,Nessuno,120,72.0,0.2,0.1,2.0,,0.0,nitrate,2.0,Solvothermal,2,curated_development_positive,DEVELOPMENT,1.0,0.875,0.96875,0.82,1.0,0.930375,A,True,ni|pyrazole carbossilati|nitrate|dmf/h2o|nessuno|120|72|2.0,,curated_project_dataset
POS-0006,137,"3-nitro-4,4'-bipyrazole",Bipyrazole,Cd,Cd(NO3)2·4H2O,DMF,Nessuno,160,24.0,0.2,0.1,2.0,,4.0,nitrate,2.0,Solvothermal,2,curated_development_positive,DEVELOPMENT,1.0,0.875,0.96875,0.82,0.19364916731037082,0.7691048334620741,B,True,cd|bipyrazole|nitrate|dmf|nessuno|160|24|2.0,,curated_project_dataset
POS-0007,161,"3,3'-dinitro-4,4'-bipyrazole",Bipyrazole,Cd,Cd(NO3)2·4H2O,DMF,Nessuno,150,24.0,0.1,0.1,1.0,,4.0,nitrate,2.0,Solvothermal,2,curated_development_positive,DEVELOPMENT,1.0,0.875,0.96875,0.82,0.273861278752583,0.7851472557505166,A,True,cd|bipyrazole|nitrate|dmf|nessuno|150|24|1.0,,curated_project_dataset
POS-0008,164,"3,3'-dinitro-4,4'-bipyrazole",Bipyrazole,Co,Co(OAc)2·4H2O,DMF/H2O,Nessuno,160,48.0,0.2,0.1,2.0,,4.0,acetate,2.0,Solvothermal,2,curated_development_positive,DEVELOPMENT,1.0,0.875,0.96875,0.82,0.22742941307367096,0.7758608826147342,B,True,co|bipyrazole|acetate|dmf/h2o|nessuno|160|48|2.0,,curated_project_dataset
POS-0009,169,"3,3'-dinitro-4,4'-bipyrazole",Bipyrazole,Co,Co(NO3)2·6H2O,DMF,Nessuno,160,6.0,0.2,0.1,2.0,,6.0,nitrate,2.0,Solvothermal,2,curated_development_positive,DEVELOPMENT,1.0,0.875,0.96875,0.82,0.3216337604513384,0.7947017520902677,A,True,co|bipyrazole|nitrate|dmf|nessuno|160|6|2.0,,curated_project_dataset
POS-0010,170,"3,3'-dinitro-4,4'-bipyrazole",Bipyrazole,Cu,Cu(NO3)2·3H2O,DMF/H2O,Nessuno,160,48.0,0.2,0.1,2.0,,3.0,nitrate,2.0,Solvothermal,2,curated_development_positive,DEVELOPMENT,1.0,0.875,0.96875,0.82,0.26726124191242434,0.7838272483824849,A,True,cu|bipyrazole|nitrate|dmf/h2o|nessuno|160|48|2.0,,curated_project_dataset
POS-0011,175,"3,3'-dinitro-4,4'-bipyrazole",Bipyrazole,Cu,Cu(NO3)2·3H2O,DMF,Nessuno,160,6.0,0.2,0.1,2.0,,3.0,nitrate,2.0,Solvothermal,2,curated_development_positive,DEVELOPMENT,1.0,0.875,0.96875,0.82,0.26726124191242434,0.7838272483824849,A,True,cu|bipyrazole|nitrate|dmf|nessuno|160|6|2.0,,curated_project_dataset
POS-0012,177,"3,3'-dinitro-4,4'-bipyrazole",Bipyrazole,Zn,Zn(NO3)2·6H2O,DMF/H2O,Nessuno,160,48.0,0.2,0.1,2.0,,6.0,nitrate,2.0,Solvothermal,2,curated_development_positive,DEVELOPMENT,1.0,0.875,0.96875,0.82,0.29704426289300223,0.7897838525786004,A,True,zn|bipyrazole|nitrate|dmf/h2o|nessuno|160|48|2.0,,curated_project_dataset
POS-0013,181,"3,3'-dinitro-4,4'-bipyrazole",Bipyrazole,Zn,Zn(NO3)2·6H2O,DMF/H2O,Nessuno,160,24.0,0.1,0.2,0.5,,6.0,nitrate,2.0,Solvothermal,2,curated_development_positive,DEVELOPMENT,1.0,0.875,0.96875,0.82,0.29704426289300223,0.7897838525786004,A,True,zn|bipyrazole|nitrate|dmf/h2o|nessuno|160|24|0.5,,curated_project_dataset
POS-0014,182,"3,3'-dinitro-4,4'-bipyrazole",Bipyrazole,Zn,Zn(NO3)2·6H2O,DMF,Nessuno,160,6.0,0.2,0.1,2.0,,6.0,nitrate,2.0,Solvothermal,2,curated_development_positive,DEVELOPMENT,1.0,0.875,0.96875,0.82,0.29704426289300223,0.7897838525786004,A,True,zn|bipyrazole|nitrate|dmf|nessuno|160|6|2.0,,curated_project_dataset
POS-0015,195,"3,5-diamino-4,4'-bipyrazole",Bipyrazole,Cd,Cd(NO3)2·4H2O,DMF,Nessuno,140,72.0,0.48,0.2,2.4,,4.0,nitrate,2.0,Solvothermal,2,curated_development_positive,DEVELOPMENT,1.0,0.875,0.96875,0.82,0.273861278752583,0.7851472557505166,A,True,cd|bipyrazole|nitrate|dmf|nessuno|140|72|2.5,,curated_project_dataset
POS-0016,224,"3,5-diamino-4,4'-bipyrazole",Bipyrazole,Co,Co(NO3)2·6H2O,DMF/H2O,Nessuno,150,72.0,0.05,0.05,1.0,,6.0,nitrate,2.0,Solvothermal,2,curated_development_positive,DEVELOPMENT,1.0,0.875,0.96875,0.82,0.22742941307367096,0.7758608826147342,B,True,co|bipyrazole|nitrate|dmf/h2o|nessuno|150|72|1.0,,curated_project_dataset
POS-0017,284,"3,5-DiMePz-4-COOH",Pyrazole carbossilati,Cu,Cu(OAc)2·H2O,H2O,Nessuno,120,48.0,0.2,0.1,2.0,,1.0,acetate,2.0,Solvothermal,2,curated_development_positive,DEVELOPMENT,1.0,0.875,0.96875,0.82,0.7071067811865476,0.8717963562373096,A,True,cu|pyrazole carbossilati|acetate|h2o|nessuno|120|48|2.0,,curated_project_dataset
POS-0018,286,"3,5-DiMePz-4-COOH",Pyrazole carbossilati,Cu,Cu(OAc)2·H2O,EtOH,Nessuno,120,48.0,0.2,0.1,2.0,,1.0,acetate,2.0,Solvothermal,2,curated_development_positive,DEVELOPMENT,1.0,0.875,0.96875,0.82,0.7071067811865476,0.8717963562373096,A,True,cu|pyrazole carbossilati|acetate|etoh|nessuno|120|48|2.0,,curated_project_dataset
POS-0019,288,"3,5-DiMePz-4-COOH",Pyrazole carbossilati,Zn,Zn(OAc)2·2H2O,EtOH,Nessuno,120,48.0,0.2,0.1,2.0,,2.0,acetate,2.0,Solvothermal,2,curated_development_positive,DEVELOPMENT,1.0,0.875,0.96875,0.82,0.8660254037844385,0.9035800807568877,A,True,zn|pyrazole carbossilati|acetate|etoh|nessuno|120|48|2.0,,curated_project_dataset
POS-0020,369,Et4BPz,Organometallica - pirazoli,Ru,[Ru(p-cymene)Cl2]2,MeOH,Nessuno,120,4.0,0.1,0.1,1.0,,0.0,chloride,2.0,"Solubilizzato il dimero del metallo in 10 ml di MeOH, una volta solulbilizzato ho aggiunto il legante e lasciato in stirring per 16 ore.",2,curated_development_positive,DEVELOPMENT,1.0,0.875,0.96875,0.82,0.26111648393354675,0.7825982967867093,A,True,ru|organometallica - pirazoli|chloride|meoh|nessuno|120|6|1.0,,curated_project_dataset
POS-0021,371,H2BPZNH2,Organometallica - pirazoli,Ru,[Ru(p-cymene)Cl2]2,MeOH,Nessuno,120,4.0,0.1,0.1,1.0,,0.0,chloride,2.0,"Dopo 4 ore ancora nessuna cristallizzazione, evaporato un po di solvente e poi messo in frido appena raffreddato. Aggiunto eteredietilico, perchè non vi era avvenuta cristallizzazione.",2,curated_development_positive,DEVELOPMENT,1.0,0.875,0.96875,0.82,0.26111648393354675,0.7825982967867093,A,True,ru|organometallica - pirazoli|chloride|meoh|nessuno|120|6|1.0,,curated_project_dataset
POS-0022,374,FErrocenylPz,Organometallica,Non specificato,PdCl2·(CH3CN)2,MeOH,Nessuno,120,4.0,0.2,0.1,2.0,,0.0,chloride,2.0,"Ho sciolto il palladio in 10 ml di metanolo in un pallone a due colli dove insufflavo argono. Dopo 15 minuti ho aggiunto il legante e lasciato insufflare argon per altri 10 minuti, poi cessato il flusso di argon ho messo il tappo. Subito dopo l'aggiunta del legante ho notato cambio di colore con intorbidimento della soluzione. Ho filtrato il precipitato e le acque madri le ho messe in una vial per far evaporare lentamente il solvente. Ilprecipitato era il legante, visto all'IR",2,curated_development_positive,DEVELOPMENT,1.0,0.875,0.96875,0.82,1.0,0.930375,A,True,non specificato|organometallica|chloride|meoh|nessuno|120|6|2.0,,curated_project_dataset
POS-0023,379,"1,4-Di(1H-pyrazol-4-yl)benzene",Organometallica - pirazoli,Ru,[Ru(p-cymene)Cl2]2,MeOH,Nessuno,120,24.0,0.2,0.1,2.0,,0.0,chloride,2.0,"To a methanolic (5 mL) solution of pyrazole based ligand , was added a methanolic (5 mL) solution of [RuCl2(η6-p-cymene)]2 , and the reaction mixture was allowed to stir for 4 h at room temperature. Dopo 24 ore ho filtrato l'eccesso di reagenti e lasciato poi dimezzare il volume della soluzione all'aria lentamente. Portato a secco e mandato l'HNMR",2,curated_development_positive,DEVELOPMENT,1.0,0.875,0.96875,0.82,0.3692744729379981,0.8042298945875996,A,True,ru|organometallica - pirazoli|chloride|meoh|nessuno|120|24|2.0,,curated_project_dataset
POS-0024,380,(NO2)2BPz,Organometallica - pirazoli,Ru,[Ru(p-cymene)Cl2]2,MeOH,Nessuno,120,24.0,0.1,0.05,2.0,,0.0,chloride,2.0,"filtrato e lavato con metanolo, dopo aver dimezzato il volume della soluzione.Precipitato di colore nero, ma sembra cristallino",2,curated_development_positive,DEVELOPMENT,1.0,0.875,0.96875,0.82,0.3692744729379981,0.8042298945875996,A,True,ru|organometallica - pirazoli|chloride|meoh|nessuno|120|24|2.0,,curated_project_dataset
POS-0025,382,FErrocenylPz,Organometallica,Non specificato,PdCl2·(CH3CN)2,MeOH,Nessuno,120,6.0,0.1,0.1,1.0,,0.0,chloride,2.0,"Ho pesato il dimero e sciolto in 10 ml di MeOH; una volta sulubilizzato ho aggiunto il legante e lasciato sotto agitazione per 6ORE. Ho lasciato dimezzare il volume all'aria, poi aggiunto qualche goccia di dietiletere e messo in frigo. Il precipitato ottenuto l'ho filtrato.",2,curated_development_positive,DEVELOPMENT,1.0,0.875,0.96875,0.82,1.0,0.930375,A,True,non specificato|organometallica|chloride|meoh|nessuno|120|6|1.0,,curated_project_dataset
POS-0026,386,Ru1,Organometallica,Ru,CAgF3SO3,MeCN,Nessuno,120,3.0,0.06,0.12,0.5,,0.0,other,,lasciato aperto a temperatura ambiente per cercare di ridurre il volume di solvente e favorire una cristallizzazione,2,curated_development_positive,DEVELOPMENT,1.0,0.75,0.9375,0.82,0.8660254037844385,0.8879550807568877,A,True,ru|organometallica|other|mecn|nessuno|120|0|0.5,,curated_project_dataset
POS-0027,387,"Ru1 scambio anionico FW=868,73",Organometallica - scambio anionico,Ru,"4,4'-bipiridina",MeCN,Nessuno,120,24.0,0.04,0.04,1.0,,0.0,iodide,,"Dopo 5h la soluzione ha cambiato colore, ora faccio evaporare un pò di solvente per vedere se verrà giu qualcosa. Una volta dimezzato il volume ho aggiunto 5 ml di dietil etere e poi posto a scaldare su piastra per circa 15 minuti, ho nontato un precipitato nerastro, fatto raffreddare e posto in frigo per vedere se continuerà a venire giu.",2,curated_development_positive,DEVELOPMENT,1.0,0.75,0.9375,0.82,1.0,0.91475,A,True,ru|organometallica - scambio anionico|iodide|mecn|nessuno|120|24|1.0,,curated_project_dataset
POS-0028,388,"Ru1,2",Organometallica,Ru,CAgF3SO3,CH2Cl2,Nessuno,120,3.0,0.04,0.08,0.5,,0.0,other,,"Precipitato bianco formatosi alla fine delle 4 ore, filtrato e lasciato ridurre di volume all'aria.",2,curated_development_positive,DEVELOPMENT,1.0,0.75,0.9375,0.82,0.8660254037844385,0.8879550807568877,A,True,ru|organometallica|other|ch2cl2|nessuno|120|0|0.5,,curated_project_dataset
POS-0029,401,"1,4-Benzenedicarboxylic acid (H2BDC)",Non specificata,Zn,Zn(NO3)2·6H2O,DMF,Nessuno,120,24.0,0.7,2.2,0.3182,,6.0,nitrate,2.0,Solvothermal,2,curated_development_positive,DEVELOPMENT,1.0,0.875,0.96875,0.82,0.2773500981126145,0.7858450196225228,A,True,zn|non specificata|nitrate|dmf|nessuno|120|24|0.25,,curated_project_dataset
POS-0030,403,"1,4-Benzenedicarboxylic acid (H2BDC)",Non specificata,Zr,ZrCl4,DMF/HCl,Nessuno,120,24.0,1.5,1.5,1.0,,0.0,chloride,4.0,Solvothermal,2,curated_development_positive,DEVELOPMENT,1.0,0.875,0.96875,0.82,0.15,0.760375,B,True,zr|non specificata|chloride|dmf/hcl|nessuno|120|24|1.0,,curated_project_dataset
POS-0031,405,2-Nitroterephthalic acid,Non specificata,Zr,ZrCl4,DMF/HCl,Nessuno,120,24.0,1.0,1.0,1.0,,0.0,chloride,4.0,Solvothermal,2,curated_development_positive,DEVELOPMENT,1.0,0.875,0.96875,0.82,0.15,0.760375,B,True,zr|non specificata|chloride|dmf/hcl|nessuno|120|24|1.0,,curated_project_dataset
POS-0032,406,"4,4'-Biphenyldicarboxylic acid (H2BPDC)",Non specificata,Zr,ZrCl4,DMF/HCl,Nessuno,120,24.0,1.0,1.0,1.0,,0.0,chloride,4.0,Solvothermal,2,curated_development_positive,DEVELOPMENT,1.0,0.875,0.96875,0.82,0.15,0.760375,B,True,zr|non specificata|chloride|dmf/hcl|nessuno|120|24|1.0,,curated_project_dataset
POS-0033,407,2-Methylimidazole,Non specificata,Zn,Zn(NO3)2·6H2O,MeOH,Nessuno,25,12.0,4.0,1.0,4.0,,6.0,nitrate,2.0,Precipitation,2,curated_development_positive,DEVELOPMENT,1.0,0.875,0.96875,0.82,0.2773500981126145,0.7858450196225228,A,True,zn|non specificata|nitrate|meoh|nessuno|20|12|4.0,,curated_project_dataset
POS-0034,408,2-Methylimidazole,Non specificata,Co,Co(NO3)2·6H2O,MeOH,Nessuno,25,24.0,4.0,1.0,4.0,,6.0,nitrate,2.0,Precipitation,2,curated_development_positive,DEVELOPMENT,1.0,0.875,0.96875,0.82,0.3162277660168379,0.7936205532033676,A,True,co|non specificata|nitrate|meoh|nessuno|20|24|4.0,,curated_project_dataset
POS-0035,409,Benzimidazole,Non specificata,Zn,Zn(NO3)2·6H2O,DMF,Nessuno,130,48.0,6.0,1.5,4.0,,6.0,nitrate,2.0,Solvothermal,2,curated_development_positive,DEVELOPMENT,1.0,0.875,0.96875,0.82,0.16012815380508713,0.7624006307610174,B,True,zn|non specificata|nitrate|dmf|nessuno|130|48|4.0,,curated_project_dataset
POS-0036,410,Benzimidazole,Non specificata,Zn,Zn(NO3)2·6H2O,MeOH/Toluene,Nessuno,100,24.0,3.2,0.8,4.0,,6.0,nitrate,2.0,Solvothermal,2,curated_development_positive,DEVELOPMENT,1.0,0.875,0.96875,0.82,0.2773500981126145,0.7858450196225228,A,True,zn|non specificata|nitrate|meoh/toluene|nessuno|100|24|4.0,,curated_project_dataset
POS-0037,411,"1,4-Benzenedicarboxylic acid (H2BDC)",Non specificata,Al,Al(NO3)3·9H2O,H2O,Nessuno,220,72.0,3.0,3.0,1.0,,9.0,nitrate,3.0,Hydrothermal,2,curated_development_positive,DEVELOPMENT,1.0,0.875,0.96875,0.82,0.28474739872574967,0.78732447974515,A,True,al|non specificata|nitrate|h2o|nessuno|220|72|1.0,,curated_project_dataset
POS-0038,412,"1,4-Benzenedicarboxylic acid (H2BDC)",Non specificata,Cr,Cr(NO3)3·9H2O,H2O/HF,Nessuno,220,72.0,5.0,5.0,1.0,,9.0,nitrate,3.0,Hydrothermal,2,curated_development_positive,DEVELOPMENT,1.0,0.875,0.96875,0.82,0.8660254037844385,0.9035800807568877,A,True,cr|non specificata|nitrate|h2o/hf|nessuno|220|72|1.0,,curated_project_dataset
POS-0039,413,"1,4-Benzenedicarboxylic acid (H2BDC)",Non specificata,Fe,FeCl3·6H2O,DMF,Nessuno,150,15.0,5.0,5.0,1.0,,6.0,chloride,3.0,Solvothermal,2,curated_development_positive,DEVELOPMENT,1.0,0.875,0.96875,0.82,0.2886751345948128,0.7881100269189626,A,True,fe|non specificata|chloride|dmf|nessuno|150|12|1.0,,curated_project_dataset
POS-0040,416,"1,4-Benzenedicarboxylic acid (H2BDC)",Non specificata,Cr,Cr(NO3)3·9H2O,H2O/HF,Nessuno,220,8.0,4.0,4.0,1.0,,9.0,nitrate,3.0,Hydrothermal,2,curated_development_positive,DEVELOPMENT,1.0,0.875,0.96875,0.82,0.8660254037844385,0.9035800807568877,A,True,cr|non specificata|nitrate|h2o/hf|nessuno|220|6|1.0,,curated_project_dataset
POS-0041,417,"1,4-Benzenedicarboxylic acid (H2BDC)",Non specificata,Fe,FeCl3·6H2O,DMF,Nessuno,110,20.0,1.5,3.0,0.5,,6.0,chloride,3.0,Solvothermal,2,curated_development_positive,DEVELOPMENT,1.0,0.875,0.96875,0.82,0.2886751345948128,0.7881100269189626,A,True,fe|non specificata|chloride|dmf|nessuno|110|18|0.5,,curated_project_dataset
POS-0042,418,"2,5-Dihydroxyterephthalic acid (H4DOBDC)",Non specificata,Mg,Mg(NO3)2·6H2O,DMF/H2O/EtOH,Nessuno,125,24.0,1.0,3.3,0.303,,6.0,nitrate,2.0,Solvothermal,2,curated_development_positive,DEVELOPMENT,1.0,0.875,0.96875,0.82,0.48038446141526137,0.8264518922830523,A,True,mg|non specificata|nitrate|dmf/h2o/etoh|nessuno|120|24|0.25,,curated_project_dataset
POS-0043,419,"2,5-Dihydroxyterephthalic acid (H4DOBDC)",Non specificata,Zn,Zn(NO3)2·6H2O,DMF/H2O/EtOH,Nessuno,100,24.0,1.0,3.3,0.303,,6.0,nitrate,2.0,Solvothermal,2,curated_development_positive,DEVELOPMENT,1.0,0.875,0.96875,0.82,0.2773500981126145,0.7858450196225228,A,True,zn|non specificata|nitrate|dmf/h2o/etoh|nessuno|100|24|0.25,,curated_project_dataset
POS-0044,420,"2,5-Dihydroxyterephthalic acid (H4DOBDC)",Non specificata,Ni,Ni(NO3)2·6H2O,DMF/H2O/EtOH,Nessuno,120,24.0,1.0,3.3,0.303,,6.0,nitrate,2.0,Solvothermal,2,curated_development_positive,DEVELOPMENT,1.0,0.875,0.96875,0.82,0.3396831102433787,0.7983116220486758,A,True,ni|non specificata|nitrate|dmf/h2o/etoh|nessuno|120|24|0.25,,curated_project_dataset
POS-0045,421,"2,5-Dihydroxyterephthalic acid (H4DOBDC)",Non specificata,Co,Co(NO3)2·6H2O,DMF/H2O/EtOH,Nessuno,120,24.0,1.0,3.3,0.303,,6.0,nitrate,2.0,Solvothermal,2,curated_development_positive,DEVELOPMENT,1.0,0.875,0.96875,0.82,0.3162277660168379,0.7936205532033676,A,True,co|non specificata|nitrate|dmf/h2o/etoh|nessuno|120|24|0.25,,curated_project_dataset
POS-0046,422,"2,5-Dihydroxyterephthalic acid (H4DOBDC)",Non specificata,Fe,FeCl2·4H2O,DMF/EtOH,Nessuno,120,24.0,1.0,3.3,0.303,,4.0,chloride,2.0,Solvothermal,2,curated_development_positive,DEVELOPMENT,1.0,0.875,0.96875,0.82,0.2886751345948128,0.7881100269189626,A,True,fe|non specificata|chloride|dmf/etoh|nessuno|120|24|0.25,,curated_project_dataset
POS-0047,423,"2,5-Dihydroxyterephthalic acid (H4DOBDC)",Non specificata,Mn,Mn(OAc)2·4H2O,DMF/H2O/EtOH,Nessuno,120,24.0,1.0,3.3,0.303,,4.0,acetate,2.0,Solvothermal,2,curated_development_positive,DEVELOPMENT,1.0,0.875,0.96875,0.82,0.5,0.830375,A,True,mn|non specificata|acetate|dmf/h2o/etoh|nessuno|120|24|0.25,,curated_project_dataset
POS-0048,424,"1,3,6,8-tetrakis(p-benzoic acid)pyrene (H4TBAPy)",Non specificata,Zr,ZrOCl2·8H2O,DMF/TFA,Nessuno,120,18.0,0.06,0.3,0.2,,8.0,chloride,2.0,Solvothermal,2,curated_development_positive,DEVELOPMENT,1.0,0.875,0.96875,0.82,0.23354968324845687,0.7770849366496914,B,True,zr|non specificata|chloride|dmf/tfa|nessuno|120|18|0.25,,curated_project_dataset
POS-0049,425,TCPP (Tetrakis(4-carboxyphenyl)porphyrin),Non specificata,Zr,ZrOCl2·8H2O,DMF/BA,Nessuno,120,24.0,0.04,0.23,0.1739,,8.0,chloride,2.0,Solvothermal,2,curated_development_positive,DEVELOPMENT,1.0,0.875,0.96875,0.82,0.23354968324845687,0.7770849366496914,B,True,zr|non specificata|chloride|dmf/ba|nessuno|120|24|0.25,,curated_project_dataset
POS-0050,426,"3,3',5,5'-Azobenzenetetracarboxylic acid (H4ABTC)",Non specificata,Fe,Fe(NO3)3·9H2O,DMF,Nessuno,150,24.0,0.3,0.6,0.5,,9.0,nitrate,3.0,Solvothermal,2,curated_development_positive,DEVELOPMENT,1.0,0.875,0.96875,0.82,0.2886751345948128,0.7881100269189626,A,True,fe|non specificata|nitrate|dmf|nessuno|150|24|0.5,,curated_project_dataset
POS-0051,429,"2,6-NDC (0.5) / H3BTC (0.5)",Non specificata,Zn,Zn(NO3)2·6H2O,DMF,Nessuno,120,24.0,1.0,2.0,0.5,,6.0,nitrate,2.0,Solvothermal,2,curated_development_positive,DEVELOPMENT,1.0,0.875,0.96875,0.82,0.2773500981126145,0.7858450196225228,A,True,zn|non specificata|nitrate|dmf|nessuno|120|24|0.5,,curated_project_dataset
POS-0052,430,"2,6-NDC (1.0) / DABCO (0.5)",Non specificata,Ni,Ni(NO3)2·6H2O,DMF,Nessuno,120,48.0,1.5,1.0,1.5,,6.0,nitrate,2.0,Solvothermal,2,curated_development_positive,DEVELOPMENT,1.0,0.875,0.96875,0.82,0.3396831102433787,0.7983116220486758,A,True,ni|non specificata|nitrate|dmf|nessuno|120|48|1.5,,curated_project_dataset
POS-0053,435,"1,3,5-tris(4-carboxyphenyl)benzene (BTB)",Non specificata,Zn,Zn(NO3)2·6H2O,DEF,Nessuno,85,48.0,0.34,1.8,0.1889,,6.0,nitrate,2.0,Solvothermal,2,curated_development_positive,DEVELOPMENT,1.0,0.875,0.96875,0.82,0.2773500981126145,0.7858450196225228,A,True,zn|non specificata|nitrate|def|nessuno|80|48|0.25,,curated_project_dataset
POS-0054,436,"1,3,5-BTB (0.2) / 2,6-NDC (0.2)",Non specificata,Zn,Zn(NO3)2·6H2O,DMF,Nessuno,85,24.0,0.4,1.2,0.3333,,6.0,nitrate,2.0,Solvothermal,2,curated_development_positive,DEVELOPMENT,1.0,0.875,0.96875,0.82,0.2773500981126145,0.7858450196225228,A,True,zn|non specificata|nitrate|dmf|nessuno|80|24|0.25,,curated_project_dataset
POS-0055,437,"3,3',5,5'-Biphenyltetracarboxylic acid",Non specificata,Cu,Cu(NO3)2·2.5H2O,DMF/H2O/EtOH,Nessuno,65,24.0,0.3,1.0,0.3,,2.5,nitrate,2.0,Solvothermal,2,curated_development_positive,DEVELOPMENT,1.0,0.875,0.96875,0.82,0.3162277660168379,0.7936205532033676,A,True,cu|non specificata|nitrate|dmf/h2o/etoh|nessuno|60|24|0.25,,curated_project_dataset
POS-0056,438,2-Bromoterephthalic acid,Non specificata,Zr,ZrCl4,DMF/HCl,Nessuno,120,24.0,1.0,1.0,1.0,,0.0,chloride,4.0,Solvothermal,2,curated_development_positive,DEVELOPMENT,1.0,0.875,0.96875,0.82,0.15,0.760375,B,True,zr|non specificata|chloride|dmf/hcl|nessuno|120|24|1.0,,curated_project_dataset
POS-0057,439,"1,2,4,5-Benzenetetracarboxylic acid",Non specificata,Zr,ZrCl4,DMF/HCl,Nessuno,120,24.0,0.5,1.0,0.5,,0.0,chloride,4.0,Solvothermal,2,curated_development_positive,DEVELOPMENT,1.0,0.875,0.96875,0.82,0.23354968324845687,0.7770849366496914,B,True,zr|non specificata|chloride|dmf/hcl|nessuno|120|24|0.5,,curated_project_dataset
POS-0058,440,"2,5-Dihydroxyterephthalic acid",Non specificata,Zr,ZrCl4,DMF/HCl,Nessuno,120,24.0,1.0,1.0,1.0,,0.0,chloride,4.0,Solvothermal,2,curated_development_positive,DEVELOPMENT,1.0,0.875,0.96875,0.82,0.15,0.760375,B,True,zr|non specificata|chloride|dmf/hcl|nessuno|120|24|1.0,,curated_project_dataset
POS-0059,441,Terphenyldicarboxylic acid (TPDC),Non specificata,Zr,ZrCl4,DMF/HCl,Nessuno,120,24.0,0.5,0.5,1.0,,0.0,chloride,4.0,Solvothermal,2,curated_development_positive,DEVELOPMENT,1.0,0.875,0.96875,0.82,0.15,0.760375,B,True,zr|non specificata|chloride|dmf/hcl|nessuno|120|24|1.0,,curated_project_dataset
POS-0060,442,2-Nitroimidazole,Non specificata,Co,Co(NO3)2·6H2O,DMF,Nessuno,100,48.0,4.0,1.0,4.0,,6.0,nitrate,2.0,Solvothermal,2,curated_development_positive,DEVELOPMENT,1.0,0.875,0.96875,0.82,0.3162277660168379,0.7936205532033676,A,True,co|non specificata|nitrate|dmf|nessuno|100|48|4.0,,curated_project_dataset
POS-0061,443,Imidazole-2-carboxaldehyde,Non specificata,Zn,Zn(NO3)2·6H2O,DMF,Nessuno,100,18.0,4.0,1.0,4.0,,6.0,nitrate,2.0,Solvothermal,2,curated_development_positive,DEVELOPMENT,1.0,0.875,0.96875,0.82,0.2773500981126145,0.7858450196225228,A,True,zn|non specificata|nitrate|dmf|nessuno|100|18|4.0,,curated_project_dataset
POS-0062,444,Benzimidazole,Non specificata,Co,Co(NO3)2·6H2O,DMF,Nessuno,140,48.0,4.0,1.0,4.0,,6.0,nitrate,2.0,Solvothermal,2,curated_development_positive,DEVELOPMENT,1.0,0.875,0.96875,0.82,0.3162277660168379,0.7936205532033676,A,True,co|non specificata|nitrate|dmf|nessuno|140|48|4.0,,curated_project_dataset
POS-0063,445,"4,5-Dichloroimidazole",Non specificata,Zn,Zn(NO3)2·6H2O,DMF,Nessuno,85,24.0,4.0,1.0,4.0,,6.0,nitrate,2.0,Solvothermal,2,curated_development_positive,DEVELOPMENT,1.0,0.875,0.96875,0.82,0.196116135138184,0.7695982270276368,B,True,zn|non specificata|nitrate|dmf|nessuno|80|24|4.0,,curated_project_dataset
POS-0064,446,Fumaric acid,Non specificata,Fe,FeCl3·6H2O,H2O,Nessuno,65,12.0,5.0,5.0,1.0,,6.0,chloride,3.0,Hydrothermal,2,curated_development_positive,DEVELOPMENT,1.0,0.875,0.96875,0.82,0.2886751345948128,0.7881100269189626,A,True,fe|non specificata|chloride|h2o|nessuno|60|12|1.0,,curated_project_dataset
POS-0065,447,"1,4-Benzenedicarboxylic acid (H2BDC)",Non specificata,Fe,FeCl3·6H2O,DMF,Nessuno,100,12.0,5.0,5.0,1.0,,6.0,chloride,3.0,Solvothermal,2,curated_development_positive,DEVELOPMENT,1.0,0.875,0.96875,0.82,0.16666666666666666,0.7637083333333333,B,True,fe|non specificata|chloride|dmf|nessuno|100|12|1.0,,curated_project_dataset
POS-0066,448,"2,6-Naphthalenedicarboxylic acid",Non specificata,Fe,FeCl3·6H2O,DMF,Nessuno,100,12.0,5.0,5.0,1.0,,6.0,chloride,3.0,Solvothermal,2,curated_development_positive,DEVELOPMENT,1.0,0.875,0.96875,0.82,0.16666666666666666,0.7637083333333333,B,True,fe|non specificata|chloride|dmf|nessuno|100|12|1.0,,curated_project_dataset
POS-0067,449,"4,4'-Biphenyldicarboxylic acid",Non specificata,Fe,FeCl3·6H2O,DMF,Nessuno,100,12.0,5.0,5.0,1.0,,6.0,chloride,3.0,Solvothermal,2,curated_development_positive,DEVELOPMENT,1.0,0.875,0.96875,0.82,0.16666666666666666,0.7637083333333333,B,True,fe|non specificata|chloride|dmf|nessuno|100|12|1.0,,curated_project_dataset
POS-0068,450,"1,4-Benzenedicarboxylic acid (H2BDC)",Non specificata,Al,Al(NO3)3·9H2O,DMF,Nessuno,130,24.0,3.0,3.0,1.0,,9.0,nitrate,3.0,Solvothermal,2,curated_development_positive,DEVELOPMENT,1.0,0.875,0.96875,0.82,0.28474739872574967,0.78732447974515,A,True,al|non specificata|nitrate|dmf|nessuno|130|24|1.0,,curated_project_dataset
POS-0069,451,"1,4-Benzenedicarboxylic acid (H2BDC)",Non specificata,In,In(NO3)3·xH2O,DMF,Nessuno,100,48.0,2.0,2.0,1.0,,1.0,nitrate,3.0,Solvothermal,2,curated_development_positive,DEVELOPMENT,1.0,0.875,0.96875,0.82,1.0,0.930375,A,True,in|non specificata|nitrate|dmf|nessuno|100|48|1.0,,curated_project_dataset
POS-0070,452,"1,4-Benzenedicarboxylic acid (H2BDC)",Non specificata,Ti,Ti(OiPr)4,DMF/MeOH,Nessuno,150,15.0,12.0,6.0,2.0,,0.0,iodide,,Solvothermal,2,curated_development_positive,DEVELOPMENT,1.0,0.75,0.9375,0.82,1.0,0.91475,A,True,ti|non specificata|iodide|dmf/meoh|nessuno|150|12|2.0,,curated_project_dataset
POS-0071,456,5-Methoxyisophthalic acid,Non specificata,Al,Al(ClO4)3·6H2O,H2O,Nessuno,130,12.0,2.0,2.0,1.0,,6.0,perchlorate,,Hydrothermal,2,curated_development_positive,DEVELOPMENT,1.0,0.75,0.9375,0.82,0.20134681656420725,0.7550193633128415,B,True,al|non specificata|perchlorate|h2o|nessuno|130|12|1.0,,curated_project_dataset
POS-0072,457,5-Nitroisophthalic acid,Non specificata,Al,Al(ClO4)3·6H2O,H2O,Nessuno,130,12.0,2.0,2.0,1.0,,6.0,perchlorate,,Hydrothermal,2,curated_development_positive,DEVELOPMENT,1.0,0.75,0.9375,0.82,0.20134681656420725,0.7550193633128415,B,True,al|non specificata|perchlorate|h2o|nessuno|130|12|1.0,,curated_project_dataset
POS-0073,458,"trans-Cyclohexane-1,4-dicarboxylic acid",Non specificata,Al,Al2(SO4)3·18H2O,H2O,Nessuno,180,24.0,3.0,1.5,2.0,,18.0,sulfate,,Hydrothermal,2,curated_development_positive,DEVELOPMENT,1.0,0.75,0.9375,0.82,0.28474739872574967,0.77169947974515,B,True,al|non specificata|sulfate|h2o|nessuno|180|24|2.0,,curated_project_dataset
POS-0074,459,TCPP (Tetrakis(4-carboxyphenyl)porphyrin),Non specificata,Zr,ZrOCl2·8H2O,DMF/BA,Nessuno,120,12.0,0.04,0.3,0.1333,,8.0,chloride,2.0,Solvothermal,2,curated_development_positive,DEVELOPMENT,1.0,0.875,0.96875,0.82,0.23354968324845687,0.7770849366496914,B,True,zr|non specificata|chloride|dmf/ba|nessuno|120|12|0.25,,curated_project_dataset
POS-0075,460,TCPP,Non specificata,Hf,HfCl4,DMF/BA,Nessuno,120,24.0,0.03,0.2,0.15,,0.0,chloride,4.0,Solvothermal,2,curated_development_positive,DEVELOPMENT,1.0,0.875,0.96875,0.82,0.5773502691896256,0.8458450538379252,A,True,hf|non specificata|chloride|dmf/ba|nessuno|120|24|0.25,,curated_project_dataset
POS-0076,461,TCPP,Non specificata,Fe,FeCl3,DMF,Nessuno,150,24.0,0.08,0.5,0.16,,0.0,chloride,3.0,Solvothermal,2,curated_development_positive,DEVELOPMENT,1.0,0.875,0.96875,0.82,0.2886751345948128,0.7881100269189626,A,True,fe|non specificata|chloride|dmf|nessuno|150|24|0.25,,curated_project_dataset
POS-0077,462,Fumaric acid,Non specificata,Zr,ZrCl4,DMF/Formic acid,Nessuno,120,24.0,1.0,1.0,1.0,,0.0,chloride,4.0,Solvothermal,2,curated_development_positive,DEVELOPMENT,1.0,0.875,0.96875,0.82,0.16514456476895406,0.7634039129537908,B,True,zr|non specificata|chloride|dmf/formic acid|nessuno|120|24|1.0,,curated_project_dataset
POS-0078,464,"Pyrazole-3,5-dicarboxylic acid",Non specificata,Zr,ZrCl4,DMF/Formic acid,Nessuno,120,24.0,1.0,1.0,1.0,,0.0,chloride,4.0,Solvothermal,2,curated_development_positive,DEVELOPMENT,1.0,0.875,0.96875,0.82,0.16514456476895406,0.7634039129537908,B,True,zr|non specificata|chloride|dmf/formic acid|nessuno|120|24|1.0,,curated_project_dataset
POS-0079,465,"1H-pyrazole-3,5-dicarboxylic acid",Non specificata,Al,AlCl3·6H2O,H2O,Nessuno,100,24.0,2.0,2.0,1.0,,6.0,chloride,3.0,Hydrothermal,2,curated_development_positive,DEVELOPMENT,1.0,0.875,0.96875,0.82,0.28474739872574967,0.78732447974515,A,True,al|non specificata|chloride|h2o|nessuno|100|24|1.0,,curated_project_dataset
POS-0080,466,"1,4-Benzenedicarboxylic acid (H2BDC)",Non specificata,Fe,FeCl3,EtOH,Nessuno,80,24.0,1.0,2.0,0.5,,0.0,chloride,3.0,Solvothermal,2,curated_development_positive,DEVELOPMENT,1.0,0.875,0.96875,0.82,0.2886751345948128,0.7881100269189626,A,True,fe|non specificata|chloride|etoh|nessuno|80|24|0.5,,curated_project_dataset
POS-0081,468,"5-(2,4,6-trioxohexahydro-1,3,5-triazin-1-yl)isophthalic acid",Non specificata,Cu,Cu(NO3)2·2.5H2O,DMA/DMSO,Nessuno,85,72.0,0.15,0.5,0.3,,2.5,nitrate,2.0,Solvothermal,2,curated_development_positive,DEVELOPMENT,1.0,0.875,0.96875,0.82,0.3162277660168379,0.7936205532033676,A,True,cu|non specificata|nitrate|dma/dmso|nessuno|80|72|0.25,,curated_project_dataset
POS-0082,470,"4,4'-(naphthalene-2,6-diyl)dibenzonic acid",Non specificata,Cu,Cu(NO3)2·2.5H2O,DMF,Nessuno,85,48.0,0.2,0.6,0.3333,,2.5,nitrate,2.0,Solvothermal,2,curated_development_positive,DEVELOPMENT,1.0,0.875,0.96875,0.82,0.2236067977499789,0.7750963595499958,B,True,cu|non specificata|nitrate|dmf|nessuno|80|48|0.25,,curated_project_dataset
POS-0083,471,Imidazole (3.0) / Benzimidazole (1.0),Non specificata,Zn,Zn(NO3)2·6H2O,DMF,Nessuno,130,48.0,4.0,1.0,4.0,,6.0,nitrate,2.0,Solvothermal,2,curated_development_positive,DEVELOPMENT,1.0,0.875,0.96875,0.82,0.16012815380508713,0.7624006307610174,B,True,zn|non specificata|nitrate|dmf|nessuno|130|48|4.0,,curated_project_dataset
POS-0084,473,2-Ethylimidazole,Non specificata,Zn,Zn(ClO4)2·6H2O,MeOH/NH3,Nessuno,25,24.0,4.0,1.0,4.0,,6.0,perchlorate,,Room Temperature,2,curated_development_positive,DEVELOPMENT,1.0,0.75,0.9375,0.82,0.2773500981126145,0.7702200196225228,B,True,zn|non specificata|perchlorate|meoh/nh3|nessuno|20|24|4.0,,curated_project_dataset
POS-0085,474,4-Methyl-5-imidazolecarboxaldehyde,Non specificata,Zn,Zn(NO3)2·6H2O,DMF,Nessuno,85,24.0,4.0,1.0,4.0,,6.0,nitrate,2.0,Solvothermal,2,curated_development_positive,DEVELOPMENT,1.0,0.875,0.96875,0.82,0.196116135138184,0.7695982270276368,B,True,zn|non specificata|nitrate|dmf|nessuno|80|24|4.0,,curated_project_dataset
POS-0086,475,"Adenine (0.4) / 4,4'-BPDC (0.8)",Non specificata,Zn,Zn(NO3)2·6H2O,DMF,Nessuno,130,24.0,1.2,1.2,1.0,,6.0,nitrate,2.0,Solvothermal,2,curated_development_positive,DEVELOPMENT,1.0,0.875,0.96875,0.82,0.2773500981126145,0.7858450196225228,A,True,zn|non specificata|nitrate|dmf|nessuno|130|24|1.0,,curated_project_dataset
POS-0087,477,"Pyrazine-2,3-dicarboxylic acid",Non specificata,Zn,Zn(NO3)2·6H2O,H2O,Nessuno,140,24.0,1.0,2.0,0.5,,6.0,nitrate,2.0,Hydrothermal,2,curated_development_positive,DEVELOPMENT,1.0,0.875,0.96875,0.82,0.2773500981126145,0.7858450196225228,A,True,zn|non specificata|nitrate|h2o|nessuno|140|24|0.5,,curated_project_dataset
POS-0088,479,BHB-based tetracarboxylate,Non specificata,Cu,Cu(NO3)2·2.5H2O,DMF/Dioxane,Nessuno,65,48.0,0.2,0.8,0.25,,2.5,nitrate,2.0,Solvothermal,2,curated_development_positive,DEVELOPMENT,1.0,0.875,0.96875,0.82,0.3162277660168379,0.7936205532033676,A,True,cu|non specificata|nitrate|dmf/dioxane|nessuno|60|48|0.25,,curated_project_dataset
POS-0089,480,"2,5-Dihydroxyterephthalic acid",Non specificata,Mg,Mg(OAc)2·4H2O,H2O/THF,Nessuno,110,24.0,1.0,3.3,0.303,,4.0,acetate,2.0,Solvothermal,2,curated_development_positive,DEVELOPMENT,1.0,0.875,0.96875,0.82,0.48038446141526137,0.8264518922830523,A,True,mg|non specificata|acetate|h2o/thf|nessuno|110|24|0.25,,curated_project_dataset
POS-0090,481,"2,6-Naphthalenedicarboxylic acid",Non specificata,Al,Al(NO3)3·9H2O,DMF,Nessuno,120,24.0,2.0,2.0,1.0,,9.0,nitrate,3.0,Solvothermal,2,curated_development_positive,DEVELOPMENT,1.0,0.875,0.96875,0.82,0.20134681656420725,0.7706443633128415,B,True,al|non specificata|nitrate|dmf|nessuno|120|24|1.0,,curated_project_dataset
POS-0091,482,"4,4'-Biphenyldicarboxylic acid",Non specificata,Al,Al(NO3)3·9H2O,DMF,Nessuno,120,24.0,2.0,2.0,1.0,,9.0,nitrate,3.0,Solvothermal,2,curated_development_positive,DEVELOPMENT,1.0,0.875,0.96875,0.82,0.20134681656420725,0.7706443633128415,B,True,al|non specificata|nitrate|dmf|nessuno|120|24|1.0,,curated_project_dataset
POS-0092,483,TCPP,Non specificata,Al,Al(NO3)3·9H2O,H2O,Nessuno,180,24.0,0.1,0.5,0.2,,9.0,nitrate,3.0,Hydrothermal,2,curated_development_positive,DEVELOPMENT,1.0,0.875,0.96875,0.82,0.28474739872574967,0.78732447974515,A,True,al|non specificata|nitrate|h2o|nessuno|180|24|0.25,,curated_project_dataset
POS-0093,484,Fumaric acid,Non specificata,Zr,ZrOCl2·8H2O,H2O/Formic acid,Nessuno,100,24.0,2.0,2.0,1.0,,8.0,chloride,2.0,Hydrothermal,2,curated_development_positive,DEVELOPMENT,1.0,0.875,0.96875,0.82,0.23354968324845687,0.7770849366496914,B,True,zr|non specificata|chloride|h2o/formic acid|nessuno|100|24|1.0,,curated_project_dataset
POS-0094,485,"1,4-Benzenedicarboxylic acid (H2BDC)",Non specificata,Ce,Ce(NH4)2(NO3)6,DMF,Nessuno,100,15.0,1.0,1.0,1.0,,0.0,nitrate,,Solvothermal,2,curated_development_positive,DEVELOPMENT,1.0,0.75,0.9375,0.82,1.0,0.91475,A,True,ce|non specificata|nitrate|dmf|nessuno|100|12|1.0,,curated_project_dataset
POS-0095,486,"1,4-Benzenedicarboxylic acid (H2BDC)",Non specificata,Hf,HfCl4,DMF/HCl,Nessuno,120,24.0,1.0,1.0,1.0,,0.0,chloride,4.0,Solvothermal,2,curated_development_positive,DEVELOPMENT,1.0,0.875,0.96875,0.82,0.4082482904638629,0.8120246580927726,A,True,hf|non specificata|chloride|dmf/hcl|nessuno|120|24|1.0,,curated_project_dataset
POS-0096,487,"4,4'-Biphenyldicarboxylic acid",Non specificata,Hf,HfCl4,DMF/HCl,Nessuno,120,24.0,0.8,0.8,1.0,,0.0,chloride,4.0,Solvothermal,2,curated_development_positive,DEVELOPMENT,1.0,0.875,0.96875,0.82,0.4082482904638629,0.8120246580927726,A,True,hf|non specificata|chloride|dmf/hcl|nessuno|120|24|1.0,,curated_project_dataset
POS-0097,488,"2,5-Thiophenedicarboxylic acid",Non specificata,Zr,ZrCl4,DMF/Propanol,Nessuno,120,24.0,1.0,1.0,1.0,,0.0,chloride,4.0,Solvothermal,2,curated_development_positive,DEVELOPMENT,1.0,0.875,0.96875,0.82,0.23354968324845687,0.7770849366496914,B,True,zr|non specificata|chloride|dmf/propanol|nessuno|120|24|1.0,,curated_project_dataset
POS-0098,489,TDPAT,Non specificata,Fe,FeCl3,DMF,Nessuno,120,48.0,0.3,1.0,0.3,,0.0,chloride,3.0,Solvothermal,2,curated_development_positive,DEVELOPMENT,1.0,0.875,0.96875,0.82,0.2886751345948128,0.7881100269189626,A,True,fe|non specificata|chloride|dmf|nessuno|120|48|0.25,,curated_project_dataset
POS-0099,490,TCPP,Non specificata,Zr,ZrCl4,DMF,Nessuno,120,24.0,0.05,0.3,0.1667,,0.0,chloride,4.0,Solvothermal,2,curated_development_positive,DEVELOPMENT,1.0,0.875,0.96875,0.82,0.23354968324845687,0.7770849366496914,B,True,zr|non specificata|chloride|dmf|nessuno|120|24|0.25,,curated_project_dataset
POS-0100,491,TCPP,Non specificata,Zr,ZrOCl2·8H2O,DMF/Benzoic acid,Nessuno,120,24.0,0.05,0.3,0.1667,,8.0,chloride,2.0,Solvothermal,2,curated_development_positive,DEVELOPMENT,1.0,0.875,0.96875,0.82,0.23354968324845687,0.7770849366496914,B,True,zr|non specificata|chloride|dmf/benzoic acid|nessuno|120|24|0.25,,curated_project_dataset
POS-0101,494,H4TBAPy derivative,Non specificata,Zr,ZrOCl2·8H2O,DMF/TFA,Nessuno,120,24.0,0.05,0.25,0.2,,8.0,chloride,2.0,Solvothermal,2,curated_development_positive,DEVELOPMENT,1.0,0.875,0.96875,0.82,0.16514456476895406,0.7634039129537908,B,True,zr|non specificata|chloride|dmf/tfa|nessuno|120|24|0.25,,curated_project_dataset
POS-0102,500,"4,4'-Bipyridine (0.5) / H2BDC (0.5)",Non specificata,Cd,Cd(NO3)2·4H2O,DMF,Nessuno,100,48.0,1.0,1.0,1.0,,4.0,nitrate,2.0,Solvothermal,2,curated_development_positive,DEVELOPMENT,1.0,0.875,0.96875,0.82,1.0,0.930375,A,True,cd|non specificata|nitrate|dmf|nessuno|100|48|1.0,,curated_project_dataset
POS-0103,501,2-Fluoroterephthalic acid,Non specificata,Zr,ZrCl4,DMF/HCl,HCl,120,24.0,1.0,1.0,1.0,,0.0,chloride,4.0,Solvothermal,2,curated_development_positive,DEVELOPMENT,1.0,0.875,0.96875,0.82,0.15,0.760375,B,True,zr|non specificata|chloride|dmf/hcl|hcl|120|24|1.0,,curated_project_dataset
POS-0104,502,"1,2,4,5-Benzenetetracarboxylic acid",Non specificata,Zr,ZrOCl2·8H2O,DMF/H2O,Acido acetico,100,24.0,0.5,1.0,0.5,,8.0,chloride,2.0,Solvothermal,2,curated_development_positive,DEVELOPMENT,1.0,0.875,0.96875,0.82,0.23354968324845687,0.7770849366496914,B,True,zr|non specificata|chloride|dmf/h2o|acido acetico|100|24|0.5,,curated_project_dataset
POS-0105,503,2-Sulfoterephthalic acid monosodium salt,Non specificata,Zr,ZrCl4,DMF/HCl,HCl,120,24.0,1.0,1.0,1.0,,0.0,chloride,4.0,Solvothermal,2,curated_development_positive,DEVELOPMENT,1.0,0.875,0.96875,0.82,0.15,0.760375,B,True,zr|non specificata|chloride|dmf/hcl|hcl|120|24|1.0,,curated_project_dataset
POS-0106,504,"2,5-Dihydroxyterephthalic acid",Non specificata,Zr,ZrOCl2·8H2O,DMF/H2O,Acido benzoico,120,24.0,1.0,1.0,1.0,,8.0,chloride,2.0,Solvothermal,2,curated_development_positive,DEVELOPMENT,1.0,0.875,0.96875,0.82,0.23354968324845687,0.7770849366496914,B,True,zr|non specificata|chloride|dmf/h2o|acido benzoico|120|24|1.0,,curated_project_dataset
POS-0107,505,"1,4-Benzenedicarboxylic acid (H2BDC)",Non specificata,Ce,Ce(NH4)2(NO3)6,DMF,Acido formico,100,15.0,1.0,1.0,1.0,,0.0,nitrate,,Solvothermal,2,curated_development_positive,DEVELOPMENT,1.0,0.75,0.9375,0.82,1.0,0.91475,A,True,ce|non specificata|nitrate|dmf|acido formico|100|12|1.0,,curated_project_dataset
POS-0108,507,"2,5-Dimethylterephthalic acid",Non specificata,Zr,ZrCl4,DMF/HCl,HCl,120,24.0,1.0,1.0,1.0,,0.0,chloride,4.0,Solvothermal,2,curated_development_positive,DEVELOPMENT,1.0,0.875,0.96875,0.82,0.15,0.760375,B,True,zr|non specificata|chloride|dmf/hcl|hcl|120|24|1.0,,curated_project_dataset
POS-0109,508,"2,5-Dinitroterephthalic acid",Non specificata,Zr,ZrCl4,DMF/HCl,HCl,120,24.0,1.0,1.0,1.0,,0.0,chloride,4.0,Solvothermal,2,curated_development_positive,DEVELOPMENT,1.0,0.875,0.96875,0.82,0.15,0.760375,B,True,zr|non specificata|chloride|dmf/hcl|hcl|120|24|1.0,,curated_project_dataset
POS-0110,509,"2-Amino-[1,1'-biphenyl]-4,4'-dicarboxylic acid",Non specificata,Zr,ZrCl4,DMF/HCl,HCl,120,24.0,0.5,0.5,1.0,,0.0,chloride,4.0,Solvothermal,2,curated_development_positive,DEVELOPMENT,1.0,0.875,0.96875,0.82,0.15,0.760375,B,True,zr|non specificata|chloride|dmf/hcl|hcl|120|24|1.0,,curated_project_dataset
POS-0111,510,"3,3'-Dimethyl-[1,1'-biphenyl]-4,4'-dicarboxylic acid",Non specificata,Zr,ZrCl4,DMF/HCl,Acido benzoico,120,24.0,0.5,0.5,1.0,,0.0,chloride,4.0,Solvothermal,2,curated_development_positive,DEVELOPMENT,1.0,0.875,0.96875,0.82,0.16514456476895406,0.7634039129537908,B,True,zr|non specificata|chloride|dmf/hcl|acido benzoico|120|24|1.0,,curated_project_dataset
POS-0112,511,"2'-Amino-[1,1':4',1''-terphenyl]-4,4''-dicarboxylic acid",Non specificata,Zr,ZrCl4,DMF/HCl,Acido benzoico,120,24.0,0.3,0.3,1.0,,0.0,chloride,4.0,Solvothermal,2,curated_development_positive,DEVELOPMENT,1.0,0.875,0.96875,0.82,0.16514456476895406,0.7634039129537908,B,True,zr|non specificata|chloride|dmf/hcl|acido benzoico|120|24|1.0,,curated_project_dataset
POS-0113,512,"2,6-Naphthalenedicarboxylic acid",Non specificata,Zr,ZrCl4,DMF/Acetic acid,Acido acetico,120,24.0,1.0,1.0,1.0,,0.0,chloride,4.0,Solvothermal,2,curated_development_positive,DEVELOPMENT,1.0,0.875,0.96875,0.82,0.23354968324845687,0.7770849366496914,B,True,zr|non specificata|chloride|dmf/acetic acid|acido acetico|120|24|1.0,,curated_project_dataset
POS-0114,513,"2,6-Naphthalenedicarboxylic acid",Non specificata,Hf,HfCl4,DMF/Acetic acid,Acido acetico,120,24.0,1.0,1.0,1.0,,0.0,chloride,4.0,Solvothermal,2,curated_development_positive,DEVELOPMENT,1.0,0.875,0.96875,0.82,0.5773502691896256,0.8458450538379252,A,True,hf|non specificata|chloride|dmf/acetic acid|acido acetico|120|24|1.0,,curated_project_dataset
POS-0115,514,Fumaric acid,Non specificata,Zr,ZrOCl2·8H2O,H2O/Formic acid,Acido formico,100,24.0,2.0,2.0,1.0,,8.0,chloride,2.0,Hydrothermal,2,curated_development_positive,DEVELOPMENT,1.0,0.875,0.96875,0.82,0.23354968324845687,0.7770849366496914,B,True,zr|non specificata|chloride|h2o/formic acid|acido formico|100|24|1.0,,curated_project_dataset
POS-0116,515,Fumaric acid,Non specificata,Hf,HfCl4,DMF/Formic acid,Acido formico,120,24.0,2.0,2.0,1.0,,0.0,chloride,4.0,Solvothermal,2,curated_development_positive,DEVELOPMENT,1.0,0.875,0.96875,0.82,0.4082482904638629,0.8120246580927726,A,True,hf|non specificata|chloride|dmf/formic acid|acido formico|120|24|1.0,,curated_project_dataset
POS-0117,516,5-Aminoisophthalic acid,Non specificata,Zr,ZrOCl2·8H2O,DMF/Formic acid,Acido formico,100,24.0,0.5,1.0,0.5,,8.0,chloride,2.0,Solvothermal,2,curated_development_positive,DEVELOPMENT,1.0,0.875,0.96875,0.82,0.23354968324845687,0.7770849366496914,B,True,zr|non specificata|chloride|dmf/formic acid|acido formico|100|24|0.5,,curated_project_dataset
POS-0118,518,"Pyrazole-3,5-dicarboxylic acid",Non specificata,Hf,HfCl4,DMF/Formic acid,Acido formico,120,24.0,1.0,1.0,1.0,,0.0,chloride,4.0,Solvothermal,2,curated_development_positive,DEVELOPMENT,1.0,0.875,0.96875,0.82,0.4082482904638629,0.8120246580927726,A,True,hf|non specificata|chloride|dmf/formic acid|acido formico|120|24|1.0,,curated_project_dataset
POS-0119,519,"1,3,6,8-tetrakis(p-benzoic acid)pyrene",Non specificata,Hf,HfCl4,DMF/TFA,TFA,120,18.0,0.06,0.3,0.2,,0.0,chloride,4.0,Solvothermal,2,curated_development_positive,DEVELOPMENT,1.0,0.875,0.96875,0.82,0.5773502691896256,0.8458450538379252,A,True,hf|non specificata|chloride|dmf/tfa|tfa|120|18|0.25,,curated_project_dataset
POS-0120,520,"1,3,6,8-tetrakis(p-benzoic acid)pyrene",Non specificata,Zr,ZrOCl2·8H2O,DMF/Benzoic acid,Acido benzoico,120,18.0,0.05,0.25,0.2,,8.0,chloride,2.0,Solvothermal,2,curated_development_positive,DEVELOPMENT,1.0,0.875,0.96875,0.82,0.23354968324845687,0.7770849366496914,B,True,zr|non specificata|chloride|dmf/benzoic acid|acido benzoico|120|18|0.25,,curated_project_dataset
POS-0121,521,2-Methylimidazole,Non specificata,Co,Co(NO3)2·6H2O,H2O/MeOH,Acido formico,150,12.0,4.0,2.5,1.6,,6.0,nitrate,2.0,Precipitation,2,curated_development_positive,DEVELOPMENT,1.0,0.875,0.96875,0.82,0.3162277660168379,0.7936205532033676,A,True,co|non specificata|nitrate|h2o/meoh|acido formico|150|12|1.5,,curated_project_dataset
POS-0122,522,Benzimidazole,Non specificata,Co,Co(OAc)2·4H2O,MeCN,Acido benzoico,25,48.0,2.0,2.5,0.8,,4.0,acetate,2.0,Room Temperature,2,curated_development_positive,DEVELOPMENT,1.0,0.875,0.96875,0.82,0.3162277660168379,0.7936205532033676,A,True,co|non specificata|acetate|mecn|acido benzoico|20|48|0.75,,curated_project_dataset
POS-0123,524,"2,5-Dihydroxyterephthalic acid (H4DOBDC)",Non specificata,Ni,Ni(OAc)2·4H2O,DEF,Trietilammina (TEA),100,48.0,1.0,5.0,0.2,,4.0,acetate,2.0,Sonochemical,2,curated_development_positive,DEVELOPMENT,1.0,0.875,0.96875,0.82,0.3396831102433787,0.7983116220486758,A,True,ni|non specificata|acetate|def|trietilammina (tea)|100|48|0.25,,curated_project_dataset
POS-0124,525,"4,4'-Biphenyldicarboxylic acid (H2BPDC)",Non specificata,Fe,FeCl3·6H2O,MeOH,Trietilammina (TEA),120,4.0,1.5,5.0,0.3,,6.0,chloride,3.0,Solvothermal,2,curated_development_positive,DEVELOPMENT,1.0,0.875,0.96875,0.82,0.2886751345948128,0.7881100269189626,A,True,fe|non specificata|chloride|meoh|trietilammina (tea)|120|6|0.25,,curated_project_dataset
POS-0125,526,"2,6-Naphthalenedicarboxylic acid (2,6-NDC)",Non specificata,Fe,Fe(NO3)3·9H2O,EtOH,HNO3,130,4.0,1.5,5.0,0.3,,9.0,nitrate,3.0,Hydrothermal,2,curated_development_positive,DEVELOPMENT,1.0,0.875,0.96875,0.82,0.2886751345948128,0.7881100269189626,A,True,fe|non specificata|nitrate|etoh|hno3|130|6|0.25,,curated_project_dataset
POS-0126,527,Fumaric acid,Non specificata,Al,Al(NO3)3·9H2O,H2O,Nessuno,60,24.0,1.5,2.5,0.6,,9.0,nitrate,3.0,Precipitation,2,curated_development_positive,DEVELOPMENT,1.0,0.875,0.96875,0.82,0.28474739872574967,0.78732447974515,A,True,al|non specificata|nitrate|h2o|nessuno|60|24|0.5,,curated_project_dataset
POS-0127,528,Isophthalic acid,Non specificata,Al,AlCl3·6H2O,DMF/H2O/EtOH,Acido benzoico,25,2.0,1.0,1.5,0.6667,,6.0,chloride,3.0,Room Temperature,2,curated_development_positive,DEVELOPMENT,1.0,0.875,0.96875,0.82,0.28474739872574967,0.78732447974515,A,True,al|non specificata|chloride|dmf/h2o/etoh|acido benzoico|20|0|0.75,,curated_project_dataset
POS-0128,529,5-Nitroisophthalic acid,Non specificata,Zr,ZrCl4,DMF/H2O,Acido formico,85,36.0,0.25,2.0,0.125,,0.0,chloride,4.0,Microwave,2,curated_development_positive,DEVELOPMENT,1.0,0.875,0.96875,0.82,0.23354968324845687,0.7770849366496914,B,True,zr|non specificata|chloride|dmf/h2o|acido formico|80|36|0.0,,curated_project_dataset
POS-0129,530,5-Aminoisophthalic acid,Non specificata,Zr,ZrOCl2·8H2O,DMA,Nessuno,120,6.0,2.0,4.0,0.5,,8.0,chloride,2.0,Sonochemical,2,curated_development_positive,DEVELOPMENT,1.0,0.875,0.96875,0.82,0.23354968324845687,0.7770849366496914,B,True,zr|non specificata|chloride|dma|nessuno|120|6|0.5,,curated_project_dataset
POS-0130,531,Imidazole-2-carboxaldehyde,Non specificata,Mg,Mg(NO3)2·6H2O,H2O/THF,HCl,150,4.0,0.25,2.0,0.125,,6.0,nitrate,2.0,Solvothermal,2,curated_development_positive,DEVELOPMENT,1.0,0.875,0.96875,0.82,0.48038446141526137,0.8264518922830523,A,True,mg|non specificata|nitrate|h2o/thf|hcl|150|6|0.0,,curated_project_dataset
POS-0131,532,"4,4',4''-Triaminotriphenylamine",Non specificata,Mn,Mn(OAc)2·4H2O,H2O/MeOH,Acido acetico,80,72.0,2.0,1.0,2.0,,4.0,acetate,2.0,Hydrothermal,2,curated_development_positive,DEVELOPMENT,1.0,0.875,0.96875,0.82,0.5,0.830375,A,True,mn|non specificata|acetate|h2o/meoh|acido acetico|80|72|2.0,,curated_project_dataset
POS-0132,534,"Pyrazine-2,3-dicarboxylic acid",Non specificata,Zn,Zn(OAc)2·2H2O,DMF,HCl,25,6.0,0.25,3.0,0.0833,,2.0,acetate,2.0,Room Temperature,2,curated_development_positive,DEVELOPMENT,1.0,0.875,0.96875,0.82,0.2773500981126145,0.7858450196225228,A,True,zn|non specificata|acetate|dmf|hcl|20|6|0.0,,curated_project_dataset
POS-0133,535,"4,4'-Bipyridine",Non specificata,Cu,Cu(NO3)2·2.5H2O,DEF,Trietilammina (TEA),80,48.0,0.5,2.0,0.25,,2.5,nitrate,2.0,Microwave,2,curated_development_positive,DEVELOPMENT,1.0,0.875,0.96875,0.82,0.3162277660168379,0.7936205532033676,A,True,cu|non specificata|nitrate|def|trietilammina (tea)|80|48|0.25,,curated_project_dataset
POS-0134,536,"1,2,4-Triazole",Non specificata,Cu,Cu(OAc)2·H2O,MeOH,Trietilammina (TEA),130,24.0,1.5,1.0,1.5,,1.0,acetate,2.0,Sonochemical,2,curated_development_positive,DEVELOPMENT,1.0,0.875,0.96875,0.82,0.3162277660168379,0.7936205532033676,A,True,cu|non specificata|acetate|meoh|trietilammina (tea)|130|24|1.5,,curated_project_dataset
POS-0135,537,"1,4-Benzenedicarboxylic acid (H2BDC)",Non specificata,Co,Co(NO3)2·6H2O,EtOH,HCl,80,4.0,3.0,1.0,3.0,,6.0,nitrate,2.0,Solvothermal,2,curated_development_positive,DEVELOPMENT,1.0,0.875,0.96875,0.82,0.3162277660168379,0.7936205532033676,A,True,co|non specificata|nitrate|etoh|hcl|80|6|3.0,,curated_project_dataset
POS-0136,539,2-Methylimidazole,Non specificata,Ni,Ni(NO3)2·6H2O,DMF/H2O/EtOH,Acido acetico,180,18.0,2.0,5.0,0.4,,6.0,nitrate,2.0,Precipitation,2,curated_development_positive,DEVELOPMENT,1.0,0.875,0.96875,0.82,0.3396831102433787,0.7983116220486758,A,True,ni|non specificata|nitrate|dmf/h2o/etoh|acido acetico|180|18|0.5,,curated_project_dataset
POS-0137,540,Benzimidazole,Non specificata,Ni,Ni(OAc)2·4H2O,DMF/H2O,Nessuno,25,18.0,0.5,5.0,0.1,,4.0,acetate,2.0,Room Temperature,2,curated_development_positive,DEVELOPMENT,1.0,0.875,0.96875,0.82,0.3396831102433787,0.7983116220486758,A,True,ni|non specificata|acetate|dmf/h2o|nessuno|20|18|0.0,,curated_project_dataset
POS-0138,542,"2,5-Dihydroxyterephthalic acid (H4DOBDC)",Non specificata,Fe,Fe(NO3)3·9H2O,H2O/THF,Acido formico,180,2.0,4.0,2.0,2.0,,9.0,nitrate,3.0,Sonochemical,2,curated_development_positive,DEVELOPMENT,1.0,0.875,0.96875,0.82,0.2886751345948128,0.7881100269189626,A,True,fe|non specificata|nitrate|h2o/thf|acido formico|180|0|2.0,,curated_project_dataset
POS-0139,543,"4,4'-Biphenyldicarboxylic acid (H2BPDC)",Non specificata,Al,Al(NO3)3·9H2O,H2O/MeOH,Acido formico,85,2.0,1.0,5.0,0.2,,9.0,nitrate,3.0,Solvothermal,2,curated_development_positive,DEVELOPMENT,1.0,0.875,0.96875,0.82,0.28474739872574967,0.78732447974515,A,True,al|non specificata|nitrate|h2o/meoh|acido formico|80|0|0.25,,curated_project_dataset
POS-0140,544,"2,6-Naphthalenedicarboxylic acid (2,6-NDC)",Non specificata,Al,AlCl3·6H2O,MeCN,Acido acetico,60,18.0,4.0,1.0,4.0,,6.0,chloride,3.0,Hydrothermal,2,curated_development_positive,DEVELOPMENT,1.0,0.875,0.96875,0.82,0.28474739872574967,0.78732447974515,A,True,al|non specificata|chloride|mecn|acido acetico|60|18|4.0,,curated_project_dataset
POS-0141,545,Fumaric acid,Non specificata,Zr,ZrCl4,DMF,Acido acetico,200,36.0,1.5,0.5,3.0,,0.0,chloride,4.0,Precipitation,2,curated_development_positive,DEVELOPMENT,1.0,0.875,0.96875,0.82,0.23354968324845687,0.7770849366496914,B,True,zr|non specificata|chloride|dmf|acido acetico|200|36|3.0,,curated_project_dataset
POS-0142,546,Isophthalic acid,Non specificata,Zr,ZrOCl2·8H2O,DEF,Acido benzoico,25,2.0,4.0,5.0,0.8,,8.0,chloride,2.0,Room Temperature,2,curated_development_positive,DEVELOPMENT,1.0,0.875,0.96875,0.82,0.23354968324845687,0.7770849366496914,B,True,zr|non specificata|chloride|def|acido benzoico|20|0|0.75,,curated_project_dataset
POS-0143,547,5-Nitroisophthalic acid,Non specificata,Mg,Mg(NO3)2·6H2O,MeOH,Trietilammina (TEA),180,18.0,1.5,1.5,1.0,,6.0,nitrate,2.0,Microwave,2,curated_development_positive,DEVELOPMENT,1.0,0.875,0.96875,0.82,0.48038446141526137,0.8264518922830523,A,True,mg|non specificata|nitrate|meoh|trietilammina (tea)|180|18|1.0,,curated_project_dataset
POS-0144,548,5-Aminoisophthalic acid,Non specificata,Mn,Mn(OAc)2·4H2O,EtOH,Acido benzoico,85,2.0,2.0,1.5,1.3333,,4.0,acetate,2.0,Sonochemical,2,curated_development_positive,DEVELOPMENT,1.0,0.875,0.96875,0.82,0.5,0.830375,A,True,mn|non specificata|acetate|etoh|acido benzoico|80|0|1.25,,curated_project_dataset
POS-0145,549,Imidazole-2-carboxaldehyde,Non specificata,Zn,Zn(NO3)2·6H2O,H2O,Acido benzoico,85,2.0,0.5,2.5,0.2,,6.0,nitrate,2.0,Solvothermal,2,curated_development_positive,DEVELOPMENT,1.0,0.875,0.96875,0.82,0.2773500981126145,0.7858450196225228,A,True,zn|non specificata|nitrate|h2o|acido benzoico|80|0|0.25,,curated_project_dataset
POS-0146,550,"4,4',4''-Triaminotriphenylamine",Non specificata,Zn,Zn(OAc)2·2H2O,DMF/H2O/EtOH,Acido acetico,150,72.0,4.0,4.0,1.0,,2.0,acetate,2.0,Hydrothermal,2,curated_development_positive,DEVELOPMENT,1.0,0.875,0.96875,0.82,0.2773500981126145,0.7858450196225228,A,True,zn|non specificata|acetate|dmf/h2o/etoh|acido acetico|150|72|1.0,,curated_project_dataset
POS-0147,552,"Pyrazine-2,3-dicarboxylic acid",Non specificata,Cu,Cu(OAc)2·H2O,DMA,Acido benzoico,25,12.0,2.0,3.0,0.6667,,1.0,acetate,2.0,Room Temperature,2,curated_development_positive,DEVELOPMENT,1.0,0.875,0.96875,0.82,0.3162277660168379,0.7936205532033676,A,True,cu|non specificata|acetate|dma|acido benzoico|20|12|0.75,,curated_project_dataset
POS-0148,553,"4,4'-Bipyridine",Non specificata,Co,Co(NO3)2·6H2O,H2O/THF,Acido formico,150,12.0,4.0,2.5,1.6,,6.0,nitrate,2.0,Microwave,2,curated_development_positive,DEVELOPMENT,1.0,0.875,0.96875,0.82,0.3162277660168379,0.7936205532033676,A,True,co|non specificata|nitrate|h2o/thf|acido formico|150|12|1.5,,curated_project_dataset
POS-0149,554,"1,2,4-Triazole",Non specificata,Co,Co(OAc)2·4H2O,H2O/MeOH,Acido acetico,85,24.0,0.5,2.0,0.25,,4.0,acetate,2.0,Sonochemical,2,curated_development_positive,DEVELOPMENT,1.0,0.875,0.96875,0.82,0.3162277660168379,0.7936205532033676,A,True,co|non specificata|acetate|h2o/meoh|acido acetico|80|24|0.25,,curated_project_dataset
POS-0150,555,"1,4-Benzenedicarboxylic acid (H2BDC)",Non specificata,Ni,Ni(NO3)2·6H2O,MeCN,HCl,200,18.0,1.5,3.0,0.5,,6.0,nitrate,2.0,Solvothermal,2,curated_development_positive,DEVELOPMENT,1.0,0.875,0.96875,0.82,0.3396831102433787,0.7983116220486758,A,True,ni|non specificata|nitrate|mecn|hcl|200|18|0.5,,curated_project_dataset
POS-0151,557,2-Methylimidazole,Non specificata,Fe,FeCl3·6H2O,DEF,Trietilammina (TEA),60,2.0,1.0,0.5,2.0,,6.0,chloride,3.0,Precipitation,2,curated_development_positive,DEVELOPMENT,1.0,0.875,0.96875,0.82,0.2886751345948128,0.7881100269189626,A,True,fe|non specificata|chloride|def|trietilammina (tea)|60|0|2.0,,curated_project_dataset
POS-0152,558,Benzimidazole,Non specificata,Fe,Fe(NO3)3·9H2O,MeOH,Nessuno,25,72.0,2.0,2.0,1.0,,9.0,nitrate,3.0,Room Temperature,2,curated_development_positive,DEVELOPMENT,1.0,0.875,0.96875,0.82,0.2886751345948128,0.7881100269189626,A,True,fe|non specificata|nitrate|meoh|nessuno|20|72|1.0,,curated_project_dataset
POS-0153,560,"2,5-Dihydroxyterephthalic acid (H4DOBDC)",Non specificata,Al,AlCl3·6H2O,H2O,HCl,120,2.0,0.5,1.5,0.3333,,6.0,chloride,3.0,Sonochemical,2,curated_development_positive,DEVELOPMENT,1.0,0.875,0.96875,0.82,0.28474739872574967,0.78732447974515,A,True,al|non specificata|chloride|h2o|hcl|120|0|0.25,,curated_project_dataset
POS-0154,561,"4,4'-Biphenyldicarboxylic acid (H2BPDC)",Non specificata,Zr,ZrCl4,DMF/H2O/EtOH,HCl,180,24.0,0.25,5.0,0.05,,0.0,chloride,4.0,Solvothermal,2,curated_development_positive,DEVELOPMENT,1.0,0.875,0.96875,0.82,0.23354968324845687,0.7770849366496914,B,True,zr|non specificata|chloride|dmf/h2o/etoh|hcl|180|24|0.0,,curated_project_dataset
POS-0155,562,"2,6-Naphthalenedicarboxylic acid (2,6-NDC)",Non specificata,Zr,ZrOCl2·8H2O,DMF/H2O,HCl,60,2.0,1.5,1.0,1.5,,8.0,chloride,2.0,Hydrothermal,2,curated_development_positive,DEVELOPMENT,1.0,0.875,0.96875,0.82,0.23354968324845687,0.7770849366496914,B,True,zr|non specificata|chloride|dmf/h2o|hcl|60|0|1.5,,curated_project_dataset
POS-0156,563,Fumaric acid,Non specificata,Mg,Mg(NO3)2·6H2O,DMA,HNO3,150,4.0,0.25,1.5,0.1667,,6.0,nitrate,2.0,Precipitation,2,curated_development_positive,DEVELOPMENT,1.0,0.875,0.96875,0.82,0.48038446141526137,0.8264518922830523,A,True,mg|non specificata|nitrate|dma|hno3|150|6|0.25,,curated_project_dataset
POS-0157,564,Isophthalic acid,Non specificata,Mn,Mn(OAc)2·4H2O,H2O/THF,Acido formico,25,2.0,0.25,5.0,0.05,,4.0,acetate,2.0,Room Temperature,2,curated_development_positive,DEVELOPMENT,1.0,0.875,0.96875,0.82,0.5,0.830375,A,True,mn|non specificata|acetate|h2o/thf|acido formico|20|0|0.0,,curated_project_dataset
POS-0158,565,5-Nitroisophthalic acid,Non specificata,Zn,Zn(NO3)2·6H2O,H2O/MeOH,Trietilammina (TEA),60,4.0,1.5,1.0,1.5,,6.0,nitrate,2.0,Microwave,2,curated_development_positive,DEVELOPMENT,1.0,0.875,0.96875,0.82,0.2773500981126145,0.7858450196225228,A,True,zn|non specificata|nitrate|h2o/meoh|trietilammina (tea)|60|6|1.5,,curated_project_dataset
POS-0159,566,5-Aminoisophthalic acid,Non specificata,Zn,Zn(OAc)2·2H2O,MeCN,Nessuno,150,18.0,0.25,5.0,0.05,,2.0,acetate,2.0,Sonochemical,2,curated_development_positive,DEVELOPMENT,1.0,0.875,0.96875,0.82,0.2773500981126145,0.7858450196225228,A,True,zn|non specificata|acetate|mecn|nessuno|150|18|0.0,,curated_project_dataset
POS-0160,567,Imidazole-2-carboxaldehyde,Non specificata,Cu,Cu(NO3)2·2.5H2O,DMF,Acido acetico,85,4.0,1.5,2.5,0.6,,2.5,nitrate,2.0,Solvothermal,2,curated_development_positive,DEVELOPMENT,1.0,0.875,0.96875,0.82,0.3162277660168379,0.7936205532033676,A,True,cu|non specificata|nitrate|dmf|acido acetico|80|6|0.5,,curated_project_dataset
POS-0161,568,"4,4',4''-Triaminotriphenylamine",Non specificata,Cu,Cu(OAc)2·H2O,DEF,Acido formico,130,36.0,4.0,2.0,2.0,,1.0,acetate,2.0,Hydrothermal,2,curated_development_positive,DEVELOPMENT,1.0,0.875,0.96875,0.82,0.3162277660168379,0.7936205532033676,A,True,cu|non specificata|acetate|def|acido formico|130|36|2.0,,curated_project_dataset
POS-0162,570,"Pyrazine-2,3-dicarboxylic acid",Non specificata,Co,Co(OAc)2·4H2O,EtOH,Trietilammina (TEA),25,12.0,3.0,1.0,3.0,,4.0,acetate,2.0,Room Temperature,2,curated_development_positive,DEVELOPMENT,1.0,0.875,0.96875,0.82,0.3162277660168379,0.7936205532033676,A,True,co|non specificata|acetate|etoh|trietilammina (tea)|20|12|3.0,,curated_project_dataset
POS-0163,571,"4,4'-Bipyridine",Non specificata,Ni,Ni(NO3)2·6H2O,H2O,Trietilammina (TEA),60,72.0,1.0,2.0,0.5,,6.0,nitrate,2.0,Microwave,2,curated_development_positive,DEVELOPMENT,1.0,0.875,0.96875,0.82,0.3396831102433787,0.7983116220486758,A,True,ni|non specificata|nitrate|h2o|trietilammina (tea)|60|72|0.5,,curated_project_dataset
POS-0164,572,"1,2,4-Triazole",Non specificata,Ni,Ni(OAc)2·4H2O,DMF/H2O/EtOH,HCl,85,12.0,1.0,2.0,0.5,,4.0,acetate,2.0,Sonochemical,2,curated_development_positive,DEVELOPMENT,1.0,0.875,0.96875,0.82,0.3396831102433787,0.7983116220486758,A,True,ni|non specificata|acetate|dmf/h2o/etoh|hcl|80|12|0.5,,curated_project_dataset
POS-0165,573,"1,4-Benzenedicarboxylic acid (H2BDC)",Non specificata,Fe,FeCl3·6H2O,DMF/H2O,HCl,85,6.0,1.0,4.0,0.25,,6.0,chloride,3.0,Solvothermal,2,curated_development_positive,DEVELOPMENT,1.0,0.875,0.96875,0.82,0.2886751345948128,0.7881100269189626,A,True,fe|non specificata|chloride|dmf/h2o|hcl|80|6|0.25,,curated_project_dataset
POS-0166,575,2-Methylimidazole,Non specificata,Al,Al(NO3)3·9H2O,H2O/THF,HCl,80,48.0,1.0,0.5,2.0,,9.0,nitrate,3.0,Precipitation,2,curated_development_positive,DEVELOPMENT,1.0,0.875,0.96875,0.82,0.28474739872574967,0.78732447974515,A,True,al|non specificata|nitrate|h2o/thf|hcl|80|48|2.0,,curated_project_dataset
POS-0167,576,Benzimidazole,Non specificata,Al,AlCl3·6H2O,H2O/MeOH,Acido benzoico,25,72.0,0.5,0.5,1.0,,6.0,chloride,3.0,Room Temperature,2,curated_development_positive,DEVELOPMENT,1.0,0.875,0.96875,0.82,0.28474739872574967,0.78732447974515,A,True,al|non specificata|chloride|h2o/meoh|acido benzoico|20|72|1.0,,curated_project_dataset
POS-0168,578,"2,5-Dihydroxyterephthalic acid (H4DOBDC)",Non specificata,Zr,ZrOCl2·8H2O,DMF,Trietilammina (TEA),100,2.0,0.25,1.0,0.25,,8.0,chloride,2.0,Sonochemical,2,curated_development_positive,DEVELOPMENT,1.0,0.875,0.96875,0.82,0.23354968324845687,0.7770849366496914,B,True,zr|non specificata|chloride|dmf|trietilammina (tea)|100|0|0.25,,curated_project_dataset
POS-0169,579,"4,4'-Biphenyldicarboxylic acid (H2BPDC)",Non specificata,Mg,Mg(NO3)2·6H2O,DEF,Acido benzoico,120,18.0,1.0,5.0,0.2,,6.0,nitrate,2.0,Solvothermal,2,curated_development_positive,DEVELOPMENT,1.0,0.875,0.96875,0.82,0.48038446141526137,0.8264518922830523,A,True,mg|non specificata|nitrate|def|acido benzoico|120|18|0.25,,curated_project_dataset
POS-0170,580,"2,6-Naphthalenedicarboxylic acid (2,6-NDC)",Non specificata,Mn,Mn(OAc)2·4H2O,MeOH,Acido formico,200,72.0,1.0,1.5,0.6667,,4.0,acetate,2.0,Hydrothermal,2,curated_development_positive,DEVELOPMENT,1.0,0.875,0.96875,0.82,0.5,0.830375,A,True,mn|non specificata|acetate|meoh|acido formico|200|72|0.75,,curated_project_dataset
POS-0171,581,Fumaric acid,Non specificata,Zn,Zn(NO3)2·6H2O,EtOH,HCl,100,48.0,0.25,3.0,0.0833,,6.0,nitrate,2.0,Precipitation,2,curated_development_positive,DEVELOPMENT,1.0,0.875,0.96875,0.82,0.2773500981126145,0.7858450196225228,A,True,zn|non specificata|nitrate|etoh|hcl|100|48|0.0,,curated_project_dataset
POS-0172,582,Isophthalic acid,Non specificata,Zn,Zn(OAc)2·2H2O,H2O,Trietilammina (TEA),25,2.0,1.5,5.0,0.3,,2.0,acetate,2.0,Room Temperature,2,curated_development_positive,DEVELOPMENT,1.0,0.875,0.96875,0.82,0.2773500981126145,0.7858450196225228,A,True,zn|non specificata|acetate|h2o|trietilammina (tea)|20|0|0.25,,curated_project_dataset
POS-0173,583,5-Nitroisophthalic acid,Non specificata,Cu,Cu(NO3)2·2.5H2O,DMF/H2O/EtOH,Trietilammina (TEA),180,12.0,1.0,3.0,0.3333,,2.5,nitrate,2.0,Microwave,2,curated_development_positive,DEVELOPMENT,1.0,0.875,0.96875,0.82,0.3162277660168379,0.7936205532033676,A,True,cu|non specificata|nitrate|dmf/h2o/etoh|trietilammina (tea)|180|12|0.25,,curated_project_dataset
POS-0174,584,5-Aminoisophthalic acid,Non specificata,Cu,Cu(OAc)2·H2O,DMF/H2O,Acido acetico,200,6.0,2.0,0.5,4.0,,1.0,acetate,2.0,Sonochemical,2,curated_development_positive,DEVELOPMENT,1.0,0.875,0.96875,0.82,0.3162277660168379,0.7936205532033676,A,True,cu|non specificata|acetate|dmf/h2o|acido acetico|200|6|4.0,,curated_project_dataset
POS-0175,585,Imidazole-2-carboxaldehyde,Non specificata,Co,Co(NO3)2·6H2O,DMA,HNO3,80,4.0,1.0,3.0,0.3333,,6.0,nitrate,2.0,Solvothermal,2,curated_development_positive,DEVELOPMENT,1.0,0.875,0.96875,0.82,0.3162277660168379,0.7936205532033676,A,True,co|non specificata|nitrate|dma|hno3|80|6|0.25,,curated_project_dataset
POS-0176,586,"4,4',4''-Triaminotriphenylamine",Non specificata,Co,Co(OAc)2·4H2O,H2O/THF,Nessuno,200,12.0,1.5,0.5,3.0,,4.0,acetate,2.0,Hydrothermal,2,curated_development_positive,DEVELOPMENT,1.0,0.875,0.96875,0.82,0.3162277660168379,0.7936205532033676,A,True,co|non specificata|acetate|h2o/thf|nessuno|200|12|3.0,,curated_project_dataset
POS-0177,588,"Pyrazine-2,3-dicarboxylic acid",Non specificata,Ni,Ni(OAc)2·4H2O,MeCN,HCl,25,2.0,0.25,5.0,0.05,,4.0,acetate,2.0,Room Temperature,2,curated_development_positive,DEVELOPMENT,1.0,0.875,0.96875,0.82,0.3396831102433787,0.7983116220486758,A,True,ni|non specificata|acetate|mecn|hcl|20|0|0.0,,curated_project_dataset
POS-0178,589,"4,4'-Bipyridine",Non specificata,Fe,FeCl3·6H2O,DMF,Trietilammina (TEA),85,24.0,3.0,4.0,0.75,,6.0,chloride,3.0,Microwave,2,curated_development_positive,DEVELOPMENT,1.0,0.875,0.96875,0.82,0.2886751345948128,0.7881100269189626,A,True,fe|non specificata|chloride|dmf|trietilammina (tea)|80|24|0.75,,curated_project_dataset
POS-0179,590,"1,2,4-Triazole",Non specificata,Fe,Fe(NO3)3·9H2O,DEF,Trietilammina (TEA),130,24.0,1.0,2.5,0.4,,9.0,nitrate,3.0,Sonochemical,2,curated_development_positive,DEVELOPMENT,1.0,0.875,0.96875,0.82,0.2886751345948128,0.7881100269189626,A,True,fe|non specificata|nitrate|def|trietilammina (tea)|130|24|0.5,,curated_project_dataset
POS-0180,591,"1,4-Benzenedicarboxylic acid (H2BDC)",Non specificata,Al,Al(NO3)3·9H2O,MeOH,Nessuno,180,4.0,3.0,2.5,1.2,,9.0,nitrate,3.0,Solvothermal,2,curated_development_positive,DEVELOPMENT,1.0,0.875,0.96875,0.82,0.28474739872574967,0.78732447974515,A,True,al|non specificata|nitrate|meoh|nessuno|180|6|1.25,,curated_project_dataset
POS-0181,593,2-Methylimidazole,Non specificata,Zr,ZrCl4,H2O,Nessuno,100,6.0,0.25,5.0,0.05,,0.0,chloride,4.0,Precipitation,2,curated_development_positive,DEVELOPMENT,1.0,0.875,0.96875,0.82,0.23354968324845687,0.7770849366496914,B,True,zr|non specificata|chloride|h2o|nessuno|100|6|0.0,,curated_project_dataset
POS-0182,594,Benzimidazole,Non specificata,Zr,ZrOCl2·8H2O,DMF/H2O/EtOH,HCl,25,18.0,1.0,3.0,0.3333,,8.0,chloride,2.0,Room Temperature,2,curated_development_positive,DEVELOPMENT,1.0,0.875,0.96875,0.82,0.23354968324845687,0.7770849366496914,B,True,zr|non specificata|chloride|dmf/h2o/etoh|hcl|20|18|0.25,,curated_project_dataset
POS-0183,596,"2,5-Dihydroxyterephthalic acid (H4DOBDC)",Non specificata,Mn,Mn(OAc)2·4H2O,DMA,HCl,120,6.0,0.25,2.0,0.125,,4.0,acetate,2.0,Sonochemical,2,curated_development_positive,DEVELOPMENT,1.0,0.875,0.96875,0.82,0.5,0.830375,A,True,mn|non specificata|acetate|dma|hcl|120|6|0.0,,curated_project_dataset
POS-0184,597,"4,4'-Biphenyldicarboxylic acid (H2BPDC)",Non specificata,Zn,Zn(NO3)2·6H2O,H2O/THF,Acido acetico,120,36.0,1.0,0.5,2.0,,6.0,nitrate,2.0,Solvothermal,2,curated_development_positive,DEVELOPMENT,1.0,0.875,0.96875,0.82,0.2773500981126145,0.7858450196225228,A,True,zn|non specificata|nitrate|h2o/thf|acido acetico|120|36|2.0,,curated_project_dataset
POS-0185,598,"2,6-Naphthalenedicarboxylic acid (2,6-NDC)",Non specificata,Zn,Zn(OAc)2·2H2O,H2O/MeOH,Trietilammina (TEA),200,24.0,1.0,1.0,1.0,,2.0,acetate,2.0,Hydrothermal,2,curated_development_positive,DEVELOPMENT,1.0,0.875,0.96875,0.82,0.2773500981126145,0.7858450196225228,A,True,zn|non specificata|acetate|h2o/meoh|trietilammina (tea)|200|24|1.0,,curated_project_dataset
POS-0186,599,Fumaric acid,Non specificata,Cu,Cu(NO3)2·2.5H2O,MeCN,Trietilammina (TEA),180,4.0,4.0,5.0,0.8,,2.5,nitrate,2.0,Precipitation,2,curated_development_positive,DEVELOPMENT,1.0,0.875,0.96875,0.82,0.3162277660168379,0.7936205532033676,A,True,cu|non specificata|nitrate|mecn|trietilammina (tea)|180|6|0.75,,curated_project_dataset
POS-0187,600,Isophthalic acid,Non specificata,Cu,Cu(OAc)2·H2O,DMF,Acido formico,25,36.0,4.0,1.0,4.0,,1.0,acetate,2.0,Room Temperature,2,curated_development_positive,DEVELOPMENT,1.0,0.875,0.96875,0.82,0.3162277660168379,0.7936205532033676,A,True,cu|non specificata|acetate|dmf|acido formico|20|36|4.0,,curated_project_dataset
POS-0188,601,5-Nitroisophthalic acid,Non specificata,Co,Co(NO3)2·6H2O,DEF,Nessuno,80,2.0,0.25,5.0,0.05,,6.0,nitrate,2.0,Microwave,2,curated_development_positive,DEVELOPMENT,1.0,0.875,0.96875,0.82,0.3162277660168379,0.7936205532033676,A,True,co|non specificata|nitrate|def|nessuno|80|0|0.0,,curated_project_dataset
POS-0189,602,5-Aminoisophthalic acid,Non specificata,Co,Co(OAc)2·4H2O,MeOH,Acido benzoico,130,36.0,0.5,2.5,0.2,,4.0,acetate,2.0,Sonochemical,2,curated_development_positive,DEVELOPMENT,1.0,0.875,0.96875,0.82,0.3162277660168379,0.7936205532033676,A,True,co|non specificata|acetate|meoh|acido benzoico|130|36|0.25,,curated_project_dataset
POS-0190,603,Imidazole-2-carboxaldehyde,Non specificata,Ni,Ni(NO3)2·6H2O,EtOH,HCl,85,4.0,2.0,0.5,4.0,,6.0,nitrate,2.0,Solvothermal,2,curated_development_positive,DEVELOPMENT,1.0,0.875,0.96875,0.82,0.3396831102433787,0.7983116220486758,A,True,ni|non specificata|nitrate|etoh|hcl|80|6|4.0,,curated_project_dataset
POS-0191,604,"4,4',4''-Triaminotriphenylamine",Non specificata,Ni,Ni(OAc)2·4H2O,H2O,HCl,150,72.0,2.0,2.0,1.0,,4.0,acetate,2.0,Hydrothermal,2,curated_development_positive,DEVELOPMENT,1.0,0.875,0.96875,0.82,0.3396831102433787,0.7983116220486758,A,True,ni|non specificata|acetate|h2o|hcl|150|72|1.0,,curated_project_dataset
POS-0192,606,"Pyrazine-2,3-dicarboxylic acid",Non specificata,Fe,Fe(NO3)3·9H2O,DMF/H2O,HCl,25,6.0,4.0,4.0,1.0,,9.0,nitrate,3.0,Room Temperature,2,curated_development_positive,DEVELOPMENT,1.0,0.875,0.96875,0.82,0.2886751345948128,0.7881100269189626,A,True,fe|non specificata|nitrate|dmf/h2o|hcl|20|6|1.0,,curated_project_dataset
POS-0193,607,"4,4'-Bipyridine",Non specificata,Al,Al(NO3)3·9H2O,DMA,Acido benzoico,80,4.0,4.0,5.0,0.8,,9.0,nitrate,3.0,Microwave,2,curated_development_positive,DEVELOPMENT,1.0,0.875,0.96875,0.82,0.28474739872574967,0.78732447974515,A,True,al|non specificata|nitrate|dma|acido benzoico|80|6|0.75,,curated_project_dataset
POS-0194,608,"1,2,4-Triazole",Non specificata,Al,AlCl3·6H2O,H2O/THF,Acido benzoico,130,6.0,0.5,0.5,1.0,,6.0,chloride,3.0,Sonochemical,2,curated_development_positive,DEVELOPMENT,1.0,0.875,0.96875,0.82,0.28474739872574967,0.78732447974515,A,True,al|non specificata|chloride|h2o/thf|acido benzoico|130|6|1.0,,curated_project_dataset
POS-0195,609,"1,4-Benzenedicarboxylic acid (H2BDC)",Non specificata,Zr,ZrCl4,H2O/MeOH,Acido acetico,130,24.0,1.5,0.5,3.0,,0.0,chloride,4.0,Solvothermal,2,curated_development_positive,DEVELOPMENT,1.0,0.875,0.96875,0.82,0.23354968324845687,0.7770849366496914,B,True,zr|non specificata|chloride|h2o/meoh|acido acetico|130|24|3.0,,curated_project_dataset
POS-0196,611,2-Methylimidazole,Non specificata,Mg,Mg(NO3)2·6H2O,DMF,HCl,60,48.0,1.5,2.5,0.6,,6.0,nitrate,2.0,Precipitation,2,curated_development_positive,DEVELOPMENT,1.0,0.875,0.96875,0.82,0.48038446141526137,0.8264518922830523,A,True,mg|non specificata|nitrate|dmf|hcl|60|48|0.5,,curated_project_dataset
POS-0197,612,Benzimidazole,Non specificata,Mn,Mn(OAc)2·4H2O,DEF,Trietilammina (TEA),25,18.0,1.5,4.0,0.375,,4.0,acetate,2.0,Room Temperature,2,curated_development_positive,DEVELOPMENT,1.0,0.875,0.96875,0.82,0.5,0.830375,A,True,mn|non specificata|acetate|def|trietilammina (tea)|20|18|0.5,,curated_project_dataset
POS-0198,614,"2,5-Dihydroxyterephthalic acid (H4DOBDC)",Non specificata,Zn,Zn(OAc)2·2H2O,EtOH,Acido formico,80,6.0,4.0,0.5,8.0,,2.0,acetate,2.0,Sonochemical,2,curated_development_positive,DEVELOPMENT,1.0,0.875,0.96875,0.82,0.2773500981126145,0.7858450196225228,A,True,zn|non specificata|acetate|etoh|acido formico|80|6|8.0,,curated_project_dataset
POS-0199,615,"4,4'-Biphenyldicarboxylic acid (H2BPDC)",Non specificata,Cu,Cu(NO3)2·2.5H2O,H2O,Trietilammina (TEA),150,18.0,2.0,1.0,2.0,,2.5,nitrate,2.0,Solvothermal,2,curated_development_positive,DEVELOPMENT,1.0,0.875,0.96875,0.82,0.3162277660168379,0.7936205532033676,A,True,cu|non specificata|nitrate|h2o|trietilammina (tea)|150|18|2.0,,curated_project_dataset
POS-0200,616,"2,6-Naphthalenedicarboxylic acid (2,6-NDC)",Non specificata,Cu,Cu(OAc)2·H2O,DMF/H2O/EtOH,Nessuno,150,72.0,2.0,2.0,1.0,,1.0,acetate,2.0,Hydrothermal,2,curated_development_positive,DEVELOPMENT,1.0,0.875,0.96875,0.82,0.3162277660168379,0.7936205532033676,A,True,cu|non specificata|acetate|dmf/h2o/etoh|nessuno|150|72|1.0,,curated_project_dataset
POS-0201,617,Fumaric acid,Non specificata,Co,Co(NO3)2·6H2O,DMF/H2O,Trietilammina (TEA),60,4.0,3.0,5.0,0.6,,6.0,nitrate,2.0,Precipitation,2,curated_development_positive,DEVELOPMENT,1.0,0.875,0.96875,0.82,0.3162277660168379,0.7936205532033676,A,True,co|non specificata|nitrate|dmf/h2o|trietilammina (tea)|60|6|0.5,,curated_project_dataset
POS-0202,618,Isophthalic acid,Non specificata,Co,Co(OAc)2·4H2O,DMA,HNO3,25,72.0,2.0,5.0,0.4,,4.0,acetate,2.0,Room Temperature,2,curated_development_positive,DEVELOPMENT,1.0,0.875,0.96875,0.82,0.3162277660168379,0.7936205532033676,A,True,co|non specificata|acetate|dma|hno3|20|72|0.5,,curated_project_dataset
POS-0203,619,5-Nitroisophthalic acid,Non specificata,Ni,Ni(NO3)2·6H2O,H2O/THF,HNO3,60,36.0,4.0,5.0,0.8,,6.0,nitrate,2.0,Microwave,2,curated_development_positive,DEVELOPMENT,1.0,0.875,0.96875,0.82,0.3396831102433787,0.7983116220486758,A,True,ni|non specificata|nitrate|h2o/thf|hno3|60|36|0.75,,curated_project_dataset
POS-0204,620,5-Aminoisophthalic acid,Non specificata,Ni,Ni(OAc)2·4H2O,H2O/MeOH,Acido acetico,130,36.0,1.5,1.5,1.0,,4.0,acetate,2.0,Sonochemical,2,curated_development_positive,DEVELOPMENT,1.0,0.875,0.96875,0.82,0.3396831102433787,0.7983116220486758,A,True,ni|non specificata|acetate|h2o/meoh|acido acetico|130|36|1.0,,curated_project_dataset
POS-0205,621,Imidazole-2-carboxaldehyde,Non specificata,Fe,FeCl3·6H2O,MeCN,HNO3,85,18.0,0.25,3.0,0.0833,,6.0,chloride,3.0,Solvothermal,2,curated_development_positive,DEVELOPMENT,1.0,0.875,0.96875,0.82,0.2886751345948128,0.7881100269189626,A,True,fe|non specificata|chloride|mecn|hno3|80|18|0.0,,curated_project_dataset
POS-0206,622,"4,4',4''-Triaminotriphenylamine",Non specificata,Fe,Fe(NO3)3·9H2O,DMF,Trietilammina (TEA),120,2.0,3.0,3.0,1.0,,9.0,nitrate,3.0,Hydrothermal,2,curated_development_positive,DEVELOPMENT,1.0,0.875,0.96875,0.82,0.2886751345948128,0.7881100269189626,A,True,fe|non specificata|nitrate|dmf|trietilammina (tea)|120|0|1.0,,curated_project_dataset
POS-0207,624,"Pyrazine-2,3-dicarboxylic acid",Non specificata,Al,AlCl3·6H2O,MeOH,Nessuno,25,18.0,1.5,4.0,0.375,,6.0,chloride,3.0,Room Temperature,2,curated_development_positive,DEVELOPMENT,1.0,0.875,0.96875,0.82,0.28474739872574967,0.78732447974515,A,True,al|non specificata|chloride|meoh|nessuno|20|18|0.5,,curated_project_dataset
POS-0208,625,"4,4'-Bipyridine",Non specificata,Zr,ZrCl4,EtOH,Trietilammina (TEA),120,36.0,0.5,1.0,0.5,,0.0,chloride,4.0,Microwave,2,curated_development_positive,DEVELOPMENT,1.0,0.875,0.96875,0.82,0.23354968324845687,0.7770849366496914,B,True,zr|non specificata|chloride|etoh|trietilammina (tea)|120|36|0.5,,curated_project_dataset
POS-0209,626,"1,2,4-Triazole",Non specificata,Zr,ZrOCl2·8H2O,H2O,Acido benzoico,120,12.0,1.5,1.0,1.5,,8.0,chloride,2.0,Sonochemical,2,curated_development_positive,DEVELOPMENT,1.0,0.875,0.96875,0.82,0.23354968324845687,0.7770849366496914,B,True,zr|non specificata|chloride|h2o|acido benzoico|120|12|1.5,,curated_project_dataset
POS-0210,627,"1,4-Benzenedicarboxylic acid (H2BDC)",Non specificata,Mg,Mg(NO3)2·6H2O,DMF/H2O/EtOH,HNO3,85,2.0,2.0,5.0,0.4,,6.0,nitrate,2.0,Solvothermal,2,curated_development_positive,DEVELOPMENT,1.0,0.875,0.96875,0.82,0.48038446141526137,0.8264518922830523,A,True,mg|non specificata|nitrate|dmf/h2o/etoh|hno3|80|0|0.5,,curated_project_dataset
POS-0211,629,2-Methylimidazole,Non specificata,Zn,Zn(NO3)2·6H2O,DMA,Acido acetico,60,12.0,1.5,5.0,0.3,,6.0,nitrate,2.0,Precipitation,2,curated_development_positive,DEVELOPMENT,1.0,0.875,0.96875,0.82,0.2773500981126145,0.7858450196225228,A,True,zn|non specificata|nitrate|dma|acido acetico|60|12|0.25,,curated_project_dataset
POS-0212,630,Benzimidazole,Non specificata,Zn,Zn(OAc)2·2H2O,H2O/THF,Nessuno,25,6.0,0.25,2.0,0.125,,2.0,acetate,2.0,Room Temperature,2,curated_development_positive,DEVELOPMENT,1.0,0.875,0.96875,0.82,0.2773500981126145,0.7858450196225228,A,True,zn|non specificata|acetate|h2o/thf|nessuno|20|6|0.0,,curated_project_dataset
POS-0213,632,"2,5-Dihydroxyterephthalic acid (H4DOBDC)",Non specificata,Cu,Cu(OAc)2·H2O,MeCN,HCl,60,48.0,1.0,1.0,1.0,,1.0,acetate,2.0,Sonochemical,2,curated_development_positive,DEVELOPMENT,1.0,0.875,0.96875,0.82,0.3162277660168379,0.7936205532033676,A,True,cu|non specificata|acetate|mecn|hcl|60|48|1.0,,curated_project_dataset
POS-0214,633,"4,4'-Biphenyldicarboxylic acid (H2BPDC)",Non specificata,Co,Co(NO3)2·6H2O,DMF,Acido benzoico,80,6.0,1.0,1.0,1.0,,6.0,nitrate,2.0,Solvothermal,2,curated_development_positive,DEVELOPMENT,1.0,0.875,0.96875,0.82,0.3162277660168379,0.7936205532033676,A,True,co|non specificata|nitrate|dmf|acido benzoico|80|6|1.0,,curated_project_dataset
POS-0215,634,"2,6-Naphthalenedicarboxylic acid (2,6-NDC)",Non specificata,Co,Co(OAc)2·4H2O,DEF,Acido acetico,60,48.0,0.5,2.5,0.2,,4.0,acetate,2.0,Hydrothermal,2,curated_development_positive,DEVELOPMENT,1.0,0.875,0.96875,0.82,0.3162277660168379,0.7936205532033676,A,True,co|non specificata|acetate|def|acido acetico|60|48|0.25,,curated_project_dataset
POS-0216,635,Fumaric acid,Non specificata,Ni,Ni(NO3)2·6H2O,MeOH,HCl,80,6.0,4.0,0.5,8.0,,6.0,nitrate,2.0,Precipitation,2,curated_development_positive,DEVELOPMENT,1.0,0.875,0.96875,0.82,0.3396831102433787,0.7983116220486758,A,True,ni|non specificata|nitrate|meoh|hcl|80|6|8.0,,curated_project_dataset
POS-0217,636,Isophthalic acid,Non specificata,Ni,Ni(OAc)2·4H2O,EtOH,Acido formico,25,18.0,2.0,1.0,2.0,,4.0,acetate,2.0,Room Temperature,2,curated_development_positive,DEVELOPMENT,1.0,0.875,0.96875,0.82,0.3396831102433787,0.7983116220486758,A,True,ni|non specificata|acetate|etoh|acido formico|20|18|2.0,,curated_project_dataset
POS-0218,637,5-Nitroisophthalic acid,Non specificata,Fe,FeCl3·6H2O,H2O,HNO3,180,12.0,2.0,0.5,4.0,,6.0,chloride,3.0,Microwave,2,curated_development_positive,DEVELOPMENT,1.0,0.875,0.96875,0.82,0.2886751345948128,0.7881100269189626,A,True,fe|non specificata|chloride|h2o|hno3|180|12|4.0,,curated_project_dataset
POS-0219,638,5-Aminoisophthalic acid,Non specificata,Fe,Fe(NO3)3·9H2O,DMF/H2O/EtOH,Nessuno,200,12.0,2.0,1.0,2.0,,9.0,nitrate,3.0,Sonochemical,2,curated_development_positive,DEVELOPMENT,1.0,0.875,0.96875,0.82,0.2886751345948128,0.7881100269189626,A,True,fe|non specificata|nitrate|dmf/h2o/etoh|nessuno|200|12|2.0,,curated_project_dataset
POS-0220,639,Imidazole-2-carboxaldehyde,Non specificata,Al,Al(NO3)3·9H2O,DMF/H2O,HCl,180,6.0,1.0,0.5,2.0,,9.0,nitrate,3.0,Solvothermal,2,curated_development_positive,DEVELOPMENT,1.0,0.875,0.96875,0.82,0.28474739872574967,0.78732447974515,A,True,al|non specificata|nitrate|dmf/h2o|hcl|180|6|2.0,,curated_project_dataset
POS-0221,640,"4,4',4''-Triaminotriphenylamine",Non specificata,Al,AlCl3·6H2O,DMA,Trietilammina (TEA),80,2.0,4.0,4.0,1.0,,6.0,chloride,3.0,Hydrothermal,2,curated_development_positive,DEVELOPMENT,1.0,0.875,0.96875,0.82,0.28474739872574967,0.78732447974515,A,True,al|non specificata|chloride|dma|trietilammina (tea)|80|0|1.0,,curated_project_dataset
POS-0222,642,"Pyrazine-2,3-dicarboxylic acid",Non specificata,Zr,ZrOCl2·8H2O,H2O/MeOH,Trietilammina (TEA),25,72.0,0.25,1.5,0.1667,,8.0,chloride,2.0,Room Temperature,2,curated_development_positive,DEVELOPMENT,1.0,0.875,0.96875,0.82,0.23354968324845687,0.7770849366496914,B,True,zr|non specificata|chloride|h2o/meoh|trietilammina (tea)|20|72|0.25,,curated_project_dataset
POS-0223,643,"4,4'-Bipyridine",Non specificata,Mg,Mg(NO3)2·6H2O,MeCN,Nessuno,60,2.0,1.5,3.0,0.5,,6.0,nitrate,2.0,Microwave,2,curated_development_positive,DEVELOPMENT,1.0,0.875,0.96875,0.82,0.48038446141526137,0.8264518922830523,A,True,mg|non specificata|nitrate|mecn|nessuno|60|0|0.5,,curated_project_dataset
POS-0224,644,"1,2,4-Triazole",Non specificata,Mn,Mn(OAc)2·4H2O,DMF,HCl,130,6.0,1.5,0.5,3.0,,4.0,acetate,2.0,Sonochemical,2,curated_development_positive,DEVELOPMENT,1.0,0.875,0.96875,0.82,0.5,0.830375,A,True,mn|non specificata|acetate|dmf|hcl|130|6|3.0,,curated_project_dataset
POS-0225,645,"1,4-Benzenedicarboxylic acid (H2BDC)",Non specificata,Zn,Zn(NO3)2·6H2O,DEF,Acido benzoico,200,6.0,0.25,2.0,0.125,,6.0,nitrate,2.0,Solvothermal,2,curated_development_positive,DEVELOPMENT,1.0,0.875,0.96875,0.82,0.2773500981126145,0.7858450196225228,A,True,zn|non specificata|nitrate|def|acido benzoico|200|6|0.0,,curated_project_dataset
POS-0226,647,2-Methylimidazole,Non specificata,Cu,Cu(NO3)2·2.5H2O,EtOH,HCl,120,6.0,0.25,2.0,0.125,,2.5,nitrate,2.0,Precipitation,2,curated_development_positive,DEVELOPMENT,1.0,0.875,0.96875,0.82,0.3162277660168379,0.7936205532033676,A,True,cu|non specificata|nitrate|etoh|hcl|120|6|0.0,,curated_project_dataset
POS-0227,648,Benzimidazole,Non specificata,Cu,Cu(OAc)2·H2O,H2O,Acido benzoico,25,18.0,2.0,2.0,1.0,,1.0,acetate,2.0,Room Temperature,2,curated_development_positive,DEVELOPMENT,1.0,0.875,0.96875,0.82,0.3162277660168379,0.7936205532033676,A,True,cu|non specificata|acetate|h2o|acido benzoico|20|18|1.0,,curated_project_dataset
POS-0228,650,"2,5-Dihydroxyterephthalic acid (H4DOBDC)",Non specificata,Co,Co(OAc)2·4H2O,DMF/H2O,HNO3,150,18.0,4.0,1.5,2.6667,,4.0,acetate,2.0,Sonochemical,2,curated_development_positive,DEVELOPMENT,1.0,0.875,0.96875,0.82,0.3162277660168379,0.7936205532033676,A,True,co|non specificata|acetate|dmf/h2o|hno3|150|18|2.75,,curated_project_dataset
POS-0229,651,"4,4'-Biphenyldicarboxylic acid (H2BPDC)",Non specificata,Ni,Ni(NO3)2·6H2O,DMA,HCl,80,72.0,0.5,1.0,0.5,,6.0,nitrate,2.0,Solvothermal,2,curated_development_positive,DEVELOPMENT,1.0,0.875,0.96875,0.82,0.3396831102433787,0.7983116220486758,A,True,ni|non specificata|nitrate|dma|hcl|80|72|0.5,,curated_project_dataset
POS-0230,652,"2,6-Naphthalenedicarboxylic acid (2,6-NDC)",Non specificata,Ni,Ni(OAc)2·4H2O,H2O/THF,HNO3,60,24.0,3.0,4.0,0.75,,4.0,acetate,2.0,Hydrothermal,2,curated_development_positive,DEVELOPMENT,1.0,0.875,0.96875,0.82,0.3396831102433787,0.7983116220486758,A,True,ni|non specificata|acetate|h2o/thf|hno3|60|24|0.75,,curated_project_dataset
POS-0231,653,Fumaric acid,Non specificata,Fe,FeCl3·6H2O,H2O/MeOH,Acido acetico,180,72.0,1.0,1.0,1.0,,6.0,chloride,3.0,Precipitation,2,curated_development_positive,DEVELOPMENT,1.0,0.875,0.96875,0.82,0.2886751345948128,0.7881100269189626,A,True,fe|non specificata|chloride|h2o/meoh|acido acetico|180|72|1.0,,curated_project_dataset
POS-0232,654,Isophthalic acid,Non specificata,Fe,Fe(NO3)3·9H2O,MeCN,HNO3,25,4.0,2.0,2.5,0.8,,9.0,nitrate,3.0,Room Temperature,2,curated_development_positive,DEVELOPMENT,1.0,0.875,0.96875,0.82,0.2886751345948128,0.7881100269189626,A,True,fe|non specificata|nitrate|mecn|hno3|20|6|0.75,,curated_project_dataset
POS-0233,655,5-Nitroisophthalic acid,Non specificata,Al,Al(NO3)3·9H2O,DMF,Nessuno,130,6.0,2.0,5.0,0.4,,9.0,nitrate,3.0,Microwave,2,curated_development_positive,DEVELOPMENT,1.0,0.875,0.96875,0.82,0.28474739872574967,0.78732447974515,A,True,al|non specificata|nitrate|dmf|nessuno|130|6|0.5,,curated_project_dataset
POS-0234,656,5-Aminoisophthalic acid,Non specificata,Al,AlCl3·6H2O,DEF,Acido benzoico,130,12.0,4.0,0.5,8.0,,6.0,chloride,3.0,Sonochemical,2,curated_development_positive,DEVELOPMENT,1.0,0.875,0.96875,0.82,0.28474739872574967,0.78732447974515,A,True,al|non specificata|chloride|def|acido benzoico|130|12|8.0,,curated_project_dataset
POS-0235,657,Imidazole-2-carboxaldehyde,Non specificata,Zr,ZrCl4,MeOH,HCl,200,12.0,3.0,2.0,1.5,,0.0,chloride,4.0,Solvothermal,2,curated_development_positive,DEVELOPMENT,1.0,0.875,0.96875,0.82,0.23354968324845687,0.7770849366496914,B,True,zr|non specificata|chloride|meoh|hcl|200|12|1.5,,curated_project_dataset
POS-0236,658,"4,4',4''-Triaminotriphenylamine",Non specificata,Zr,ZrOCl2·8H2O,EtOH,Acido acetico,85,24.0,1.0,4.0,0.25,,8.0,chloride,2.0,Hydrothermal,2,curated_development_positive,DEVELOPMENT,1.0,0.875,0.96875,0.82,0.23354968324845687,0.7770849366496914,B,True,zr|non specificata|chloride|etoh|acido acetico|80|24|0.25,,curated_project_dataset
POS-0237,660,"Pyrazine-2,3-dicarboxylic acid",Non specificata,Mn,Mn(OAc)2·4H2O,DMF/H2O/EtOH,Acido acetico,25,4.0,3.0,2.0,1.5,,4.0,acetate,2.0,Room Temperature,2,curated_development_positive,DEVELOPMENT,1.0,0.875,0.96875,0.82,0.5,0.830375,A,True,mn|non specificata|acetate|dmf/h2o/etoh|acido acetico|20|6|1.5,,curated_project_dataset
POS-0238,661,"4,4'-Bipyridine",Non specificata,Zn,Zn(NO3)2·6H2O,DMF/H2O,Nessuno,100,48.0,4.0,2.5,1.6,,6.0,nitrate,2.0,Microwave,2,curated_development_positive,DEVELOPMENT,1.0,0.875,0.96875,0.82,0.2773500981126145,0.7858450196225228,A,True,zn|non specificata|nitrate|dmf/h2o|nessuno|100|48|1.5,,curated_project_dataset
POS-0239,662,"1,2,4-Triazole",Non specificata,Zn,Zn(OAc)2·2H2O,DMA,HCl,150,2.0,2.0,1.5,1.3333,,2.0,acetate,2.0,Sonochemical,2,curated_development_positive,DEVELOPMENT,1.0,0.875,0.96875,0.82,0.2773500981126145,0.7858450196225228,A,True,zn|non specificata|acetate|dma|hcl|150|0|1.25,,curated_project_dataset
POS-0240,663,"1,4-Benzenedicarboxylic acid (H2BDC)",Non specificata,Cu,Cu(NO3)2·2.5H2O,H2O/THF,Trietilammina (TEA),200,2.0,0.25,0.5,0.5,,2.5,nitrate,2.0,Solvothermal,2,curated_development_positive,DEVELOPMENT,1.0,0.875,0.96875,0.82,0.3162277660168379,0.7936205532033676,A,True,cu|non specificata|nitrate|h2o/thf|trietilammina (tea)|200|0|0.5,,curated_project_dataset
POS-0241,665,2-Methylimidazole,Non specificata,Co,Co(NO3)2·6H2O,MeCN,HCl,120,24.0,1.0,2.5,0.4,,6.0,nitrate,2.0,Precipitation,2,curated_development_positive,DEVELOPMENT,1.0,0.875,0.96875,0.82,0.3162277660168379,0.7936205532033676,A,True,co|non specificata|nitrate|mecn|hcl|120|24|0.5,,curated_project_dataset
POS-0242,666,Benzimidazole,Non specificata,Co,Co(OAc)2·4H2O,DMF,Acido formico,25,18.0,1.0,2.0,0.5,,4.0,acetate,2.0,Room Temperature,2,curated_development_positive,DEVELOPMENT,1.0,0.875,0.96875,0.82,0.3162277660168379,0.7936205532033676,A,True,co|non specificata|acetate|dmf|acido formico|20|18|0.5,,curated_project_dataset
POS-0243,668,"2,5-Dihydroxyterephthalic acid (H4DOBDC)",Non specificata,Ni,Ni(OAc)2·4H2O,MeOH,Trietilammina (TEA),60,2.0,3.0,2.5,1.2,,4.0,acetate,2.0,Sonochemical,2,curated_development_positive,DEVELOPMENT,1.0,0.875,0.96875,0.82,0.3396831102433787,0.7983116220486758,A,True,ni|non specificata|acetate|meoh|trietilammina (tea)|60|0|1.25,,curated_project_dataset
POS-0244,669,"4,4'-Biphenyldicarboxylic acid (H2BPDC)",Non specificata,Fe,FeCl3·6H2O,EtOH,HCl,85,36.0,1.0,0.5,2.0,,6.0,chloride,3.0,Solvothermal,2,curated_development_positive,DEVELOPMENT,1.0,0.875,0.96875,0.82,0.2886751345948128,0.7881100269189626,A,True,fe|non specificata|chloride|etoh|hcl|80|36|2.0,,curated_project_dataset
POS-0245,670,"2,6-Naphthalenedicarboxylic acid (2,6-NDC)",Non specificata,Fe,Fe(NO3)3·9H2O,H2O,HNO3,180,24.0,1.5,2.0,0.75,,9.0,nitrate,3.0,Hydrothermal,2,curated_development_positive,DEVELOPMENT,1.0,0.875,0.96875,0.82,0.2886751345948128,0.7881100269189626,A,True,fe|non specificata|nitrate|h2o|hno3|180|24|0.75,,curated_project_dataset
POS-0246,671,Fumaric acid,Non specificata,Al,Al(NO3)3·9H2O,DMF/H2O/EtOH,HCl,180,12.0,0.5,1.0,0.5,,9.0,nitrate,3.0,Precipitation,2,curated_development_positive,DEVELOPMENT,1.0,0.875,0.96875,0.82,0.28474739872574967,0.78732447974515,A,True,al|non specificata|nitrate|dmf/h2o/etoh|hcl|180|12|0.5,,curated_project_dataset
POS-0247,672,Isophthalic acid,Non specificata,Al,AlCl3·6H2O,DMF/H2O,HNO3,25,4.0,1.5,2.0,0.75,,6.0,chloride,3.0,Room Temperature,2,curated_development_positive,DEVELOPMENT,1.0,0.875,0.96875,0.82,0.28474739872574967,0.78732447974515,A,True,al|non specificata|chloride|dmf/h2o|hno3|20|6|0.75,,curated_project_dataset
POS-0248,673,5-Nitroisophthalic acid,Non specificata,Zr,ZrCl4,DMA,Trietilammina (TEA),200,12.0,1.0,5.0,0.2,,0.0,chloride,4.0,Microwave,2,curated_development_positive,DEVELOPMENT,1.0,0.875,0.96875,0.82,0.23354968324845687,0.7770849366496914,B,True,zr|non specificata|chloride|dma|trietilammina (tea)|200|12|0.25,,curated_project_dataset
POS-0249,674,5-Aminoisophthalic acid,Non specificata,Zr,ZrOCl2·8H2O,H2O/THF,HCl,60,72.0,2.0,0.5,4.0,,8.0,chloride,2.0,Sonochemical,2,curated_development_positive,DEVELOPMENT,1.0,0.875,0.96875,0.82,0.23354968324845687,0.7770849366496914,B,True,zr|non specificata|chloride|h2o/thf|hcl|60|72|4.0,,curated_project_dataset
POS-0250,675,Imidazole-2-carboxaldehyde,Non specificata,Mg,Mg(NO3)2·6H2O,H2O/MeOH,HNO3,85,24.0,1.0,1.0,1.0,,6.0,nitrate,2.0,Solvothermal,2,curated_development_positive,DEVELOPMENT,1.0,0.875,0.96875,0.82,0.48038446141526137,0.8264518922830523,A,True,mg|non specificata|nitrate|h2o/meoh|hno3|80|24|1.0,,curated_project_dataset
POS-0251,676,"4,4',4''-Triaminotriphenylamine",Non specificata,Mn,Mn(OAc)2·4H2O,MeCN,Acido acetico,200,4.0,3.0,1.0,3.0,,4.0,acetate,2.0,Hydrothermal,2,curated_development_positive,DEVELOPMENT,1.0,0.875,0.96875,0.82,0.5,0.830375,A,True,mn|non specificata|acetate|mecn|acido acetico|200|6|3.0,,curated_project_dataset
POS-0252,678,"Pyrazine-2,3-dicarboxylic acid",Non specificata,Zn,Zn(OAc)2·2H2O,DEF,Nessuno,25,2.0,4.0,1.0,4.0,,2.0,acetate,2.0,Room Temperature,2,curated_development_positive,DEVELOPMENT,1.0,0.875,0.96875,0.82,0.2773500981126145,0.7858450196225228,A,True,zn|non specificata|acetate|def|nessuno|20|0|4.0,,curated_project_dataset
POS-0253,679,"4,4'-Bipyridine",Non specificata,Cu,Cu(NO3)2·2.5H2O,MeOH,Acido formico,120,72.0,1.0,3.0,0.3333,,2.5,nitrate,2.0,Microwave,2,curated_development_positive,DEVELOPMENT,1.0,0.875,0.96875,0.82,0.3162277660168379,0.7936205532033676,A,True,cu|non specificata|nitrate|meoh|acido formico|120|72|0.25,,curated_project_dataset
POS-0254,680,"1,2,4-Triazole",Non specificata,Cu,Cu(OAc)2·H2O,EtOH,Acido formico,60,2.0,0.25,1.0,0.25,,1.0,acetate,2.0,Sonochemical,2,curated_development_positive,DEVELOPMENT,1.0,0.875,0.96875,0.82,0.3162277660168379,0.7936205532033676,A,True,cu|non specificata|acetate|etoh|acido formico|60|0|0.25,,curated_project_dataset
POS-0255,681,"1,4-Benzenedicarboxylic acid (H2BDC)",Non specificata,Co,Co(NO3)2·6H2O,H2O,Trietilammina (TEA),60,18.0,4.0,5.0,0.8,,6.0,nitrate,2.0,Solvothermal,2,curated_development_positive,DEVELOPMENT,1.0,0.875,0.96875,0.82,0.3162277660168379,0.7936205532033676,A,True,co|non specificata|nitrate|h2o|trietilammina (tea)|60|18|0.75,,curated_project_dataset
POS-0256,683,2-Methylimidazole,Non specificata,Ni,Ni(NO3)2·6H2O,DMF/H2O,HNO3,85,18.0,2.0,4.0,0.5,,6.0,nitrate,2.0,Precipitation,2,curated_development_positive,DEVELOPMENT,1.0,0.875,0.96875,0.82,0.3396831102433787,0.7983116220486758,A,True,ni|non specificata|nitrate|dmf/h2o|hno3|80|18|0.5,,curated_project_dataset
POS-0257,684,Benzimidazole,Non specificata,Ni,Ni(OAc)2·4H2O,DMA,Acido formico,25,18.0,0.5,1.0,0.5,,4.0,acetate,2.0,Room Temperature,2,curated_development_positive,DEVELOPMENT,1.0,0.875,0.96875,0.82,0.3396831102433787,0.7983116220486758,A,True,ni|non specificata|acetate|dma|acido formico|20|18|0.5,,curated_project_dataset
POS-0258,686,"2,5-Dihydroxyterephthalic acid (H4DOBDC)",Non specificata,Fe,Fe(NO3)3·9H2O,H2O/MeOH,HCl,60,6.0,2.0,2.5,0.8,,9.0,nitrate,3.0,Sonochemical,2,curated_development_positive,DEVELOPMENT,1.0,0.875,0.96875,0.82,0.2886751345948128,0.7881100269189626,A,True,fe|non specificata|nitrate|h2o/meoh|hcl|60|6|0.75,,curated_project_dataset
POS-0259,687,"4,4'-Biphenyldicarboxylic acid (H2BPDC)",Non specificata,Al,Al(NO3)3·9H2O,MeCN,HCl,60,2.0,0.5,5.0,0.1,,9.0,nitrate,3.0,Solvothermal,2,curated_development_positive,DEVELOPMENT,1.0,0.875,0.96875,0.82,0.28474739872574967,0.78732447974515,A,True,al|non specificata|nitrate|mecn|hcl|60|0|0.0,,curated_project_dataset
POS-0260,688,"2,6-Naphthalenedicarboxylic acid (2,6-NDC)",Non specificata,Al,AlCl3·6H2O,DMF,Acido acetico,180,36.0,0.5,1.0,0.5,,6.0,chloride,3.0,Hydrothermal,2,curated_development_positive,DEVELOPMENT,1.0,0.875,0.96875,0.82,0.28474739872574967,0.78732447974515,A,True,al|non specificata|chloride|dmf|acido acetico|180|36|0.5,,curated_project_dataset
POS-0261,689,Fumaric acid,Non specificata,Zr,ZrCl4,DEF,Acido acetico,130,24.0,1.0,1.5,0.6667,,0.0,chloride,4.0,Precipitation,2,curated_development_positive,DEVELOPMENT,1.0,0.875,0.96875,0.82,0.23354968324845687,0.7770849366496914,B,True,zr|non specificata|chloride|def|acido acetico|130|24|0.75,,curated_project_dataset
POS-0262,690,Isophthalic acid,Non specificata,Zr,ZrOCl2·8H2O,MeOH,HNO3,25,2.0,1.5,3.0,0.5,,8.0,chloride,2.0,Room Temperature,2,curated_development_positive,DEVELOPMENT,1.0,0.875,0.96875,0.82,0.23354968324845687,0.7770849366496914,B,True,zr|non specificata|chloride|meoh|hno3|20|0|0.5,,curated_project_dataset
POS-0263,691,5-Nitroisophthalic acid,Non specificata,Mg,Mg(NO3)2·6H2O,EtOH,Acido benzoico,200,2.0,4.0,5.0,0.8,,6.0,nitrate,2.0,Microwave,2,curated_development_positive,DEVELOPMENT,1.0,0.875,0.96875,0.82,0.48038446141526137,0.8264518922830523,A,True,mg|non specificata|nitrate|etoh|acido benzoico|200|0|0.75,,curated_project_dataset
POS-0264,692,5-Aminoisophthalic acid,Non specificata,Mn,Mn(OAc)2·4H2O,H2O,Acido acetico,150,18.0,3.0,2.5,1.2,,4.0,acetate,2.0,Sonochemical,2,curated_development_positive,DEVELOPMENT,1.0,0.875,0.96875,0.82,0.5,0.830375,A,True,mn|non specificata|acetate|h2o|acido acetico|150|18|1.25,,curated_project_dataset
POS-0265,693,Imidazole-2-carboxaldehyde,Non specificata,Zn,Zn(NO3)2·6H2O,DMF/H2O/EtOH,Acido acetico,85,36.0,1.5,3.0,0.5,,6.0,nitrate,2.0,Solvothermal,2,curated_development_positive,DEVELOPMENT,1.0,0.875,0.96875,0.82,0.2773500981126145,0.7858450196225228,A,True,zn|non specificata|nitrate|dmf/h2o/etoh|acido acetico|80|36|0.5,,curated_project_dataset
POS-0266,694,"4,4',4''-Triaminotriphenylamine",Non specificata,Zn,Zn(OAc)2·2H2O,DMF/H2O,Trietilammina (TEA),130,4.0,0.5,1.0,0.5,,2.0,acetate,2.0,Hydrothermal,2,curated_development_positive,DEVELOPMENT,1.0,0.875,0.96875,0.82,0.2773500981126145,0.7858450196225228,A,True,zn|non specificata|acetate|dmf/h2o|trietilammina (tea)|130|6|0.5,,curated_project_dataset
POS-0267,696,"Pyrazine-2,3-dicarboxylic acid",Non specificata,Cu,Cu(OAc)2·H2O,H2O/THF,HCl,25,2.0,4.0,5.0,0.8,,1.0,acetate,2.0,Room Temperature,2,curated_development_positive,DEVELOPMENT,1.0,0.875,0.96875,0.82,0.3162277660168379,0.7936205532033676,A,True,cu|non specificata|acetate|h2o/thf|hcl|20|0|0.75,,curated_project_dataset
POS-0268,697,"4,4'-Bipyridine",Non specificata,Co,Co(NO3)2·6H2O,H2O/MeOH,HNO3,150,6.0,2.0,0.5,4.0,,6.0,nitrate,2.0,Microwave,2,curated_development_positive,DEVELOPMENT,1.0,0.875,0.96875,0.82,0.3162277660168379,0.7936205532033676,A,True,co|non specificata|nitrate|h2o/meoh|hno3|150|6|4.0,,curated_project_dataset
POS-0269,698,"1,2,4-Triazole",Non specificata,Co,Co(OAc)2·4H2O,MeCN,Nessuno,100,48.0,0.5,0.5,1.0,,4.0,acetate,2.0,Sonochemical,2,curated_development_positive,DEVELOPMENT,1.0,0.875,0.96875,0.82,0.3162277660168379,0.7936205532033676,A,True,co|non specificata|acetate|mecn|nessuno|100|48|1.0,,curated_project_dataset
POS-0270,699,"1,4-Benzenedicarboxylic acid (H2BDC)",Non specificata,Ni,Ni(NO3)2·6H2O,DMF,Trietilammina (TEA),100,48.0,0.5,2.5,0.2,,6.0,nitrate,2.0,Solvothermal,2,curated_development_positive,DEVELOPMENT,1.0,0.875,0.96875,0.82,0.3396831102433787,0.7983116220486758,A,True,ni|non specificata|nitrate|dmf|trietilammina (tea)|100|48|0.25,,curated_project_dataset
POS-0271,701,Fumaric acid,Carbossilati aromatici,Cd,Cd(NO3)2·4H2O,H2O,Nessuno,120,72.0,0.2,0.4,0.5,,4.0,nitrate,2.0,Hydrothermal,2,curated_development_positive,DEVELOPMENT,1.0,0.875,0.96875,0.82,0.48038446141526137,0.8264518922830523,A,True,cd|carbossilati aromatici|nitrate|h2o|nessuno|120|72|0.5,,curated_project_dataset
POS-0272,702,"3,3'-dimethyl-4,4'-bipyrazole",Bipyrazole,Cu,Cu(OAc)2·H2O,H2O,Nessuno,160,18.0,0.5,1.515,0.33,,1.0,acetate,2.0,Sonochemical,2,curated_development_positive,DEVELOPMENT,1.0,0.875,0.96875,0.82,0.3779644730092272,0.8059678946018455,A,True,cu|bipyrazole|acetate|h2o|nessuno|160|18|0.25,,curated_project_dataset
POS-0273,703,Benzimidazole,Imidazolati,Zn,Zn(OAc)2·2H2O,DEF,Nessuno,120,4.0,2.0,6.061,0.33,,2.0,acetate,2.0,Microwave,2,curated_development_positive,DEVELOPMENT,1.0,0.875,0.96875,0.82,1.0,0.930375,A,True,zn|imidazolati|acetate|def|nessuno|120|6|0.25,,curated_project_dataset
POS-0274,704,2-Methylimidazole,Imidazolati,Fe,Fe(NO3)3·9H2O,DMF/H2O/EtOH,Nessuno,25,18.0,0.1,0.067,1.5,,9.0,nitrate,3.0,Room Temperature,2,curated_development_positive,DEVELOPMENT,1.0,0.875,0.96875,0.82,0.7071067811865476,0.8717963562373096,A,True,fe|imidazolati|nitrate|dmf/h2o/etoh|nessuno|20|18|1.5,,curated_project_dataset
POS-0275,705,"1,2,4-Triazole",Triazole,Mg,Mg(NO3)2·6H2O,DMF/H2O,Nessuno,150,24.0,1.0,2.0,0.5,,6.0,nitrate,2.0,Solvothermal,2,curated_development_positive,DEVELOPMENT,1.0,0.875,0.96875,0.82,1.0,0.930375,A,True,mg|triazole|nitrate|dmf/h2o|nessuno|150|24|0.5,,curated_project_dataset
POS-0276,707,"1,2,4-Triazole",Triazole,Al,AlCl3·6H2O,DEF,Nessuno,180,12.0,0.5,1.515,0.33,,6.0,chloride,3.0,Sonochemical,2,curated_development_positive,DEVELOPMENT,1.0,0.875,0.96875,0.82,0.7745966692414833,0.8852943338482967,A,True,al|triazole|chloride|def|nessuno|180|12|0.25,,curated_project_dataset
POS-0277,708,"1,2,4-Triazole",Triazole,Cd,Cd(NO3)2·4H2O,MeOH,Nessuno,160,72.0,0.05,0.042,1.2,,4.0,nitrate,2.0,Room Temperature,2,curated_development_positive,DEVELOPMENT,1.0,0.875,0.96875,0.82,1.0,0.930375,A,True,cd|triazole|nitrate|meoh|nessuno|160|72|1.25,,curated_project_dataset
POS-0278,709,"2,5-Dihydroxyterephthalic acid (H4DOBDC)",Carbossilati aromatici,Co,Co(OAc)2·4H2O,DMF/MeOH,Nessuno,60,48.0,2.0,2.5,0.8,,4.0,acetate,2.0,Hydrothermal,2,curated_development_positive,DEVELOPMENT,1.0,0.875,0.96875,0.82,0.4200840252084029,0.8143918050416805,A,True,co|carbossilati aromatici|acetate|dmf/meoh|nessuno|60|48|0.75,,curated_project_dataset
POS-0279,710,2-Methylimidazole,Imidazolati,Fe,Fe(NO3)3·9H2O,DEF,Nessuno,100,48.0,2.0,10.0,0.2,,9.0,nitrate,3.0,Microwave,2,curated_development_positive,DEVELOPMENT,1.0,0.875,0.96875,0.82,0.7071067811865476,0.8717963562373096,A,True,fe|imidazolati|nitrate|def|nessuno|100|48|0.25,,curated_project_dataset
POS-0280,711,"3,5-diamino-4,4'-bipyrazole",Bipyrazole,Mg,Mg(NO3)2·6H2O,DEF,Nessuno,120,12.0,0.5,0.625,0.8,,6.0,nitrate,2.0,Solvothermal,2,curated_development_positive,DEVELOPMENT,1.0,0.875,0.96875,0.82,0.7745966692414833,0.8852943338482967,A,True,mg|bipyrazole|nitrate|def|nessuno|120|12|0.75,,curated_project_dataset
POS-0281,712,"1,2,4-Triazole",Triazole,Al,Al(NO3)3·9H2O,DMF/H2O/EtOH,Nessuno,25,4.0,0.05,0.025,2.0,,9.0,nitrate,3.0,Solvothermal,2,curated_development_positive,DEVELOPMENT,1.0,0.875,0.96875,0.82,0.7745966692414833,0.8852943338482967,A,True,al|triazole|nitrate|dmf/h2o/etoh|nessuno|20|6|2.0,,curated_project_dataset
POS-0282,713,"1,2,4-Triazole",Triazole,Co,Co(OAc)2·4H2O,H2O,Nessuno,80,4.0,0.05,0.1,0.5,,4.0,acetate,2.0,Room Temperature,2,curated_development_positive,DEVELOPMENT,1.0,0.875,0.96875,0.82,1.0,0.930375,A,True,co|triazole|acetate|h2o|nessuno|80|6|0.5,,curated_project_dataset
POS-0283,714,"3,3'-dimethyl-4,4'-bipyrazole",Bipyrazole,Zn,Zn(NO3)2·6H2O,MeOH,Nessuno,180,24.0,0.5,0.25,2.0,,6.0,nitrate,2.0,Solvothermal,2,curated_development_positive,DEVELOPMENT,1.0,0.875,0.96875,0.82,0.4200840252084029,0.8143918050416805,A,True,zn|bipyrazole|nitrate|meoh|nessuno|180|24|2.0,,curated_project_dataset
POS-0284,716,"3,5-diamino-4,4'-bipyrazole",Bipyrazole,Cu,Cu(NO3)2·3H2O,DMF,Nessuno,80,36.0,1.0,5.0,0.2,,3.0,nitrate,2.0,Room Temperature,2,curated_development_positive,DEVELOPMENT,1.0,0.875,0.96875,0.82,0.3779644730092272,0.8059678946018455,A,True,cu|bipyrazole|nitrate|dmf|nessuno|80|36|0.25,,curated_project_dataset
POS-0285,717,"3,3'-dinitro-4,4'-bipyrazole",Bipyrazole,Al,AlCl3·6H2O,MeOH,Nessuno,180,72.0,0.5,1.515,0.33,,6.0,chloride,3.0,Hydrothermal,2,curated_development_positive,DEVELOPMENT,1.0,0.875,0.96875,0.82,0.5222329678670935,0.8348215935734187,A,True,al|bipyrazole|chloride|meoh|nessuno|180|72|0.25,,curated_project_dataset
POS-0286,718,2-Methylimidazole,Imidazolati,Co,Co(NO3)2·6H2O,DMF,Nessuno,100,36.0,1.0,0.833,1.2,,6.0,nitrate,2.0,Microwave,2,curated_development_positive,DEVELOPMENT,1.0,0.875,0.96875,0.82,0.8660254037844385,0.9035800807568877,A,True,co|imidazolati|nitrate|dmf|nessuno|100|36|1.25,,curated_project_dataset
POS-0287,719,Fumaric acid,Carbossilati aromatici,Co,Co(NO3)2·6H2O,DMF/MeOH,Nessuno,150,18.0,0.5,0.417,1.2,,6.0,nitrate,2.0,Room Temperature,2,curated_development_positive,DEVELOPMENT,1.0,0.875,0.96875,0.82,0.4200840252084029,0.8143918050416805,A,True,co|carbossilati aromatici|nitrate|dmf/meoh|nessuno|150|18|1.25,,curated_project_dataset
POS-0288,721,"1,2,4-Triazole",Triazole,Fe,FeCl3·6H2O,MeOH,Nessuno,180,72.0,0.05,0.25,0.2,,6.0,chloride,3.0,Solvothermal,2,curated_development_positive,DEVELOPMENT,1.0,0.875,0.96875,0.82,1.0,0.930375,A,True,fe|triazole|chloride|meoh|nessuno|180|72|0.25,,curated_project_dataset
POS-0289,722,"3,3'-dimethyl-4,4'-bipyrazole",Bipyrazole,Al,Al(NO3)3·9H2O,DMF/H2O/EtOH,Nessuno,80,72.0,2.0,10.0,0.2,,9.0,nitrate,3.0,Room Temperature,2,curated_development_positive,DEVELOPMENT,1.0,0.875,0.96875,0.82,0.5222329678670935,0.8348215935734187,A,True,al|bipyrazole|nitrate|dmf/h2o/etoh|nessuno|80|72|0.25,,curated_project_dataset
POS-0290,723,"2,6-Naphthalenedicarboxylic acid",Carbossilati aromatici,Zr,ZrCl4,DMF/H2O,Nessuno,160,72.0,0.05,0.042,1.2,,0.0,chloride,4.0,Room Temperature,2,curated_development_positive,DEVELOPMENT,1.0,0.875,0.96875,0.82,0.408248290463863,0.8120246580927726,A,True,zr|carbossilati aromatici|chloride|dmf/h2o|nessuno|160|72|1.25,,curated_project_dataset
POS-0291,724,"2,5-Dihydroxyterephthalic acid (H4DOBDC)",Carbossilati aromatici,Mn,Mn(OAc)2·4H2O,DMF,Nessuno,100,24.0,0.05,0.1,0.5,,4.0,acetate,2.0,Hydrothermal,2,curated_development_positive,DEVELOPMENT,1.0,0.875,0.96875,0.82,0.5,0.830375,A,True,mn|carbossilati aromatici|acetate|dmf|nessuno|100|24|0.5,,curated_project_dataset
POS-0292,725,"2,6-Naphthalenedicarboxylic acid",Carbossilati aromatici,Mn,Mn(OAc)2·4H2O,H2O,Nessuno,25,18.0,0.1,0.303,0.33,,4.0,acetate,2.0,Solvothermal,2,curated_development_positive,DEVELOPMENT,1.0,0.875,0.96875,0.82,0.5,0.830375,A,True,mn|carbossilati aromatici|acetate|h2o|nessuno|20|18|0.25,,curated_project_dataset
POS-0293,726,"1,2,4-Triazole",Triazole,Zn,Zn(NO3)2·6H2O,DMF,Nessuno,25,18.0,0.5,0.5,1.0,,6.0,nitrate,2.0,Hydrothermal,2,curated_development_positive,DEVELOPMENT,1.0,0.875,0.96875,0.82,1.0,0.930375,A,True,zn|triazole|nitrate|dmf|nessuno|20|18|1.0,,curated_project_dataset
POS-0294,727,"3,3'-dinitro-4,4'-bipyrazole",Bipyrazole,Zn,Zn(OAc)2·2H2O,MeOH,Nessuno,100,72.0,0.2,0.1,2.0,,2.0,acetate,2.0,Room Temperature,2,curated_development_positive,DEVELOPMENT,1.0,0.875,0.96875,0.82,0.4200840252084029,0.8143918050416805,A,True,zn|bipyrazole|acetate|meoh|nessuno|100|72|2.0,,curated_project_dataset
POS-0295,728,"1,4-Benzenedicarboxylic acid (H2BDC)",Carbossilati aromatici,Zn,Zn(OAc)2·2H2O,H2O,Nessuno,120,24.0,2.0,1.667,1.2,,2.0,acetate,2.0,Hydrothermal,2,curated_development_positive,DEVELOPMENT,1.0,0.875,0.96875,0.82,0.3779644730092272,0.8059678946018455,A,True,zn|carbossilati aromatici|acetate|h2o|nessuno|120|24|1.25,,curated_project_dataset
POS-0296,729,"3,3'-dimethyl-4,4'-bipyrazole",Bipyrazole,Mg,Mg(NO3)2·6H2O,DMF,Nessuno,180,24.0,1.0,0.833,1.2,,6.0,nitrate,2.0,Room Temperature,2,curated_development_positive,DEVELOPMENT,1.0,0.875,0.96875,0.82,0.7745966692414833,0.8852943338482967,A,True,mg|bipyrazole|nitrate|dmf|nessuno|180|24|1.25,,curated_project_dataset
POS-0297,731,"3-amino-4,4'-bipyrazole",Bipyrazole,Zr,ZrCl4,H2O,Nessuno,150,12.0,0.5,1.0,0.5,,0.0,chloride,4.0,Solvothermal,2,curated_development_positive,DEVELOPMENT,1.0,0.875,0.96875,0.82,0.43301270189221924,0.8169775403784438,A,True,zr|bipyrazole|chloride|h2o|nessuno|150|12|0.5,,curated_project_dataset
POS-0298,732,"3-amino-4,4'-bipyrazole",Bipyrazole,Ni,Ni(OAc)2·4H2O,DMF/H2O,Nessuno,150,24.0,0.05,0.025,2.0,,4.0,acetate,2.0,Hydrothermal,2,curated_development_positive,DEVELOPMENT,1.0,0.875,0.96875,0.82,0.654653670707977,0.8613057341415954,A,True,ni|bipyrazole|acetate|dmf/h2o|nessuno|150|24|2.0,,curated_project_dataset
POS-0299,733,"2,5-Dihydroxyterephthalic acid (H4DOBDC)",Carbossilati aromatici,Mn,Mn(OAc)2·4H2O,DEF,Nessuno,25,48.0,1.0,1.0,1.0,,4.0,acetate,2.0,Microwave,2,curated_development_positive,DEVELOPMENT,1.0,0.875,0.96875,0.82,0.5,0.830375,A,True,mn|carbossilati aromatici|acetate|def|nessuno|20|48|1.0,,curated_project_dataset
POS-0300,734,"3,3'-dimethyl-4,4'-bipyrazole",Bipyrazole,Ni,Ni(NO3)2·6H2O,DMF/H2O/EtOH,Nessuno,80,18.0,2.0,2.5,0.8,,6.0,nitrate,2.0,Room Temperature,2,curated_development_positive,DEVELOPMENT,1.0,0.875,0.96875,0.82,0.654653670707977,0.8613057341415954,A,True,ni|bipyrazole|nitrate|dmf/h2o/etoh|nessuno|80|18|0.75,,curated_project_dataset
POS-0301,735,"3,5-diamino-4,4'-bipyrazole",Bipyrazole,Zr,ZrCl4,H2O,Nessuno,100,18.0,0.5,0.25,2.0,,0.0,chloride,4.0,Solvothermal,2,curated_development_positive,DEVELOPMENT,1.0,0.875,0.96875,0.82,0.43301270189221924,0.8169775403784438,A,True,zr|bipyrazole|chloride|h2o|nessuno|100|18|2.0,,curated_project_dataset
POS-0302,736,"4,4'-Biphenyldicarboxylic acid (BPDC)",Carbossilati aromatici,Co,Co(OAc)2·4H2O,DMF/MeOH,Nessuno,80,48.0,0.05,0.1,0.5,,4.0,acetate,2.0,Solvothermal,2,curated_development_positive,DEVELOPMENT,1.0,0.875,0.96875,0.82,0.4200840252084029,0.8143918050416805,A,True,co|carbossilati aromatici|acetate|dmf/meoh|nessuno|80|48|0.5,,curated_project_dataset
POS-0303,737,2-Methylimidazole,Imidazolati,Al,AlCl3·6H2O,DEF,Nessuno,60,48.0,1.0,0.5,2.0,,6.0,chloride,3.0,Room Temperature,2,curated_development_positive,DEVELOPMENT,1.0,0.875,0.96875,0.82,0.7745966692414833,0.8852943338482967,A,True,al|imidazolati|chloride|def|nessuno|60|48|2.0,,curated_project_dataset
POS-0304,738,"3-amino-4,4'-bipyrazole",Bipyrazole,Cu,Cu(OAc)2·H2O,DMF,Nessuno,100,4.0,0.5,0.25,2.0,,1.0,acetate,2.0,Sonochemical,2,curated_development_positive,DEVELOPMENT,1.0,0.875,0.96875,0.82,0.3779644730092272,0.8059678946018455,A,True,cu|bipyrazole|acetate|dmf|nessuno|100|6|2.0,,curated_project_dataset
POS-0305,739,"3,5-diamino-4,4'-bipyrazole",Bipyrazole,Co,Co(OAc)2·4H2O,MeOH,Nessuno,80,4.0,0.5,0.25,2.0,,4.0,acetate,2.0,Solvothermal,2,curated_development_positive,DEVELOPMENT,1.0,0.875,0.96875,0.82,0.3216337604513384,0.7947017520902677,A,True,co|bipyrazole|acetate|meoh|nessuno|80|6|2.0,,curated_project_dataset
POS-0306,740,"3,3'-dimethyl-4,4'-bipyrazole",Bipyrazole,Al,AlCl3·6H2O,DMA,Nessuno,140,36.0,0.2,0.167,1.2,,6.0,chloride,3.0,Room Temperature,2,curated_development_positive,DEVELOPMENT,1.0,0.875,0.96875,0.82,0.5222329678670935,0.8348215935734187,A,True,al|bipyrazole|chloride|dma|nessuno|140|36|1.25,,curated_project_dataset
POS-0307,741,"3,3'-dimethyl-4,4'-bipyrazole",Bipyrazole,Zr,ZrOCl2·8H2O,H2O/EtOH,Nessuno,25,24.0,0.5,0.5,1.0,,8.0,chloride,2.0,Solvothermal,2,curated_development_positive,DEVELOPMENT,1.0,0.875,0.96875,0.82,0.43301270189221924,0.8169775403784438,A,True,zr|bipyrazole|chloride|h2o/etoh|nessuno|20|24|1.0,,curated_project_dataset
POS-0308,742,2-Methylimidazole,Imidazolati,Mg,Mg(NO3)2·6H2O,DMF/H2O,Nessuno,100,18.0,0.05,0.025,2.0,,6.0,nitrate,2.0,Solvothermal,2,curated_development_positive,DEVELOPMENT,1.0,0.875,0.96875,0.82,1.0,0.930375,A,True,mg|imidazolati|nitrate|dmf/h2o|nessuno|100|18|2.0,,curated_project_dataset
POS-0309,743,"1,2,4-Triazole",Triazole,Al,AlCl3·6H2O,H2O/EtOH,Nessuno,140,18.0,1.0,5.0,0.2,,6.0,chloride,3.0,Microwave,2,curated_development_positive,DEVELOPMENT,1.0,0.875,0.96875,0.82,0.7745966692414833,0.8852943338482967,A,True,al|triazole|chloride|h2o/etoh|nessuno|140|18|0.25,,curated_project_dataset
POS-0310,744,"3,5-diamino-4,4'-bipyrazole",Bipyrazole,Mn,Mn(OAc)2·4H2O,H2O/EtOH,Nessuno,80,24.0,1.0,1.25,0.8,,4.0,acetate,2.0,Solvothermal,2,curated_development_positive,DEVELOPMENT,1.0,0.875,0.96875,0.82,0.654653670707977,0.8613057341415954,A,True,mn|bipyrazole|acetate|h2o/etoh|nessuno|80|24|0.75,,curated_project_dataset
POS-0311,745,"2,6-Naphthalenedicarboxylic acid",Carbossilati aromatici,Zr,ZrCl4,DMF/H2O,Nessuno,60,4.0,2.0,1.333,1.5,,0.0,chloride,4.0,Hydrothermal,2,curated_development_positive,DEVELOPMENT,1.0,0.875,0.96875,0.82,0.408248290463863,0.8120246580927726,A,True,zr|carbossilati aromatici|chloride|dmf/h2o|nessuno|60|6|1.5,,curated_project_dataset
POS-0312,746,"3,3'-dinitro-4,4'-bipyrazole",Bipyrazole,Cu,Cu(NO3)2·3H2O,H2O,Nessuno,160,12.0,0.2,0.133,1.5,,3.0,nitrate,2.0,Hydrothermal,2,curated_development_positive,DEVELOPMENT,1.0,0.875,0.96875,0.82,0.3779644730092272,0.8059678946018455,A,True,cu|bipyrazole|nitrate|h2o|nessuno|160|12|1.5,,curated_project_dataset
POS-0313,747,"3,3'-dinitro-4,4'-bipyrazole",Bipyrazole,Zr,ZrOCl2·8H2O,DMF,Nessuno,160,4.0,2.0,4.0,0.5,,8.0,chloride,2.0,Solvothermal,2,curated_development_positive,DEVELOPMENT,1.0,0.875,0.96875,0.82,0.43301270189221924,0.8169775403784438,A,True,zr|bipyrazole|chloride|dmf|nessuno|160|6|0.5,,curated_project_dataset
POS-0314,748,Fumaric acid,Carbossilati aromatici,Ni,Ni(OAc)2·4H2O,MeOH,Nessuno,80,12.0,1.0,0.5,2.0,,4.0,acetate,2.0,Solvothermal,2,curated_development_positive,DEVELOPMENT,1.0,0.875,0.96875,0.82,0.5,0.830375,A,True,ni|carbossilati aromatici|acetate|meoh|nessuno|80|12|2.0,,curated_project_dataset
POS-0315,749,"1,2,4-Triazole",Triazole,Co,Co(NO3)2·6H2O,DMF/H2O/EtOH,Nessuno,100,36.0,2.0,10.0,0.2,,6.0,nitrate,2.0,Microwave,2,curated_development_positive,DEVELOPMENT,1.0,0.875,0.96875,0.82,1.0,0.930375,A,True,co|triazole|nitrate|dmf/h2o/etoh|nessuno|100|36|0.25,,curated_project_dataset
POS-0316,750,Benzimidazole,Imidazolati,Fe,Fe(NO3)3·9H2O,DMF/H2O,Nessuno,150,72.0,0.1,0.303,0.33,,9.0,nitrate,3.0,Microwave,2,curated_development_positive,DEVELOPMENT,1.0,0.875,0.96875,0.82,0.7071067811865476,0.8717963562373096,A,True,fe|imidazolati|nitrate|dmf/h2o|nessuno|150|72|0.25,,curated_project_dataset
POS-0317,751,Fumaric acid,Carbossilati aromatici,Mn,Mn(OAc)2·4H2O,DMF/MeOH,Nessuno,140,72.0,1.0,1.25,0.8,,4.0,acetate,2.0,Room Temperature,2,curated_development_positive,DEVELOPMENT,1.0,0.875,0.96875,0.82,0.5,0.830375,A,True,mn|carbossilati aromatici|acetate|dmf/meoh|nessuno|140|72|0.75,,curated_project_dataset
POS-0318,752,"1,4-Benzenedicarboxylic acid (H2BDC)",Carbossilati aromatici,Co,Co(OAc)2·4H2O,H2O/EtOH,Nessuno,120,72.0,1.0,0.833,1.2,,4.0,acetate,2.0,Microwave,2,curated_development_positive,DEVELOPMENT,1.0,0.875,0.96875,0.82,0.4200840252084029,0.8143918050416805,A,True,co|carbossilati aromatici|acetate|h2o/etoh|nessuno|120|72|1.25,,curated_project_dataset
POS-0319,753,"2,5-Dihydroxyterephthalic acid (H4DOBDC)",Carbossilati aromatici,Cd,Cd(NO3)2·4H2O,DMF/H2O,Nessuno,150,24.0,0.5,1.515,0.33,,4.0,nitrate,2.0,Sonochemical,2,curated_development_positive,DEVELOPMENT,1.0,0.875,0.96875,0.82,0.48038446141526137,0.8264518922830523,A,True,cd|carbossilati aromatici|nitrate|dmf/h2o|nessuno|150|24|0.25,,curated_project_dataset
POS-0320,754,"3,3'-dinitro-4,4'-bipyrazole",Bipyrazole,Mn,Mn(OAc)2·4H2O,H2O,Nessuno,80,24.0,0.1,0.067,1.5,,4.0,acetate,2.0,Hydrothermal,2,curated_development_positive,DEVELOPMENT,1.0,0.875,0.96875,0.82,0.654653670707977,0.8613057341415954,A,True,mn|bipyrazole|acetate|h2o|nessuno|80|24|1.5,,curated_project_dataset
POS-0321,755,"2,6-Naphthalenedicarboxylic acid",Carbossilati aromatici,Ni,Ni(NO3)2·6H2O,H2O/EtOH,Nessuno,25,12.0,0.1,0.5,0.2,,6.0,nitrate,2.0,Hydrothermal,2,curated_development_positive,DEVELOPMENT,1.0,0.875,0.96875,0.82,0.5,0.830375,A,True,ni|carbossilati aromatici|nitrate|h2o/etoh|nessuno|20|12|0.25,,curated_project_dataset
POS-0322,756,Benzimidazole,Imidazolati,Mg,Mg(NO3)2·6H2O,DMF/H2O/EtOH,Nessuno,160,36.0,1.0,5.0,0.2,,6.0,nitrate,2.0,Sonochemical,2,curated_development_positive,DEVELOPMENT,1.0,0.875,0.96875,0.82,1.0,0.930375,A,True,mg|imidazolati|nitrate|dmf/h2o/etoh|nessuno|160|36|0.25,,curated_project_dataset
POS-0323,757,Fumaric acid,Carbossilati aromatici,Zn,Zn(NO3)2·6H2O,DMA,Nessuno,150,18.0,0.2,0.606,0.33,,6.0,nitrate,2.0,Microwave,2,curated_development_positive,DEVELOPMENT,1.0,0.875,0.96875,0.82,0.3779644730092272,0.8059678946018455,A,True,zn|carbossilati aromatici|nitrate|dma|nessuno|150|18|0.25,,curated_project_dataset
POS-0324,758,"2,6-Naphthalenedicarboxylic acid",Carbossilati aromatici,Al,AlCl3·6H2O,H2O/EtOH,Nessuno,25,48.0,0.5,0.5,1.0,,6.0,chloride,3.0,Microwave,2,curated_development_positive,DEVELOPMENT,1.0,0.875,0.96875,0.82,0.5477225575051661,0.8399195115010332,A,True,al|carbossilati aromatici|chloride|h2o/etoh|nessuno|20|48|1.0,,curated_project_dataset
POS-0325,759,"3,3'-dinitro-4,4'-bipyrazole",Bipyrazole,Mg,Mg(NO3)2·6H2O,H2O/EtOH,Nessuno,150,24.0,2.0,1.667,1.2,,6.0,nitrate,2.0,Solvothermal,2,curated_development_positive,DEVELOPMENT,1.0,0.875,0.96875,0.82,0.7745966692414833,0.8852943338482967,A,True,mg|bipyrazole|nitrate|h2o/etoh|nessuno|150|24|1.25,,curated_project_dataset
POS-0326,760,"2,6-Naphthalenedicarboxylic acid",Carbossilati aromatici,Ni,Ni(OAc)2·4H2O,DMA,Nessuno,120,24.0,0.1,0.125,0.8,,4.0,acetate,2.0,Hydrothermal,2,curated_development_positive,DEVELOPMENT,1.0,0.875,0.96875,0.82,0.5,0.830375,A,True,ni|carbossilati aromatici|acetate|dma|nessuno|120|24|0.75,,curated_project_dataset
POS-0327,761,"3,3'-dinitro-4,4'-bipyrazole",Bipyrazole,Zr,ZrCl4,H2O,Nessuno,120,36.0,0.1,0.05,2.0,,0.0,chloride,4.0,Microwave,2,curated_development_positive,DEVELOPMENT,1.0,0.875,0.96875,0.82,0.43301270189221924,0.8169775403784438,A,True,zr|bipyrazole|chloride|h2o|nessuno|120|36|2.0,,curated_project_dataset
POS-0328,762,"1,4-Benzenedicarboxylic acid (H2BDC)",Carbossilati aromatici,Fe,Fe(NO3)3·9H2O,DEF,Nessuno,80,24.0,1.0,5.0,0.2,,9.0,nitrate,3.0,Solvothermal,2,curated_development_positive,DEVELOPMENT,1.0,0.875,0.96875,0.82,0.4200840252084029,0.8143918050416805,A,True,fe|carbossilati aromatici|nitrate|def|nessuno|80|24|0.25,,curated_project_dataset
POS-0329,764,"3,3'-dimethyl-4,4'-bipyrazole",Bipyrazole,Fe,Fe(NO3)3·9H2O,DEF,Nessuno,80,12.0,0.05,0.033,1.5,,9.0,nitrate,3.0,Room Temperature,2,curated_development_positive,DEVELOPMENT,1.0,0.875,0.96875,0.82,0.5773502691896256,0.8458450538379252,A,True,fe|bipyrazole|nitrate|def|nessuno|80|12|1.5,,curated_project_dataset
POS-0330,765,"3,3'-dinitro-4,4'-bipyrazole",Bipyrazole,Co,Co(OAc)2·4H2O,DEF,Nessuno,80,4.0,1.0,3.03,0.33,,4.0,acetate,2.0,Microwave,2,curated_development_positive,DEVELOPMENT,1.0,0.875,0.96875,0.82,0.3216337604513384,0.7947017520902677,A,True,co|bipyrazole|acetate|def|nessuno|80|6|0.25,,curated_project_dataset
POS-0331,767,"2,5-Dihydroxyterephthalic acid (H4DOBDC)",Carbossilati aromatici,Ni,Ni(OAc)2·4H2O,H2O/EtOH,Nessuno,180,18.0,0.5,1.0,0.5,,4.0,acetate,2.0,Solvothermal,2,curated_development_positive,DEVELOPMENT,1.0,0.875,0.96875,0.82,0.5,0.830375,A,True,ni|carbossilati aromatici|acetate|h2o/etoh|nessuno|180|18|0.5,,curated_project_dataset
POS-0332,769,Fumaric acid,Carbossilati aromatici,Al,Al(NO3)3·9H2O,MeOH,Nessuno,180,18.0,0.05,0.042,1.2,,9.0,nitrate,3.0,Solvothermal,2,curated_development_positive,DEVELOPMENT,1.0,0.875,0.96875,0.82,0.5477225575051661,0.8399195115010332,A,True,al|carbossilati aromatici|nitrate|meoh|nessuno|180|18|1.25,,curated_project_dataset
POS-0333,770,"1,4-Benzenedicarboxylic acid (H2BDC)",Carbossilati aromatici,Mg,Mg(NO3)2·6H2O,DMF/H2O/EtOH,Nessuno,140,36.0,0.05,0.1,0.5,,6.0,nitrate,2.0,Room Temperature,2,curated_development_positive,DEVELOPMENT,1.0,0.875,0.96875,0.82,1.0,0.930375,A,True,mg|carbossilati aromatici|nitrate|dmf/h2o/etoh|nessuno|140|36|0.5,,curated_project_dataset
POS-0334,771,"2,5-Dihydroxyterephthalic acid (H4DOBDC)",Carbossilati aromatici,Fe,Fe(NO3)3·9H2O,DMF/H2O/EtOH,Nessuno,80,24.0,0.5,0.333,1.5,,9.0,nitrate,3.0,Solvothermal,2,curated_development_positive,DEVELOPMENT,1.0,0.875,0.96875,0.82,0.4200840252084029,0.8143918050416805,A,True,fe|carbossilati aromatici|nitrate|dmf/h2o/etoh|nessuno|80|24|1.5,,curated_project_dataset
POS-0335,772,Benzimidazole,Imidazolati,Cd,Cd(NO3)2·4H2O,H2O/EtOH,Nessuno,120,18.0,0.5,2.5,0.2,,4.0,nitrate,2.0,Microwave,2,curated_development_positive,DEVELOPMENT,1.0,0.875,0.96875,0.82,0.6123724356957944,0.8528494871391589,A,True,cd|imidazolati|nitrate|h2o/etoh|nessuno|120|18|0.25,,curated_project_dataset
POS-0336,773,"3,3'-dimethyl-4,4'-bipyrazole",Bipyrazole,Cu,Cu(OAc)2·H2O,H2O/EtOH,Nessuno,150,4.0,0.1,0.1,1.0,,1.0,acetate,2.0,Sonochemical,2,curated_development_positive,DEVELOPMENT,1.0,0.875,0.96875,0.82,0.3779644730092272,0.8059678946018455,A,True,cu|bipyrazole|acetate|h2o/etoh|nessuno|150|6|1.0,,curated_project_dataset
POS-0337,774,"3,3'-dinitro-4,4'-bipyrazole",Bipyrazole,Co,Co(NO3)2·6H2O,H2O/EtOH,Nessuno,80,72.0,0.2,0.4,0.5,,6.0,nitrate,2.0,Sonochemical,2,curated_development_positive,DEVELOPMENT,1.0,0.875,0.96875,0.82,0.3216337604513384,0.7947017520902677,A,True,co|bipyrazole|nitrate|h2o/etoh|nessuno|80|72|0.5,,curated_project_dataset
POS-0338,776,"3-amino-4,4'-bipyrazole",Bipyrazole,Zr,ZrOCl2·8H2O,H2O/EtOH,Nessuno,120,48.0,1.0,0.5,2.0,,8.0,chloride,2.0,Room Temperature,2,curated_development_positive,DEVELOPMENT,1.0,0.875,0.96875,0.82,0.43301270189221924,0.8169775403784438,A,True,zr|bipyrazole|chloride|h2o/etoh|nessuno|120|48|2.0,,curated_project_dataset
POS-0339,777,"1,4-Benzenedicarboxylic acid (H2BDC)",Carbossilati aromatici,Mn,Mn(OAc)2·4H2O,MeOH,Nessuno,180,36.0,2.0,2.5,0.8,,4.0,acetate,2.0,Microwave,2,curated_development_positive,DEVELOPMENT,1.0,0.875,0.96875,0.82,0.5,0.830375,A,True,mn|carbossilati aromatici|acetate|meoh|nessuno|180|36|0.75,,curated_project_dataset
POS-0340,778,"1,2,4-Triazole",Triazole,Fe,Fe(NO3)3·9H2O,DMA,Nessuno,150,18.0,0.2,0.606,0.33,,9.0,nitrate,3.0,Hydrothermal,2,curated_development_positive,DEVELOPMENT,1.0,0.875,0.96875,0.82,1.0,0.930375,A,True,fe|triazole|nitrate|dma|nessuno|150|18|0.25,,curated_project_dataset
POS-0341,779,Fumaric acid,Carbossilati aromatici,Cu,Cu(NO3)2·3H2O,DEF,Nessuno,100,24.0,0.05,0.033,1.5,,3.0,nitrate,2.0,Sonochemical,2,curated_development_positive,DEVELOPMENT,1.0,0.875,0.96875,0.82,0.48038446141526137,0.8264518922830523,A,True,cu|carbossilati aromatici|nitrate|def|nessuno|100|24|1.5,,curated_project_dataset
POS-0342,780,Fumaric acid,Carbossilati aromatici,Zr,ZrCl4,DMF/H2O,Nessuno,180,72.0,0.05,0.25,0.2,,0.0,chloride,4.0,Microwave,2,curated_development_positive,DEVELOPMENT,1.0,0.875,0.96875,0.82,0.408248290463863,0.8120246580927726,A,True,zr|carbossilati aromatici|chloride|dmf/h2o|nessuno|180|72|0.25,,curated_project_dataset
POS-0343,781,"3,5-diamino-4,4'-bipyrazole",Bipyrazole,Zr,ZrCl4,DMA,Nessuno,120,48.0,1.0,1.25,0.8,,0.0,chloride,4.0,Hydrothermal,2,curated_development_positive,DEVELOPMENT,1.0,0.875,0.96875,0.82,0.43301270189221924,0.8169775403784438,A,True,zr|bipyrazole|chloride|dma|nessuno|120|48|0.75,,curated_project_dataset
POS-0344,782,2-Methylimidazole,Imidazolati,Cd,Cd(NO3)2·4H2O,H2O/EtOH,Nessuno,140,36.0,1.0,1.25,0.8,,4.0,nitrate,2.0,Room Temperature,2,curated_development_positive,DEVELOPMENT,1.0,0.875,0.96875,0.82,0.6123724356957944,0.8528494871391589,A,True,cd|imidazolati|nitrate|h2o/etoh|nessuno|140|36|0.75,,curated_project_dataset
POS-0345,783,"2,5-Dihydroxyterephthalic acid (H4DOBDC)",Carbossilati aromatici,Cu,Cu(NO3)2·3H2O,DMF/H2O,Nessuno,100,4.0,0.05,0.033,1.5,,3.0,nitrate,2.0,Hydrothermal,2,curated_development_positive,DEVELOPMENT,1.0,0.875,0.96875,0.82,0.48038446141526137,0.8264518922830523,A,True,cu|carbossilati aromatici|nitrate|dmf/h2o|nessuno|100|6|1.5,,curated_project_dataset
POS-0346,784,"1,4-Benzenedicarboxylic acid (H2BDC)",Carbossilati aromatici,Al,AlCl3·6H2O,DMF,Nessuno,120,48.0,0.05,0.025,2.0,,6.0,chloride,3.0,Room Temperature,2,curated_development_positive,DEVELOPMENT,1.0,0.875,0.96875,0.82,0.5477225575051661,0.8399195115010332,A,True,al|carbossilati aromatici|chloride|dmf|nessuno|120|48|2.0,,curated_project_dataset
POS-0347,785,"3,3'-dimethyl-4,4'-bipyrazole",Bipyrazole,Fe,Fe(NO3)3·9H2O,H2O,Nessuno,140,24.0,0.1,0.1,1.0,,9.0,nitrate,3.0,Microwave,2,curated_development_positive,DEVELOPMENT,1.0,0.875,0.96875,0.82,0.5773502691896256,0.8458450538379252,A,True,fe|bipyrazole|nitrate|h2o|nessuno|140|24|1.0,,curated_project_dataset
POS-0348,786,"1,2,4-Triazole",Triazole,Cu,Cu(OAc)2·H2O,H2O,Nessuno,60,24.0,0.05,0.05,1.0,,1.0,acetate,2.0,Microwave,2,curated_development_positive,DEVELOPMENT,1.0,0.875,0.96875,0.82,0.7745966692414833,0.8852943338482967,A,True,cu|triazole|acetate|h2o|nessuno|60|24|1.0,,curated_project_dataset
POS-0349,787,"2,5-Dihydroxyterephthalic acid (H4DOBDC)",Carbossilati aromatici,Mn,Mn(OAc)2·4H2O,DMF/H2O/EtOH,Nessuno,25,36.0,0.5,0.5,1.0,,4.0,acetate,2.0,Microwave,2,curated_development_positive,DEVELOPMENT,1.0,0.875,0.96875,0.82,0.5,0.830375,A,True,mn|carbossilati aromatici|acetate|dmf/h2o/etoh|nessuno|20|36|1.0,,curated_project_dataset
POS-0350,788,2-Methylimidazole,Imidazolati,Al,Al(NO3)3·9H2O,DMF/H2O,Nessuno,140,12.0,1.0,0.5,2.0,,9.0,nitrate,3.0,Room Temperature,2,curated_development_positive,DEVELOPMENT,1.0,0.875,0.96875,0.82,0.7745966692414833,0.8852943338482967,A,True,al|imidazolati|nitrate|dmf/h2o|nessuno|140|12|2.0,,curated_project_dataset
POS-0351,790,"4,4'-Biphenyldicarboxylic acid (BPDC)",Carbossilati aromatici,Zr,ZrCl4,DEF,Nessuno,25,18.0,0.05,0.152,0.33,,0.0,chloride,4.0,Sonochemical,2,curated_development_positive,DEVELOPMENT,1.0,0.875,0.96875,0.82,0.408248290463863,0.8120246580927726,A,True,zr|carbossilati aromatici|chloride|def|nessuno|20|18|0.25,,curated_project_dataset
POS-0352,791,"4,4'-Biphenyldicarboxylic acid (BPDC)",Carbossilati aromatici,Mn,Mn(OAc)2·4H2O,DMF,Nessuno,60,4.0,0.05,0.033,1.5,,4.0,acetate,2.0,Room Temperature,2,curated_development_positive,DEVELOPMENT,1.0,0.875,0.96875,0.82,0.5,0.830375,A,True,mn|carbossilati aromatici|acetate|dmf|nessuno|60|6|1.5,,curated_project_dataset
POS-0353,792,"2,6-Naphthalenedicarboxylic acid",Carbossilati aromatici,Mg,Mg(NO3)2·6H2O,MeOH,Nessuno,140,24.0,1.0,1.0,1.0,,6.0,nitrate,2.0,Solvothermal,2,curated_development_positive,DEVELOPMENT,1.0,0.875,0.96875,0.82,1.0,0.930375,A,True,mg|carbossilati aromatici|nitrate|meoh|nessuno|140|24|1.0,,curated_project_dataset
POS-0354,793,"4,4'-Biphenyldicarboxylic acid (BPDC)",Carbossilati aromatici,Cu,Cu(NO3)2·3H2O,H2O/EtOH,Nessuno,150,36.0,0.1,0.1,1.0,,3.0,nitrate,2.0,Sonochemical,2,curated_development_positive,DEVELOPMENT,1.0,0.875,0.96875,0.82,0.48038446141526137,0.8264518922830523,A,True,cu|carbossilati aromatici|nitrate|h2o/etoh|nessuno|150|36|1.0,,curated_project_dataset
POS-0355,794,"3,3'-dinitro-4,4'-bipyrazole",Bipyrazole,Mn,Mn(OAc)2·4H2O,H2O/EtOH,Nessuno,180,48.0,1.0,2.0,0.5,,4.0,acetate,2.0,Solvothermal,2,curated_development_positive,DEVELOPMENT,1.0,0.875,0.96875,0.82,0.654653670707977,0.8613057341415954,A,True,mn|bipyrazole|acetate|h2o/etoh|nessuno|180|48|0.5,,curated_project_dataset
POS-0356,795,2-Methylimidazole,Imidazolati,Cu,Cu(OAc)2·H2O,DMF,Nessuno,25,12.0,0.1,0.067,1.5,,1.0,acetate,2.0,Microwave,2,curated_development_positive,DEVELOPMENT,1.0,0.875,0.96875,0.82,0.654653670707977,0.8613057341415954,A,True,cu|imidazolati|acetate|dmf|nessuno|20|12|1.5,,curated_project_dataset
POS-0357,796,"3,3'-dinitro-4,4'-bipyrazole",Bipyrazole,Zr,ZrOCl2·8H2O,DMA,Nessuno,140,18.0,0.5,1.515,0.33,,8.0,chloride,2.0,Room Temperature,2,curated_development_positive,DEVELOPMENT,1.0,0.875,0.96875,0.82,0.43301270189221924,0.8169775403784438,A,True,zr|bipyrazole|chloride|dma|nessuno|140|18|0.25,,curated_project_dataset
POS-0358,797,"1,4-Benzenedicarboxylic acid (H2BDC)",Carbossilati aromatici,Fe,Fe(NO3)3·9H2O,H2O/EtOH,Nessuno,180,4.0,2.0,2.0,1.0,,9.0,nitrate,3.0,Sonochemical,2,curated_development_positive,DEVELOPMENT,1.0,0.875,0.96875,0.82,0.4200840252084029,0.8143918050416805,A,True,fe|carbossilati aromatici|nitrate|h2o/etoh|nessuno|180|6|1.0,,curated_project_dataset
POS-0359,800,"4,4'-Biphenyldicarboxylic acid (BPDC)",Carbossilati aromatici,Zr,ZrCl4,H2O,Nessuno,150,12.0,1.0,5.0,0.2,,0.0,chloride,4.0,Room Temperature,2,curated_development_positive,DEVELOPMENT,1.0,0.875,0.96875,0.82,0.408248290463863,0.8120246580927726,A,True,zr|carbossilati aromatici|chloride|h2o|nessuno|150|12|0.25,,curated_project_dataset
POS-0360,801,2-Methylimidazole,Imidazolati,Cu,Cu(OAc)2·H2O,H2O,Nessuno,25,12.0,0.5,0.625,0.8,,1.0,acetate,2.0,Solvothermal,2,curated_development_positive,DEVELOPMENT,1.0,0.875,0.96875,0.82,0.654653670707977,0.8613057341415954,A,True,cu|imidazolati|acetate|h2o|nessuno|20|12|0.75,,curated_project_dataset
POS-0361,802,"3,5-diamino-4,4'-bipyrazole",Bipyrazole,Zn,Zn(NO3)2·6H2O,DEF,Nessuno,140,36.0,2.0,2.0,1.0,,6.0,nitrate,2.0,Hydrothermal,2,curated_development_positive,DEVELOPMENT,1.0,0.875,0.96875,0.82,0.4200840252084029,0.8143918050416805,A,True,zn|bipyrazole|nitrate|def|nessuno|140|36|1.0,,curated_project_dataset
POS-0362,803,"3,3'-dimethyl-4,4'-bipyrazole",Bipyrazole,Fe,FeCl3·6H2O,DMF/H2O,Nessuno,180,72.0,0.5,0.417,1.2,,6.0,chloride,3.0,Room Temperature,2,curated_development_positive,DEVELOPMENT,1.0,0.875,0.96875,0.82,0.5773502691896256,0.8458450538379252,A,True,fe|bipyrazole|chloride|dmf/h2o|nessuno|180|72|1.25,,curated_project_dataset
POS-0363,804,"3,5-diamino-4,4'-bipyrazole",Bipyrazole,Cu,Cu(OAc)2·H2O,H2O,Nessuno,180,18.0,1.0,2.0,0.5,,1.0,acetate,2.0,Room Temperature,2,curated_development_positive,DEVELOPMENT,1.0,0.875,0.96875,0.82,0.3779644730092272,0.8059678946018455,A,True,cu|bipyrazole|acetate|h2o|nessuno|180|18|0.5,,curated_project_dataset
POS-0364,806,"1,2,4-Triazole",Triazole,Al,AlCl3·6H2O,DEF,Nessuno,25,48.0,0.2,0.2,1.0,,6.0,chloride,3.0,Hydrothermal,2,curated_development_positive,DEVELOPMENT,1.0,0.875,0.96875,0.82,0.7745966692414833,0.8852943338482967,A,True,al|triazole|chloride|def|nessuno|20|48|1.0,,curated_project_dataset
POS-0365,807,"3-amino-4,4'-bipyrazole",Bipyrazole,Cd,Cd(NO3)2·4H2O,DMF/H2O/EtOH,Nessuno,140,72.0,1.0,0.667,1.5,,4.0,nitrate,2.0,Room Temperature,2,curated_development_positive,DEVELOPMENT,1.0,0.875,0.96875,0.82,0.38729833462074165,0.8078346669241483,A,True,cd|bipyrazole|nitrate|dmf/h2o/etoh|nessuno|140|72|1.5,,curated_project_dataset
POS-0366,808,"1,4-Benzenedicarboxylic acid (H2BDC)",Carbossilati aromatici,Cu,Cu(OAc)2·H2O,DMF,Nessuno,160,4.0,0.5,0.5,1.0,,1.0,acetate,2.0,Room Temperature,2,curated_development_positive,DEVELOPMENT,1.0,0.875,0.96875,0.82,0.48038446141526137,0.8264518922830523,A,True,cu|carbossilati aromatici|acetate|dmf|nessuno|160|6|1.0,,curated_project_dataset
POS-0367,810,"3,5-diamino-4,4'-bipyrazole",Bipyrazole,Zr,ZrOCl2·8H2O,H2O,Nessuno,80,72.0,2.0,1.333,1.5,,8.0,chloride,2.0,Room Temperature,2,curated_development_positive,DEVELOPMENT,1.0,0.875,0.96875,0.82,0.43301270189221924,0.8169775403784438,A,True,zr|bipyrazole|chloride|h2o|nessuno|80|72|1.5,,curated_project_dataset
POS-0368,811,"3,3'-dimethyl-4,4'-bipyrazole",Bipyrazole,Cd,Cd(NO3)2·4H2O,DEF,Nessuno,140,18.0,0.05,0.033,1.5,,4.0,nitrate,2.0,Room Temperature,2,curated_development_positive,DEVELOPMENT,1.0,0.875,0.96875,0.82,0.38729833462074165,0.8078346669241483,A,True,cd|bipyrazole|nitrate|def|nessuno|140|18|1.5,,curated_project_dataset
POS-0369,812,Fumaric acid,Carbossilati aromatici,Zn,Zn(NO3)2·6H2O,MeOH,Nessuno,180,4.0,0.5,0.417,1.2,,6.0,nitrate,2.0,Hydrothermal,2,curated_development_positive,DEVELOPMENT,1.0,0.875,0.96875,0.82,0.3779644730092272,0.8059678946018455,A,True,zn|carbossilati aromatici|nitrate|meoh|nessuno|180|6|1.25,,curated_project_dataset
POS-0370,813,"3-amino-4,4'-bipyrazole",Bipyrazole,Mn,Mn(OAc)2·4H2O,DMF/MeOH,Nessuno,180,24.0,0.05,0.1,0.5,,4.0,acetate,2.0,Hydrothermal,2,curated_development_positive,DEVELOPMENT,1.0,0.875,0.96875,0.82,0.654653670707977,0.8613057341415954,A,True,mn|bipyrazole|acetate|dmf/meoh|nessuno|180|24|0.5,,curated_project_dataset
POS-0371,814,2-Methylimidazole,Imidazolati,Cd,Cd(NO3)2·4H2O,DMF/MeOH,Nessuno,140,12.0,0.2,0.25,0.8,,4.0,nitrate,2.0,Solvothermal,2,curated_development_positive,DEVELOPMENT,1.0,0.875,0.96875,0.82,0.6123724356957944,0.8528494871391589,A,True,cd|imidazolati|nitrate|dmf/meoh|nessuno|140|12|0.75,,curated_project_dataset
POS-0372,815,"3,3'-dinitro-4,4'-bipyrazole",Bipyrazole,Ni,Ni(NO3)2·6H2O,H2O/EtOH,Nessuno,140,24.0,0.1,0.05,2.0,,6.0,nitrate,2.0,Hydrothermal,2,curated_development_positive,DEVELOPMENT,1.0,0.875,0.96875,0.82,0.654653670707977,0.8613057341415954,A,True,ni|bipyrazole|nitrate|h2o/etoh|nessuno|140|24|2.0,,curated_project_dataset
POS-0373,816,"3,3'-dimethyl-4,4'-bipyrazole",Bipyrazole,Al,Al(NO3)3·9H2O,DMA,Nessuno,120,4.0,2.0,2.0,1.0,,9.0,nitrate,3.0,Solvothermal,2,curated_development_positive,DEVELOPMENT,1.0,0.875,0.96875,0.82,0.5222329678670935,0.8348215935734187,A,True,al|bipyrazole|nitrate|dma|nessuno|120|6|1.0,,curated_project_dataset
POS-0374,817,"2,6-Naphthalenedicarboxylic acid",Carbossilati aromatici,Zn,Zn(OAc)2·2H2O,DMA,Nessuno,150,24.0,2.0,1.667,1.2,,2.0,acetate,2.0,Room Temperature,2,curated_development_positive,DEVELOPMENT,1.0,0.875,0.96875,0.82,0.3779644730092272,0.8059678946018455,A,True,zn|carbossilati aromatici|acetate|dma|nessuno|150|24|1.25,,curated_project_dataset
POS-0375,818,Benzimidazole,Imidazolati,Ni,Ni(NO3)2·6H2O,MeOH,Nessuno,80,18.0,2.0,2.5,0.8,,6.0,nitrate,2.0,Sonochemical,2,curated_development_positive,DEVELOPMENT,1.0,0.875,0.96875,0.82,0.8660254037844385,0.9035800807568877,A,True,ni|imidazolati|nitrate|meoh|nessuno|80|18|0.75,,curated_project_dataset
POS-0376,821,"3,3'-dinitro-4,4'-bipyrazole",Bipyrazole,Cu,Cu(OAc)2·H2O,DMF/H2O,Nessuno,100,4.0,0.5,2.5,0.2,,1.0,acetate,2.0,Microwave,2,curated_development_positive,DEVELOPMENT,1.0,0.875,0.96875,0.82,0.3779644730092272,0.8059678946018455,A,True,cu|bipyrazole|acetate|dmf/h2o|nessuno|100|6|0.25,,curated_project_dataset
POS-0377,823,2-Methylimidazole,Imidazolati,Fe,FeCl3·6H2O,DMF/H2O,Nessuno,25,48.0,0.1,0.05,2.0,,6.0,chloride,3.0,Hydrothermal,2,curated_development_positive,DEVELOPMENT,1.0,0.875,0.96875,0.82,0.7071067811865476,0.8717963562373096,A,True,fe|imidazolati|chloride|dmf/h2o|nessuno|20|48|2.0,,curated_project_dataset
POS-0378,824,"2,6-Naphthalenedicarboxylic acid",Carbossilati aromatici,Ni,Ni(OAc)2·4H2O,DEF,Nessuno,160,12.0,1.0,5.0,0.2,,4.0,acetate,2.0,Microwave,2,curated_development_positive,DEVELOPMENT,1.0,0.875,0.96875,0.82,0.5,0.830375,A,True,ni|carbossilati aromatici|acetate|def|nessuno|160|12|0.25,,curated_project_dataset
POS-0379,825,"3-amino-4,4'-bipyrazole",Bipyrazole,Mn,Mn(OAc)2·4H2O,DMF/H2O/EtOH,Nessuno,160,48.0,0.05,0.042,1.2,,4.0,acetate,2.0,Room Temperature,2,curated_development_positive,DEVELOPMENT,1.0,0.875,0.96875,0.82,0.654653670707977,0.8613057341415954,A,True,mn|bipyrazole|acetate|dmf/h2o/etoh|nessuno|160|48|1.25,,curated_project_dataset
POS-0380,826,"2,6-Naphthalenedicarboxylic acid",Carbossilati aromatici,Fe,Fe(NO3)3·9H2O,DEF,Nessuno,120,18.0,0.5,1.515,0.33,,9.0,nitrate,3.0,Solvothermal,2,curated_development_positive,DEVELOPMENT,1.0,0.875,0.96875,0.82,0.4200840252084029,0.8143918050416805,A,True,fe|carbossilati aromatici|nitrate|def|nessuno|120|18|0.25,,curated_project_dataset
POS-0381,828,"3,5-diamino-4,4'-bipyrazole",Bipyrazole,Fe,FeCl3·6H2O,DMF/H2O/EtOH,Nessuno,120,48.0,0.2,0.167,1.2,,6.0,chloride,3.0,Microwave,2,curated_development_positive,DEVELOPMENT,1.0,0.875,0.96875,0.82,0.5773502691896256,0.8458450538379252,A,True,fe|bipyrazole|chloride|dmf/h2o/etoh|nessuno|120|48|1.25,,curated_project_dataset
POS-0382,829,"2,6-Naphthalenedicarboxylic acid",Carbossilati aromatici,Zn,Zn(NO3)2·6H2O,H2O/EtOH,Nessuno,80,18.0,0.5,0.417,1.2,,6.0,nitrate,2.0,Hydrothermal,2,curated_development_positive,DEVELOPMENT,1.0,0.875,0.96875,0.82,0.3779644730092272,0.8059678946018455,A,True,zn|carbossilati aromatici|nitrate|h2o/etoh|nessuno|80|18|1.25,,curated_project_dataset
POS-0383,830,"3-amino-4,4'-bipyrazole",Bipyrazole,Al,Al(NO3)3·9H2O,DMF/H2O/EtOH,Nessuno,60,72.0,2.0,2.0,1.0,,9.0,nitrate,3.0,Room Temperature,2,curated_development_positive,DEVELOPMENT,1.0,0.875,0.96875,0.82,0.5222329678670935,0.8348215935734187,A,True,al|bipyrazole|nitrate|dmf/h2o/etoh|nessuno|60|72|1.0,,curated_project_dataset
POS-0384,831,"1,4-Benzenedicarboxylic acid (H2BDC)",Carbossilati aromatici,Cd,Cd(NO3)2·4H2O,DMF,Nessuno,180,4.0,0.1,0.067,1.5,,4.0,nitrate,2.0,Solvothermal,2,curated_development_positive,DEVELOPMENT,1.0,0.875,0.96875,0.82,0.48038446141526137,0.8264518922830523,A,True,cd|carbossilati aromatici|nitrate|dmf|nessuno|180|6|1.5,,curated_project_dataset
POS-0385,832,Benzimidazole,Imidazolati,Co,Co(OAc)2·4H2O,H2O,Nessuno,80,72.0,2.0,1.667,1.2,,4.0,acetate,2.0,Room Temperature,2,curated_development_positive,DEVELOPMENT,1.0,0.875,0.96875,0.82,0.8660254037844385,0.9035800807568877,A,True,co|imidazolati|acetate|h2o|nessuno|80|72|1.25,,curated_project_dataset
POS-0386,834,"1,4-Benzenedicarboxylic acid (H2BDC)",Carbossilati aromatici,Co,Co(NO3)2·6H2O,DMF/MeOH,Nessuno,140,4.0,1.0,1.0,1.0,,6.0,nitrate,2.0,Solvothermal,2,curated_development_positive,DEVELOPMENT,1.0,0.875,0.96875,0.82,0.4200840252084029,0.8143918050416805,A,True,co|carbossilati aromatici|nitrate|dmf/meoh|nessuno|140|6|1.0,,curated_project_dataset
POS-0387,835,"3,3'-dimethyl-4,4'-bipyrazole",Bipyrazole,Zr,ZrCl4,DMF/MeOH,Nessuno,140,12.0,0.2,0.2,1.0,,0.0,chloride,4.0,Hydrothermal,2,curated_development_positive,DEVELOPMENT,1.0,0.875,0.96875,0.82,0.43301270189221924,0.8169775403784438,A,True,zr|bipyrazole|chloride|dmf/meoh|nessuno|140|12|1.0,,curated_project_dataset
POS-0388,836,"3,3'-dinitro-4,4'-bipyrazole",Bipyrazole,Zr,ZrCl4,DMA,Nessuno,140,36.0,0.5,0.5,1.0,,0.0,chloride,4.0,Microwave,2,curated_development_positive,DEVELOPMENT,1.0,0.875,0.96875,0.82,0.43301270189221924,0.8169775403784438,A,True,zr|bipyrazole|chloride|dma|nessuno|140|36|1.0,,curated_project_dataset
POS-0389,837,"3,5-diamino-4,4'-bipyrazole",Bipyrazole,Cd,Cd(NO3)2·4H2O,H2O,Nessuno,120,36.0,1.0,1.25,0.8,,4.0,nitrate,2.0,Microwave,2,curated_development_positive,DEVELOPMENT,1.0,0.875,0.96875,0.82,0.38729833462074165,0.8078346669241483,A,True,cd|bipyrazole|nitrate|h2o|nessuno|120|36|0.75,,curated_project_dataset
POS-0390,839,"3,5-diamino-4,4'-bipyrazole",Bipyrazole,Zn,Zn(OAc)2·2H2O,DMA,Nessuno,160,72.0,0.2,0.167,1.2,,2.0,acetate,2.0,Hydrothermal,2,curated_development_positive,DEVELOPMENT,1.0,0.875,0.96875,0.82,0.4200840252084029,0.8143918050416805,A,True,zn|bipyrazole|acetate|dma|nessuno|160|72|1.25,,curated_project_dataset
POS-0391,840,"1,2,4-Triazole",Triazole,Al,Al(NO3)3·9H2O,H2O,Nessuno,60,4.0,0.5,0.333,1.5,,9.0,nitrate,3.0,Solvothermal,2,curated_development_positive,DEVELOPMENT,1.0,0.875,0.96875,0.82,0.7745966692414833,0.8852943338482967,A,True,al|triazole|nitrate|h2o|nessuno|60|6|1.5,,curated_project_dataset
POS-0392,841,"3,3'-dimethyl-4,4'-bipyrazole",Bipyrazole,Fe,Fe(NO3)3·9H2O,DMF/MeOH,Nessuno,100,36.0,0.1,0.05,2.0,,9.0,nitrate,3.0,Sonochemical,2,curated_development_positive,DEVELOPMENT,1.0,0.875,0.96875,0.82,0.5773502691896256,0.8458450538379252,A,True,fe|bipyrazole|nitrate|dmf/meoh|nessuno|100|36|2.0,,curated_project_dataset
POS-0393,842,"1,4-Benzenedicarboxylic acid (H2BDC)",Carbossilati aromatici,Ni,Ni(NO3)2·6H2O,DMA,Nessuno,80,36.0,0.2,0.167,1.2,,6.0,nitrate,2.0,Solvothermal,2,curated_development_positive,DEVELOPMENT,1.0,0.875,0.96875,0.82,0.5,0.830375,A,True,ni|carbossilati aromatici|nitrate|dma|nessuno|80|36|1.25,,curated_project_dataset
POS-0394,843,Fumaric acid,Carbossilati aromatici,Zr,ZrCl4,H2O/EtOH,Nessuno,120,12.0,0.05,0.042,1.2,,0.0,chloride,4.0,Microwave,2,curated_development_positive,DEVELOPMENT,1.0,0.875,0.96875,0.82,0.408248290463863,0.8120246580927726,A,True,zr|carbossilati aromatici|chloride|h2o/etoh|nessuno|120|12|1.25,,curated_project_dataset
POS-0395,844,"1,4-Benzenedicarboxylic acid (H2BDC)",Carbossilati aromatici,Co,Co(OAc)2·4H2O,H2O/EtOH,Nessuno,180,36.0,0.5,1.515,0.33,,4.0,acetate,2.0,Solvothermal,2,curated_development_positive,DEVELOPMENT,1.0,0.875,0.96875,0.82,0.4200840252084029,0.8143918050416805,A,True,co|carbossilati aromatici|acetate|h2o/etoh|nessuno|180|36|0.25,,curated_project_dataset
POS-0396,845,"3-amino-4,4'-bipyrazole",Bipyrazole,Ni,Ni(NO3)2·6H2O,DMF/H2O,Nessuno,100,4.0,2.0,4.0,0.5,,6.0,nitrate,2.0,Hydrothermal,2,curated_development_positive,DEVELOPMENT,1.0,0.875,0.96875,0.82,0.654653670707977,0.8613057341415954,A,True,ni|bipyrazole|nitrate|dmf/h2o|nessuno|100|6|0.5,,curated_project_dataset
POS-0397,847,"3,3'-dimethyl-4,4'-bipyrazole",Bipyrazole,Fe,Fe(NO3)3·9H2O,DMF/H2O,Nessuno,140,4.0,1.0,0.833,1.2,,9.0,nitrate,3.0,Microwave,2,curated_development_positive,DEVELOPMENT,1.0,0.875,0.96875,0.82,0.5773502691896256,0.8458450538379252,A,True,fe|bipyrazole|nitrate|dmf/h2o|nessuno|140|6|1.25,,curated_project_dataset
POS-0398,848,"3,5-diamino-4,4'-bipyrazole",Bipyrazole,Zr,ZrCl4,DMF,Nessuno,140,12.0,1.0,3.03,0.33,,0.0,chloride,4.0,Microwave,2,curated_development_positive,DEVELOPMENT,1.0,0.875,0.96875,0.82,0.43301270189221924,0.8169775403784438,A,True,zr|bipyrazole|chloride|dmf|nessuno|140|12|0.25,,curated_project_dataset
POS-0399,849,"1,4-Benzenedicarboxylic acid (H2BDC)",Carbossilati aromatici,Co,Co(NO3)2·6H2O,DMF,Nessuno,100,4.0,2.0,2.5,0.8,,6.0,nitrate,2.0,Solvothermal,2,curated_development_positive,DEVELOPMENT,1.0,0.875,0.96875,0.82,0.4200840252084029,0.8143918050416805,A,True,co|carbossilati aromatici|nitrate|dmf|nessuno|100|6|0.75,,curated_project_dataset
POS-0400,850,"4,4'-Biphenyldicarboxylic acid (BPDC)",Carbossilati aromatici,Co,Co(OAc)2·4H2O,DMF,Nessuno,150,4.0,0.2,0.167,1.2,,4.0,acetate,2.0,Sonochemical,2,curated_development_positive,DEVELOPMENT,1.0,0.875,0.96875,0.82,0.4200840252084029,0.8143918050416805,A,True,co|carbossilati aromatici|acetate|dmf|nessuno|150|6|1.25,,curated_project_dataset
POS-0401,851,"3,3'-dimethyl-4,4'-bipyrazole",Bipyrazole,Mn,Mn(OAc)2·4H2O,H2O,Nessuno,80,12.0,0.2,0.167,1.2,,4.0,acetate,2.0,Solvothermal,2,curated_development_positive,DEVELOPMENT,1.0,0.875,0.96875,0.82,0.654653670707977,0.8613057341415954,A,True,mn|bipyrazole|acetate|h2o|nessuno|80|12|1.25,,curated_project_dataset
POS-0402,853,"1,4-Benzenedicarboxylic acid (H2BDC)",Carbossilati aromatici,Co,Co(OAc)2·4H2O,MeOH,Nessuno,150,18.0,0.2,0.606,0.33,,4.0,acetate,2.0,Hydrothermal,2,curated_development_positive,DEVELOPMENT,1.0,0.875,0.96875,0.82,0.4200840252084029,0.8143918050416805,A,True,co|carbossilati aromatici|acetate|meoh|nessuno|150|18|0.25,,curated_project_dataset
POS-0403,854,Benzimidazole,Imidazolati,Zr,ZrOCl2·8H2O,DMF,Nessuno,150,72.0,0.1,0.05,2.0,,8.0,chloride,2.0,Microwave,2,curated_development_positive,DEVELOPMENT,1.0,0.875,0.96875,0.82,1.0,0.930375,A,True,zr|imidazolati|chloride|dmf|nessuno|150|72|2.0,,curated_project_dataset
POS-0404,855,Fumaric acid,Carbossilati aromatici,Co,Co(OAc)2·4H2O,DMF,Nessuno,180,72.0,0.2,0.1,2.0,,4.0,acetate,2.0,Room Temperature,2,curated_development_positive,DEVELOPMENT,1.0,0.875,0.96875,0.82,0.4200840252084029,0.8143918050416805,A,True,co|carbossilati aromatici|acetate|dmf|nessuno|180|72|2.0,,curated_project_dataset
POS-0405,857,"1,4-Benzenedicarboxylic acid (H2BDC)",Carbossilati aromatici,Cd,Cd(NO3)2·4H2O,H2O,Nessuno,60,18.0,0.5,0.25,2.0,,4.0,nitrate,2.0,Room Temperature,2,curated_development_positive,DEVELOPMENT,1.0,0.875,0.96875,0.82,0.48038446141526137,0.8264518922830523,A,True,cd|carbossilati aromatici|nitrate|h2o|nessuno|60|18|2.0,,curated_project_dataset
POS-0406,858,"2,5-Dihydroxyterephthalic acid (H4DOBDC)",Carbossilati aromatici,Zn,Zn(NO3)2·6H2O,DMA,Nessuno,120,48.0,0.1,0.067,1.5,,6.0,nitrate,2.0,Hydrothermal,2,curated_development_positive,DEVELOPMENT,1.0,0.875,0.96875,0.82,0.3779644730092272,0.8059678946018455,A,True,zn|carbossilati aromatici|nitrate|dma|nessuno|120|48|1.5,,curated_project_dataset
POS-0407,859,Fumaric acid,Carbossilati aromatici,Zr,ZrCl4,MeOH,Nessuno,120,18.0,0.5,1.0,0.5,,0.0,chloride,4.0,Sonochemical,2,curated_development_positive,DEVELOPMENT,1.0,0.875,0.96875,0.82,0.408248290463863,0.8120246580927726,A,True,zr|carbossilati aromatici|chloride|meoh|nessuno|120|18|0.5,,curated_project_dataset
POS-0408,860,2-Methylimidazole,Imidazolati,Zr,ZrOCl2·8H2O,DMF,Nessuno,120,24.0,0.1,0.303,0.33,,8.0,chloride,2.0,Room Temperature,2,curated_development_positive,DEVELOPMENT,1.0,0.875,0.96875,0.82,1.0,0.930375,A,True,zr|imidazolati|chloride|dmf|nessuno|120|24|0.25,,curated_project_dataset
POS-0409,862,"1,2,4-Triazole",Triazole,Cu,Cu(NO3)2·3H2O,DMF/MeOH,Nessuno,140,24.0,2.0,6.061,0.33,,3.0,nitrate,2.0,Solvothermal,2,curated_development_positive,DEVELOPMENT,1.0,0.875,0.96875,0.82,0.7745966692414833,0.8852943338482967,A,True,cu|triazole|nitrate|dmf/meoh|nessuno|140|24|0.25,,curated_project_dataset
POS-0410,863,"3,5-diamino-4,4'-bipyrazole",Bipyrazole,Al,AlCl3·6H2O,MeOH,Nessuno,25,12.0,2.0,10.0,0.2,,6.0,chloride,3.0,Room Temperature,2,curated_development_positive,DEVELOPMENT,1.0,0.875,0.96875,0.82,0.5222329678670935,0.8348215935734187,A,True,al|bipyrazole|chloride|meoh|nessuno|20|12|0.25,,curated_project_dataset
POS-0411,864,"3-amino-4,4'-bipyrazole",Bipyrazole,Co,Co(OAc)2·4H2O,DEF,Nessuno,180,72.0,2.0,1.667,1.2,,4.0,acetate,2.0,Solvothermal,2,curated_development_positive,DEVELOPMENT,1.0,0.875,0.96875,0.82,0.3216337604513384,0.7947017520902677,A,True,co|bipyrazole|acetate|def|nessuno|180|72|1.25,,curated_project_dataset
POS-0412,865,"3,3'-dimethyl-4,4'-bipyrazole",Bipyrazole,Al,AlCl3·6H2O,DMF/MeOH,Nessuno,60,72.0,2.0,4.0,0.5,,6.0,chloride,3.0,Sonochemical,2,curated_development_positive,DEVELOPMENT,1.0,0.875,0.96875,0.82,0.5222329678670935,0.8348215935734187,A,True,al|bipyrazole|chloride|dmf/meoh|nessuno|60|72|0.5,,curated_project_dataset
POS-0413,867,"3-amino-4,4'-bipyrazole",Bipyrazole,Zn,Zn(OAc)2·2H2O,MeOH,Nessuno,120,12.0,0.05,0.1,0.5,,2.0,acetate,2.0,Sonochemical,2,curated_development_positive,DEVELOPMENT,1.0,0.875,0.96875,0.82,0.4200840252084029,0.8143918050416805,A,True,zn|bipyrazole|acetate|meoh|nessuno|120|12|0.5,,curated_project_dataset
POS-0414,869,Fumaric acid,Carbossilati aromatici,Ni,Ni(OAc)2·4H2O,DMF,Nessuno,120,24.0,0.1,0.083,1.2,,4.0,acetate,2.0,Hydrothermal,2,curated_development_positive,DEVELOPMENT,1.0,0.875,0.96875,0.82,0.5,0.830375,A,True,ni|carbossilati aromatici|acetate|dmf|nessuno|120|24|1.25,,curated_project_dataset
POS-0415,870,"1,2,4-Triazole",Triazole,Fe,FeCl3·6H2O,DMF,Nessuno,80,36.0,0.1,0.2,0.5,,6.0,chloride,3.0,Microwave,2,curated_development_positive,DEVELOPMENT,1.0,0.875,0.96875,0.82,1.0,0.930375,A,True,fe|triazole|chloride|dmf|nessuno|80|36|0.5,,curated_project_dataset
POS-0416,871,2-Methylimidazole,Imidazolati,Fe,FeCl3·6H2O,H2O,Nessuno,100,4.0,0.2,0.133,1.5,,6.0,chloride,3.0,Room Temperature,2,curated_development_positive,DEVELOPMENT,1.0,0.875,0.96875,0.82,0.7071067811865476,0.8717963562373096,A,True,fe|imidazolati|chloride|h2o|nessuno|100|6|1.5,,curated_project_dataset
POS-0417,872,"4,4'-Biphenyldicarboxylic acid (BPDC)",Carbossilati aromatici,Zr,ZrOCl2·8H2O,MeOH,Nessuno,160,48.0,0.05,0.025,2.0,,8.0,chloride,2.0,Sonochemical,2,curated_development_positive,DEVELOPMENT,1.0,0.875,0.96875,0.82,0.408248290463863,0.8120246580927726,A,True,zr|carbossilati aromatici|chloride|meoh|nessuno|160|48|2.0,,curated_project_dataset
POS-0418,873,"3,3'-dinitro-4,4'-bipyrazole",Bipyrazole,Cu,Cu(OAc)2·H2O,DMF/MeOH,Nessuno,80,18.0,0.05,0.1,0.5,,1.0,acetate,2.0,Microwave,2,curated_development_positive,DEVELOPMENT,1.0,0.875,0.96875,0.82,0.3779644730092272,0.8059678946018455,A,True,cu|bipyrazole|acetate|dmf/meoh|nessuno|80|18|0.5,,curated_project_dataset
POS-0419,874,Benzimidazole,Imidazolati,Al,Al(NO3)3·9H2O,DEF,Nessuno,180,12.0,0.05,0.05,1.0,,9.0,nitrate,3.0,Hydrothermal,2,curated_development_positive,DEVELOPMENT,1.0,0.875,0.96875,0.82,0.7745966692414833,0.8852943338482967,A,True,al|imidazolati|nitrate|def|nessuno|180|12|1.0,,curated_project_dataset
POS-0420,875,"3-amino-4,4'-bipyrazole",Bipyrazole,Co,Co(OAc)2·4H2O,DMF,Nessuno,25,4.0,0.1,0.2,0.5,,4.0,acetate,2.0,Sonochemical,2,curated_development_positive,DEVELOPMENT,1.0,0.875,0.96875,0.82,0.3216337604513384,0.7947017520902677,A,True,co|bipyrazole|acetate|dmf|nessuno|20|6|0.5,,curated_project_dataset
POS-0421,876,"3-amino-4,4'-bipyrazole",Bipyrazole,Co,Co(NO3)2·6H2O,DMF/H2O,Nessuno,80,12.0,0.5,0.625,0.8,,6.0,nitrate,2.0,Sonochemical,2,curated_development_positive,DEVELOPMENT,1.0,0.875,0.96875,0.82,0.3216337604513384,0.7947017520902677,A,True,co|bipyrazole|nitrate|dmf/h2o|nessuno|80|12|0.75,,curated_project_dataset
POS-0422,878,"1,4-Benzenedicarboxylic acid (H2BDC)",Carbossilati aromatici,Mn,Mn(OAc)2·4H2O,DMF/H2O/EtOH,Nessuno,150,4.0,0.2,0.167,1.2,,4.0,acetate,2.0,Microwave,2,curated_development_positive,DEVELOPMENT,1.0,0.875,0.96875,0.82,0.5,0.830375,A,True,mn|carbossilati aromatici|acetate|dmf/h2o/etoh|nessuno|150|6|1.25,,curated_project_dataset
POS-0423,879,"3,5-diamino-4,4'-bipyrazole",Bipyrazole,Mn,Mn(OAc)2·4H2O,MeOH,Nessuno,120,48.0,0.05,0.152,0.33,,4.0,acetate,2.0,Solvothermal,2,curated_development_positive,DEVELOPMENT,1.0,0.875,0.96875,0.82,0.654653670707977,0.8613057341415954,A,True,mn|bipyrazole|acetate|meoh|nessuno|120|48|0.25,,curated_project_dataset
POS-0424,880,"1,2,4-Triazole",Triazole,Cd,Cd(NO3)2·4H2O,DMF/H2O/EtOH,Nessuno,150,4.0,2.0,2.0,1.0,,4.0,nitrate,2.0,Hydrothermal,2,curated_development_positive,DEVELOPMENT,1.0,0.875,0.96875,0.82,1.0,0.930375,A,True,cd|triazole|nitrate|dmf/h2o/etoh|nessuno|150|6|1.0,,curated_project_dataset
POS-0425,881,"3,3'-dinitro-4,4'-bipyrazole",Bipyrazole,Co,Co(NO3)2·6H2O,H2O/EtOH,Nessuno,150,4.0,0.1,0.05,2.0,,6.0,nitrate,2.0,Room Temperature,2,curated_development_positive,DEVELOPMENT,1.0,0.875,0.96875,0.82,0.3216337604513384,0.7947017520902677,A,True,co|bipyrazole|nitrate|h2o/etoh|nessuno|150|6|2.0,,curated_project_dataset
POS-0426,882,"3,3'-dimethyl-4,4'-bipyrazole",Bipyrazole,Co,Co(NO3)2·6H2O,DMF/H2O,Nessuno,60,18.0,0.05,0.033,1.5,,6.0,nitrate,2.0,Hydrothermal,2,curated_development_positive,DEVELOPMENT,1.0,0.875,0.96875,0.82,0.3216337604513384,0.7947017520902677,A,True,co|bipyrazole|nitrate|dmf/h2o|nessuno|60|18|1.5,,curated_project_dataset
POS-0427,883,Benzimidazole,Imidazolati,Cu,Cu(NO3)2·3H2O,DEF,Nessuno,80,36.0,0.1,0.05,2.0,,3.0,nitrate,2.0,Room Temperature,2,curated_development_positive,DEVELOPMENT,1.0,0.875,0.96875,0.82,0.654653670707977,0.8613057341415954,A,True,cu|imidazolati|nitrate|def|nessuno|80|36|2.0,,curated_project_dataset
POS-0428,884,Fumaric acid,Carbossilati aromatici,Fe,Fe(NO3)3·9H2O,MeOH,Nessuno,160,4.0,2.0,2.0,1.0,,9.0,nitrate,3.0,Microwave,2,curated_development_positive,DEVELOPMENT,1.0,0.875,0.96875,0.82,0.4200840252084029,0.8143918050416805,A,True,fe|carbossilati aromatici|nitrate|meoh|nessuno|160|6|1.0,,curated_project_dataset
POS-0429,885,"3-amino-4,4'-bipyrazole",Bipyrazole,Al,Al(NO3)3·9H2O,DEF,Nessuno,25,36.0,2.0,2.5,0.8,,9.0,nitrate,3.0,Hydrothermal,2,curated_development_positive,DEVELOPMENT,1.0,0.875,0.96875,0.82,0.5222329678670935,0.8348215935734187,A,True,al|bipyrazole|nitrate|def|nessuno|20|36|0.75,,curated_project_dataset
POS-0430,887,"3,3'-dimethyl-4,4'-bipyrazole",Bipyrazole,Co,Co(NO3)2·6H2O,DMF/MeOH,Nessuno,25,36.0,0.05,0.062,0.8,,6.0,nitrate,2.0,Sonochemical,2,curated_development_positive,DEVELOPMENT,1.0,0.875,0.96875,0.82,0.3216337604513384,0.7947017520902677,A,True,co|bipyrazole|nitrate|dmf/meoh|nessuno|20|36|0.75,,curated_project_dataset
POS-0431,888,"3,5-diamino-4,4'-bipyrazole",Bipyrazole,Fe,Fe(NO3)3·9H2O,DMF/H2O/EtOH,Nessuno,180,72.0,0.05,0.05,1.0,,9.0,nitrate,3.0,Microwave,2,curated_development_positive,DEVELOPMENT,1.0,0.875,0.96875,0.82,0.5773502691896256,0.8458450538379252,A,True,fe|bipyrazole|nitrate|dmf/h2o/etoh|nessuno|180|72|1.0,,curated_project_dataset
POS-0432,889,Benzimidazole,Imidazolati,Mn,Mn(OAc)2·4H2O,DMF/H2O,Nessuno,160,48.0,0.1,0.125,0.8,,4.0,acetate,2.0,Hydrothermal,2,curated_development_positive,DEVELOPMENT,1.0,0.875,0.96875,0.82,1.0,0.930375,A,True,mn|imidazolati|acetate|dmf/h2o|nessuno|160|48|0.75,,curated_project_dataset
POS-0433,890,Benzimidazole,Imidazolati,Zn,Zn(NO3)2·6H2O,DMF/H2O/EtOH,Nessuno,25,36.0,0.05,0.033,1.5,,6.0,nitrate,2.0,Solvothermal,2,curated_development_positive,DEVELOPMENT,1.0,0.875,0.96875,0.82,1.0,0.930375,A,True,zn|imidazolati|nitrate|dmf/h2o/etoh|nessuno|20|36|1.5,,curated_project_dataset
POS-0434,891,"3-amino-4,4'-bipyrazole",Bipyrazole,Cu,Cu(OAc)2·H2O,H2O/EtOH,Nessuno,120,18.0,2.0,1.667,1.2,,1.0,acetate,2.0,Microwave,2,curated_development_positive,DEVELOPMENT,1.0,0.875,0.96875,0.82,0.3779644730092272,0.8059678946018455,A,True,cu|bipyrazole|acetate|h2o/etoh|nessuno|120|18|1.25,,curated_project_dataset
POS-0435,892,"3,5-diamino-4,4'-bipyrazole",Bipyrazole,Fe,FeCl3·6H2O,DEF,Nessuno,180,72.0,0.2,0.25,0.8,,6.0,chloride,3.0,Microwave,2,curated_development_positive,DEVELOPMENT,1.0,0.875,0.96875,0.82,0.5773502691896256,0.8458450538379252,A,True,fe|bipyrazole|chloride|def|nessuno|180|72|0.75,,curated_project_dataset
POS-0436,893,"3,5-diamino-4,4'-bipyrazole",Bipyrazole,Al,Al(NO3)3·9H2O,DEF,Nessuno,180,12.0,0.1,0.5,0.2,,9.0,nitrate,3.0,Solvothermal,2,curated_development_positive,DEVELOPMENT,1.0,0.875,0.96875,0.82,0.5222329678670935,0.8348215935734187,A,True,al|bipyrazole|nitrate|def|nessuno|180|12|0.25,,curated_project_dataset
POS-0437,895,"2,5-Dihydroxyterephthalic acid (H4DOBDC)",Carbossilati aromatici,Mn,Mn(OAc)2·4H2O,DMF/H2O,Nessuno,60,12.0,0.2,0.1,2.0,,4.0,acetate,2.0,Solvothermal,2,curated_development_positive,DEVELOPMENT,1.0,0.875,0.96875,0.82,0.5,0.830375,A,True,mn|carbossilati aromatici|acetate|dmf/h2o|nessuno|60|12|2.0,,curated_project_dataset
POS-0438,898,"3-amino-4,4'-bipyrazole",Bipyrazole,Cu,Cu(NO3)2·3H2O,DMF/H2O/EtOH,Nessuno,60,24.0,0.05,0.25,0.2,,3.0,nitrate,2.0,Hydrothermal,2,curated_development_positive,DEVELOPMENT,1.0,0.875,0.96875,0.82,0.3779644730092272,0.8059678946018455,A,True,cu|bipyrazole|nitrate|dmf/h2o/etoh|nessuno|60|24|0.25,,curated_project_dataset
POS-0439,899,"2,6-Naphthalenedicarboxylic acid",Carbossilati aromatici,Fe,FeCl3·6H2O,DEF,Nessuno,160,24.0,0.1,0.1,1.0,,6.0,chloride,3.0,Room Temperature,2,curated_development_positive,DEVELOPMENT,1.0,0.875,0.96875,0.82,0.4200840252084029,0.8143918050416805,A,True,fe|carbossilati aromatici|chloride|def|nessuno|160|24|1.0,,curated_project_dataset
POS-0440,901,Benzimidazole,Imidazolati,Cu,Cu(NO3)2·3H2O,H2O,Nessuno,160,12.0,1.0,1.0,1.0,,3.0,nitrate,2.0,Room Temperature,2,curated_development_positive,DEVELOPMENT,1.0,0.875,0.96875,0.82,0.654653670707977,0.8613057341415954,A,True,cu|imidazolati|nitrate|h2o|nessuno|160|12|1.0,,curated_project_dataset
POS-0441,902,"1,4-Benzenedicarboxylic acid (H2BDC)",Carbossilati aromatici,Zn,Zn(OAc)2·2H2O,H2O,Nessuno,80,24.0,0.2,0.4,0.5,,2.0,acetate,2.0,Solvothermal,2,curated_development_positive,DEVELOPMENT,1.0,0.875,0.96875,0.82,0.3779644730092272,0.8059678946018455,A,True,zn|carbossilati aromatici|acetate|h2o|nessuno|80|24|0.5,,curated_project_dataset
POS-0442,903,"3-amino-4,4'-bipyrazole",Bipyrazole,Al,Al(NO3)3·9H2O,DMF/H2O/EtOH,Nessuno,120,12.0,0.2,0.133,1.5,,9.0,nitrate,3.0,Microwave,2,curated_development_positive,DEVELOPMENT,1.0,0.875,0.96875,0.82,0.5222329678670935,0.8348215935734187,A,True,al|bipyrazole|nitrate|dmf/h2o/etoh|nessuno|120|12|1.5,,curated_project_dataset
POS-0443,904,"4,4'-Biphenyldicarboxylic acid (BPDC)",Carbossilati aromatici,Co,Co(NO3)2·6H2O,H2O/EtOH,Nessuno,180,18.0,0.2,0.606,0.33,,6.0,nitrate,2.0,Hydrothermal,2,curated_development_positive,DEVELOPMENT,1.0,0.875,0.96875,0.82,0.4200840252084029,0.8143918050416805,A,True,co|carbossilati aromatici|nitrate|h2o/etoh|nessuno|180|18|0.25,,curated_project_dataset
POS-0444,905,"2,6-Naphthalenedicarboxylic acid",Carbossilati aromatici,Co,Co(NO3)2·6H2O,DEF,Nessuno,100,12.0,0.5,0.5,1.0,,6.0,nitrate,2.0,Sonochemical,2,curated_development_positive,DEVELOPMENT,1.0,0.875,0.96875,0.82,0.4200840252084029,0.8143918050416805,A,True,co|carbossilati aromatici|nitrate|def|nessuno|100|12|1.0,,curated_project_dataset
POS-0445,906,Fumaric acid,Carbossilati aromatici,Zr,ZrOCl2·8H2O,DMF,Nessuno,180,4.0,1.0,1.25,0.8,,8.0,chloride,2.0,Hydrothermal,2,curated_development_positive,DEVELOPMENT,1.0,0.875,0.96875,0.82,0.408248290463863,0.8120246580927726,A,True,zr|carbossilati aromatici|chloride|dmf|nessuno|180|6|0.75,,curated_project_dataset
POS-0446,910,"4,4'-Biphenyldicarboxylic acid (BPDC)",Carbossilati aromatici,Al,AlCl3·6H2O,DMF/MeOH,Nessuno,80,24.0,1.0,1.25,0.8,,6.0,chloride,3.0,Sonochemical,2,curated_development_positive,DEVELOPMENT,1.0,0.875,0.96875,0.82,0.5477225575051661,0.8399195115010332,A,True,al|carbossilati aromatici|chloride|dmf/meoh|nessuno|80|24|0.75,,curated_project_dataset
POS-0447,911,"3,3'-dimethyl-4,4'-bipyrazole",Bipyrazole,Zr,ZrCl4,DMA,Nessuno,80,18.0,0.1,0.067,1.5,,0.0,chloride,4.0,Hydrothermal,2,curated_development_positive,DEVELOPMENT,1.0,0.875,0.96875,0.82,0.43301270189221924,0.8169775403784438,A,True,zr|bipyrazole|chloride|dma|nessuno|80|18|1.5,,curated_project_dataset
POS-0448,913,Fumaric acid,Carbossilati aromatici,Cd,Cd(NO3)2·4H2O,MeOH,Nessuno,100,12.0,0.2,0.167,1.2,,4.0,nitrate,2.0,Microwave,2,curated_development_positive,DEVELOPMENT,1.0,0.875,0.96875,0.82,0.48038446141526137,0.8264518922830523,A,True,cd|carbossilati aromatici|nitrate|meoh|nessuno|100|12|1.25,,curated_project_dataset
POS-0449,914,"3,3'-dimethyl-4,4'-bipyrazole",Bipyrazole,Cu,Cu(NO3)2·3H2O,DMF,Nessuno,160,24.0,1.0,1.0,1.0,,3.0,nitrate,2.0,Sonochemical,2,curated_development_positive,DEVELOPMENT,1.0,0.875,0.96875,0.82,0.3779644730092272,0.8059678946018455,A,True,cu|bipyrazole|nitrate|dmf|nessuno|160|24|1.0,,curated_project_dataset
POS-0450,915,"3,3'-dimethyl-4,4'-bipyrazole",Bipyrazole,Zn,Zn(OAc)2·2H2O,DMF/H2O,Nessuno,180,36.0,0.05,0.1,0.5,,2.0,acetate,2.0,Room Temperature,2,curated_development_positive,DEVELOPMENT,1.0,0.875,0.96875,0.82,0.4200840252084029,0.8143918050416805,A,True,zn|bipyrazole|acetate|dmf/h2o|nessuno|180|36|0.5,,curated_project_dataset
POS-0451,916,"3,3'-dinitro-4,4'-bipyrazole",Bipyrazole,Zn,Zn(OAc)2·2H2O,DEF,Nessuno,80,4.0,0.5,0.25,2.0,,2.0,acetate,2.0,Solvothermal,2,curated_development_positive,DEVELOPMENT,1.0,0.875,0.96875,0.82,0.4200840252084029,0.8143918050416805,A,True,zn|bipyrazole|acetate|def|nessuno|80|6|2.0,,curated_project_dataset
POS-0452,918,Benzimidazole,Imidazolati,Co,Co(NO3)2·6H2O,DMF/H2O,Nessuno,120,24.0,0.5,1.0,0.5,,6.0,nitrate,2.0,Hydrothermal,2,curated_development_positive,DEVELOPMENT,1.0,0.875,0.96875,0.82,0.8660254037844385,0.9035800807568877,A,True,co|imidazolati|nitrate|dmf/h2o|nessuno|120|24|0.5,,curated_project_dataset
POS-0453,919,Benzimidazole,Imidazolati,Cd,Cd(NO3)2·4H2O,DMF/H2O/EtOH,Nessuno,150,4.0,0.5,0.625,0.8,,4.0,nitrate,2.0,Microwave,2,curated_development_positive,DEVELOPMENT,1.0,0.875,0.96875,0.82,0.6123724356957944,0.8528494871391589,A,True,cd|imidazolati|nitrate|dmf/h2o/etoh|nessuno|150|6|0.75,,curated_project_dataset
POS-0454,920,"3-amino-4,4'-bipyrazole",Bipyrazole,Zn,Zn(OAc)2·2H2O,DMF/H2O/EtOH,Nessuno,140,48.0,0.1,0.1,1.0,,2.0,acetate,2.0,Sonochemical,2,curated_development_positive,DEVELOPMENT,1.0,0.875,0.96875,0.82,0.4200840252084029,0.8143918050416805,A,True,zn|bipyrazole|acetate|dmf/h2o/etoh|nessuno|140|48|1.0,,curated_project_dataset
POS-0455,921,"3,5-diamino-4,4'-bipyrazole",Bipyrazole,Co,Co(OAc)2·4H2O,DMF,Nessuno,160,36.0,0.1,0.083,1.2,,4.0,acetate,2.0,Hydrothermal,2,curated_development_positive,DEVELOPMENT,1.0,0.875,0.96875,0.82,0.3216337604513384,0.7947017520902677,A,True,co|bipyrazole|acetate|dmf|nessuno|160|36|1.25,,curated_project_dataset
POS-0456,922,Benzimidazole,Imidazolati,Cd,Cd(NO3)2·4H2O,DMA,Nessuno,180,4.0,0.05,0.042,1.2,,4.0,nitrate,2.0,Microwave,2,curated_development_positive,DEVELOPMENT,1.0,0.875,0.96875,0.82,0.6123724356957944,0.8528494871391589,A,True,cd|imidazolati|nitrate|dma|nessuno|180|6|1.25,,curated_project_dataset
POS-0457,923,"3,5-diamino-4,4'-bipyrazole",Bipyrazole,Fe,FeCl3·6H2O,DMA,Nessuno,80,4.0,0.05,0.062,0.8,,6.0,chloride,3.0,Solvothermal,2,curated_development_positive,DEVELOPMENT,1.0,0.875,0.96875,0.82,0.5773502691896256,0.8458450538379252,A,True,fe|bipyrazole|chloride|dma|nessuno|80|6|0.75,,curated_project_dataset
POS-0458,924,Benzimidazole,Imidazolati,Cd,Cd(NO3)2·4H2O,DMA,Nessuno,140,24.0,0.1,0.5,0.2,,4.0,nitrate,2.0,Microwave,2,curated_development_positive,DEVELOPMENT,1.0,0.875,0.96875,0.82,0.6123724356957944,0.8528494871391589,A,True,cd|imidazolati|nitrate|dma|nessuno|140|24|0.25,,curated_project_dataset
POS-0459,925,"3,5-diamino-4,4'-bipyrazole",Bipyrazole,Zr,ZrCl4,DEF,Nessuno,25,4.0,2.0,2.0,1.0,,0.0,chloride,4.0,Solvothermal,2,curated_development_positive,DEVELOPMENT,1.0,0.875,0.96875,0.82,0.43301270189221924,0.8169775403784438,A,True,zr|bipyrazole|chloride|def|nessuno|20|6|1.0,,curated_project_dataset
POS-0460,926,"1,4-Benzenedicarboxylic acid (H2BDC)",Carbossilati aromatici,Al,Al(NO3)3·9H2O,DMF/MeOH,Nessuno,140,72.0,0.1,0.083,1.2,,9.0,nitrate,3.0,Hydrothermal,2,curated_development_positive,DEVELOPMENT,1.0,0.875,0.96875,0.82,0.5477225575051661,0.8399195115010332,A,True,al|carbossilati aromatici|nitrate|dmf/meoh|nessuno|140|72|1.25,,curated_project_dataset
POS-0461,927,Benzimidazole,Imidazolati,Cd,Cd(NO3)2·4H2O,DEF,Nessuno,150,24.0,0.2,0.1,2.0,,4.0,nitrate,2.0,Solvothermal,2,curated_development_positive,DEVELOPMENT,1.0,0.875,0.96875,0.82,0.6123724356957944,0.8528494871391589,A,True,cd|imidazolati|nitrate|def|nessuno|150|24|2.0,,curated_project_dataset
POS-0462,928,2-Methylimidazole,Imidazolati,Cu,Cu(NO3)2·3H2O,DMA,Nessuno,180,48.0,0.05,0.033,1.5,,3.0,nitrate,2.0,Solvothermal,2,curated_development_positive,DEVELOPMENT,1.0,0.875,0.96875,0.82,0.654653670707977,0.8613057341415954,A,True,cu|imidazolati|nitrate|dma|nessuno|180|48|1.5,,curated_project_dataset
POS-0463,930,Benzimidazole,Imidazolati,Cd,Cd(NO3)2·4H2O,MeOH,Nessuno,100,24.0,0.1,0.083,1.2,,4.0,nitrate,2.0,Hydrothermal,2,curated_development_positive,DEVELOPMENT,1.0,0.875,0.96875,0.82,0.6123724356957944,0.8528494871391589,A,True,cd|imidazolati|nitrate|meoh|nessuno|100|24|1.25,,curated_project_dataset
POS-0464,932,2-Methylimidazole,Imidazolati,Al,Al(NO3)3·9H2O,DMF/H2O,Nessuno,80,72.0,1.0,1.0,1.0,,9.0,nitrate,3.0,Microwave,2,curated_development_positive,DEVELOPMENT,1.0,0.875,0.96875,0.82,0.7745966692414833,0.8852943338482967,A,True,al|imidazolati|nitrate|dmf/h2o|nessuno|80|72|1.0,,curated_project_dataset
POS-0465,933,Fumaric acid,Carbossilati aromatici,Fe,Fe(NO3)3·9H2O,DEF,Nessuno,140,12.0,1.0,0.833,1.2,,9.0,nitrate,3.0,Room Temperature,2,curated_development_positive,DEVELOPMENT,1.0,0.875,0.96875,0.82,0.4200840252084029,0.8143918050416805,A,True,fe|carbossilati aromatici|nitrate|def|nessuno|140|12|1.25,,curated_project_dataset
POS-0466,934,"3,5-diamino-4,4'-bipyrazole",Bipyrazole,Ni,Ni(NO3)2·6H2O,DMF/H2O,Nessuno,80,18.0,2.0,2.0,1.0,,6.0,nitrate,2.0,Sonochemical,2,curated_development_positive,DEVELOPMENT,1.0,0.875,0.96875,0.82,0.654653670707977,0.8613057341415954,A,True,ni|bipyrazole|nitrate|dmf/h2o|nessuno|80|18|1.0,,curated_project_dataset
POS-0467,937,"3-amino-4,4'-bipyrazole",Bipyrazole,Cu,Cu(OAc)2·H2O,H2O/EtOH,Nessuno,60,24.0,0.1,0.067,1.5,,1.0,acetate,2.0,Hydrothermal,2,curated_development_positive,DEVELOPMENT,1.0,0.875,0.96875,0.82,0.3779644730092272,0.8059678946018455,A,True,cu|bipyrazole|acetate|h2o/etoh|nessuno|60|24|1.5,,curated_project_dataset
POS-0468,938,"2,5-Dihydroxyterephthalic acid (H4DOBDC)",Carbossilati aromatici,Zn,Zn(OAc)2·2H2O,MeOH,Nessuno,80,18.0,1.0,0.833,1.2,,2.0,acetate,2.0,Hydrothermal,2,curated_development_positive,DEVELOPMENT,1.0,0.875,0.96875,0.82,0.3779644730092272,0.8059678946018455,A,True,zn|carbossilati aromatici|acetate|meoh|nessuno|80|18|1.25,,curated_project_dataset
POS-0469,939,"1,2,4-Triazole",Triazole,Cu,Cu(NO3)2·3H2O,DEF,Nessuno,160,36.0,0.1,0.2,0.5,,3.0,nitrate,2.0,Solvothermal,2,curated_development_positive,DEVELOPMENT,1.0,0.875,0.96875,0.82,0.7745966692414833,0.8852943338482967,A,True,cu|triazole|nitrate|def|nessuno|160|36|0.5,,curated_project_dataset
POS-0470,940,"3,5-diamino-4,4'-bipyrazole",Bipyrazole,Cu,Cu(OAc)2·H2O,MeOH,Nessuno,60,72.0,2.0,2.0,1.0,,1.0,acetate,2.0,Sonochemical,2,curated_development_positive,DEVELOPMENT,1.0,0.875,0.96875,0.82,0.3779644730092272,0.8059678946018455,A,True,cu|bipyrazole|acetate|meoh|nessuno|60|72|1.0,,curated_project_dataset
POS-0471,941,2-Methylimidazole,Imidazolati,Ni,Ni(NO3)2·6H2O,DMA,Nessuno,160,72.0,0.1,0.125,0.8,,6.0,nitrate,2.0,Solvothermal,2,curated_development_positive,DEVELOPMENT,1.0,0.875,0.96875,0.82,0.8660254037844385,0.9035800807568877,A,True,ni|imidazolati|nitrate|dma|nessuno|160|72|0.75,,curated_project_dataset
POS-0472,942,Fumaric acid,Carbossilati aromatici,Zn,Zn(OAc)2·2H2O,DMF,Nessuno,180,4.0,0.2,0.606,0.33,,2.0,acetate,2.0,Microwave,2,curated_development_positive,DEVELOPMENT,1.0,0.875,0.96875,0.82,0.3779644730092272,0.8059678946018455,A,True,zn|carbossilati aromatici|acetate|dmf|nessuno|180|6|0.25,,curated_project_dataset
POS-0473,943,"2,6-Naphthalenedicarboxylic acid",Carbossilati aromatici,Zn,Zn(NO3)2·6H2O,DMF,Nessuno,160,24.0,0.2,0.2,1.0,,6.0,nitrate,2.0,Microwave,2,curated_development_positive,DEVELOPMENT,1.0,0.875,0.96875,0.82,0.3779644730092272,0.8059678946018455,A,True,zn|carbossilati aromatici|nitrate|dmf|nessuno|160|24|1.0,,curated_project_dataset
POS-0474,944,"3,3'-dinitro-4,4'-bipyrazole",Bipyrazole,Cu,Cu(NO3)2·3H2O,DMA,Nessuno,180,4.0,0.2,0.25,0.8,,3.0,nitrate,2.0,Sonochemical,2,curated_development_positive,DEVELOPMENT,1.0,0.875,0.96875,0.82,0.3779644730092272,0.8059678946018455,A,True,cu|bipyrazole|nitrate|dma|nessuno|180|6|0.75,,curated_project_dataset
POS-0475,945,"1,2,4-Triazole",Triazole,Zr,ZrCl4,DMF/H2O/EtOH,Nessuno,140,24.0,0.2,1.0,0.2,,0.0,chloride,4.0,Microwave,2,curated_development_positive,DEVELOPMENT,1.0,0.875,0.96875,0.82,1.0,0.930375,A,True,zr|triazole|chloride|dmf/h2o/etoh|nessuno|140|24|0.25,,curated_project_dataset
POS-0476,946,"2,6-Naphthalenedicarboxylic acid",Carbossilati aromatici,Cd,Cd(NO3)2·4H2O,H2O/EtOH,Nessuno,120,4.0,0.5,0.25,2.0,,4.0,nitrate,2.0,Solvothermal,2,curated_development_positive,DEVELOPMENT,1.0,0.875,0.96875,0.82,0.48038446141526137,0.8264518922830523,A,True,cd|carbossilati aromatici|nitrate|h2o/etoh|nessuno|120|6|2.0,,curated_project_dataset
POS-0477,947,"3,5-diamino-4,4'-bipyrazole",Bipyrazole,Cd,Cd(NO3)2·4H2O,DMA,Nessuno,100,12.0,1.0,5.0,0.2,,4.0,nitrate,2.0,Hydrothermal,2,curated_development_positive,DEVELOPMENT,1.0,0.875,0.96875,0.82,0.38729833462074165,0.8078346669241483,A,True,cd|bipyrazole|nitrate|dma|nessuno|100|12|0.25,,curated_project_dataset
POS-0478,948,"2,5-Dihydroxyterephthalic acid (H4DOBDC)",Carbossilati aromatici,Zr,ZrCl4,MeOH,Nessuno,80,48.0,0.2,0.2,1.0,,0.0,chloride,4.0,Sonochemical,2,curated_development_positive,DEVELOPMENT,1.0,0.875,0.96875,0.82,0.408248290463863,0.8120246580927726,A,True,zr|carbossilati aromatici|chloride|meoh|nessuno|80|48|1.0,,curated_project_dataset
POS-0479,949,"2,6-Naphthalenedicarboxylic acid",Carbossilati aromatici,Zr,ZrCl4,DMF,Nessuno,80,48.0,0.5,1.515,0.33,,0.0,chloride,4.0,Microwave,2,curated_development_positive,DEVELOPMENT,1.0,0.875,0.96875,0.82,0.408248290463863,0.8120246580927726,A,True,zr|carbossilati aromatici|chloride|dmf|nessuno|80|48|0.25,,curated_project_dataset
POS-0480,950,"2,6-Naphthalenedicarboxylic acid",Carbossilati aromatici,Fe,FeCl3·6H2O,DEF,Nessuno,180,12.0,0.2,1.0,0.2,,6.0,chloride,3.0,Sonochemical,2,curated_development_positive,DEVELOPMENT,1.0,0.875,0.96875,0.82,0.4200840252084029,0.8143918050416805,A,True,fe|carbossilati aromatici|chloride|def|nessuno|180|12|0.25,,curated_project_dataset
POS-0481,952,"3,3'-dinitro-4,4'-bipyrazole",Bipyrazole,Co,Co(OAc)2·4H2O,DEF,Nessuno,120,4.0,2.0,1.0,2.0,,4.0,acetate,2.0,Sonochemical,2,curated_development_positive,DEVELOPMENT,1.0,0.875,0.96875,0.82,0.3216337604513384,0.7947017520902677,A,True,co|bipyrazole|acetate|def|nessuno|120|6|2.0,,curated_project_dataset
POS-0482,953,"2,6-Naphthalenedicarboxylic acid",Carbossilati aromatici,Cd,Cd(NO3)2·4H2O,DMA,Nessuno,60,4.0,0.1,0.2,0.5,,4.0,nitrate,2.0,Hydrothermal,2,curated_development_positive,DEVELOPMENT,1.0,0.875,0.96875,0.82,0.48038446141526137,0.8264518922830523,A,True,cd|carbossilati aromatici|nitrate|dma|nessuno|60|6|0.5,,curated_project_dataset
POS-0483,954,Benzimidazole,Imidazolati,Mn,Mn(OAc)2·4H2O,H2O,Nessuno,160,4.0,0.05,0.1,0.5,,4.0,acetate,2.0,Microwave,2,curated_development_positive,DEVELOPMENT,1.0,0.875,0.96875,0.82,1.0,0.930375,A,True,mn|imidazolati|acetate|h2o|nessuno|160|6|0.5,,curated_project_dataset
POS-0484,955,Benzimidazole,Imidazolati,Cu,Cu(OAc)2·H2O,DMF,Nessuno,25,18.0,1.0,0.5,2.0,,1.0,acetate,2.0,Sonochemical,2,curated_development_positive,DEVELOPMENT,1.0,0.875,0.96875,0.82,0.654653670707977,0.8613057341415954,A,True,cu|imidazolati|acetate|dmf|nessuno|20|18|2.0,,curated_project_dataset
POS-0485,956,"3-amino-4,4'-bipyrazole",Bipyrazole,Zr,ZrOCl2·8H2O,DEF,Nessuno,140,72.0,0.05,0.25,0.2,,8.0,chloride,2.0,Solvothermal,2,curated_development_positive,DEVELOPMENT,1.0,0.875,0.96875,0.82,0.43301270189221924,0.8169775403784438,A,True,zr|bipyrazole|chloride|def|nessuno|140|72|0.25,,curated_project_dataset
POS-0486,957,"3-amino-4,4'-bipyrazole",Bipyrazole,Mg,Mg(NO3)2·6H2O,DMF/H2O/EtOH,Nessuno,120,36.0,0.5,1.0,0.5,,6.0,nitrate,2.0,Solvothermal,2,curated_development_positive,DEVELOPMENT,1.0,0.875,0.96875,0.82,0.7745966692414833,0.8852943338482967,A,True,mg|bipyrazole|nitrate|dmf/h2o/etoh|nessuno|120|36|0.5,,curated_project_dataset
POS-0487,959,"3-amino-4,4'-bipyrazole",Bipyrazole,Al,Al(NO3)3·9H2O,DMF,Nessuno,160,48.0,0.05,0.05,1.0,,9.0,nitrate,3.0,Solvothermal,2,curated_development_positive,DEVELOPMENT,1.0,0.875,0.96875,0.82,0.5222329678670935,0.8348215935734187,A,True,al|bipyrazole|nitrate|dmf|nessuno|160|48|1.0,,curated_project_dataset
POS-0488,960,"1,2,4-Triazole",Triazole,Co,Co(NO3)2·6H2O,H2O/EtOH,Nessuno,80,24.0,0.05,0.25,0.2,,6.0,nitrate,2.0,Sonochemical,2,curated_development_positive,DEVELOPMENT,1.0,0.875,0.96875,0.82,1.0,0.930375,A,True,co|triazole|nitrate|h2o/etoh|nessuno|80|24|0.25,,curated_project_dataset
POS-0489,961,"1,4-Benzenedicarboxylic acid (H2BDC)",Carbossilati aromatici,Mn,Mn(OAc)2·4H2O,DMF/H2O,Nessuno,140,12.0,2.0,4.0,0.5,,4.0,acetate,2.0,Room Temperature,2,curated_development_positive,DEVELOPMENT,1.0,0.875,0.96875,0.82,0.5,0.830375,A,True,mn|carbossilati aromatici|acetate|dmf/h2o|nessuno|140|12|0.5,,curated_project_dataset
POS-0490,962,Benzimidazole,Imidazolati,Ni,Ni(OAc)2·4H2O,DEF,Nessuno,180,18.0,0.1,0.303,0.33,,4.0,acetate,2.0,Sonochemical,2,curated_development_positive,DEVELOPMENT,1.0,0.875,0.96875,0.82,0.8660254037844385,0.9035800807568877,A,True,ni|imidazolati|acetate|def|nessuno|180|18|0.25,,curated_project_dataset
POS-0491,963,"4,4'-Biphenyldicarboxylic acid (BPDC)",Carbossilati aromatici,Fe,Fe(NO3)3·9H2O,H2O/EtOH,Nessuno,60,36.0,0.2,0.25,0.8,,9.0,nitrate,3.0,Microwave,2,curated_development_positive,DEVELOPMENT,1.0,0.875,0.96875,0.82,0.4200840252084029,0.8143918050416805,A,True,fe|carbossilati aromatici|nitrate|h2o/etoh|nessuno|60|36|0.75,,curated_project_dataset
POS-0492,964,Fumaric acid,Carbossilati aromatici,Zn,Zn(OAc)2·2H2O,DEF,Nessuno,120,72.0,1.0,0.667,1.5,,2.0,acetate,2.0,Room Temperature,2,curated_development_positive,DEVELOPMENT,1.0,0.875,0.96875,0.82,0.3779644730092272,0.8059678946018455,A,True,zn|carbossilati aromatici|acetate|def|nessuno|120|72|1.5,,curated_project_dataset
POS-0493,965,"1,2,4-Triazole",Triazole,Cd,Cd(NO3)2·4H2O,DMF/H2O/EtOH,Nessuno,100,18.0,0.5,0.333,1.5,,4.0,nitrate,2.0,Room Temperature,2,curated_development_positive,DEVELOPMENT,1.0,0.875,0.96875,0.82,1.0,0.930375,A,True,cd|triazole|nitrate|dmf/h2o/etoh|nessuno|100|18|1.5,,curated_project_dataset
POS-0494,966,"2,6-Naphthalenedicarboxylic acid",Carbossilati aromatici,Al,Al(NO3)3·9H2O,DMA,Nessuno,80,12.0,1.0,1.25,0.8,,9.0,nitrate,3.0,Sonochemical,2,curated_development_positive,DEVELOPMENT,1.0,0.875,0.96875,0.82,0.5477225575051661,0.8399195115010332,A,True,al|carbossilati aromatici|nitrate|dma|nessuno|80|12|0.75,,curated_project_dataset
POS-0495,967,"2,5-Dihydroxyterephthalic acid (H4DOBDC)",Carbossilati aromatici,Al,AlCl3·6H2O,DMF/H2O,Nessuno,160,12.0,0.1,0.083,1.2,,6.0,chloride,3.0,Microwave,2,curated_development_positive,DEVELOPMENT,1.0,0.875,0.96875,0.82,0.5477225575051661,0.8399195115010332,A,True,al|carbossilati aromatici|chloride|dmf/h2o|nessuno|160|12|1.25,,curated_project_dataset
POS-0496,969,"3,3'-dinitro-4,4'-bipyrazole",Bipyrazole,Co,Co(NO3)2·6H2O,MeOH,Nessuno,160,4.0,0.1,0.1,1.0,,6.0,nitrate,2.0,Hydrothermal,2,curated_development_positive,DEVELOPMENT,1.0,0.875,0.96875,0.82,0.3216337604513384,0.7947017520902677,A,True,co|bipyrazole|nitrate|meoh|nessuno|160|6|1.0,,curated_project_dataset
POS-0497,970,"3,5-diamino-4,4'-bipyrazole",Bipyrazole,Cu,Cu(OAc)2·H2O,DMF/MeOH,Nessuno,100,48.0,1.0,1.25,0.8,,1.0,acetate,2.0,Solvothermal,2,curated_development_positive,DEVELOPMENT,1.0,0.875,0.96875,0.82,0.3779644730092272,0.8059678946018455,A,True,cu|bipyrazole|acetate|dmf/meoh|nessuno|100|48|0.75,,curated_project_dataset
POS-0498,971,"3,3'-dinitro-4,4'-bipyrazole",Bipyrazole,Cd,Cd(NO3)2·4H2O,MeOH,Nessuno,140,48.0,0.5,0.417,1.2,,4.0,nitrate,2.0,Sonochemical,2,curated_development_positive,DEVELOPMENT,1.0,0.875,0.96875,0.82,0.38729833462074165,0.8078346669241483,A,True,cd|bipyrazole|nitrate|meoh|nessuno|140|48|1.25,,curated_project_dataset
POS-0499,972,"3-amino-4,4'-bipyrazole",Bipyrazole,Ni,Ni(NO3)2·6H2O,H2O,Nessuno,180,36.0,0.05,0.025,2.0,,6.0,nitrate,2.0,Hydrothermal,2,curated_development_positive,DEVELOPMENT,1.0,0.875,0.96875,0.82,0.654653670707977,0.8613057341415954,A,True,ni|bipyrazole|nitrate|h2o|nessuno|180|36|2.0,,curated_project_dataset
POS-0500,973,"3,3'-dinitro-4,4'-bipyrazole",Bipyrazole,Zn,Zn(NO3)2·6H2O,DMF/MeOH,Nessuno,60,18.0,0.1,0.125,0.8,,6.0,nitrate,2.0,Microwave,2,curated_development_positive,DEVELOPMENT,1.0,0.875,0.96875,0.82,0.4200840252084029,0.8143918050416805,A,True,zn|bipyrazole|nitrate|dmf/meoh|nessuno|60|18|0.75,,curated_project_dataset
POS-0501,974,"3-amino-4,4'-bipyrazole",Bipyrazole,Cu,Cu(OAc)2·H2O,DMF,Nessuno,150,12.0,0.05,0.033,1.5,,1.0,acetate,2.0,Sonochemical,2,curated_development_positive,DEVELOPMENT,1.0,0.875,0.96875,0.82,0.3779644730092272,0.8059678946018455,A,True,cu|bipyrazole|acetate|dmf|nessuno|150|12|1.5,,curated_project_dataset
POS-0502,976,"2,6-Naphthalenedicarboxylic acid",Carbossilati aromatici,Cd,Cd(NO3)2·4H2O,DMF/H2O,Nessuno,150,18.0,2.0,10.0,0.2,,4.0,nitrate,2.0,Hydrothermal,2,curated_development_positive,DEVELOPMENT,1.0,0.875,0.96875,0.82,0.48038446141526137,0.8264518922830523,A,True,cd|carbossilati aromatici|nitrate|dmf/h2o|nessuno|150|18|0.25,,curated_project_dataset
POS-0503,977,2-Methylimidazole,Imidazolati,Zr,ZrOCl2·8H2O,DMF/H2O,Nessuno,150,36.0,0.1,0.2,0.5,,8.0,chloride,2.0,Hydrothermal,2,curated_development_positive,DEVELOPMENT,1.0,0.875,0.96875,0.82,1.0,0.930375,A,True,zr|imidazolati|chloride|dmf/h2o|nessuno|150|36|0.5,,curated_project_dataset
POS-0504,978,"4,4'-Biphenyldicarboxylic acid (BPDC)",Carbossilati aromatici,Co,Co(NO3)2·6H2O,DMF/H2O/EtOH,Nessuno,25,18.0,0.2,0.167,1.2,,6.0,nitrate,2.0,Microwave,2,curated_development_positive,DEVELOPMENT,1.0,0.875,0.96875,0.82,0.4200840252084029,0.8143918050416805,A,True,co|carbossilati aromatici|nitrate|dmf/h2o/etoh|nessuno|20|18|1.25,,curated_project_dataset
POS-0505,979,"2,5-Dihydroxyterephthalic acid (H4DOBDC)",Carbossilati aromatici,Zn,Zn(OAc)2·2H2O,MeOH,Nessuno,100,36.0,0.2,0.25,0.8,,2.0,acetate,2.0,Solvothermal,2,curated_development_positive,DEVELOPMENT,1.0,0.875,0.96875,0.82,0.3779644730092272,0.8059678946018455,A,True,zn|carbossilati aromatici|acetate|meoh|nessuno|100|36|0.75,,curated_project_dataset
POS-0506,980,"3-amino-4,4'-bipyrazole",Bipyrazole,Co,Co(OAc)2·4H2O,DMF,Nessuno,140,4.0,0.05,0.05,1.0,,4.0,acetate,2.0,Microwave,2,curated_development_positive,DEVELOPMENT,1.0,0.875,0.96875,0.82,0.3216337604513384,0.7947017520902677,A,True,co|bipyrazole|acetate|dmf|nessuno|140|6|1.0,,curated_project_dataset
POS-0507,981,"1,2,4-Triazole",Triazole,Zr,ZrOCl2·8H2O,H2O/EtOH,Nessuno,120,48.0,2.0,4.0,0.5,,8.0,chloride,2.0,Hydrothermal,2,curated_development_positive,DEVELOPMENT,1.0,0.875,0.96875,0.82,1.0,0.930375,A,True,zr|triazole|chloride|h2o/etoh|nessuno|120|48|0.5,,curated_project_dataset
POS-0508,982,"1,2,4-Triazole",Triazole,Cu,Cu(NO3)2·3H2O,DMA,Nessuno,140,12.0,2.0,6.061,0.33,,3.0,nitrate,2.0,Microwave,2,curated_development_positive,DEVELOPMENT,1.0,0.875,0.96875,0.82,0.7745966692414833,0.8852943338482967,A,True,cu|triazole|nitrate|dma|nessuno|140|12|0.25,,curated_project_dataset
POS-0509,983,"1,4-Benzenedicarboxylic acid (H2BDC)",Carbossilati aromatici,Cu,Cu(NO3)2·3H2O,DEF,Nessuno,150,48.0,2.0,1.0,2.0,,3.0,nitrate,2.0,Microwave,2,curated_development_positive,DEVELOPMENT,1.0,0.875,0.96875,0.82,0.48038446141526137,0.8264518922830523,A,True,cu|carbossilati aromatici|nitrate|def|nessuno|150|48|2.0,,curated_project_dataset
POS-0510,984,"1,2,4-Triazole",Triazole,Cu,Cu(OAc)2·H2O,H2O/EtOH,Nessuno,180,72.0,2.0,1.667,1.2,,1.0,acetate,2.0,Hydrothermal,2,curated_development_positive,DEVELOPMENT,1.0,0.875,0.96875,0.82,0.7745966692414833,0.8852943338482967,A,True,cu|triazole|acetate|h2o/etoh|nessuno|180|72|1.25,,curated_project_dataset
POS-0511,985,"3-amino-4,4'-bipyrazole",Bipyrazole,Mg,Mg(NO3)2·6H2O,DMF,Nessuno,160,24.0,2.0,1.0,2.0,,6.0,nitrate,2.0,Room Temperature,2,curated_development_positive,DEVELOPMENT,1.0,0.875,0.96875,0.82,0.7745966692414833,0.8852943338482967,A,True,mg|bipyrazole|nitrate|dmf|nessuno|160|24|2.0,,curated_project_dataset
POS-0512,986,2-Methylimidazole,Imidazolati,Co,Co(OAc)2·4H2O,DMA,Nessuno,120,24.0,0.05,0.25,0.2,,4.0,acetate,2.0,Microwave,2,curated_development_positive,DEVELOPMENT,1.0,0.875,0.96875,0.82,0.8660254037844385,0.9035800807568877,A,True,co|imidazolati|acetate|dma|nessuno|120|24|0.25,,curated_project_dataset
POS-0513,987,Benzimidazole,Imidazolati,Zn,Zn(OAc)2·2H2O,DMA,Nessuno,60,72.0,0.5,0.5,1.0,,2.0,acetate,2.0,Solvothermal,2,curated_development_positive,DEVELOPMENT,1.0,0.875,0.96875,0.82,1.0,0.930375,A,True,zn|imidazolati|acetate|dma|nessuno|60|72|1.0,,curated_project_dataset
POS-0514,988,"4,4'-Biphenyldicarboxylic acid (BPDC)",Carbossilati aromatici,Zr,ZrOCl2·8H2O,DMF/MeOH,Nessuno,25,72.0,0.1,0.1,1.0,,8.0,chloride,2.0,Hydrothermal,2,curated_development_positive,DEVELOPMENT,1.0,0.875,0.96875,0.82,0.408248290463863,0.8120246580927726,A,True,zr|carbossilati aromatici|chloride|dmf/meoh|nessuno|20|72|1.0,,curated_project_dataset
POS-0515,989,"3-amino-4,4'-bipyrazole",Bipyrazole,Zr,ZrOCl2·8H2O,DMF/H2O/EtOH,Nessuno,180,4.0,0.5,1.0,0.5,,8.0,chloride,2.0,Room Temperature,2,curated_development_positive,DEVELOPMENT,1.0,0.875,0.96875,0.82,0.43301270189221924,0.8169775403784438,A,True,zr|bipyrazole|chloride|dmf/h2o/etoh|nessuno|180|6|0.5,,curated_project_dataset
POS-0516,990,Benzimidazole,Imidazolati,Cu,Cu(OAc)2·H2O,DEF,Nessuno,150,48.0,0.2,0.167,1.2,,1.0,acetate,2.0,Room Temperature,2,curated_development_positive,DEVELOPMENT,1.0,0.875,0.96875,0.82,0.654653670707977,0.8613057341415954,A,True,cu|imidazolati|acetate|def|nessuno|150|48|1.25,,curated_project_dataset
POS-0517,992,Benzimidazole,Imidazolati,Ni,Ni(OAc)2·4H2O,DMA,Nessuno,80,72.0,0.05,0.042,1.2,,4.0,acetate,2.0,Microwave,2,curated_development_positive,DEVELOPMENT,1.0,0.875,0.96875,0.82,0.8660254037844385,0.9035800807568877,A,True,ni|imidazolati|acetate|dma|nessuno|80|72|1.25,,curated_project_dataset
POS-0518,995,"2,5-Dihydroxyterephthalic acid (H4DOBDC)",Carbossilati aromatici,Al,AlCl3·6H2O,DMF,Nessuno,140,48.0,0.2,0.25,0.8,,6.0,chloride,3.0,Sonochemical,2,curated_development_positive,DEVELOPMENT,1.0,0.875,0.96875,0.82,0.5477225575051661,0.8399195115010332,A,True,al|carbossilati aromatici|chloride|dmf|nessuno|140|48|0.75,,curated_project_dataset
POS-0519,998,2-Methylimidazole,Imidazolati,Al,AlCl3·6H2O,DMF/MeOH,Nessuno,60,36.0,2.0,1.333,1.5,,6.0,chloride,3.0,Microwave,2,curated_development_positive,DEVELOPMENT,1.0,0.875,0.96875,0.82,0.7745966692414833,0.8852943338482967,A,True,al|imidazolati|chloride|dmf/meoh|nessuno|60|36|1.5,,curated_project_dataset
POS-0520,999,2-Methylimidazole,Imidazolati,Fe,FeCl3·6H2O,DEF,Nessuno,150,18.0,0.2,0.2,1.0,,6.0,chloride,3.0,Room Temperature,2,curated_development_positive,DEVELOPMENT,1.0,0.875,0.96875,0.82,0.7071067811865476,0.8717963562373096,A,True,fe|imidazolati|chloride|def|nessuno|150|18|1.0,,curated_project_dataset
POS-0521,MOFs_47,"3-amino-4,4'-bipyrazole",Bipyrazole,Cd,Cd(NO3)2·4H2O,DMF,Nessuno,160,24.0,0.2,0.1,2.0,12.0,4.0,nitrate,2.0,Solvothermal,2,curated_development_positive,DEVELOPMENT,1.0,1.0,1.0,0.82,0.19364916731037082,0.7847298334620741,A,True,cd|bipyrazole|nitrate|dmf|nessuno|160|24|2.0,,curated_project_dataset
POS-0522,MOFs_93,3-MePz-4-COOH,Pyrazole carbossilati,Cu,Cu(OAc)2·H2O,H2O,Nessuno,25,96.0,0.2,0.1,2.0,20.0,1.0,acetate,2.0,Solvothermal,2,curated_development_positive,DEVELOPMENT,1.0,1.0,1.0,0.82,0.7071067811865476,0.8874213562373096,A,True,cu|pyrazole carbossilati|acetate|h2o|nessuno|20|96|2.0,,curated_project_dataset
POS-0523,MOFs_106,"3-nitro-4,4'-bipyrazole",Bipyrazole,Cd,Cd(NO3)2·4H2O,DMF,Nessuno,140,72.0,0.6,0.3,2.0,30.0,4.0,nitrate,2.0,Solvothermal,2,curated_development_positive,DEVELOPMENT,1.0,1.0,1.0,0.82,0.38729833462074165,0.8234596669241483,A,True,cd|bipyrazole|nitrate|dmf|nessuno|140|72|2.0,,curated_project_dataset
POS-0524,MOFs_108,"3-nitro-4,4'-bipyrazole",Bipyrazole,Cd,Cd(NO3)2·4H2O,DMF,Nessuno,160,24.0,0.2,0.1,2.0,12.0,4.0,nitrate,2.0,Solvothermal,2,curated_development_positive,DEVELOPMENT,1.0,1.0,1.0,0.82,0.19364916731037082,0.7847298334620741,A,True,cd|bipyrazole|nitrate|dmf|nessuno|160|24|2.0,,curated_project_dataset
POS-0525,MOFs_109,"3-nitro-4,4'-bipyrazole",Bipyrazole,Cd,Cd(NO3)2·4H2O,DMF,Nessuno,160,48.0,0.1,0.1,1.0,15.0,4.0,nitrate,2.0,Solvothermal,2,curated_development_positive,DEVELOPMENT,1.0,1.0,1.0,0.82,0.38729833462074165,0.8234596669241483,A,True,cd|bipyrazole|nitrate|dmf|nessuno|160|48|1.0,,curated_project_dataset
POS-0526,MOFs_110,"3-nitro-4,4'-bipyrazole",Bipyrazole,Cd,Cd(NO3)2·4H2O,DMF,Nessuno,160,48.0,0.1,0.2,0.5,10.0,4.0,nitrate,2.0,Solvothermal,2,curated_development_positive,DEVELOPMENT,1.0,1.0,1.0,0.82,0.38729833462074165,0.8234596669241483,A,True,cd|bipyrazole|nitrate|dmf|nessuno|160|48|0.5,,curated_project_dataset
POS-0527,MOFs_135,"3,3'-dinitro-4,4'-bipyrazole",Bipyrazole,Co,Co(OAc)2·4H2O,DMF/H2O,Nessuno,160,48.0,0.2,0.1,2.0,8.0,4.0,acetate,2.0,Solvothermal,2,curated_development_positive,DEVELOPMENT,1.0,1.0,1.0,0.82,0.22742941307367096,0.7914858826147342,A,True,co|bipyrazole|acetate|dmf/h2o|nessuno|160|48|2.0,,curated_project_dataset
POS-0528,MOFs_139,"3,3'-dinitro-4,4'-bipyrazole",Bipyrazole,Co,Cd(OAc)2·4H2O,DMF/H2O,Nessuno,160,24.0,0.1,0.2,0.5,14.0,4.0,acetate,2.0,Solvothermal,2,curated_development_positive,DEVELOPMENT,1.0,1.0,1.0,0.82,0.3216337604513384,0.8103267520902677,A,True,co|bipyrazole|acetate|dmf/h2o|nessuno|160|24|0.5,,curated_project_dataset
POS-0529,MOFs_141,"3,3'-dinitro-4,4'-bipyrazole",Bipyrazole,Cu,Cu(NO3)2·3H2O,DMF/H2O,Nessuno,160,48.0,0.2,0.1,2.0,8.0,3.0,nitrate,2.0,Solvothermal,2,curated_development_positive,DEVELOPMENT,1.0,1.0,1.0,0.82,0.26726124191242434,0.7994522483824849,A,True,cu|bipyrazole|nitrate|dmf/h2o|nessuno|160|48|2.0,,curated_project_dataset
POS-0530,MOFs_142,"3,3'-dinitro-4,4'-bipyrazole",Bipyrazole,Cu,Cu(NO3)2·3H2O,DMF/H2O,Nessuno,160,24.0,0.2,0.2,1.0,8.0,3.0,nitrate,2.0,Solvothermal,2,curated_development_positive,DEVELOPMENT,1.0,1.0,1.0,0.82,0.3779644730092272,0.8215928946018455,A,True,cu|bipyrazole|nitrate|dmf/h2o|nessuno|160|24|1.0,,curated_project_dataset
POS-0531,MOFs_146,"3,3'-dinitro-4,4'-bipyrazole",Bipyrazole,Cu,Cu(NO3)2·3H2O,DMF,Nessuno,160,6.0,0.2,0.1,2.0,10.0,3.0,nitrate,2.0,Solvothermal,2,curated_development_positive,DEVELOPMENT,1.0,1.0,1.0,0.82,0.26726124191242434,0.7994522483824849,A,True,cu|bipyrazole|nitrate|dmf|nessuno|160|6|2.0,,curated_project_dataset
POS-0532,MOFs_148,"3,3'-dinitro-4,4'-bipyrazole",Bipyrazole,Zn,Zn(NO3)2·6H2O,DMF/H2O,Nessuno,160,48.0,0.2,0.1,2.0,8.0,6.0,nitrate,2.0,Solvothermal,2,curated_development_positive,DEVELOPMENT,1.0,1.0,1.0,0.82,0.29704426289300223,0.8054088525786004,A,True,zn|bipyrazole|nitrate|dmf/h2o|nessuno|160|48|2.0,,curated_project_dataset
POS-0533,MOFs_152,"3,3'-dinitro-4,4'-bipyrazole",Bipyrazole,Zn,Zn(NO3)2·6H2O,DMF/H2O,Nessuno,160,24.0,0.1,0.2,0.5,14.0,6.0,nitrate,2.0,Solvothermal,2,curated_development_positive,DEVELOPMENT,1.0,1.0,1.0,0.82,0.29704426289300223,0.8054088525786004,A,True,zn|bipyrazole|nitrate|dmf/h2o|nessuno|160|24|0.5,,curated_project_dataset
POS-0534,MOFs_153,"3,3'-dinitro-4,4'-bipyrazole",Bipyrazole,Zn,Zn(NO3)2·6H2O,DMF,Nessuno,160,6.0,0.2,0.1,2.0,10.0,6.0,nitrate,2.0,Solvothermal,2,curated_development_positive,DEVELOPMENT,1.0,1.0,1.0,0.82,0.29704426289300223,0.8054088525786004,A,True,zn|bipyrazole|nitrate|dmf|nessuno|160|6|2.0,,curated_project_dataset
POS-0535,MOFs_166,"3,5-diamino-4,4'-bipyrazole",Bipyrazole,Cd,Cd(NO3)2·4H2O,DMF,Nessuno,140,72.0,0.48,0.2,2.4,20.0,4.0,nitrate,2.0,Solvothermal,2,curated_development_positive,DEVELOPMENT,1.0,1.0,1.0,0.82,0.273861278752583,0.8007722557505166,A,True,cd|bipyrazole|nitrate|dmf|nessuno|140|72|2.5,,curated_project_dataset
POS-0536,MOFs_188,"3,5-diamino-4,4'-bipyrazole",Bipyrazole,Co,Co(NO3)2·6H2O,DMF/H2O,Nessuno,160,72.0,1.5,1.5,1.0,65.0,6.0,nitrate,2.0,Solvothermal,2,curated_development_positive,DEVELOPMENT,1.0,1.0,1.0,0.82,0.22742941307367096,0.7914858826147342,A,True,co|bipyrazole|nitrate|dmf/h2o|nessuno|160|72|1.0,,curated_project_dataset
POS-0537,MOFs_190,"3,5-diamino-4,4'-bipyrazole",Bipyrazole,Co,Co(NO3)2·6H2O,DMF/EtOH,Nessuno,160,24.0,0.1,0.05,2.0,5.0,6.0,nitrate,2.0,Solvothermal,2,curated_development_positive,DEVELOPMENT,1.0,1.0,1.0,0.82,0.3216337604513384,0.8103267520902677,A,True,co|bipyrazole|nitrate|dmf/etoh|nessuno|160|24|2.0,,curated_project_dataset
POS-0538,MOFs_191,"3,5-diamino-4,4'-bipyrazole",Bipyrazole,Co,Co(NO3)2·6H2O,DMF/H2O,Nessuno,160,24.0,0.1,0.05,2.0,2.0,6.0,nitrate,2.0,Solvothermal,2,curated_development_positive,DEVELOPMENT,1.0,1.0,1.0,0.82,0.3216337604513384,0.8103267520902677,A,True,co|bipyrazole|nitrate|dmf/h2o|nessuno|160|24|2.0,,curated_project_dataset
POS-0539,MOFs_192,"3,5-diamino-4,4'-bipyrazole",Bipyrazole,Co,Co(NO3)2·6H2O,DMF/EtOH,Nessuno,160,16.0,0.2,0.1,2.0,10.0,6.0,nitrate,2.0,Solvothermal,2,curated_development_positive,DEVELOPMENT,1.0,1.0,1.0,0.82,0.3216337604513384,0.8103267520902677,A,True,co|bipyrazole|nitrate|dmf/etoh|nessuno|160|18|2.0,,curated_project_dataset
POS-0540,MOFs_193,"3,5-diamino-4,4'-bipyrazole",Bipyrazole,Co,Co(NO3)2·6H2O,DMF/MeOH,Nessuno,160,24.0,0.1,0.05,2.0,5.0,6.0,nitrate,2.0,Solvothermal,2,curated_development_positive,DEVELOPMENT,1.0,1.0,1.0,0.82,0.3216337604513384,0.8103267520902677,A,True,co|bipyrazole|nitrate|dmf/meoh|nessuno|160|24|2.0,,curated_project_dataset
POS-0541,MOFs_195,"3,5-diamino-4,4'-bipyrazole",Bipyrazole,Co,Co(NO3)2·6H2O,DMF/H2O,Nessuno,150,72.0,0.05,0.05,1.0,7.0,6.0,nitrate,2.0,Solvothermal,2,curated_development_positive,DEVELOPMENT,1.0,1.0,1.0,0.82,0.22742941307367096,0.7914858826147342,A,True,co|bipyrazole|nitrate|dmf/h2o|nessuno|150|72|1.0,,curated_project_dataset
POS-0542,MOFs_206,"3,5-diamino-4,4'-bipyrazole",Bipyrazole,Co,Co(NO3)2·6H2O,DMF/H2O,Nessuno,160,24.0,1.3,1.3,1.0,62.5,6.0,nitrate,2.0,Solvothermal,2,curated_development_positive,DEVELOPMENT,1.0,1.0,1.0,0.82,0.3216337604513384,0.8103267520902677,A,True,co|bipyrazole|nitrate|dmf/h2o|nessuno|160|24|1.0,,curated_project_dataset
POS-0543,MOFs_207,"3,5-diamino-4,4'-bipyrazole",Bipyrazole,Co,Co(NO3)2·6H2O,DMF/H2O,Nessuno,160,72.0,0.2,0.2,1.0,10.0,6.0,nitrate,2.0,Solvothermal,2,curated_development_positive,DEVELOPMENT,1.0,1.0,1.0,0.82,0.22742941307367096,0.7914858826147342,A,True,co|bipyrazole|nitrate|dmf/h2o|nessuno|160|72|1.0,,curated_project_dataset
POS-0544,MOFs_253,"3,5-diamino-4,4'-bipyrazole",Bipyrazole,Zn,Zn(OAc)2·2H2O,DMF/H2O,Nessuno,160,72.0,0.2,0.2,1.0,13.0,2.0,acetate,2.0,Solvothermal,2,curated_development_positive,DEVELOPMENT,1.0,1.0,1.0,0.82,0.4200840252084029,0.8300168050416805,A,True,zn|bipyrazole|acetate|dmf/h2o|nessuno|160|72|1.0,,curated_project_dataset
POS-0545,MOFs_254,"3,5-diamino-4,4'-bipyrazole",Bipyrazole,Zn,Zn(NO3)2·6H2O,DMF/H2O,Nessuno,160,72.0,0.2,0.2,1.0,13.0,6.0,nitrate,2.0,Solvothermal,2,curated_development_positive,DEVELOPMENT,1.0,1.0,1.0,0.82,0.4200840252084029,0.8300168050416805,A,True,zn|bipyrazole|nitrate|dmf/h2o|nessuno|160|72|1.0,,curated_project_dataset
POS-0546,MOFs_255,"3,5-DiMePz-4-COOH",Pyrazole carbossilati,Cu,Cu(OAc)2·H2O,H2O,Nessuno,25,48.0,0.2,0.1,2.0,20.0,1.0,acetate,2.0,Solvothermal,2,curated_development_positive,DEVELOPMENT,1.0,1.0,1.0,0.82,0.7071067811865476,0.8874213562373096,A,True,cu|pyrazole carbossilati|acetate|h2o|nessuno|20|48|2.0,,curated_project_dataset
POS-0547,MOFs_256,"3,5-DiMePz-4-COOH",Pyrazole carbossilati,Cu,Cu(OAc)2·H2O,H2O,Nessuno,25,72.0,1.0,0.5,2.0,100.0,1.0,acetate,2.0,Solvothermal,2,curated_development_positive,DEVELOPMENT,1.0,1.0,1.0,0.82,0.7071067811865476,0.8874213562373096,A,True,cu|pyrazole carbossilati|acetate|h2o|nessuno|20|72|2.0,,curated_project_dataset
POS-0548,MOFs_259,"3,5-DiMePz-4-COOH",Pyrazole carbossilati,Zn,Zn(OAc)2·2H2O,EtOH,Nessuno,25,48.0,0.2,0.1,2.0,20.0,2.0,acetate,2.0,Solvothermal,2,curated_development_positive,DEVELOPMENT,1.0,1.0,1.0,0.82,0.8660254037844385,0.9192050807568877,A,True,zn|pyrazole carbossilati|acetate|etoh|nessuno|20|48|2.0,,curated_project_dataset
POS-0549,MOFs_260,"3,5-DiMePz-4-COOH",Pyrazole carbossilati,Zn,Zn(OAc)2·2H2O,EtOH,Nessuno,25,72.0,1.0,0.5,2.0,100.0,2.0,acetate,2.0,Solvothermal,2,curated_development_positive,DEVELOPMENT,1.0,1.0,1.0,0.82,0.8660254037844385,0.9192050807568877,A,True,zn|pyrazole carbossilati|acetate|etoh|nessuno|20|72|2.0,,curated_project_dataset
POS-0550,MOFs_268,"3,5-DiMePz-4-COOH",Pyrazole carbossilati,Zr,ZrCl4,H2O,Nessuno,25,72.0,1.0,0.5,2.0,100.0,0.0,chloride,4.0,Solvothermal,2,curated_development_positive,DEVELOPMENT,1.0,1.0,1.0,0.82,1.0,0.946,A,True,zr|pyrazole carbossilati|chloride|h2o|nessuno|20|72|2.0,,curated_project_dataset
POS-0551,MOFs_278,5-MePz-4-COOH,Pyrazole carbossilati,Zn,Zn(NO3)2·6H2O,DMF,Nessuno,120,24.0,0.2,0.2,1.0,10.0,6.0,nitrate,2.0,Solvothermal,2,curated_development_positive,DEVELOPMENT,1.0,1.0,1.0,0.82,0.8660254037844385,0.9192050807568877,A,True,zn|pyrazole carbossilati|nitrate|dmf|nessuno|120|24|1.0,,curated_project_dataset
POS-0552,MOFs_302,H2Me2BDP,Altro,Ag,AgPF6,MeOH,Nessuno,25,48.0,0.2,0.2,1.0,10.0,0.0,hexafluorophosphate,,Solvothermal,2,curated_development_positive,DEVELOPMENT,1.0,0.875,0.96875,0.82,1.0,0.930375,A,True,ag|altro|hexafluorophosphate|meoh|nessuno|20|48|1.0,,curated_project_dataset
POS-0553,Organometallica_372,H2BPZNH2,Organometallica - pirazoli,Ru,[Ru(p-cymene)Cl2]2,MeOH,Nessuno,25,4.0,0.1,0.1,1.0,20.0,0.0,chloride,2.0,"Dopo 4 ore ancora nessuna cristallizzazione, evaporato un po di solvente e poi messo in frido appena raffreddato. Aggiunto eteredietilico, perchè non vi era avvenuta cristallizzazione.",2,curated_development_positive,DEVELOPMENT,1.0,1.0,1.0,0.82,0.3692744729379981,0.8198548945875996,A,True,ru|organometallica - pirazoli|chloride|meoh|nessuno|20|6|1.0,,curated_project_dataset
POS-0554,Organometallica_394,"Ru1,3",Organometallica,Ru,CAgF3SO3,CH2Cl2,Nessuno,25,6.0,0.05,0.22,0.22727273,20.0,0.0,other,,"Filtrato il precipitato formatosi, sciacquato con 5 ml di diclorometano e poi lasciato evaporare all'aria le acque madri.",2,curated_development_positive,DEVELOPMENT,1.0,0.875,0.96875,0.82,0.8660254037844385,0.9035800807568877,A,True,ru|organometallica|other|ch2cl2|nessuno|20|6|0.25,,curated_project_dataset
POS-0555,Organometallica_399,H2BPZNH2,Organometallica,Rh,[Rh(C5Me5)Cl2]3,MeOH,Nessuno,70,24.0,0.1,0.05,2.0,20.0,0.0,chloride,2.0,"Solubilizzato il dimero del metallo in 10 ml di MeOH, una volta solulbilizzato ho aggiunto il legante e lasciato in stirring per 16 ore.",2,curated_development_positive,DEVELOPMENT,1.0,1.0,1.0,0.82,1.0,0.946,A,True,rh|organometallica|chloride|meoh|nessuno|70|24|2.0,,curated_project_dataset
POS-0556,2,curc(III),Curcumina,Zn,Zn(OAc)2·2H2O,DMF,Nessuno,80,72.0,0.1,0.05,2.0,,2.0,acetate,2.0,Solvothermal,2,locked_external_positive,EXTERNAL_TEST,1.0,0.875,0.96875,0.8,0.7745966692414833,0.8792943338482967,A,True,zn|curcumina|acetate|dmf|nessuno|80|72|2.0,,curated_project_dataset
POS-0557,5,curc(III),Curcumina,Zn,Zn(OAc)2·2H2O,DMF/MeOH,Nessuno,80,24.0,0.1,0.05,2.0,,2.0,acetate,2.0,Solvothermal,2,locked_external_positive,EXTERNAL_TEST,1.0,0.875,0.96875,0.8,0.547722557505166,0.8339195115010332,A,True,zn|curcumina|acetate|dmf/meoh|nessuno|80|24|2.0,,curated_project_dataset
POS-0558,7,curc(III),Curcumina,Zn,Zn(NO3)2·6H2O,DMF/MeOH,Nessuno,80,24.0,0.2,0.1,2.0,,6.0,nitrate,2.0,Solvothermal,2,locked_external_positive,EXTERNAL_TEST,1.0,0.875,0.96875,0.8,0.547722557505166,0.8339195115010332,A,True,zn|curcumina|nitrate|dmf/meoh|nessuno|80|24|2.0,,curated_project_dataset
POS-0559,15,curc(III),Curcumina,Co,Co(NO3)2·6H2O,DMF/H2O,Nessuno,80,16.0,0.02,0.02,1.0,,6.0,nitrate,2.0,"Precipitato dopo già 16h, procedo con la caratterizzazione",2,locked_external_positive,EXTERNAL_TEST,1.0,0.875,0.96875,0.8,1.0,0.924375,A,True,co|curcumina|nitrate|dmf/h2o|nessuno|80|18|1.0,,curated_project_dataset
POS-0560,27,curc(III),Curcumina,Co,Co(NO3)2·6H2O,DMF/H2O,Nessuno,120,24.0,0.05,0.05,1.0,,6.0,nitrate,2.0,Solvothermal,2,locked_external_positive,EXTERNAL_TEST,1.0,0.875,0.96875,0.8,1.0,0.924375,A,True,co|curcumina|nitrate|dmf/h2o|nessuno|120|24|1.0,,curated_project_dataset
POS-0561,147,"3,3-dimethyl-4,4'-bipyrazole",Bipyrazole,Ag,AgNO3,DMF,Nessuno,100,48.0,0.9,0.9,1.0,,0.0,nitrate,,Solvothermal,2,locked_external_positive,EXTERNAL_TEST,1.0,0.75,0.9375,0.8,0.8660254037844385,0.8819550807568877,A,True,ag|bipyrazole|nitrate|dmf|nessuno|100|48|1.0,,curated_project_dataset
POS-0562,149,"3,3-dimethyl-4,4'-bipyrazole",Bipyrazole,Cd,Cd(NO3)2·4H2O,DMF,Nessuno,140,120.0,1.2,0.6,2.0,,4.0,nitrate,2.0,Solvothermal,2,locked_external_positive,EXTERNAL_TEST,1.0,0.875,0.96875,0.8,0.22360679774997896,0.7690963595499958,B,True,cd|bipyrazole|nitrate|dmf|nessuno|140|120|2.0,,curated_project_dataset
POS-0563,320,BPz,Bipyrazole,Co,Co(OAc)2·4H2O,DMF,Nessuno,120,72.0,1.5,1.5,1.0,,4.0,acetate,2.0,Solvothermal,2,locked_external_positive,EXTERNAL_TEST,1.0,0.875,0.96875,0.8,0.18569533817705183,0.7615140676354104,B,True,co|bipyrazole|acetate|dmf|nessuno|120|72|1.0,,curated_project_dataset
POS-0564,354,Ph2BpPhTl,Organometallica,Ru,[Ru(p-cymene)Cl2]2,CH2Cl2,Nessuno,120,24.0,0.12,0.25,0.48,,0.0,chloride,2.0,"Nessun precipitrato, dopo aver aggiunto etere dietilico ho rimesso in frigo ed aspettato quasi una settimana, mi si è formato un precipitato, ma una volta filtrato sembra eessere tallio cloruro(colere grigiastro); quindi riconservato le acque madri per vedere se la cristallizzazione.Dopo aver aggiunto etere dietilico formati alcuni cristalli.",2,locked_external_positive,EXTERNAL_TEST,1.0,0.875,0.96875,0.8,0.8660254037844385,0.8975800807568877,A,True,ru|organometallica|chloride|ch2cl2|nessuno|120|24|0.5,,curated_project_dataset
POS-0565,355,HB(BPzPh)3Tl,Organometallica - pirazoli,Ru,[Ru(p-cymene)Cl2]2,CH2Cl2,Nessuno,120,24.0,0.12,0.25,0.48,,0.0,chloride,2.0,"Nessun precipitrato, dopo aver aggiunto etere dietilico ho rimesso in frigo ed aspettato quasi una settimana, mi si è formato un precipitato, ma una volta filtrato sembra eessere tallio cloruro(colere grigiastro); quindi riconservato le acque madri per vedere se avverrà qualche cristallizzazione. Dopo aver aggiunto etere dietilico alle acque madri si è formato un precipitato che ho filtrato e poi caratterizzato",2,locked_external_positive,EXTERNAL_TEST,1.0,0.875,0.96875,0.8,0.5222329678670935,0.8288215935734187,A,True,ru|organometallica - pirazoli|chloride|ch2cl2|nessuno|120|24|0.5,,curated_project_dataset
POS-0566,356,Ph2BpPhTl,Organometallica,Rh,[Rh(C5Me5)Cl2]2,CH2Cl2,Nessuno,120,24.0,0.12,0.25,0.48,,0.0,chloride,2.0,Dopo 30 minuti di reazione si è formato un precipitato grigio-bianco( probabilmente TlCl); ho filtrato in modo tale che rimasesse tutto sul filtro e poi le acque madri le ho portate a secco a temperatura ambiente in una notte. Una volta portate a secco ho aggiungo 5-10 ml di MeOH e filtrato. Il filtrato caratterizzzato e le acque madri invece trattate con dietiletere(10 ml circa) e rifiltrate un altra volte. Il precipitato ulteriormente caratterizzzato.,2,locked_external_positive,EXTERNAL_TEST,1.0,0.875,0.96875,0.8,1.0,0.924375,A,True,rh|organometallica|chloride|ch2cl2|nessuno|120|24|0.5,,curated_project_dataset
POS-0567,357,HB(BPzPh)3Tl,Organometallica - pirazoli,Rh,[Rh(C5Me5)Cl2]2,CH2Cl2,Nessuno,120,24.0,0.12,0.25,0.48,,0.0,chloride,2.0,Dopo 30 minuti di reazione si è formato un precipitato grigio-bianco( probabilmente TlCl); ho filtrato in modo tale che rimasesse tutto sul filtro e poi le acque madri le ho portate a secco a temperatura ambiente in una notte. Una volta portate a secco ho aggiungo 5-10 ml di MeOH e filtrato. Il filtrato caratterizzzato e le acque madri invece trattate con dietiletere(10 ml circa) e rifiltrate un altra volte. Il precipitato ulteriormente caratterizzzato.,2,locked_external_positive,EXTERNAL_TEST,1.0,0.875,0.96875,0.8,1.0,0.924375,A,True,rh|organometallica - pirazoli|chloride|ch2cl2|nessuno|120|24|0.5,,curated_project_dataset
POS-0568,358,Ph2BpPhTl,Organometallica,Non specificato,C20H30Cl4Ir2,CH2Cl2,Nessuno,120,24.0,0.12,0.25,0.48,,0.0,chloride,4.0,Dopo 30 minuti di reazione si è formato un precipitato grigio-bianco( probabilmente TlCl); ho filtrato in modo tale che rimasesse tutto sul filtro e poi le acque madri le ho portate a secco a temperatura ambiente in una notte. Una volta portate a secco ho aggiungo 5-10 ml di MeOH e filtrato. Il filtrato caratterizzzato e le acque madri invece trattate con dietiletere(10 ml circa) e rifiltrate un altra volte. Il precipitato ulteriormente caratterizzzato.,2,locked_external_positive,EXTERNAL_TEST,1.0,0.875,0.96875,0.8,1.0,0.924375,A,True,non specificato|organometallica|chloride|ch2cl2|nessuno|120|24|0.5,,curated_project_dataset
POS-0569,359,HB(BPzPh)3Tl,Organometallica - pirazoli,Non specificato,C20H30Cl4Ir2,CH2Cl2,Nessuno,120,24.0,0.12,0.25,0.48,,0.0,chloride,4.0,Dopo 30 minuti di reazione si è formato un precipitato grigio-bianco( probabilmente TlCl); ho filtrato in modo tale che rimasesse tutto sul filtro e poi le acque madri le ho portate a secco a temperatura ambiente in una notte. Una volta portate a secco ho aggiungo 5-10 ml di MeOH e filtrato. Il filtrato caratterizzzato e le acque madri invece trattate con dietiletere(10 ml circa) e rifiltrate un altra volte. Il precipitato ulteriormente caratterizzzato.,2,locked_external_positive,EXTERNAL_TEST,1.0,0.875,0.96875,0.8,1.0,0.924375,A,True,non specificato|organometallica - pirazoli|chloride|ch2cl2|nessuno|120|24|0.5,,curated_project_dataset
POS-0570,361,HB(BPzPh)3Tl,Organometallica - pirazoli,Ru,[Ru(p-cymene)Cl2]2,CH2Cl2,Nessuno,120,3.0,0.1,0.05,2.0,,0.0,chloride,2.0,"Pesato il dimero di rutenio, l'ho messo in un pallone a due colli da 10 ml, iniziato ad insufflare argon per lavorare in ambiente inerte. Una volta solubilizzato il sale metallico ho aggiunto il legante, notando subito la formazione del cloruro di tallio(sospenzione bianca). Lasciata a temperatura ambiente sotto intenso stirring per 3 ore. Lasciato evaporare completamente il solvente, formazione di piccoli cristalli.",2,locked_external_positive,EXTERNAL_TEST,1.0,0.875,0.96875,0.8,0.5222329678670935,0.8288215935734187,A,True,ru|organometallica - pirazoli|chloride|ch2cl2|nessuno|120|0|2.0,,curated_project_dataset
POS-0571,370,Me4BPz,Organometallica - pirazoli,Ru,[Ru(p-cymene)Cl2]2,MeOH,Nessuno,120,4.0,0.16,0.16,1.0,,0.0,chloride,2.0,"Dopo 4 ore ancora nessuna cristallizzazione, quindi scaldato a 50 gradi per far evaporare un po di solvente e poi messo in frido appena raffreddato.",2,locked_external_positive,EXTERNAL_TEST,1.0,0.875,0.96875,0.8,0.26111648393354675,0.7765982967867093,B,True,ru|organometallica - pirazoli|chloride|meoh|nessuno|120|6|1.0,,curated_project_dataset
POS-0572,373,Me4BPz,Organometallica - pirazoli,Ru,[Ru(p-cymene)Cl2]2,MeOH,Nessuno,120,4.0,0.3,0.3,1.0,,0.0,chloride,2.0,"Dopo 4 ore ancora nessuna cristallizzazione, quindi scaldato a 50 gradi per far evaporare un po di solvente e poi messo in frido appena raffreddato.",2,locked_external_positive,EXTERNAL_TEST,1.0,0.875,0.96875,0.8,0.26111648393354675,0.7765982967867093,B,True,ru|organometallica - pirazoli|chloride|meoh|nessuno|120|6|1.0,,curated_project_dataset
POS-0573,375,Me4BPz,Organometallica - pirazoli,Ru,[Ru(p-cymene)Cl2]2,MeOH,Nessuno,120,24.0,0.4,0.4,1.0,,0.0,chloride,2.0,"Sciolto il sale di rutenio in metanolo 20 ml, una volta completamente sciolto ho aggiunto il legante. Lasciato reagire tutta la notte e poi lasciato evaporare il solvente in aria. Mandato HNMR del composto cristallizzato dopo completa evaporazione del solvente.",2,locked_external_positive,EXTERNAL_TEST,1.0,0.875,0.96875,0.8,0.5222329678670935,0.8288215935734187,A,True,ru|organometallica - pirazoli|chloride|meoh|nessuno|120|24|1.0,,curated_project_dataset
POS-0574,376,Me4BPz,Organometallica - pirazoli,Ir,[Ir(C₅Me₅)Cl₂]₂,MeOH,Nessuno,120,4.0,0.1,0.1,1.0,,0.0,chloride,,"Sciogli il dimero [Ir(C₅Me₅)Cl₂]₂ in MeOH anidro sotto N₂ in un pallone secco. In una vial separata sciogli il ligante bipirazolico in MeOH . Aggiungi lentamente questa soluzione al pallone con l'Iridio mantenendo agitazione e atmosfera inerte. Lascia quindi agitare la miscela a temperatura ambiente per alcune ore prima di analizzarla all’NMR per verificare la formazione del complesso. Ho notato un cambio di colore della soluzione, èè passata da rossastra(colore dell'iridio) a gialla, completamente limpida. Lascio evaporare il solvente.",2,locked_external_positive,EXTERNAL_TEST,1.0,0.75,0.9375,0.8,1.0,0.90875,A,True,ir|organometallica - pirazoli|chloride|meoh|nessuno|120|6|1.0,,curated_project_dataset
POS-0575,377,Me4BPz,Organometallica - pirazoli,Rh,[Rh(C5Me5)Cl2]2,MeOH,Nessuno,120,4.0,0.1,0.1,1.0,,0.0,chloride,2.0,"Sciogli il dimero [Rh(C5Me5)Cl2]2 in MeOH anidro sotto N₂ in un pallone secco. In una vial separata sciogli il ligante bipirazolico in MeOH . Aggiungi lentamente questa soluzione al pallone con il rodio mantenendo agitazione e atmosfera inerte. Lascia quindi agitare la miscela a temperatura ambiente per alcune ore prima di analizzarla all’NMR per verificare la formazione del complesso. Ho notato un cambio di colore della soluzione, èè passata da rossastra(colore dell'iridio) a gialla, completamente limpida. Lascio evaporare il solvente.",2,locked_external_positive,EXTERNAL_TEST,1.0,0.875,0.96875,0.8,1.0,0.924375,A,True,rh|organometallica - pirazoli|chloride|meoh|nessuno|120|6|1.0,,curated_project_dataset
POS-0576,402,"1,3,5-Benzenetricarboxylic acid (H3BTC)",Non specificata,Cu,Cu(NO3)2·3H2O,DMF/H2O/EtOH,Nessuno,110,18.0,2.8,5.0,0.56,,3.0,nitrate,2.0,Solvothermal,2,locked_external_positive,EXTERNAL_TEST,1.0,0.875,0.96875,0.8,0.3162277660168379,0.7876205532033675,A,True,cu|non specificata|nitrate|dmf/h2o/etoh|nessuno|110|18|0.5,,curated_project_dataset
POS-0577,404,2-Aminoterephthalic acid,Non specificata,Zr,ZrCl4,DMF/HCl,Nessuno,120,24.0,1.5,1.5,1.0,,0.0,chloride,4.0,Solvothermal,2,locked_external_positive,EXTERNAL_TEST,1.0,0.875,0.96875,0.8,0.15,0.754375,B,True,zr|non specificata|chloride|dmf/hcl|nessuno|120|24|1.0,,curated_project_dataset
POS-0578,414,"1,3,5-Benzenetricarboxylic acid (H3BTC)",Non specificata,Fe,Fe metal,H2O/HNO3/HF,Nessuno,150,12.0,6.7,10.0,0.67,,0.0,other,,Hydrothermal,2,locked_external_positive,EXTERNAL_TEST,1.0,0.75,0.9375,0.8,0.2886751345948128,0.7664850269189626,B,True,fe|non specificata|other|h2o/hno3/hf|nessuno|150|12|0.75,,curated_project_dataset
POS-0579,415,"1,3,5-Benzenetricarboxylic acid (H3BTC)",Non specificata,Cr,CrO3,H2O/HF,Nessuno,220,96.0,6.7,10.0,0.67,,0.0,other,,Hydrothermal,2,locked_external_positive,EXTERNAL_TEST,1.0,0.75,0.9375,0.8,0.8660254037844385,0.8819550807568877,A,True,cr|non specificata|other|h2o/hf|nessuno|220|96|0.75,,curated_project_dataset
POS-0580,427,"Isophthalic acid (1,3-BDC)",Non specificata,Al,Al(ClO4)3·6H2O,DMF/H2O,Nessuno,130,12.0,2.0,2.0,1.0,,6.0,perchlorate,,Hydrothermal,2,locked_external_positive,EXTERNAL_TEST,1.0,0.75,0.9375,0.8,0.28474739872574967,0.76569947974515,B,True,al|non specificata|perchlorate|dmf/h2o|nessuno|130|12|1.0,,curated_project_dataset
POS-0581,428,2-Aminoterephthalic acid,Non specificata,Al,Al(ClO4)3·6H2O,MeOH,Nessuno,125,5.0,1.0,3.0,0.3333,,6.0,perchlorate,,Solvothermal,2,locked_external_positive,EXTERNAL_TEST,1.0,0.75,0.9375,0.8,0.28474739872574967,0.76569947974515,B,True,al|non specificata|perchlorate|meoh|nessuno|120|6|0.25,,curated_project_dataset
POS-0582,431,"Biphenyl-3,3',5,5'-tetracarboxylic acid",Non specificata,Cu,Cu(NO3)2·2.5H2O,DMF/MeOH,Nessuno,75,24.0,0.3,1.2,0.25,,2.5,nitrate,2.0,Solvothermal,2,locked_external_positive,EXTERNAL_TEST,1.0,0.875,0.96875,0.8,0.3162277660168379,0.7876205532033675,A,True,cu|non specificata|nitrate|dmf/meoh|nessuno|80|24|0.25,,curated_project_dataset
POS-0583,432,"Biphenyl-3,3',5,5'-tetracarboxylic acid",Non specificata,Al,Al(NO3)3·9H2O,H2O,Nessuno,210,72.0,0.38,1.5,0.2533,,9.0,nitrate,3.0,Hydrothermal,2,locked_external_positive,EXTERNAL_TEST,1.0,0.875,0.96875,0.8,0.28474739872574967,0.78132447974515,A,True,al|non specificata|nitrate|h2o|nessuno|210|72|0.25,,curated_project_dataset
POS-0584,433,"Biphenyl-3,3',5,5'-tetracarboxylic acid",Non specificata,In,In(NO3)3·xH2O,DMF/H2O/MeOH,Nessuno,120,24.0,0.25,1.0,0.25,,1.0,nitrate,3.0,Solvothermal,2,locked_external_positive,EXTERNAL_TEST,1.0,0.875,0.96875,0.8,1.0,0.924375,A,True,in|non specificata|nitrate|dmf/h2o/meoh|nessuno|120|24|0.25,,curated_project_dataset
POS-0585,434,"Biphenyl-3,3',5,5'-tetracarboxylic acid",Non specificata,Cu,Cu(NO3)2·2.5H2O,DMF/H2O/Dioxane,Nessuno,85,24.0,0.35,1.5,0.2333,,2.5,nitrate,2.0,Solvothermal,2,locked_external_positive,EXTERNAL_TEST,1.0,0.875,0.96875,0.8,0.3162277660168379,0.7876205532033675,A,True,cu|non specificata|nitrate|dmf/h2o/dioxane|nessuno|80|24|0.25,,curated_project_dataset
POS-0586,453,2-Aminoterephthalic acid,Non specificata,Ti,Ti(OiPr)4,DMF/MeOH,Nessuno,150,15.0,12.0,6.0,2.0,,0.0,other,,Solvothermal,2,locked_external_positive,EXTERNAL_TEST,1.0,0.75,0.9375,0.8,1.0,0.90875,A,True,ti|non specificata|other|dmf/meoh|nessuno|150|12|2.0,,curated_project_dataset
POS-0587,454,"1,3,5-Benzenetricarboxylic acid (H3BTC)",Non specificata,Al,Al(NO3)3·9H2O,H2O,Nessuno,210,24.0,2.5,5.0,0.5,,9.0,nitrate,3.0,Hydrothermal,2,locked_external_positive,EXTERNAL_TEST,1.0,0.875,0.96875,0.8,0.28474739872574967,0.78132447974515,A,True,al|non specificata|nitrate|h2o|nessuno|210|24|0.5,,curated_project_dataset
POS-0588,455,"1,3,5-Benzenetricarboxylic acid (H3BTC)",Non specificata,Al,Al(NO3)3·9H2O,H2O/HNO3,Nessuno,210,72.0,2.0,4.0,0.5,,9.0,nitrate,3.0,Hydrothermal,2,locked_external_positive,EXTERNAL_TEST,1.0,0.875,0.96875,0.8,0.28474739872574967,0.78132447974515,A,True,al|non specificata|nitrate|h2o/hno3|nessuno|210|72|0.5,,curated_project_dataset
POS-0589,463,"1,3,5-Benzenetricarboxylic acid (H3BTC)",Non specificata,Zr,ZrOCl2·8H2O,DMF/Formic acid,Nessuno,100,24.0,0.27,0.8,0.3375,,8.0,chloride,2.0,Solvothermal,2,locked_external_positive,EXTERNAL_TEST,1.0,0.875,0.96875,0.8,0.23354968324845687,0.7710849366496914,B,True,zr|non specificata|chloride|dmf/formic acid|nessuno|100|24|0.25,,curated_project_dataset
POS-0590,467,"4,4',4''-Benzene-1,3,5-triyl-tris-benzoic acid",Non specificata,Cu,Cu(NO3)2·2.5H2O,DMF,Nessuno,80,48.0,0.25,0.8,0.3125,,2.5,nitrate,2.0,Solvothermal,2,locked_external_positive,EXTERNAL_TEST,1.0,0.875,0.96875,0.8,0.2236067977499789,0.7690963595499958,B,True,cu|non specificata|nitrate|dmf|nessuno|80|48|0.25,,curated_project_dataset
POS-0591,469,"1,3,5-Benzenetricarboxylic acid (H3BTC)",Non specificata,Fe,Fe(NO3)3·9H2O,H2O,Nessuno,80,4.0,6.7,10.0,0.67,,9.0,nitrate,3.0,Precipitation,2,locked_external_positive,EXTERNAL_TEST,1.0,0.875,0.96875,0.8,0.2886751345948128,0.7821100269189626,A,True,fe|non specificata|nitrate|h2o|nessuno|80|6|0.75,,curated_project_dataset
POS-0592,472,Imidazole,Non specificata,Zn,Zn(NO3)2·6H2O,DMF,Nessuno,130,48.0,4.0,1.0,4.0,,6.0,nitrate,2.0,Solvothermal,2,locked_external_positive,EXTERNAL_TEST,1.0,0.875,0.96875,0.8,0.16012815380508713,0.7564006307610174,B,True,zn|non specificata|nitrate|dmf|nessuno|130|48|4.0,,curated_project_dataset
POS-0593,476,Adenine,Non specificata,Co,Co(NO3)2·6H2O,DMF,Nessuno,120,24.0,1.0,1.0,1.0,,6.0,nitrate,2.0,Solvothermal,2,locked_external_positive,EXTERNAL_TEST,1.0,0.875,0.96875,0.8,0.3162277660168379,0.7876205532033675,A,True,co|non specificata|nitrate|dmf|nessuno|120|24|1.0,,curated_project_dataset
POS-0594,478,Citric acid (1.0) / Diamondoid linker (1.0),Non specificata,Co,Co(NO3)2·6H2O,H2O/EtOH,Nessuno,120,24.0,2.0,2.0,1.0,,6.0,nitrate,2.0,Hydrothermal,2,locked_external_positive,EXTERNAL_TEST,1.0,0.875,0.96875,0.8,0.3162277660168379,0.7876205532033675,A,True,co|non specificata|nitrate|h2o/etoh|nessuno|120|24|1.0,,curated_project_dataset
POS-0595,493,TATB,Non specificata,Zr,ZrCl4,DMF/TFA,Nessuno,120,24.0,0.1,0.4,0.25,,0.0,chloride,4.0,Solvothermal,2,locked_external_positive,EXTERNAL_TEST,1.0,0.875,0.96875,0.8,0.16514456476895406,0.7574039129537908,B,True,zr|non specificata|chloride|dmf/tfa|nessuno|120|24|0.25,,curated_project_dataset
POS-0596,495,4-Aminobenzoic acid,Non specificata,Ti,Ti(OiPr)4,DMF,Nessuno,120,24.0,4.0,2.0,2.0,,0.0,other,,Solvothermal,2,locked_external_positive,EXTERNAL_TEST,1.0,0.75,0.9375,0.8,1.0,0.90875,A,True,ti|non specificata|other|dmf|nessuno|120|24|2.0,,curated_project_dataset
POS-0597,496,2-Aminoterephthalic acid,Non specificata,Al,AlCl3·6H2O,DMF,Nessuno,130,72.0,1.5,3.0,0.5,,6.0,chloride,3.0,Solvothermal,2,locked_external_positive,EXTERNAL_TEST,1.0,0.875,0.96875,0.8,0.28474739872574967,0.78132447974515,A,True,al|non specificata|chloride|dmf|nessuno|130|72|0.5,,curated_project_dataset
POS-0598,497,2-Aminoterephthalic acid,Non specificata,Cr,Cr(NO3)3·9H2O,H2O/NaOH,Nessuno,150,12.0,4.0,4.0,1.0,,9.0,nitrate,3.0,Hydrothermal,2,locked_external_positive,EXTERNAL_TEST,1.0,0.875,0.96875,0.8,0.8660254037844385,0.8975800807568877,A,True,cr|non specificata|nitrate|h2o/naoh|nessuno|150|12|1.0,,curated_project_dataset
POS-0599,498,2-Aminoterephthalic acid,Non specificata,Fe,FeCl3·6H2O,DMF,Nessuno,110,24.0,1.5,3.0,0.5,,6.0,chloride,3.0,Solvothermal,2,locked_external_positive,EXTERNAL_TEST,1.0,0.875,0.96875,0.8,0.2886751345948128,0.7821100269189626,A,True,fe|non specificata|chloride|dmf|nessuno|110|24|0.5,,curated_project_dataset
POS-0600,499,"1,3,5-Benzenetricarboxylic acid (H3BTC)",Non specificata,Zn,Zn(NO3)2·6H2O,DMF/EtOH,Nessuno,85,24.0,2.0,3.0,0.6667,,6.0,nitrate,2.0,Solvothermal,2,locked_external_positive,EXTERNAL_TEST,1.0,0.875,0.96875,0.8,0.2773500981126145,0.7798450196225228,B,True,zn|non specificata|nitrate|dmf/etoh|nessuno|80|24|0.75,,curated_project_dataset
POS-0601,506,2-Aminoterephthalic acid,Non specificata,Hf,HfCl4,DMF/HCl,HCl,120,24.0,1.0,1.0,1.0,,0.0,chloride,4.0,Solvothermal,2,locked_external_positive,EXTERNAL_TEST,1.0,0.875,0.96875,0.8,0.5773502691896256,0.8398450538379252,A,True,hf|non specificata|chloride|dmf/hcl|hcl|120|24|1.0,,curated_project_dataset
POS-0602,517,"1,3,5-Benzenetricarboxylic acid (H3BTC)",Non specificata,Hf,HfCl4,DMF/Formic acid,Acido formico,100,24.0,0.27,0.8,0.3375,,0.0,chloride,4.0,Solvothermal,2,locked_external_positive,EXTERNAL_TEST,1.0,0.875,0.96875,0.8,0.5773502691896256,0.8398450538379252,A,True,hf|non specificata|chloride|dmf/formic acid|acido formico|100|24|0.25,,curated_project_dataset
POS-0603,523,2-Aminoterephthalic acid,Non specificata,Ni,Ni(NO3)2·6H2O,DMF,HNO3,85,36.0,1.0,1.5,0.6667,,6.0,nitrate,2.0,Microwave,2,locked_external_positive,EXTERNAL_TEST,1.0,0.875,0.96875,0.8,0.3396831102433787,0.7923116220486758,A,True,ni|non specificata|nitrate|dmf|hno3|80|36|0.75,,curated_project_dataset
POS-0604,533,Tetrakis(4-carboxyphenyl)porphyrin (TCPP),Non specificata,Zn,Zn(NO3)2·6H2O,MeCN,Acido benzoico,100,36.0,2.0,2.0,1.0,,6.0,nitrate,2.0,Precipitation,2,locked_external_positive,EXTERNAL_TEST,1.0,0.875,0.96875,0.8,0.2773500981126145,0.7798450196225228,B,True,zn|non specificata|nitrate|mecn|acido benzoico|100|36|1.0,,curated_project_dataset
POS-0605,538,"1,3,5-Benzenetricarboxylic acid (H3BTC)",Non specificata,Co,Co(OAc)2·4H2O,H2O,Trietilammina (TEA),180,36.0,0.25,2.0,0.125,,4.0,acetate,2.0,Hydrothermal,2,locked_external_positive,EXTERNAL_TEST,1.0,0.875,0.96875,0.8,0.3162277660168379,0.7876205532033675,A,True,co|non specificata|acetate|h2o|trietilammina (tea)|180|36|0.0,,curated_project_dataset
POS-0606,541,2-Aminoterephthalic acid,Non specificata,Fe,FeCl3·6H2O,DMA,Nessuno,200,2.0,4.0,0.5,8.0,,6.0,chloride,3.0,Microwave,2,locked_external_positive,EXTERNAL_TEST,1.0,0.875,0.96875,0.8,0.2886751345948128,0.7821100269189626,A,True,fe|non specificata|chloride|dma|nessuno|200|0|8.0,,curated_project_dataset
POS-0607,551,Tetrakis(4-carboxyphenyl)porphyrin (TCPP),Non specificata,Cu,Cu(NO3)2·2.5H2O,DMF/H2O,HNO3,85,36.0,1.5,0.5,3.0,,2.5,nitrate,2.0,Precipitation,2,locked_external_positive,EXTERNAL_TEST,1.0,0.875,0.96875,0.8,0.3162277660168379,0.7876205532033675,A,True,cu|non specificata|nitrate|dmf/h2o|hno3|80|36|3.0,,curated_project_dataset
POS-0608,556,"1,3,5-Benzenetricarboxylic acid (H3BTC)",Non specificata,Ni,Ni(OAc)2·4H2O,DMF,Acido benzoico,100,36.0,0.25,2.0,0.125,,4.0,acetate,2.0,Hydrothermal,2,locked_external_positive,EXTERNAL_TEST,1.0,0.875,0.96875,0.8,0.3396831102433787,0.7923116220486758,A,True,ni|non specificata|acetate|dmf|acido benzoico|100|36|0.0,,curated_project_dataset
POS-0609,559,2-Aminoterephthalic acid,Non specificata,Al,Al(NO3)3·9H2O,EtOH,Nessuno,85,36.0,1.0,3.0,0.3333,,9.0,nitrate,3.0,Microwave,2,locked_external_positive,EXTERNAL_TEST,1.0,0.875,0.96875,0.8,0.28474739872574967,0.78132447974515,A,True,al|non specificata|nitrate|etoh|nessuno|80|36|0.25,,curated_project_dataset
POS-0610,569,Tetrakis(4-carboxyphenyl)porphyrin (TCPP),Non specificata,Co,Co(NO3)2·6H2O,MeOH,HNO3,180,2.0,3.0,4.0,0.75,,6.0,nitrate,2.0,Precipitation,2,locked_external_positive,EXTERNAL_TEST,1.0,0.875,0.96875,0.8,0.3162277660168379,0.7876205532033675,A,True,co|non specificata|nitrate|meoh|hno3|180|0|0.75,,curated_project_dataset
POS-0611,574,"1,3,5-Benzenetricarboxylic acid (H3BTC)",Non specificata,Fe,Fe(NO3)3·9H2O,DMA,Acido benzoico,150,12.0,0.25,0.5,0.5,,9.0,nitrate,3.0,Hydrothermal,2,locked_external_positive,EXTERNAL_TEST,1.0,0.875,0.96875,0.8,0.2886751345948128,0.7821100269189626,A,True,fe|non specificata|nitrate|dma|acido benzoico|150|12|0.5,,curated_project_dataset
POS-0612,577,2-Aminoterephthalic acid,Non specificata,Zr,ZrCl4,MeCN,Nessuno,85,36.0,0.5,2.0,0.25,,0.0,chloride,4.0,Microwave,2,locked_external_positive,EXTERNAL_TEST,1.0,0.875,0.96875,0.8,0.23354968324845687,0.7710849366496914,B,True,zr|non specificata|chloride|mecn|nessuno|80|36|0.25,,curated_project_dataset
POS-0613,587,Tetrakis(4-carboxyphenyl)porphyrin (TCPP),Non specificata,Ni,Ni(NO3)2·6H2O,H2O/MeOH,Acido formico,120,12.0,4.0,5.0,0.8,,6.0,nitrate,2.0,Precipitation,2,locked_external_positive,EXTERNAL_TEST,1.0,0.875,0.96875,0.8,0.3396831102433787,0.7923116220486758,A,True,ni|non specificata|nitrate|h2o/meoh|acido formico|120|12|0.75,,curated_project_dataset
POS-0614,592,"1,3,5-Benzenetricarboxylic acid (H3BTC)",Non specificata,Al,AlCl3·6H2O,EtOH,Acido formico,60,18.0,2.0,2.0,1.0,,6.0,chloride,3.0,Hydrothermal,2,locked_external_positive,EXTERNAL_TEST,1.0,0.875,0.96875,0.8,0.28474739872574967,0.78132447974515,A,True,al|non specificata|chloride|etoh|acido formico|60|18|1.0,,curated_project_dataset
POS-0615,595,2-Aminoterephthalic acid,Non specificata,Mg,Mg(NO3)2·6H2O,DMF/H2O,Nessuno,200,18.0,2.0,5.0,0.4,,6.0,nitrate,2.0,Microwave,2,locked_external_positive,EXTERNAL_TEST,1.0,0.875,0.96875,0.8,0.48038446141526137,0.8204518922830523,A,True,mg|non specificata|nitrate|dmf/h2o|nessuno|200|18|0.5,,curated_project_dataset
POS-0616,605,Tetrakis(4-carboxyphenyl)porphyrin (TCPP),Non specificata,Fe,FeCl3·6H2O,DMF/H2O/EtOH,Trietilammina (TEA),60,48.0,3.0,5.0,0.6,,6.0,chloride,3.0,Precipitation,2,locked_external_positive,EXTERNAL_TEST,1.0,0.875,0.96875,0.8,0.2886751345948128,0.7821100269189626,A,True,fe|non specificata|chloride|dmf/h2o/etoh|trietilammina (tea)|60|48|0.5,,curated_project_dataset
POS-0617,610,"1,3,5-Benzenetricarboxylic acid (H3BTC)",Non specificata,Zr,ZrOCl2·8H2O,MeCN,HNO3,130,24.0,1.5,1.5,1.0,,8.0,chloride,2.0,Hydrothermal,2,locked_external_positive,EXTERNAL_TEST,1.0,0.875,0.96875,0.8,0.23354968324845687,0.7710849366496914,B,True,zr|non specificata|chloride|mecn|hno3|130|24|1.0,,curated_project_dataset
POS-0618,613,2-Aminoterephthalic acid,Non specificata,Zn,Zn(NO3)2·6H2O,MeOH,HNO3,100,6.0,1.5,4.0,0.375,,6.0,nitrate,2.0,Microwave,2,locked_external_positive,EXTERNAL_TEST,1.0,0.875,0.96875,0.8,0.2773500981126145,0.7798450196225228,B,True,zn|non specificata|nitrate|meoh|hno3|100|6|0.5,,curated_project_dataset
POS-0619,623,Tetrakis(4-carboxyphenyl)porphyrin (TCPP),Non specificata,Al,Al(NO3)3·9H2O,DEF,Acido acetico,100,18.0,0.5,2.0,0.25,,9.0,nitrate,3.0,Precipitation,2,locked_external_positive,EXTERNAL_TEST,1.0,0.875,0.96875,0.8,0.28474739872574967,0.78132447974515,A,True,al|non specificata|nitrate|def|acido acetico|100|18|0.25,,curated_project_dataset
POS-0620,628,"1,3,5-Benzenetricarboxylic acid (H3BTC)",Non specificata,Mn,Mn(OAc)2·4H2O,DMF/H2O,Acido acetico,100,48.0,4.0,5.0,0.8,,4.0,acetate,2.0,Hydrothermal,2,locked_external_positive,EXTERNAL_TEST,1.0,0.875,0.96875,0.8,0.5,0.824375,A,True,mn|non specificata|acetate|dmf/h2o|acido acetico|100|48|0.75,,curated_project_dataset
POS-0621,631,2-Aminoterephthalic acid,Non specificata,Cu,Cu(NO3)2·2.5H2O,H2O/MeOH,Nessuno,85,18.0,1.0,2.0,0.5,,2.5,nitrate,2.0,Microwave,2,locked_external_positive,EXTERNAL_TEST,1.0,0.875,0.96875,0.8,0.3162277660168379,0.7876205532033675,A,True,cu|non specificata|nitrate|h2o/meoh|nessuno|80|18|0.5,,curated_project_dataset
POS-0622,641,Tetrakis(4-carboxyphenyl)porphyrin (TCPP),Non specificata,Zr,ZrCl4,H2O/THF,Acido benzoico,120,2.0,2.0,4.0,0.5,,0.0,chloride,4.0,Precipitation,2,locked_external_positive,EXTERNAL_TEST,1.0,0.875,0.96875,0.8,0.23354968324845687,0.7710849366496914,B,True,zr|non specificata|chloride|h2o/thf|acido benzoico|120|0|0.5,,curated_project_dataset
POS-0623,646,"1,3,5-Benzenetricarboxylic acid (H3BTC)",Non specificata,Zn,Zn(OAc)2·2H2O,MeOH,HNO3,100,6.0,4.0,1.0,4.0,,2.0,acetate,2.0,Hydrothermal,2,locked_external_positive,EXTERNAL_TEST,1.0,0.875,0.96875,0.8,0.2773500981126145,0.7798450196225228,B,True,zn|non specificata|acetate|meoh|hno3|100|6|4.0,,curated_project_dataset
POS-0624,649,2-Aminoterephthalic acid,Non specificata,Co,Co(NO3)2·6H2O,DMF/H2O/EtOH,Acido acetico,200,36.0,2.0,2.5,0.8,,6.0,nitrate,2.0,Microwave,2,locked_external_positive,EXTERNAL_TEST,1.0,0.875,0.96875,0.8,0.3162277660168379,0.7876205532033675,A,True,co|non specificata|nitrate|dmf/h2o/etoh|acido acetico|200|36|0.75,,curated_project_dataset
POS-0625,659,Tetrakis(4-carboxyphenyl)porphyrin (TCPP),Non specificata,Mg,Mg(NO3)2·6H2O,H2O,HNO3,85,36.0,1.0,3.0,0.3333,,6.0,nitrate,2.0,Precipitation,2,locked_external_positive,EXTERNAL_TEST,1.0,0.875,0.96875,0.8,0.48038446141526137,0.8204518922830523,A,True,mg|non specificata|nitrate|h2o|hno3|80|36|0.25,,curated_project_dataset
POS-0626,664,"1,3,5-Benzenetricarboxylic acid (H3BTC)",Non specificata,Cu,Cu(OAc)2·H2O,H2O/MeOH,HNO3,120,24.0,1.5,1.0,1.5,,1.0,acetate,2.0,Hydrothermal,2,locked_external_positive,EXTERNAL_TEST,1.0,0.875,0.96875,0.8,0.3162277660168379,0.7876205532033675,A,True,cu|non specificata|acetate|h2o/meoh|hno3|120|24|1.5,,curated_project_dataset
POS-0627,667,2-Aminoterephthalic acid,Non specificata,Ni,Ni(NO3)2·6H2O,DEF,Nessuno,100,72.0,4.0,1.0,4.0,,6.0,nitrate,2.0,Microwave,2,locked_external_positive,EXTERNAL_TEST,1.0,0.875,0.96875,0.8,0.3396831102433787,0.7923116220486758,A,True,ni|non specificata|nitrate|def|nessuno|100|72|4.0,,curated_project_dataset
POS-0628,677,Tetrakis(4-carboxyphenyl)porphyrin (TCPP),Non specificata,Zn,Zn(NO3)2·6H2O,DMF,Trietilammina (TEA),120,36.0,0.25,5.0,0.05,,6.0,nitrate,2.0,Precipitation,2,locked_external_positive,EXTERNAL_TEST,1.0,0.875,0.96875,0.8,0.2773500981126145,0.7798450196225228,B,True,zn|non specificata|nitrate|dmf|trietilammina (tea)|120|36|0.0,,curated_project_dataset
POS-0629,682,"1,3,5-Benzenetricarboxylic acid (H3BTC)",Non specificata,Co,Co(OAc)2·4H2O,DMF/H2O/EtOH,Trietilammina (TEA),60,18.0,2.0,4.0,0.5,,4.0,acetate,2.0,Hydrothermal,2,locked_external_positive,EXTERNAL_TEST,1.0,0.875,0.96875,0.8,0.3162277660168379,0.7876205532033675,A,True,co|non specificata|acetate|dmf/h2o/etoh|trietilammina (tea)|60|18|0.5,,curated_project_dataset
POS-0630,685,2-Aminoterephthalic acid,Non specificata,Fe,FeCl3·6H2O,H2O/THF,Trietilammina (TEA),60,18.0,0.25,3.0,0.0833,,6.0,chloride,3.0,Microwave,2,locked_external_positive,EXTERNAL_TEST,1.0,0.875,0.96875,0.8,0.2886751345948128,0.7821100269189626,A,True,fe|non specificata|chloride|h2o/thf|trietilammina (tea)|60|18|0.0,,curated_project_dataset
POS-0631,695,Tetrakis(4-carboxyphenyl)porphyrin (TCPP),Non specificata,Cu,Cu(NO3)2·2.5H2O,DMA,Trietilammina (TEA),85,4.0,0.25,2.0,0.125,,2.5,nitrate,2.0,Precipitation,2,locked_external_positive,EXTERNAL_TEST,1.0,0.875,0.96875,0.8,0.3162277660168379,0.7876205532033675,A,True,cu|non specificata|nitrate|dma|trietilammina (tea)|80|6|0.0,,curated_project_dataset
POS-0632,700,"1,3,5-Benzenetricarboxylic acid (H3BTC)",Non specificata,Ni,Ni(OAc)2·4H2O,DEF,Acido formico,120,4.0,3.0,2.5,1.2,,4.0,acetate,2.0,Hydrothermal,2,locked_external_positive,EXTERNAL_TEST,1.0,0.875,0.96875,0.8,0.3396831102433787,0.7923116220486758,A,True,ni|non specificata|acetate|def|acido formico|120|6|1.25,,curated_project_dataset
POS-0633,706,"1,3,5-Benzenetricarboxylic acid (H3BTC)",Carbossilati aromatici,Co,Co(NO3)2·6H2O,H2O/EtOH,Nessuno,180,72.0,0.05,0.062,0.8,,6.0,nitrate,2.0,Hydrothermal,2,locked_external_positive,EXTERNAL_TEST,1.0,0.875,0.96875,0.8,0.4200840252084029,0.8083918050416805,A,True,co|carbossilati aromatici|nitrate|h2o/etoh|nessuno|180|72|0.75,,curated_project_dataset
POS-0634,715,2-Aminoterephthalic acid,Carbossilati aromatici,Zr,ZrCl4,MeOH,Nessuno,150,48.0,0.5,1.0,0.5,,0.0,chloride,4.0,Sonochemical,2,locked_external_positive,EXTERNAL_TEST,1.0,0.875,0.96875,0.8,0.408248290463863,0.8060246580927726,A,True,zr|carbossilati aromatici|chloride|meoh|nessuno|150|48|0.5,,curated_project_dataset
POS-0635,720,2-Aminoterephthalic acid,Carbossilati aromatici,Ni,Ni(OAc)2·4H2O,DMF/H2O/EtOH,Nessuno,120,48.0,0.5,0.625,0.8,,4.0,acetate,2.0,Microwave,2,locked_external_positive,EXTERNAL_TEST,1.0,0.875,0.96875,0.8,0.5,0.824375,A,True,ni|carbossilati aromatici|acetate|dmf/h2o/etoh|nessuno|120|48|0.75,,curated_project_dataset
POS-0636,730,"1,3,5-Benzenetricarboxylic acid (H3BTC)",Carbossilati aromatici,Cu,Cu(OAc)2·H2O,DMF/H2O,Nessuno,80,72.0,0.5,0.625,0.8,,1.0,acetate,2.0,Room Temperature,2,locked_external_positive,EXTERNAL_TEST,1.0,0.875,0.96875,0.8,0.48038446141526137,0.8204518922830523,A,True,cu|carbossilati aromatici|acetate|dmf/h2o|nessuno|80|72|0.75,,curated_project_dataset
POS-0637,763,"1,3,5-Benzenetricarboxylic acid (H3BTC)",Carbossilati aromatici,Fe,FeCl3·6H2O,H2O/EtOH,Nessuno,80,4.0,0.1,0.05,2.0,,6.0,chloride,3.0,Solvothermal,2,locked_external_positive,EXTERNAL_TEST,1.0,0.875,0.96875,0.8,0.4200840252084029,0.8083918050416805,A,True,fe|carbossilati aromatici|chloride|h2o/etoh|nessuno|80|6|2.0,,curated_project_dataset
POS-0638,766,2-Aminoterephthalic acid,Carbossilati aromatici,Al,Al(NO3)3·9H2O,H2O,Nessuno,100,4.0,0.05,0.05,1.0,,9.0,nitrate,3.0,Sonochemical,2,locked_external_positive,EXTERNAL_TEST,1.0,0.875,0.96875,0.8,0.5477225575051661,0.8339195115010332,A,True,al|carbossilati aromatici|nitrate|h2o|nessuno|100|6|1.0,,curated_project_dataset
POS-0639,768,2-Aminoterephthalic acid,Carbossilati aromatici,Mn,Mn(OAc)2·4H2O,MeOH,Nessuno,160,72.0,0.05,0.062,0.8,,4.0,acetate,2.0,Sonochemical,2,locked_external_positive,EXTERNAL_TEST,1.0,0.875,0.96875,0.8,0.5,0.824375,A,True,mn|carbossilati aromatici|acetate|meoh|nessuno|160|72|0.75,,curated_project_dataset
POS-0640,775,2-Aminoterephthalic acid,Carbossilati aromatici,Cd,Cd(NO3)2·4H2O,DMF/H2O/EtOH,Nessuno,25,36.0,0.1,0.05,2.0,,4.0,nitrate,2.0,Sonochemical,2,locked_external_positive,EXTERNAL_TEST,1.0,0.875,0.96875,0.8,0.48038446141526137,0.8204518922830523,A,True,cd|carbossilati aromatici|nitrate|dmf/h2o/etoh|nessuno|20|36|2.0,,curated_project_dataset
POS-0641,789,Tetrakis(4-carboxyphenyl)porphyrin (TCPP),Carbossilati aromatici,Zr,ZrOCl2·8H2O,H2O,Nessuno,60,18.0,0.05,0.05,1.0,,8.0,chloride,2.0,Sonochemical,2,locked_external_positive,EXTERNAL_TEST,1.0,0.875,0.96875,0.8,0.408248290463863,0.8060246580927726,A,True,zr|carbossilati aromatici|chloride|h2o|nessuno|60|18|1.0,,curated_project_dataset
POS-0642,798,2-Aminoterephthalic acid,Carbossilati aromatici,Fe,FeCl3·6H2O,DMF/H2O,Nessuno,150,48.0,2.0,6.061,0.33,,6.0,chloride,3.0,Microwave,2,locked_external_positive,EXTERNAL_TEST,1.0,0.875,0.96875,0.8,0.4200840252084029,0.8083918050416805,A,True,fe|carbossilati aromatici|chloride|dmf/h2o|nessuno|150|48|0.25,,curated_project_dataset
POS-0643,799,2-Aminoterephthalic acid,Carbossilati aromatici,Zr,ZrOCl2·8H2O,DEF,Nessuno,80,72.0,0.05,0.062,0.8,,8.0,chloride,2.0,Hydrothermal,2,locked_external_positive,EXTERNAL_TEST,1.0,0.875,0.96875,0.8,0.408248290463863,0.8060246580927726,A,True,zr|carbossilati aromatici|chloride|def|nessuno|80|72|0.75,,curated_project_dataset
POS-0644,805,2-Aminoterephthalic acid,Carbossilati aromatici,Zn,Zn(NO3)2·6H2O,DEF,Nessuno,140,36.0,0.05,0.05,1.0,,6.0,nitrate,2.0,Solvothermal,2,locked_external_positive,EXTERNAL_TEST,1.0,0.875,0.96875,0.8,0.3779644730092272,0.7999678946018455,A,True,zn|carbossilati aromatici|nitrate|def|nessuno|140|36|1.0,,curated_project_dataset
POS-0645,809,Tetrakis(4-carboxyphenyl)porphyrin (TCPP),Carbossilati aromatici,Cd,Cd(NO3)2·4H2O,H2O,Nessuno,140,48.0,2.0,2.5,0.8,,4.0,nitrate,2.0,Hydrothermal,2,locked_external_positive,EXTERNAL_TEST,1.0,0.875,0.96875,0.8,0.48038446141526137,0.8204518922830523,A,True,cd|carbossilati aromatici|nitrate|h2o|nessuno|140|48|0.75,,curated_project_dataset
POS-0646,819,2-Aminoterephthalic acid,Carbossilati aromatici,Fe,FeCl3·6H2O,DMF/MeOH,Nessuno,140,48.0,2.0,1.667,1.2,,6.0,chloride,3.0,Solvothermal,2,locked_external_positive,EXTERNAL_TEST,1.0,0.875,0.96875,0.8,0.4200840252084029,0.8083918050416805,A,True,fe|carbossilati aromatici|chloride|dmf/meoh|nessuno|140|48|1.25,,curated_project_dataset
POS-0647,820,"1,3,5-Benzenetricarboxylic acid (H3BTC)",Carbossilati aromatici,Zr,ZrOCl2·8H2O,H2O,Nessuno,80,36.0,2.0,2.0,1.0,,8.0,chloride,2.0,Microwave,2,locked_external_positive,EXTERNAL_TEST,1.0,0.875,0.96875,0.8,0.408248290463863,0.8060246580927726,A,True,zr|carbossilati aromatici|chloride|h2o|nessuno|80|36|1.0,,curated_project_dataset
POS-0648,822,Tetrakis(4-carboxyphenyl)porphyrin (TCPP),Carbossilati aromatici,Zr,ZrCl4,DMA,Nessuno,120,48.0,0.5,0.333,1.5,,0.0,chloride,4.0,Room Temperature,2,locked_external_positive,EXTERNAL_TEST,1.0,0.875,0.96875,0.8,0.408248290463863,0.8060246580927726,A,True,zr|carbossilati aromatici|chloride|dma|nessuno|120|48|1.5,,curated_project_dataset
POS-0649,827,"1,3,5-Benzenetricarboxylic acid (H3BTC)",Carbossilati aromatici,Cu,Cu(NO3)2·3H2O,DMF,Nessuno,160,48.0,1.0,0.5,2.0,,3.0,nitrate,2.0,Microwave,2,locked_external_positive,EXTERNAL_TEST,1.0,0.875,0.96875,0.8,0.48038446141526137,0.8204518922830523,A,True,cu|carbossilati aromatici|nitrate|dmf|nessuno|160|48|2.0,,curated_project_dataset
POS-0650,833,"1,3,5-Benzenetricarboxylic acid (H3BTC)",Carbossilati aromatici,Co,Co(NO3)2·6H2O,DMF/H2O,Nessuno,160,12.0,1.0,0.667,1.5,,6.0,nitrate,2.0,Microwave,2,locked_external_positive,EXTERNAL_TEST,1.0,0.875,0.96875,0.8,0.4200840252084029,0.8083918050416805,A,True,co|carbossilati aromatici|nitrate|dmf/h2o|nessuno|160|12|1.5,,curated_project_dataset
POS-0651,838,2-Aminoterephthalic acid,Carbossilati aromatici,Cu,Cu(OAc)2·H2O,DMF/MeOH,Nessuno,120,24.0,0.1,0.083,1.2,,1.0,acetate,2.0,Room Temperature,2,locked_external_positive,EXTERNAL_TEST,1.0,0.875,0.96875,0.8,0.48038446141526137,0.8204518922830523,A,True,cu|carbossilati aromatici|acetate|dmf/meoh|nessuno|120|24|1.25,,curated_project_dataset
POS-0652,846,2-Aminoterephthalic acid,Carbossilati aromatici,Co,Co(NO3)2·6H2O,DEF,Nessuno,60,18.0,0.2,0.1,2.0,,6.0,nitrate,2.0,Solvothermal,2,locked_external_positive,EXTERNAL_TEST,1.0,0.875,0.96875,0.8,0.4200840252084029,0.8083918050416805,A,True,co|carbossilati aromatici|nitrate|def|nessuno|60|18|2.0,,curated_project_dataset
POS-0653,852,Tetrakis(4-carboxyphenyl)porphyrin (TCPP),Carbossilati aromatici,Zr,ZrOCl2·8H2O,DMA,Nessuno,25,12.0,0.5,0.333,1.5,,8.0,chloride,2.0,Room Temperature,2,locked_external_positive,EXTERNAL_TEST,1.0,0.875,0.96875,0.8,0.408248290463863,0.8060246580927726,A,True,zr|carbossilati aromatici|chloride|dma|nessuno|20|12|1.5,,curated_project_dataset
POS-0654,856,Tetrakis(4-carboxyphenyl)porphyrin (TCPP),Carbossilati aromatici,Co,Co(OAc)2·4H2O,DMA,Nessuno,180,72.0,0.2,0.4,0.5,,4.0,acetate,2.0,Sonochemical,2,locked_external_positive,EXTERNAL_TEST,1.0,0.875,0.96875,0.8,0.4200840252084029,0.8083918050416805,A,True,co|carbossilati aromatici|acetate|dma|nessuno|180|72|0.5,,curated_project_dataset
POS-0655,861,"1,3,5-Benzenetricarboxylic acid (H3BTC)",Carbossilati aromatici,Fe,Fe(NO3)3·9H2O,DMF/MeOH,Nessuno,120,36.0,1.0,3.03,0.33,,9.0,nitrate,3.0,Solvothermal,2,locked_external_positive,EXTERNAL_TEST,1.0,0.875,0.96875,0.8,0.4200840252084029,0.8083918050416805,A,True,fe|carbossilati aromatici|nitrate|dmf/meoh|nessuno|120|36|0.25,,curated_project_dataset
POS-0656,866,2-Aminoterephthalic acid,Carbossilati aromatici,Ni,Ni(OAc)2·4H2O,DMF/MeOH,Nessuno,180,48.0,1.0,5.0,0.2,,4.0,acetate,2.0,Hydrothermal,2,locked_external_positive,EXTERNAL_TEST,1.0,0.875,0.96875,0.8,0.5,0.824375,A,True,ni|carbossilati aromatici|acetate|dmf/meoh|nessuno|180|48|0.25,,curated_project_dataset
POS-0657,868,Tetrakis(4-carboxyphenyl)porphyrin (TCPP),Carbossilati aromatici,Zn,Zn(OAc)2·2H2O,H2O,Nessuno,60,24.0,1.0,5.0,0.2,,2.0,acetate,2.0,Sonochemical,2,locked_external_positive,EXTERNAL_TEST,1.0,0.875,0.96875,0.8,0.3779644730092272,0.7999678946018455,A,True,zn|carbossilati aromatici|acetate|h2o|nessuno|60|24|0.25,,curated_project_dataset
POS-0658,877,"1,3,5-Benzenetricarboxylic acid (H3BTC)",Carbossilati aromatici,Zn,Zn(OAc)2·2H2O,DEF,Nessuno,80,36.0,0.2,0.4,0.5,,2.0,acetate,2.0,Microwave,2,locked_external_positive,EXTERNAL_TEST,1.0,0.875,0.96875,0.8,0.3779644730092272,0.7999678946018455,A,True,zn|carbossilati aromatici|acetate|def|nessuno|80|36|0.5,,curated_project_dataset
POS-0659,886,2-Aminoterephthalic acid,Carbossilati aromatici,Cu,Cu(NO3)2·3H2O,DEF,Nessuno,150,36.0,0.2,0.606,0.33,,3.0,nitrate,2.0,Sonochemical,2,locked_external_positive,EXTERNAL_TEST,1.0,0.875,0.96875,0.8,0.48038446141526137,0.8204518922830523,A,True,cu|carbossilati aromatici|nitrate|def|nessuno|150|36|0.25,,curated_project_dataset
POS-0660,894,"1,3,5-Benzenetricarboxylic acid (H3BTC)",Carbossilati aromatici,Zn,Zn(OAc)2·2H2O,H2O/EtOH,Nessuno,120,48.0,0.2,1.0,0.2,,2.0,acetate,2.0,Solvothermal,2,locked_external_positive,EXTERNAL_TEST,1.0,0.875,0.96875,0.8,0.3779644730092272,0.7999678946018455,A,True,zn|carbossilati aromatici|acetate|h2o/etoh|nessuno|120|48|0.25,,curated_project_dataset
POS-0661,896,"1,3,5-Benzenetricarboxylic acid (H3BTC)",Carbossilati aromatici,Zn,Zn(OAc)2·2H2O,H2O,Nessuno,180,4.0,1.0,0.833,1.2,,2.0,acetate,2.0,Microwave,2,locked_external_positive,EXTERNAL_TEST,1.0,0.875,0.96875,0.8,0.3779644730092272,0.7999678946018455,A,True,zn|carbossilati aromatici|acetate|h2o|nessuno|180|6|1.25,,curated_project_dataset
POS-0662,897,2-Aminoterephthalic acid,Carbossilati aromatici,Fe,FeCl3·6H2O,DMF/H2O/EtOH,Nessuno,160,18.0,1.0,1.25,0.8,,6.0,chloride,3.0,Room Temperature,2,locked_external_positive,EXTERNAL_TEST,1.0,0.875,0.96875,0.8,0.4200840252084029,0.8083918050416805,A,True,fe|carbossilati aromatici|chloride|dmf/h2o/etoh|nessuno|160|18|0.75,,curated_project_dataset
POS-0663,900,2-Aminoterephthalic acid,Carbossilati aromatici,Zn,Zn(OAc)2·2H2O,H2O/EtOH,Nessuno,120,36.0,1.0,3.03,0.33,,2.0,acetate,2.0,Solvothermal,2,locked_external_positive,EXTERNAL_TEST,1.0,0.875,0.96875,0.8,0.3779644730092272,0.7999678946018455,A,True,zn|carbossilati aromatici|acetate|h2o/etoh|nessuno|120|36|0.25,,curated_project_dataset
POS-0664,907,"1,3,5-Benzenetricarboxylic acid (H3BTC)",Carbossilati aromatici,Mg,Mg(NO3)2·6H2O,DMA,Nessuno,80,48.0,0.1,0.5,0.2,,6.0,nitrate,2.0,Hydrothermal,2,locked_external_positive,EXTERNAL_TEST,1.0,0.875,0.96875,0.8,1.0,0.924375,A,True,mg|carbossilati aromatici|nitrate|dma|nessuno|80|48|0.25,,curated_project_dataset
POS-0665,908,Tetrakis(4-carboxyphenyl)porphyrin (TCPP),Carbossilati aromatici,Cd,Cd(NO3)2·4H2O,H2O/EtOH,Nessuno,140,24.0,0.5,0.25,2.0,,4.0,nitrate,2.0,Microwave,2,locked_external_positive,EXTERNAL_TEST,1.0,0.875,0.96875,0.8,0.48038446141526137,0.8204518922830523,A,True,cd|carbossilati aromatici|nitrate|h2o/etoh|nessuno|140|24|2.0,,curated_project_dataset
POS-0666,909,2-Aminoterephthalic acid,Carbossilati aromatici,Cu,Cu(OAc)2·H2O,DMF,Nessuno,140,4.0,0.05,0.042,1.2,,1.0,acetate,2.0,Hydrothermal,2,locked_external_positive,EXTERNAL_TEST,1.0,0.875,0.96875,0.8,0.48038446141526137,0.8204518922830523,A,True,cu|carbossilati aromatici|acetate|dmf|nessuno|140|6|1.25,,curated_project_dataset
POS-0667,912,2-Aminoterephthalic acid,Carbossilati aromatici,Al,AlCl3·6H2O,DEF,Nessuno,100,4.0,0.05,0.05,1.0,,6.0,chloride,3.0,Room Temperature,2,locked_external_positive,EXTERNAL_TEST,1.0,0.875,0.96875,0.8,0.5477225575051661,0.8339195115010332,A,True,al|carbossilati aromatici|chloride|def|nessuno|100|6|1.0,,curated_project_dataset
POS-0668,917,2-Aminoterephthalic acid,Carbossilati aromatici,Cd,Cd(NO3)2·4H2O,H2O,Nessuno,180,4.0,0.2,0.2,1.0,,4.0,nitrate,2.0,Sonochemical,2,locked_external_positive,EXTERNAL_TEST,1.0,0.875,0.96875,0.8,0.48038446141526137,0.8204518922830523,A,True,cd|carbossilati aromatici|nitrate|h2o|nessuno|180|6|1.0,,curated_project_dataset
POS-0669,929,2-Aminoterephthalic acid,Carbossilati aromatici,Fe,Fe(NO3)3·9H2O,H2O,Nessuno,160,12.0,0.5,0.417,1.2,,9.0,nitrate,3.0,Microwave,2,locked_external_positive,EXTERNAL_TEST,1.0,0.875,0.96875,0.8,0.4200840252084029,0.8083918050416805,A,True,fe|carbossilati aromatici|nitrate|h2o|nessuno|160|12|1.25,,curated_project_dataset
POS-0670,931,Tetrakis(4-carboxyphenyl)porphyrin (TCPP),Carbossilati aromatici,Cu,Cu(NO3)2·3H2O,DMF/H2O/EtOH,Nessuno,60,48.0,0.5,0.333,1.5,,3.0,nitrate,2.0,Microwave,2,locked_external_positive,EXTERNAL_TEST,1.0,0.875,0.96875,0.8,0.48038446141526137,0.8204518922830523,A,True,cu|carbossilati aromatici|nitrate|dmf/h2o/etoh|nessuno|60|48|1.5,,curated_project_dataset
POS-0671,935,Tetrakis(4-carboxyphenyl)porphyrin (TCPP),Carbossilati aromatici,Cd,Cd(NO3)2·4H2O,DMF,Nessuno,150,24.0,1.0,0.833,1.2,,4.0,nitrate,2.0,Solvothermal,2,locked_external_positive,EXTERNAL_TEST,1.0,0.875,0.96875,0.8,0.48038446141526137,0.8204518922830523,A,True,cd|carbossilati aromatici|nitrate|dmf|nessuno|150|24|1.25,,curated_project_dataset
POS-0672,936,Tetrakis(4-carboxyphenyl)porphyrin (TCPP),Carbossilati aromatici,Zn,Zn(NO3)2·6H2O,DMF/MeOH,Nessuno,100,24.0,0.2,1.0,0.2,,6.0,nitrate,2.0,Hydrothermal,2,locked_external_positive,EXTERNAL_TEST,1.0,0.875,0.96875,0.8,0.3779644730092272,0.7999678946018455,A,True,zn|carbossilati aromatici|nitrate|dmf/meoh|nessuno|100|24|0.25,,curated_project_dataset
POS-0673,951,2-Aminoterephthalic acid,Carbossilati aromatici,Fe,Fe(NO3)3·9H2O,DMA,Nessuno,100,72.0,0.1,0.125,0.8,,9.0,nitrate,3.0,Sonochemical,2,locked_external_positive,EXTERNAL_TEST,1.0,0.875,0.96875,0.8,0.4200840252084029,0.8083918050416805,A,True,fe|carbossilati aromatici|nitrate|dma|nessuno|100|72|0.75,,curated_project_dataset
POS-0674,958,2-Aminoterephthalic acid,Carbossilati aromatici,Zn,Zn(OAc)2·2H2O,DMF/MeOH,Nessuno,140,18.0,1.0,3.03,0.33,,2.0,acetate,2.0,Hydrothermal,2,locked_external_positive,EXTERNAL_TEST,1.0,0.875,0.96875,0.8,0.3779644730092272,0.7999678946018455,A,True,zn|carbossilati aromatici|acetate|dmf/meoh|nessuno|140|18|0.25,,curated_project_dataset
POS-0675,968,2-Aminoterephthalic acid,Carbossilati aromatici,Mn,Mn(OAc)2·4H2O,DMF/MeOH,Nessuno,180,48.0,0.5,0.333,1.5,,4.0,acetate,2.0,Room Temperature,2,locked_external_positive,EXTERNAL_TEST,1.0,0.875,0.96875,0.8,0.5,0.824375,A,True,mn|carbossilati aromatici|acetate|dmf/meoh|nessuno|180|48|1.5,,curated_project_dataset
POS-0676,975,"1,3,5-Benzenetricarboxylic acid (H3BTC)",Carbossilati aromatici,Fe,Fe(NO3)3·9H2O,DEF,Nessuno,25,72.0,2.0,10.0,0.2,,9.0,nitrate,3.0,Sonochemical,2,locked_external_positive,EXTERNAL_TEST,1.0,0.875,0.96875,0.8,0.4200840252084029,0.8083918050416805,A,True,fe|carbossilati aromatici|nitrate|def|nessuno|20|72|0.25,,curated_project_dataset
POS-0677,991,Tetrakis(4-carboxyphenyl)porphyrin (TCPP),Carbossilati aromatici,Zn,Zn(NO3)2·6H2O,DMF/MeOH,Nessuno,25,12.0,0.2,0.2,1.0,,6.0,nitrate,2.0,Hydrothermal,2,locked_external_positive,EXTERNAL_TEST,1.0,0.875,0.96875,0.8,0.3779644730092272,0.7999678946018455,A,True,zn|carbossilati aromatici|nitrate|dmf/meoh|nessuno|20|12|1.0,,curated_project_dataset
POS-0678,993,Tetrakis(4-carboxyphenyl)porphyrin (TCPP),Carbossilati aromatici,Cu,Cu(NO3)2·3H2O,DEF,Nessuno,60,18.0,0.5,0.417,1.2,,3.0,nitrate,2.0,Hydrothermal,2,locked_external_positive,EXTERNAL_TEST,1.0,0.875,0.96875,0.8,0.48038446141526137,0.8204518922830523,A,True,cu|carbossilati aromatici|nitrate|def|nessuno|60|18|1.25,,curated_project_dataset
POS-0679,994,2-Aminoterephthalic acid,Carbossilati aromatici,Ni,Ni(OAc)2·4H2O,DMF/H2O/EtOH,Nessuno,60,4.0,0.05,0.042,1.2,,4.0,acetate,2.0,Sonochemical,2,locked_external_positive,EXTERNAL_TEST,1.0,0.875,0.96875,0.8,0.5,0.824375,A,True,ni|carbossilati aromatici|acetate|dmf/h2o/etoh|nessuno|60|6|1.25,,curated_project_dataset
POS-0680,996,"1,3,5-Benzenetricarboxylic acid (H3BTC)",Carbossilati aromatici,Ni,Ni(NO3)2·6H2O,DMA,Nessuno,180,36.0,1.0,3.03,0.33,,6.0,nitrate,2.0,Sonochemical,2,locked_external_positive,EXTERNAL_TEST,1.0,0.875,0.96875,0.8,0.5,0.824375,A,True,ni|carbossilati aromatici|nitrate|dma|nessuno|180|36|0.25,,curated_project_dataset
POS-0681,997,2-Aminoterephthalic acid,Carbossilati aromatici,Cu,Cu(OAc)2·H2O,DMF/H2O/EtOH,Nessuno,100,36.0,0.5,0.625,0.8,,1.0,acetate,2.0,Microwave,2,locked_external_positive,EXTERNAL_TEST,1.0,0.875,0.96875,0.8,0.48038446141526137,0.8204518922830523,A,True,cu|carbossilati aromatici|acetate|dmf/h2o/etoh|nessuno|100|36|0.75,,curated_project_dataset
POS-0682,1000,2-Aminoterephthalic acid,Carbossilati aromatici,Ni,Ni(OAc)2·4H2O,DMF/H2O/EtOH,Nessuno,60,48.0,1.0,3.03,0.33,,4.0,acetate,2.0,Room Temperature,2,locked_external_positive,EXTERNAL_TEST,1.0,0.875,0.96875,0.8,0.5,0.824375,A,True,ni|carbossilati aromatici|acetate|dmf/h2o/etoh|nessuno|60|48|0.25,,curated_project_dataset
POS-0683,MOFs_118,"3,3-dimethyl-4,4'-bipyrazole",Bipyrazole,Ag,AgNO3,DMF,Nessuno,100,48.0,0.9,0.9,1.0,55.0,0.0,nitrate,,Solvothermal,2,locked_external_positive,EXTERNAL_TEST,1.0,0.875,0.96875,0.8,0.8660254037844385,0.8975800807568877,A,True,ag|bipyrazole|nitrate|dmf|nessuno|100|48|1.0,,curated_project_dataset
POS-0684,MOFs_120,"3,3-dimethyl-4,4'-bipyrazole",Bipyrazole,Cd,Cd(NO3)2·4H2O,DMF,Nessuno,140,120.0,1.2,0.6,2.0,70.0,4.0,nitrate,2.0,Solvothermal,2,locked_external_positive,EXTERNAL_TEST,1.0,1.0,1.0,0.8,0.22360679774997896,0.7847213595499958,A,True,cd|bipyrazole|nitrate|dmf|nessuno|140|120|2.0,,curated_project_dataset
POS-0685,MOFs_121,"3,3-dimethyl-4,4'-bipyrazole",Bipyrazole,Cd,Cd(NO3)2·4H2O,DMF,Nessuno,140,120.0,1.2,0.6,2.0,60.0,4.0,nitrate,2.0,Solvothermal,2,locked_external_positive,EXTERNAL_TEST,1.0,1.0,1.0,0.8,0.22360679774997896,0.7847213595499958,A,True,cd|bipyrazole|nitrate|dmf|nessuno|140|120|2.0,,curated_project_dataset
POS-0686,MOFs_122,"3,3-dimethyl-4,4'-bipyrazole",Bipyrazole,Cd,Cd(NO3)2·4H2O,DMF,Nessuno,140,48.0,1.0,0.5,2.0,60.0,4.0,nitrate,2.0,Solvothermal,2,locked_external_positive,EXTERNAL_TEST,1.0,1.0,1.0,0.8,0.38729833462074165,0.8174596669241483,A,True,cd|bipyrazole|nitrate|dmf|nessuno|140|48|2.0,,curated_project_dataset
POS-0687,MOFs_290,BPz,Bipyrazole,Cd,Cd(NO3)2·4H2O,DMF,Nessuno,150,24.0,0.8,0.8,1.0,30.0,4.0,nitrate,2.0,Solvothermal,2,locked_external_positive,EXTERNAL_TEST,1.0,1.0,1.0,0.8,0.273861278752583,0.7947722557505166,A,True,cd|bipyrazole|nitrate|dmf|nessuno|150|24|1.0,,curated_project_dataset
POS-0688,MOFs_291,BPz,Bipyrazole,Co,Co(OAc)2·4H2O,DMF,Nessuno,120,72.0,1.5,1.5,1.0,45.0,4.0,acetate,2.0,Solvothermal,2,locked_external_positive,EXTERNAL_TEST,1.0,1.0,1.0,0.8,0.18569533817705183,0.7771390676354104,B,True,co|bipyrazole|acetate|dmf|nessuno|120|72|1.0,,curated_project_dataset
POS-0689,MOFs_293,BPz,Bipyrazole,Co,Co(OAc)2·4H2O,DMF,Nessuno,120,72.0,0.5,0.5,1.0,0.15,4.0,acetate,2.0,Solvothermal,2,locked_external_positive,EXTERNAL_TEST,1.0,1.0,1.0,0.8,0.18569533817705183,0.7771390676354104,B,True,co|bipyrazole|acetate|dmf|nessuno|120|72|1.0,,curated_project_dataset
POS-0690,MOFs_325,Me4BPz,Bipyrazole,Ni,NiCl2·6H2O,DEF,Nessuno,110,24.0,0.2,0.04,5.0,4.0,6.0,chloride,2.0,Solvothermal,2,locked_external_positive,EXTERNAL_TEST,1.0,1.0,1.0,0.8,0.654653670707977,0.8709307341415954,A,True,ni|bipyrazole|chloride|def|nessuno|110|24|5.0,,curated_project_dataset
POS-0691,CurcumineMOFs_332,curc(III),Curcumina,Zn,Zn(OAc)2·2H2O,DMF/MeOH,Nessuno,80,24.0,0.3,0.15,2.0,35.0,2.0,acetate,2.0,118 mg finali,2,locked_external_positive,EXTERNAL_TEST,1.0,1.0,1.0,0.8,0.547722557505166,0.8495445115010332,A,True,zn|curcumina|acetate|dmf/meoh|nessuno|80|24|2.0,,curated_project_dataset
POS-0692,CurcumineMOFs_333,curc(III),Curcumina,Zn,Zn(NO3)2·6H2O,DMF/MeOH,Nessuno,80,24.0,0.2,0.1,2.0,15.0,6.0,nitrate,2.0,Solvothermal,2,locked_external_positive,EXTERNAL_TEST,1.0,1.0,1.0,0.8,0.547722557505166,0.8495445115010332,A,True,zn|curcumina|nitrate|dmf/meoh|nessuno|80|24|2.0,,curated_project_dataset
POS-0693,CurcumineMOFs_349,curc(III),Curcumina,Co,Co(NO3)2·6H2O,DMF/H2O,Nessuno,80,72.0,0.02,0.04,0.5,10.0,6.0,nitrate,2.0,Solvothermal,2,locked_external_positive,EXTERNAL_TEST,1.0,1.0,1.0,0.8,1.0,0.94,A,True,co|curcumina|nitrate|dmf/h2o|nessuno|80|72|0.5,,curated_project_dataset
POS-0694,Organometallica_371,Me4BPz,Organometallica - pirazoli,Ru,[Ru(p-cymene)Cl2]2,MeOH,Nessuno,25,4.0,0.16,0.16,1.0,20.0,0.0,chloride,2.0,"Dopo 4 ore ancora nessuna cristallizzazione, quindi scaldato a 50 gradi per far evaporare un po di solvente e poi messo in frido appena raffreddato.",2,locked_external_positive,EXTERNAL_TEST,1.0,1.0,1.0,0.8,0.3692744729379981,0.8138548945875996,A,True,ru|organometallica - pirazoli|chloride|meoh|nessuno|20|6|1.0,,curated_project_dataset
