Positive_ID,ID,Legante,Famiglia_Legante,Metallo,Sale_Metallico,Solvente,Additivo_Colinker,Temperatura_C,Tempo_ore,mmol_Legante,mmol_Sale,Rapporto_LM,Volume solvente,Hydration_Number,Counterion_Class,Oxidation_State,Procedura_Sintetica,Esito_ML,Positive_Library_Source,Data_Quality_Flag,Split_Set
POS-0001,76,"3-amino-4,4'-bipyrazole",Bipyrazole,Cd,Cd(NO3)2·4H2O,DMF,Nessuno,160,24.0,0.2,0.1,2.0,,,,,Solvothermal,2,development_positive,numeric_decimal_standardized;salt_hydrate_separator_standardized;temperature_numeric_standardized;time_numeric_standardized,DEVELOPMENT
POS-0002,122,3-MePz-4-COOH,Pyrazole carbossilati,Cu,Cu(OAc)2·H2O,H2O,Nessuno,120,96.0,0.2,0.1,2.0,,,,,Solvothermal,2,development_positive,numeric_decimal_standardized;salt_hydrate_separator_standardized;temperature_numeric_standardized;time_numeric_standardized,DEVELOPMENT
POS-0003,125,3-MePz-4-COOH,Pyrazole carbossilati,Mn,Mn(OAc)2·4H2O,DMF/H2O,Nessuno,120,24.0,0.2,0.1,2.0,,,,,Solvothermal,2,development_positive,numeric_decimal_standardized;salt_hydrate_separator_standardized;temperature_numeric_standardized;time_numeric_standardized,DEVELOPMENT
POS-0004,126,3-MePz-4-COOH,Pyrazole carbossilati,Mn,Mn(OAc)2·4H2O,DMF/H2O,Nessuno,120,72.0,0.2,0.1,2.0,,,,,Solvothermal,2,development_positive,numeric_decimal_standardized;salt_hydrate_separator_standardized;temperature_numeric_standardized;time_numeric_standardized,DEVELOPMENT
POS-0005,127,3-MePz-4-COOH,Pyrazole carbossilati,Ni,Ni(NO3)2,DMF/H2O,Nessuno,120,72.0,0.2,0.1,2.0,,,,,Solvothermal,2,development_positive,numeric_decimal_standardized;temperature_numeric_standardized;time_numeric_standardized,DEVELOPMENT
POS-0006,137,"3-nitro-4,4'-bipyrazole",Bipyrazole,Cd,Cd(NO3)2·4H2O,DMF,Nessuno,160,24.0,0.2,0.1,2.0,,,,,Solvothermal,2,development_positive,numeric_decimal_standardized;salt_hydrate_separator_standardized;temperature_numeric_standardized;time_numeric_standardized,DEVELOPMENT
POS-0007,161,"3,3'-dinitro-4,4'-bipyrazole",Bipyrazole,Cd,Cd(NO3)2·4H2O,DMF,Nessuno,150,24.0,0.1,0.1,1.0,,,,,Solvothermal,2,development_positive,numeric_decimal_standardized;salt_hydrate_separator_standardized;temperature_numeric_standardized;time_numeric_standardized,DEVELOPMENT
POS-0008,164,"3,3'-dinitro-4,4'-bipyrazole",Bipyrazole,Co,Co(OAc)2·4H2O,DMF/H2O,Nessuno,160,48.0,0.2,0.1,2.0,,,,,Solvothermal,2,development_positive,numeric_decimal_standardized;salt_hydrate_separator_standardized;solvent_canonicalized;temperature_numeric_standardized;time_numeric_standardized,DEVELOPMENT
POS-0009,169,"3,3'-dinitro-4,4'-bipyrazole",Bipyrazole,Co,Co(NO3)2·6H2O,DMF,Nessuno,160,6.0,0.2,0.1,2.0,,,,,Solvothermal,2,development_positive,numeric_decimal_standardized;salt_hydrate_separator_standardized;temperature_numeric_standardized;time_numeric_standardized,DEVELOPMENT
POS-0010,170,"3,3'-dinitro-4,4'-bipyrazole",Bipyrazole,Cu,Cu(NO3)2·3H2O,DMF/H2O,Nessuno,160,48.0,0.2,0.1,2.0,,,,,Solvothermal,2,development_positive,numeric_decimal_standardized;salt_hydrate_separator_standardized;solvent_canonicalized;temperature_numeric_standardized;time_numeric_standardized,DEVELOPMENT
POS-0011,175,"3,3'-dinitro-4,4'-bipyrazole",Bipyrazole,Cu,Cu(NO3)2·3H2O,DMF,Nessuno,160,6.0,0.2,0.1,2.0,,,,,Solvothermal,2,development_positive,numeric_decimal_standardized;salt_hydrate_separator_standardized;temperature_numeric_standardized;time_numeric_standardized,DEVELOPMENT
POS-0012,177,"3,3'-dinitro-4,4'-bipyrazole",Bipyrazole,Zn,Zn(NO3)2·6H2O,DMF/H2O,Nessuno,160,48.0,0.2,0.1,2.0,,,,,Solvothermal,2,development_positive,numeric_decimal_standardized;salt_hydrate_separator_standardized;solvent_canonicalized;temperature_numeric_standardized;time_numeric_standardized,DEVELOPMENT
POS-0013,181,"3,3'-dinitro-4,4'-bipyrazole",Bipyrazole,Zn,Zn(NO3)2·6H2O,DMF/H2O,Nessuno,160,24.0,0.1,0.2,0.5,,,,,Solvothermal,2,development_positive,salt_hydrate_separator_standardized;solvent_canonicalized;temperature_numeric_standardized;time_numeric_standardized,DEVELOPMENT
POS-0014,182,"3,3'-dinitro-4,4'-bipyrazole",Bipyrazole,Zn,Zn(NO3)2·6H2O,DMF,Nessuno,160,6.0,0.2,0.1,2.0,,,,,Solvothermal,2,development_positive,numeric_decimal_standardized;salt_hydrate_separator_standardized;temperature_numeric_standardized;time_numeric_standardized,DEVELOPMENT
POS-0015,195,"3,5-diamino-4,4'-bipyrazole",Bipyrazole,Cd,Cd(NO3)2·4H2O,DMF,Nessuno,140,72.0,0.48,0.2,2.4,,,,,Solvothermal,2,development_positive,salt_hydrate_separator_standardized;temperature_numeric_standardized;time_numeric_standardized,DEVELOPMENT
POS-0016,224,"3,5-diamino-4,4'-bipyrazole",Bipyrazole,Co,Co(NO3)2·6H2O,DMF/H2O,Nessuno,150,72.0,0.05,0.05,1.0,,,,,Solvothermal,2,development_positive,numeric_decimal_standardized;salt_hydrate_separator_standardized;temperature_numeric_standardized;time_numeric_standardized,DEVELOPMENT
POS-0017,284,"3,5-DiMePz-4-COOH",Pyrazole carbossilati,Cu,Cu(OAc)2·H2O,H2O,Nessuno,120,48.0,0.2,0.1,2.0,,,,,Solvothermal,2,development_positive,numeric_decimal_standardized;salt_hydrate_separator_standardized;temperature_numeric_standardized;time_numeric_standardized,DEVELOPMENT
POS-0018,286,"3,5-DiMePz-4-COOH",Pyrazole carbossilati,Cu,Cu(OAc)2·H2O,EtOH,Nessuno,120,48.0,0.2,0.1,2.0,,,,,Solvothermal,2,development_positive,numeric_decimal_standardized;salt_hydrate_separator_standardized;temperature_numeric_standardized;time_numeric_standardized,DEVELOPMENT
POS-0019,288,"3,5-DiMePz-4-COOH",Pyrazole carbossilati,Zn,Zn(OAc)2·2H2O,EtOH,Nessuno,120,48.0,0.2,0.1,2.0,,,,,Solvothermal,2,development_positive,numeric_decimal_standardized;salt_hydrate_separator_standardized;temperature_numeric_standardized;time_numeric_standardized,DEVELOPMENT
POS-0020,369,Et4BPz,Organometallica - pirazoli,Ru,[Ru(p-cymene)Cl2]2,MeOH,Nessuno,120,4.0,0.1,0.1,1.0,,,,,"Solubilizzato il dimero del metallo in 10 ml di MeOH, una volta solulbilizzato ho aggiunto il legante e lasciato in stirring per 16 ore.",2,development_positive,numeric_decimal_standardized;temperature_numeric_standardized;time_numeric_standardized,DEVELOPMENT
POS-0021,371,H2BPZNH2,Organometallica - pirazoli,Ru,[Ru(p-cymene)Cl2]2,MeOH,Nessuno,120,4.0,0.1,0.1,1.0,,,,,"Dopo 4 ore ancora nessuna cristallizzazione, evaporato un po di solvente e poi messo in frido appena raffreddato. Aggiunto eteredietilico, perchè non vi era avvenuta cristallizzazione.",2,development_positive,numeric_decimal_standardized;temperature_numeric_standardized;time_numeric_standardized,DEVELOPMENT
POS-0022,374,FErrocenylPz,Organometallica,Non specificato,PdCl2·(CH3CN)2,MeOH,Nessuno,120,4.0,0.2,0.1,2.0,,,,,"Ho sciolto il palladio in 10 ml di metanolo in un pallone a due colli dove insufflavo argono. Dopo 15 minuti ho aggiunto il legante e lasciato insufflare argon per altri 10 minuti, poi cessato il flusso di argon ho messo il tappo. Subito dopo l'aggiunta del legante ho notato cambio di colore con intorbidimento della soluzione. Ho filtrato il precipitato e le acque madri le ho messe in una vial per far evaporare lentamente il solvente. Ilprecipitato era il legante, visto all'IR",2,development_positive,numeric_decimal_standardized;salt_hydrate_separator_standardized;temperature_numeric_standardized;time_numeric_standardized,DEVELOPMENT
POS-0023,379,"1,4-Di(1H-pyrazol-4-yl)benzene",Organometallica - pirazoli,Ru,[Ru(p-cymene)Cl2]2,MeOH,Nessuno,120,24.0,0.2,0.1,2.0,,,,,"To a methanolic (5 mL) solution of pyrazole based ligand , was added a methanolic (5 mL) solution of [RuCl2(η6-p-cymene)]2 , and the reaction mixture was allowed to stir for 4 h at room temperature. Dopo 24 ore ho filtrato l'eccesso di reagenti e lasciato poi dimezzare il volume della soluzione all'aria lentamente. Portato a secco e mandato l'HNMR",2,development_positive,numeric_decimal_standardized;temperature_numeric_standardized;time_numeric_standardized,DEVELOPMENT
POS-0024,380,(NO2)2BPz,Organometallica - pirazoli,Ru,[Ru(p-cymene)Cl2]2,MeOH,Nessuno,120,24.0,0.1,0.05,2.0,,,,,"filtrato e lavato con metanolo, dopo aver dimezzato il volume della soluzione.Precipitato di colore nero, ma sembra cristallino",2,development_positive,numeric_decimal_standardized;temperature_numeric_standardized;time_numeric_standardized,DEVELOPMENT
POS-0025,382,FErrocenylPz,Organometallica,Non specificato,PdCl2·(CH3CN)2,MeOH,Nessuno,120,6.0,0.1,0.1,1.0,,,,,"Ho pesato il dimero e sciolto in 10 ml di MeOH; una volta sulubilizzato ho aggiunto il legante e lasciato sotto agitazione per 6ORE. Ho lasciato dimezzare il volume all'aria, poi aggiunto qualche goccia di dietiletere e messo in frigo. Il precipitato ottenuto l'ho filtrato.",2,development_positive,numeric_decimal_standardized;salt_hydrate_separator_standardized;temperature_numeric_standardized;time_numeric_standardized,DEVELOPMENT
POS-0026,386,Ru1,Organometallica,Ru,CAgF3SO3,MeCN,Nessuno,120,3.0,0.06,0.12,0.5,,,,,lasciato aperto a temperatura ambiente per cercare di ridurre il volume di solvente e favorire una cristallizzazione,2,development_positive,temperature_numeric_standardized;time_numeric_standardized,DEVELOPMENT
POS-0027,387,"Ru1 scambio anionico FW=868,73",Organometallica - scambio anionico,Ru,"4,4'-bipiridina",MeCN,Nessuno,120,24.0,0.04,0.04,1.0,,,,,"Dopo 5h la soluzione ha cambiato colore, ora faccio evaporare un pò di solvente per vedere se verrà giu qualcosa. Una volta dimezzato il volume ho aggiunto 5 ml di dietil etere e poi posto a scaldare su piastra per circa 15 minuti, ho nontato un precipitato nerastro, fatto raffreddare e posto in frigo per vedere se continuerà a venire giu.",2,development_positive,numeric_decimal_standardized;temperature_numeric_standardized;time_numeric_standardized,DEVELOPMENT
POS-0028,388,"Ru1,2",Organometallica,Ru,CAgF3SO3,CH2Cl2,Nessuno,120,3.0,0.04,0.08,0.5,,,,,"Precipitato bianco formatosi alla fine delle 4 ore, filtrato e lasciato ridurre di volume all'aria.",2,development_positive,temperature_numeric_standardized;time_numeric_standardized,DEVELOPMENT
POS-0029,401,"1,4-Benzenedicarboxylic acid (H2BDC)",Non specificata,Zn,Zn(NO3)2·6H2O,DMF,Nessuno,120,24.0,0.7,2.2,0.3182,,,,,Solvothermal,2,development_positive,temperature_numeric_standardized;time_numeric_standardized,DEVELOPMENT
POS-0030,403,"1,4-Benzenedicarboxylic acid (H2BDC)",Non specificata,Zr,ZrCl4,DMF/HCl,Nessuno,120,24.0,1.5,1.5,1.0,,,,,Solvothermal,2,development_positive,numeric_decimal_standardized;temperature_numeric_standardized;time_numeric_standardized,DEVELOPMENT
POS-0031,405,2-Nitroterephthalic acid,Non specificata,Zr,ZrCl4,DMF/HCl,Nessuno,120,24.0,1.0,1.0,1.0,,,,,Solvothermal,2,development_positive,numeric_decimal_standardized;temperature_numeric_standardized;time_numeric_standardized,DEVELOPMENT
POS-0032,406,"4,4'-Biphenyldicarboxylic acid (H2BPDC)",Non specificata,Zr,ZrCl4,DMF/HCl,Nessuno,120,24.0,1.0,1.0,1.0,,,,,Solvothermal,2,development_positive,numeric_decimal_standardized;temperature_numeric_standardized;time_numeric_standardized,DEVELOPMENT
POS-0033,407,2-Methylimidazole,Non specificata,Zn,Zn(NO3)2·6H2O,MeOH,Nessuno,25,12.0,4.0,1.0,4.0,,,,,Precipitation,2,development_positive,numeric_decimal_standardized;temperature_numeric_standardized;time_numeric_standardized,DEVELOPMENT
POS-0034,408,2-Methylimidazole,Non specificata,Co,Co(NO3)2·6H2O,MeOH,Nessuno,25,24.0,4.0,1.0,4.0,,,,,Precipitation,2,development_positive,numeric_decimal_standardized;temperature_numeric_standardized;time_numeric_standardized,DEVELOPMENT
POS-0035,409,Benzimidazole,Non specificata,Zn,Zn(NO3)2·6H2O,DMF,Nessuno,130,48.0,6.0,1.5,4.0,,,,,Solvothermal,2,development_positive,numeric_decimal_standardized;temperature_numeric_standardized;time_numeric_standardized,DEVELOPMENT
POS-0036,410,Benzimidazole,Non specificata,Zn,Zn(NO3)2·6H2O,MeOH/Toluene,Nessuno,100,24.0,3.2,0.8,4.0,,,,,Solvothermal,2,development_positive,numeric_decimal_standardized;solvent_canonicalized;temperature_numeric_standardized;time_numeric_standardized,DEVELOPMENT
POS-0037,411,"1,4-Benzenedicarboxylic acid (H2BDC)",Non specificata,Al,Al(NO3)3·9H2O,H2O,Nessuno,220,72.0,3.0,3.0,1.0,,,,,Hydrothermal,2,development_positive,numeric_decimal_standardized;temperature_numeric_standardized;time_numeric_standardized,DEVELOPMENT
POS-0038,412,"1,4-Benzenedicarboxylic acid (H2BDC)",Non specificata,Cr,Cr(NO3)3·9H2O,H2O/HF,Nessuno,220,72.0,5.0,5.0,1.0,,,,,Hydrothermal,2,development_positive,numeric_decimal_standardized;temperature_numeric_standardized;time_numeric_standardized,DEVELOPMENT
POS-0039,413,"1,4-Benzenedicarboxylic acid (H2BDC)",Non specificata,Fe,FeCl3·6H2O,DMF,Nessuno,150,15.0,5.0,5.0,1.0,,,,,Solvothermal,2,development_positive,numeric_decimal_standardized;temperature_numeric_standardized;time_numeric_standardized,DEVELOPMENT
POS-0040,416,"1,4-Benzenedicarboxylic acid (H2BDC)",Non specificata,Cr,Cr(NO3)3·9H2O,H2O/HF,Nessuno,220,8.0,4.0,4.0,1.0,,,,,Hydrothermal,2,development_positive,numeric_decimal_standardized;temperature_numeric_standardized;time_numeric_standardized,DEVELOPMENT
POS-0041,417,"1,4-Benzenedicarboxylic acid (H2BDC)",Non specificata,Fe,FeCl3·6H2O,DMF,Nessuno,110,20.0,1.5,3.0,0.5,,,,,Solvothermal,2,development_positive,numeric_decimal_standardized;temperature_numeric_standardized;time_numeric_standardized,DEVELOPMENT
POS-0042,418,"2,5-Dihydroxyterephthalic acid (H4DOBDC)",Non specificata,Mg,Mg(NO3)2·6H2O,DMF/H2O/EtOH,Nessuno,125,24.0,1.0,3.3,0.303,,,,,Solvothermal,2,development_positive,numeric_decimal_standardized;solvent_canonicalized;temperature_numeric_standardized;time_numeric_standardized,DEVELOPMENT
POS-0043,419,"2,5-Dihydroxyterephthalic acid (H4DOBDC)",Non specificata,Zn,Zn(NO3)2·6H2O,DMF/H2O/EtOH,Nessuno,100,24.0,1.0,3.3,0.303,,,,,Solvothermal,2,development_positive,numeric_decimal_standardized;solvent_canonicalized;temperature_numeric_standardized;time_numeric_standardized,DEVELOPMENT
POS-0044,420,"2,5-Dihydroxyterephthalic acid (H4DOBDC)",Non specificata,Ni,Ni(NO3)2·6H2O,DMF/H2O/EtOH,Nessuno,120,24.0,1.0,3.3,0.303,,,,,Solvothermal,2,development_positive,numeric_decimal_standardized;solvent_canonicalized;temperature_numeric_standardized;time_numeric_standardized,DEVELOPMENT
POS-0045,421,"2,5-Dihydroxyterephthalic acid (H4DOBDC)",Non specificata,Co,Co(NO3)2·6H2O,DMF/H2O/EtOH,Nessuno,120,24.0,1.0,3.3,0.303,,,,,Solvothermal,2,development_positive,numeric_decimal_standardized;solvent_canonicalized;temperature_numeric_standardized;time_numeric_standardized,DEVELOPMENT
POS-0046,422,"2,5-Dihydroxyterephthalic acid (H4DOBDC)",Non specificata,Fe,FeCl2·4H2O,DMF/EtOH,Nessuno,120,24.0,1.0,3.3,0.303,,,,,Solvothermal,2,development_positive,numeric_decimal_standardized;temperature_numeric_standardized;time_numeric_standardized,DEVELOPMENT
POS-0047,423,"2,5-Dihydroxyterephthalic acid (H4DOBDC)",Non specificata,Mn,Mn(OAc)2·4H2O,DMF/H2O/EtOH,Nessuno,120,24.0,1.0,3.3,0.303,,,,,Solvothermal,2,development_positive,numeric_decimal_standardized;solvent_canonicalized;temperature_numeric_standardized;time_numeric_standardized,DEVELOPMENT
POS-0048,424,"1,3,6,8-tetrakis(p-benzoic acid)pyrene (H4TBAPy)",Non specificata,Zr,ZrOCl2·8H2O,DMF/TFA,Nessuno,120,18.0,0.06,0.3,0.2,,,,,Solvothermal,2,development_positive,temperature_numeric_standardized;time_numeric_standardized,DEVELOPMENT
POS-0049,425,TCPP (Tetrakis(4-carboxyphenyl)porphyrin),Non specificata,Zr,ZrOCl2·8H2O,DMF/BA,Nessuno,120,24.0,0.04,0.23,0.1739,,,,,Solvothermal,2,development_positive,temperature_numeric_standardized;time_numeric_standardized,DEVELOPMENT
POS-0050,426,"3,3',5,5'-Azobenzenetetracarboxylic acid (H4ABTC)",Non specificata,Fe,Fe(NO3)3·9H2O,DMF,Nessuno,150,24.0,0.3,0.6,0.5,,,,,Solvothermal,2,development_positive,temperature_numeric_standardized;time_numeric_standardized,DEVELOPMENT
POS-0051,429,"2,6-NDC (0.5) / H3BTC (0.5)",Non specificata,Zn,Zn(NO3)2·6H2O,DMF,Nessuno,120,24.0,1.0,2.0,0.5,,,,,Solvothermal,2,development_positive,numeric_decimal_standardized;temperature_numeric_standardized;time_numeric_standardized,DEVELOPMENT
POS-0052,430,"2,6-NDC (1.0) / DABCO (0.5)",Non specificata,Ni,Ni(NO3)2·6H2O,DMF,Nessuno,120,48.0,1.5,1.0,1.5,,,,,Solvothermal,2,development_positive,numeric_decimal_standardized;temperature_numeric_standardized;time_numeric_standardized,DEVELOPMENT
POS-0053,435,"1,3,5-tris(4-carboxyphenyl)benzene (BTB)",Non specificata,Zn,Zn(NO3)2·6H2O,DEF,Nessuno,85,48.0,0.34,1.8,0.1889,,,,,Solvothermal,2,development_positive,temperature_numeric_standardized;time_numeric_standardized,DEVELOPMENT
POS-0054,436,"1,3,5-BTB (0.2) / 2,6-NDC (0.2)",Non specificata,Zn,Zn(NO3)2·6H2O,DMF,Nessuno,85,24.0,0.4,1.2,0.3333,,,,,Solvothermal,2,development_positive,temperature_numeric_standardized;time_numeric_standardized,DEVELOPMENT
POS-0055,437,"3,3',5,5'-Biphenyltetracarboxylic acid",Non specificata,Cu,Cu(NO3)2·2.5H2O,DMF/H2O/EtOH,Nessuno,65,24.0,0.3,1.0,0.3,,,,,Solvothermal,2,development_positive,numeric_decimal_standardized;solvent_canonicalized;temperature_numeric_standardized;time_numeric_standardized,DEVELOPMENT
POS-0056,438,2-Bromoterephthalic acid,Non specificata,Zr,ZrCl4,DMF/HCl,Nessuno,120,24.0,1.0,1.0,1.0,,,,,Solvothermal,2,development_positive,numeric_decimal_standardized;temperature_numeric_standardized;time_numeric_standardized,DEVELOPMENT
POS-0057,439,"1,2,4,5-Benzenetetracarboxylic acid",Non specificata,Zr,ZrCl4,DMF/HCl,Nessuno,120,24.0,0.5,1.0,0.5,,,,,Solvothermal,2,development_positive,numeric_decimal_standardized;temperature_numeric_standardized;time_numeric_standardized,DEVELOPMENT
POS-0058,440,"2,5-Dihydroxyterephthalic acid",Non specificata,Zr,ZrCl4,DMF/HCl,Nessuno,120,24.0,1.0,1.0,1.0,,,,,Solvothermal,2,development_positive,numeric_decimal_standardized;temperature_numeric_standardized;time_numeric_standardized,DEVELOPMENT
POS-0059,441,Terphenyldicarboxylic acid (TPDC),Non specificata,Zr,ZrCl4,DMF/HCl,Nessuno,120,24.0,0.5,0.5,1.0,,,,,Solvothermal,2,development_positive,numeric_decimal_standardized;temperature_numeric_standardized;time_numeric_standardized,DEVELOPMENT
POS-0060,442,2-Nitroimidazole,Non specificata,Co,Co(NO3)2·6H2O,DMF,Nessuno,100,48.0,4.0,1.0,4.0,,,,,Solvothermal,2,development_positive,numeric_decimal_standardized;temperature_numeric_standardized;time_numeric_standardized,DEVELOPMENT
POS-0061,443,Imidazole-2-carboxaldehyde,Non specificata,Zn,Zn(NO3)2·6H2O,DMF,Nessuno,100,18.0,4.0,1.0,4.0,,,,,Solvothermal,2,development_positive,numeric_decimal_standardized;temperature_numeric_standardized;time_numeric_standardized,DEVELOPMENT
POS-0062,444,Benzimidazole,Non specificata,Co,Co(NO3)2·6H2O,DMF,Nessuno,140,48.0,4.0,1.0,4.0,,,,,Solvothermal,2,development_positive,numeric_decimal_standardized;temperature_numeric_standardized;time_numeric_standardized,DEVELOPMENT
POS-0063,445,"4,5-Dichloroimidazole",Non specificata,Zn,Zn(NO3)2·6H2O,DMF,Nessuno,85,24.0,4.0,1.0,4.0,,,,,Solvothermal,2,development_positive,numeric_decimal_standardized;temperature_numeric_standardized;time_numeric_standardized,DEVELOPMENT
POS-0064,446,Fumaric acid,Non specificata,Fe,FeCl3·6H2O,H2O,Nessuno,65,12.0,5.0,5.0,1.0,,,,,Hydrothermal,2,development_positive,numeric_decimal_standardized;temperature_numeric_standardized;time_numeric_standardized,DEVELOPMENT
POS-0065,447,"1,4-Benzenedicarboxylic acid (H2BDC)",Non specificata,Fe,FeCl3·6H2O,DMF,Nessuno,100,12.0,5.0,5.0,1.0,,,,,Solvothermal,2,development_positive,numeric_decimal_standardized;temperature_numeric_standardized;time_numeric_standardized,DEVELOPMENT
POS-0066,448,"2,6-Naphthalenedicarboxylic acid",Non specificata,Fe,FeCl3·6H2O,DMF,Nessuno,100,12.0,5.0,5.0,1.0,,,,,Solvothermal,2,development_positive,numeric_decimal_standardized;temperature_numeric_standardized;time_numeric_standardized,DEVELOPMENT
POS-0067,449,"4,4'-Biphenyldicarboxylic acid",Non specificata,Fe,FeCl3·6H2O,DMF,Nessuno,100,12.0,5.0,5.0,1.0,,,,,Solvothermal,2,development_positive,numeric_decimal_standardized;temperature_numeric_standardized;time_numeric_standardized,DEVELOPMENT
POS-0068,450,"1,4-Benzenedicarboxylic acid (H2BDC)",Non specificata,Al,Al(NO3)3·9H2O,DMF,Nessuno,130,24.0,3.0,3.0,1.0,,,,,Solvothermal,2,development_positive,numeric_decimal_standardized;temperature_numeric_standardized;time_numeric_standardized,DEVELOPMENT
POS-0069,451,"1,4-Benzenedicarboxylic acid (H2BDC)",Non specificata,In,In(NO3)3·xH2O,DMF,Nessuno,100,48.0,2.0,2.0,1.0,,,,,Solvothermal,2,development_positive,numeric_decimal_standardized;temperature_numeric_standardized;time_numeric_standardized,DEVELOPMENT
POS-0070,452,"1,4-Benzenedicarboxylic acid (H2BDC)",Non specificata,Ti,Ti(OiPr)4,DMF/MeOH,Nessuno,150,15.0,12.0,6.0,2.0,,,,,Solvothermal,2,development_positive,numeric_decimal_standardized;temperature_numeric_standardized;time_numeric_standardized,DEVELOPMENT
POS-0071,456,5-Methoxyisophthalic acid,Non specificata,Al,Al(ClO4)3·6H2O,H2O,Nessuno,130,12.0,2.0,2.0,1.0,,,,,Hydrothermal,2,development_positive,numeric_decimal_standardized;temperature_numeric_standardized;time_numeric_standardized,DEVELOPMENT
POS-0072,457,5-Nitroisophthalic acid,Non specificata,Al,Al(ClO4)3·6H2O,H2O,Nessuno,130,12.0,2.0,2.0,1.0,,,,,Hydrothermal,2,development_positive,numeric_decimal_standardized;temperature_numeric_standardized;time_numeric_standardized,DEVELOPMENT
POS-0073,458,"trans-Cyclohexane-1,4-dicarboxylic acid",Non specificata,Al,Al2(SO4)3·18H2O,H2O,Nessuno,180,24.0,3.0,1.5,2.0,,,,,Hydrothermal,2,development_positive,numeric_decimal_standardized;temperature_numeric_standardized;time_numeric_standardized,DEVELOPMENT
POS-0074,459,TCPP (Tetrakis(4-carboxyphenyl)porphyrin),Non specificata,Zr,ZrOCl2·8H2O,DMF/BA,Nessuno,120,12.0,0.04,0.3,0.1333,,,,,Solvothermal,2,development_positive,temperature_numeric_standardized;time_numeric_standardized,DEVELOPMENT
POS-0075,460,TCPP,Non specificata,Hf,HfCl4,DMF/BA,Nessuno,120,24.0,0.03,0.2,0.15,,,,,Solvothermal,2,development_positive,temperature_numeric_standardized;time_numeric_standardized,DEVELOPMENT
POS-0076,461,TCPP,Non specificata,Fe,FeCl3,DMF,Nessuno,150,24.0,0.08,0.5,0.16,,,,,Solvothermal,2,development_positive,temperature_numeric_standardized;time_numeric_standardized,DEVELOPMENT
POS-0077,462,Fumaric acid,Non specificata,Zr,ZrCl4,DMF/Formic acid,Nessuno,120,24.0,1.0,1.0,1.0,,,,,Solvothermal,2,development_positive,numeric_decimal_standardized;temperature_numeric_standardized;time_numeric_standardized,DEVELOPMENT
POS-0078,464,"Pyrazole-3,5-dicarboxylic acid",Non specificata,Zr,ZrCl4,DMF/Formic acid,Nessuno,120,24.0,1.0,1.0,1.0,,,,,Solvothermal,2,development_positive,numeric_decimal_standardized;temperature_numeric_standardized;time_numeric_standardized,DEVELOPMENT
POS-0079,465,"1H-pyrazole-3,5-dicarboxylic acid",Non specificata,Al,AlCl3·6H2O,H2O,Nessuno,100,24.0,2.0,2.0,1.0,,,,,Hydrothermal,2,development_positive,numeric_decimal_standardized;temperature_numeric_standardized;time_numeric_standardized,DEVELOPMENT
POS-0080,466,"1,4-Benzenedicarboxylic acid (H2BDC)",Non specificata,Fe,FeCl3,EtOH,Nessuno,80,24.0,1.0,2.0,0.5,,,,,Solvothermal,2,development_positive,numeric_decimal_standardized;temperature_numeric_standardized;time_numeric_standardized,DEVELOPMENT
POS-0081,468,"5-(2,4,6-trioxohexahydro-1,3,5-triazin-1-yl)isophthalic acid",Non specificata,Cu,Cu(NO3)2·2.5H2O,DMA/DMSO,Nessuno,85,72.0,0.15,0.5,0.3,,,,,Solvothermal,2,development_positive,temperature_numeric_standardized;time_numeric_standardized,DEVELOPMENT
POS-0082,470,"4,4'-(naphthalene-2,6-diyl)dibenzonic acid",Non specificata,Cu,Cu(NO3)2·2.5H2O,DMF,Nessuno,85,48.0,0.2,0.6,0.3333,,,,,Solvothermal,2,development_positive,temperature_numeric_standardized;time_numeric_standardized,DEVELOPMENT
POS-0083,471,Imidazole (3.0) / Benzimidazole (1.0),Non specificata,Zn,Zn(NO3)2·6H2O,DMF,Nessuno,130,48.0,4.0,1.0,4.0,,,,,Solvothermal,2,development_positive,numeric_decimal_standardized;temperature_numeric_standardized;time_numeric_standardized,DEVELOPMENT
POS-0084,473,2-Ethylimidazole,Non specificata,Zn,Zn(ClO4)2·6H2O,MeOH/NH3,Nessuno,25,24.0,4.0,1.0,4.0,,,,,Room Temperature,2,development_positive,numeric_decimal_standardized;temperature_numeric_standardized;time_numeric_standardized,DEVELOPMENT
POS-0085,474,4-Methyl-5-imidazolecarboxaldehyde,Non specificata,Zn,Zn(NO3)2·6H2O,DMF,Nessuno,85,24.0,4.0,1.0,4.0,,,,,Solvothermal,2,development_positive,numeric_decimal_standardized;temperature_numeric_standardized;time_numeric_standardized,DEVELOPMENT
POS-0086,475,"Adenine (0.4) / 4,4'-BPDC (0.8)",Non specificata,Zn,Zn(NO3)2·6H2O,DMF,Nessuno,130,24.0,1.2,1.2,1.0,,,,,Solvothermal,2,development_positive,numeric_decimal_standardized;temperature_numeric_standardized;time_numeric_standardized,DEVELOPMENT
POS-0087,477,"Pyrazine-2,3-dicarboxylic acid",Non specificata,Zn,Zn(NO3)2·6H2O,H2O,Nessuno,140,24.0,1.0,2.0,0.5,,,,,Hydrothermal,2,development_positive,numeric_decimal_standardized;temperature_numeric_standardized;time_numeric_standardized,DEVELOPMENT
POS-0088,479,BHB-based tetracarboxylate,Non specificata,Cu,Cu(NO3)2·2.5H2O,DMF/Dioxane,Nessuno,65,48.0,0.2,0.8,0.25,,,,,Solvothermal,2,development_positive,temperature_numeric_standardized;time_numeric_standardized,DEVELOPMENT
POS-0089,480,"2,5-Dihydroxyterephthalic acid",Non specificata,Mg,Mg(OAc)2·4H2O,H2O/THF,Nessuno,110,24.0,1.0,3.3,0.303,,,,,Solvothermal,2,development_positive,numeric_decimal_standardized;solvent_canonicalized;temperature_numeric_standardized;time_numeric_standardized,DEVELOPMENT
POS-0090,481,"2,6-Naphthalenedicarboxylic acid",Non specificata,Al,Al(NO3)3·9H2O,DMF,Nessuno,120,24.0,2.0,2.0,1.0,,,,,Solvothermal,2,development_positive,numeric_decimal_standardized;temperature_numeric_standardized;time_numeric_standardized,DEVELOPMENT
POS-0091,482,"4,4'-Biphenyldicarboxylic acid",Non specificata,Al,Al(NO3)3·9H2O,DMF,Nessuno,120,24.0,2.0,2.0,1.0,,,,,Solvothermal,2,development_positive,numeric_decimal_standardized;temperature_numeric_standardized;time_numeric_standardized,DEVELOPMENT
POS-0092,483,TCPP,Non specificata,Al,Al(NO3)3·9H2O,H2O,Nessuno,180,24.0,0.1,0.5,0.2,,,,,Hydrothermal,2,development_positive,temperature_numeric_standardized;time_numeric_standardized,DEVELOPMENT
POS-0093,484,Fumaric acid,Non specificata,Zr,ZrOCl2·8H2O,H2O/Formic acid,Nessuno,100,24.0,2.0,2.0,1.0,,,,,Hydrothermal,2,development_positive,numeric_decimal_standardized;solvent_canonicalized;temperature_numeric_standardized;time_numeric_standardized,DEVELOPMENT
POS-0094,485,"1,4-Benzenedicarboxylic acid (H2BDC)",Non specificata,Ce,Ce(NH4)2(NO3)6,DMF,Nessuno,100,15.0,1.0,1.0,1.0,,,,,Solvothermal,2,development_positive,numeric_decimal_standardized;temperature_numeric_standardized;time_numeric_standardized,DEVELOPMENT
POS-0095,486,"1,4-Benzenedicarboxylic acid (H2BDC)",Non specificata,Hf,HfCl4,DMF/HCl,Nessuno,120,24.0,1.0,1.0,1.0,,,,,Solvothermal,2,development_positive,numeric_decimal_standardized;temperature_numeric_standardized;time_numeric_standardized,DEVELOPMENT
POS-0096,487,"4,4'-Biphenyldicarboxylic acid",Non specificata,Hf,HfCl4,DMF/HCl,Nessuno,120,24.0,0.8,0.8,1.0,,,,,Solvothermal,2,development_positive,numeric_decimal_standardized;temperature_numeric_standardized;time_numeric_standardized,DEVELOPMENT
POS-0097,488,"2,5-Thiophenedicarboxylic acid",Non specificata,Zr,ZrCl4,DMF/Propanol,Nessuno,120,24.0,1.0,1.0,1.0,,,,,Solvothermal,2,development_positive,numeric_decimal_standardized;temperature_numeric_standardized;time_numeric_standardized,DEVELOPMENT
POS-0098,489,TDPAT,Non specificata,Fe,FeCl3,DMF,Nessuno,120,48.0,0.3,1.0,0.3,,,,,Solvothermal,2,development_positive,numeric_decimal_standardized;temperature_numeric_standardized;time_numeric_standardized,DEVELOPMENT
POS-0099,490,TCPP,Non specificata,Zr,ZrCl4,DMF,Nessuno,120,24.0,0.05,0.3,0.1667,,,,,Solvothermal,2,development_positive,temperature_numeric_standardized;time_numeric_standardized,DEVELOPMENT
POS-0100,491,TCPP,Non specificata,Zr,ZrOCl2·8H2O,DMF/Benzoic acid,Nessuno,120,24.0,0.05,0.3,0.1667,,,,,Solvothermal,2,development_positive,temperature_numeric_standardized;time_numeric_standardized;exact_duplicate_candidate,DEVELOPMENT
POS-0101,494,H4TBAPy derivative,Non specificata,Zr,ZrOCl2·8H2O,DMF/TFA,Nessuno,120,24.0,0.05,0.25,0.2,,,,,Solvothermal,2,development_positive,temperature_numeric_standardized;time_numeric_standardized,DEVELOPMENT
POS-0102,500,"4,4'-Bipyridine (0.5) / H2BDC (0.5)",Non specificata,Cd,Cd(NO3)2·4H2O,DMF,Nessuno,100,48.0,1.0,1.0,1.0,,,,,Solvothermal,2,development_positive,numeric_decimal_standardized;temperature_numeric_standardized;time_numeric_standardized,DEVELOPMENT
POS-0103,501,2-Fluoroterephthalic acid,Non specificata,Zr,ZrCl4,DMF/HCl,HCl,120,24.0,1.0,1.0,1.0,,,,,Solvothermal,2,development_positive,numeric_decimal_standardized;temperature_numeric_standardized;time_numeric_standardized,DEVELOPMENT
POS-0104,502,"1,2,4,5-Benzenetetracarboxylic acid",Non specificata,Zr,ZrOCl2·8H2O,DMF/H2O,Acido acetico,100,24.0,0.5,1.0,0.5,,,,,Solvothermal,2,development_positive,additive_canonicalized;numeric_decimal_standardized;solvent_canonicalized;temperature_numeric_standardized;time_numeric_standardized,DEVELOPMENT
POS-0105,503,2-Sulfoterephthalic acid monosodium salt,Non specificata,Zr,ZrCl4,DMF/HCl,HCl,120,24.0,1.0,1.0,1.0,,,,,Solvothermal,2,development_positive,numeric_decimal_standardized;temperature_numeric_standardized;time_numeric_standardized,DEVELOPMENT
POS-0106,504,"2,5-Dihydroxyterephthalic acid",Non specificata,Zr,ZrOCl2·8H2O,DMF/H2O,Acido benzoico,120,24.0,1.0,1.0,1.0,,,,,Solvothermal,2,development_positive,additive_canonicalized;numeric_decimal_standardized;solvent_canonicalized;temperature_numeric_standardized;time_numeric_standardized,DEVELOPMENT
POS-0107,505,"1,4-Benzenedicarboxylic acid (H2BDC)",Non specificata,Ce,Ce(NH4)2(NO3)6,DMF,Acido formico,100,15.0,1.0,1.0,1.0,,,,,Solvothermal,2,development_positive,additive_canonicalized;numeric_decimal_standardized;temperature_numeric_standardized;time_numeric_standardized,DEVELOPMENT
POS-0108,507,"2,5-Dimethylterephthalic acid",Non specificata,Zr,ZrCl4,DMF/HCl,HCl,120,24.0,1.0,1.0,1.0,,,,,Solvothermal,2,development_positive,numeric_decimal_standardized;temperature_numeric_standardized;time_numeric_standardized,DEVELOPMENT
POS-0109,508,"2,5-Dinitroterephthalic acid",Non specificata,Zr,ZrCl4,DMF/HCl,HCl,120,24.0,1.0,1.0,1.0,,,,,Solvothermal,2,development_positive,numeric_decimal_standardized;temperature_numeric_standardized;time_numeric_standardized,DEVELOPMENT
POS-0110,509,"2-Amino-[1,1'-biphenyl]-4,4'-dicarboxylic acid",Non specificata,Zr,ZrCl4,DMF/HCl,HCl,120,24.0,0.5,0.5,1.0,,,,,Solvothermal,2,development_positive,numeric_decimal_standardized;temperature_numeric_standardized;time_numeric_standardized,DEVELOPMENT
POS-0111,510,"3,3'-Dimethyl-[1,1'-biphenyl]-4,4'-dicarboxylic acid",Non specificata,Zr,ZrCl4,DMF/HCl,Acido benzoico,120,24.0,0.5,0.5,1.0,,,,,Solvothermal,2,development_positive,additive_canonicalized;numeric_decimal_standardized;temperature_numeric_standardized;time_numeric_standardized,DEVELOPMENT
POS-0112,511,"2'-Amino-[1,1':4',1''-terphenyl]-4,4''-dicarboxylic acid",Non specificata,Zr,ZrCl4,DMF/HCl,Acido benzoico,120,24.0,0.3,0.3,1.0,,,,,Solvothermal,2,development_positive,additive_canonicalized;numeric_decimal_standardized;temperature_numeric_standardized;time_numeric_standardized,DEVELOPMENT
POS-0113,512,"2,6-Naphthalenedicarboxylic acid",Non specificata,Zr,ZrCl4,DMF/Acetic acid,Acido acetico,120,24.0,1.0,1.0,1.0,,,,,Solvothermal,2,development_positive,additive_canonicalized;numeric_decimal_standardized;temperature_numeric_standardized;time_numeric_standardized,DEVELOPMENT
POS-0114,513,"2,6-Naphthalenedicarboxylic acid",Non specificata,Hf,HfCl4,DMF/Acetic acid,Acido acetico,120,24.0,1.0,1.0,1.0,,,,,Solvothermal,2,development_positive,additive_canonicalized;numeric_decimal_standardized;temperature_numeric_standardized;time_numeric_standardized,DEVELOPMENT
POS-0115,514,Fumaric acid,Non specificata,Zr,ZrOCl2·8H2O,H2O/Formic acid,Acido formico,100,24.0,2.0,2.0,1.0,,,,,Hydrothermal,2,development_positive,additive_canonicalized;numeric_decimal_standardized;solvent_canonicalized;temperature_numeric_standardized;time_numeric_standardized,DEVELOPMENT
POS-0116,515,Fumaric acid,Non specificata,Hf,HfCl4,DMF/Formic acid,Acido formico,120,24.0,2.0,2.0,1.0,,,,,Solvothermal,2,development_positive,additive_canonicalized;numeric_decimal_standardized;temperature_numeric_standardized;time_numeric_standardized,DEVELOPMENT
POS-0117,516,5-Aminoisophthalic acid,Non specificata,Zr,ZrOCl2·8H2O,DMF/Formic acid,Acido formico,100,24.0,0.5,1.0,0.5,,,,,Solvothermal,2,development_positive,additive_canonicalized;numeric_decimal_standardized;temperature_numeric_standardized;time_numeric_standardized,DEVELOPMENT
POS-0118,518,"Pyrazole-3,5-dicarboxylic acid",Non specificata,Hf,HfCl4,DMF/Formic acid,Acido formico,120,24.0,1.0,1.0,1.0,,,,,Solvothermal,2,development_positive,additive_canonicalized;numeric_decimal_standardized;temperature_numeric_standardized;time_numeric_standardized,DEVELOPMENT
POS-0119,519,"1,3,6,8-tetrakis(p-benzoic acid)pyrene",Non specificata,Hf,HfCl4,DMF/TFA,TFA,120,18.0,0.06,0.3,0.2,,,,,Solvothermal,2,development_positive,temperature_numeric_standardized;time_numeric_standardized,DEVELOPMENT
POS-0120,520,"1,3,6,8-tetrakis(p-benzoic acid)pyrene",Non specificata,Zr,ZrOCl2·8H2O,DMF/Benzoic acid,Acido benzoico,120,18.0,0.05,0.25,0.2,,,,,Solvothermal,2,development_positive,additive_canonicalized;temperature_numeric_standardized;time_numeric_standardized,DEVELOPMENT
POS-0121,521,2-Methylimidazole,Non specificata,Co,Co(NO3)2·6H2O,H2O/MeOH,Acido formico,150,12.0,4.0,2.5,1.6,,,,,Precipitation,2,development_positive,additive_canonicalized;numeric_decimal_standardized;solvent_canonicalized;temperature_numeric_standardized;time_numeric_standardized,DEVELOPMENT
POS-0122,522,Benzimidazole,Non specificata,Co,Co(OAc)2·4H2O,MeCN,Acido benzoico,25,48.0,2.0,2.5,0.8,,,,,Room Temperature,2,development_positive,additive_canonicalized;numeric_decimal_standardized;temperature_numeric_standardized;time_numeric_standardized,DEVELOPMENT
POS-0123,524,"2,5-Dihydroxyterephthalic acid (H4DOBDC)",Non specificata,Ni,Ni(OAc)2·4H2O,DEF,Trietilammina (TEA),100,48.0,1.0,5.0,0.2,,,,,Sonochemical,2,development_positive,additive_canonicalized;numeric_decimal_standardized;temperature_numeric_standardized;time_numeric_standardized,DEVELOPMENT
POS-0124,525,"4,4'-Biphenyldicarboxylic acid (H2BPDC)",Non specificata,Fe,FeCl3·6H2O,MeOH,Trietilammina (TEA),120,4.0,1.5,5.0,0.3,,,,,Solvothermal,2,development_positive,additive_canonicalized;numeric_decimal_standardized;temperature_numeric_standardized;time_numeric_standardized,DEVELOPMENT
POS-0125,526,"2,6-Naphthalenedicarboxylic acid (2,6-NDC)",Non specificata,Fe,Fe(NO3)3·9H2O,EtOH,HNO3,130,4.0,1.5,5.0,0.3,,,,,Hydrothermal,2,development_positive,numeric_decimal_standardized;temperature_numeric_standardized;time_numeric_standardized,DEVELOPMENT
POS-0126,527,Fumaric acid,Non specificata,Al,Al(NO3)3·9H2O,H2O,Nessuno,60,24.0,1.5,2.5,0.6,,,,,Precipitation,2,development_positive,temperature_numeric_standardized;time_numeric_standardized,DEVELOPMENT
POS-0127,528,Isophthalic acid,Non specificata,Al,AlCl3·6H2O,DMF/H2O/EtOH,Acido benzoico,25,2.0,1.0,1.5,0.6667,,,,,Room Temperature,2,development_positive,additive_canonicalized;numeric_decimal_standardized;solvent_canonicalized;temperature_numeric_standardized;time_numeric_standardized,DEVELOPMENT
POS-0128,529,5-Nitroisophthalic acid,Non specificata,Zr,ZrCl4,DMF/H2O,Acido formico,85,36.0,0.25,2.0,0.125,,,,,Microwave,2,development_positive,additive_canonicalized;numeric_decimal_standardized;temperature_numeric_standardized;time_numeric_standardized,DEVELOPMENT
POS-0129,530,5-Aminoisophthalic acid,Non specificata,Zr,ZrOCl2·8H2O,DMA,Nessuno,120,6.0,2.0,4.0,0.5,,,,,Sonochemical,2,development_positive,numeric_decimal_standardized;temperature_numeric_standardized;time_numeric_standardized,DEVELOPMENT
POS-0130,531,Imidazole-2-carboxaldehyde,Non specificata,Mg,Mg(NO3)2·6H2O,H2O/THF,HCl,150,4.0,0.25,2.0,0.125,,,,,Solvothermal,2,development_positive,numeric_decimal_standardized;solvent_canonicalized;temperature_numeric_standardized;time_numeric_standardized,DEVELOPMENT
POS-0131,532,"4,4',4''-Triaminotriphenylamine",Non specificata,Mn,Mn(OAc)2·4H2O,H2O/MeOH,Acido acetico,80,72.0,2.0,1.0,2.0,,,,,Hydrothermal,2,development_positive,additive_canonicalized;numeric_decimal_standardized;solvent_canonicalized;temperature_numeric_standardized;time_numeric_standardized,DEVELOPMENT
POS-0132,534,"Pyrazine-2,3-dicarboxylic acid",Non specificata,Zn,Zn(OAc)2·2H2O,DMF,HCl,25,6.0,0.25,3.0,0.0833,,,,,Room Temperature,2,development_positive,numeric_decimal_standardized;temperature_numeric_standardized;time_numeric_standardized,DEVELOPMENT
POS-0133,535,"4,4'-Bipyridine",Non specificata,Cu,Cu(NO3)2·2.5H2O,DEF,Trietilammina (TEA),80,48.0,0.5,2.0,0.25,,,,,Microwave,2,development_positive,additive_canonicalized;numeric_decimal_standardized;temperature_numeric_standardized;time_numeric_standardized,DEVELOPMENT
POS-0134,536,"1,2,4-Triazole",Non specificata,Cu,Cu(OAc)2·H2O,MeOH,Trietilammina (TEA),130,24.0,1.5,1.0,1.5,,,,,Sonochemical,2,development_positive,additive_canonicalized;numeric_decimal_standardized;temperature_numeric_standardized;time_numeric_standardized,DEVELOPMENT
POS-0135,537,"1,4-Benzenedicarboxylic acid (H2BDC)",Non specificata,Co,Co(NO3)2·6H2O,EtOH,HCl,80,4.0,3.0,1.0,3.0,,,,,Solvothermal,2,development_positive,numeric_decimal_standardized;temperature_numeric_standardized;time_numeric_standardized,DEVELOPMENT
POS-0136,539,2-Methylimidazole,Non specificata,Ni,Ni(NO3)2·6H2O,DMF/H2O/EtOH,Acido acetico,180,18.0,2.0,5.0,0.4,,,,,Precipitation,2,development_positive,additive_canonicalized;numeric_decimal_standardized;solvent_canonicalized;temperature_numeric_standardized;time_numeric_standardized,DEVELOPMENT
POS-0137,540,Benzimidazole,Non specificata,Ni,Ni(OAc)2·4H2O,DMF/H2O,Nessuno,25,18.0,0.5,5.0,0.1,,,,,Room Temperature,2,development_positive,numeric_decimal_standardized;temperature_numeric_standardized;time_numeric_standardized,DEVELOPMENT
POS-0138,542,"2,5-Dihydroxyterephthalic acid (H4DOBDC)",Non specificata,Fe,Fe(NO3)3·9H2O,H2O/THF,Acido formico,180,2.0,4.0,2.0,2.0,,,,,Sonochemical,2,development_positive,additive_canonicalized;numeric_decimal_standardized;solvent_canonicalized;temperature_numeric_standardized;time_numeric_standardized,DEVELOPMENT
POS-0139,543,"4,4'-Biphenyldicarboxylic acid (H2BPDC)",Non specificata,Al,Al(NO3)3·9H2O,H2O/MeOH,Acido formico,85,2.0,1.0,5.0,0.2,,,,,Solvothermal,2,development_positive,additive_canonicalized;numeric_decimal_standardized;solvent_canonicalized;temperature_numeric_standardized;time_numeric_standardized,DEVELOPMENT
POS-0140,544,"2,6-Naphthalenedicarboxylic acid (2,6-NDC)",Non specificata,Al,AlCl3·6H2O,MeCN,Acido acetico,60,18.0,4.0,1.0,4.0,,,,,Hydrothermal,2,development_positive,additive_canonicalized;numeric_decimal_standardized;temperature_numeric_standardized;time_numeric_standardized,DEVELOPMENT
POS-0141,545,Fumaric acid,Non specificata,Zr,ZrCl4,DMF,Acido acetico,200,36.0,1.5,0.5,3.0,,,,,Precipitation,2,development_positive,additive_canonicalized;numeric_decimal_standardized;temperature_numeric_standardized;time_numeric_standardized,DEVELOPMENT
POS-0142,546,Isophthalic acid,Non specificata,Zr,ZrOCl2·8H2O,DEF,Acido benzoico,25,2.0,4.0,5.0,0.8,,,,,Room Temperature,2,development_positive,additive_canonicalized;numeric_decimal_standardized;temperature_numeric_standardized;time_numeric_standardized,DEVELOPMENT
POS-0143,547,5-Nitroisophthalic acid,Non specificata,Mg,Mg(NO3)2·6H2O,MeOH,Trietilammina (TEA),180,18.0,1.5,1.5,1.0,,,,,Microwave,2,development_positive,additive_canonicalized;numeric_decimal_standardized;temperature_numeric_standardized;time_numeric_standardized,DEVELOPMENT
POS-0144,548,5-Aminoisophthalic acid,Non specificata,Mn,Mn(OAc)2·4H2O,EtOH,Acido benzoico,85,2.0,2.0,1.5,1.3333,,,,,Sonochemical,2,development_positive,additive_canonicalized;numeric_decimal_standardized;temperature_numeric_standardized;time_numeric_standardized,DEVELOPMENT
POS-0145,549,Imidazole-2-carboxaldehyde,Non specificata,Zn,Zn(NO3)2·6H2O,H2O,Acido benzoico,85,2.0,0.5,2.5,0.2,,,,,Solvothermal,2,development_positive,additive_canonicalized;temperature_numeric_standardized;time_numeric_standardized,DEVELOPMENT
POS-0146,550,"4,4',4''-Triaminotriphenylamine",Non specificata,Zn,Zn(OAc)2·2H2O,DMF/H2O/EtOH,Acido acetico,150,72.0,4.0,4.0,1.0,,,,,Hydrothermal,2,development_positive,additive_canonicalized;numeric_decimal_standardized;solvent_canonicalized;temperature_numeric_standardized;time_numeric_standardized,DEVELOPMENT
POS-0147,552,"Pyrazine-2,3-dicarboxylic acid",Non specificata,Cu,Cu(OAc)2·H2O,DMA,Acido benzoico,25,12.0,2.0,3.0,0.6667,,,,,Room Temperature,2,development_positive,additive_canonicalized;numeric_decimal_standardized;temperature_numeric_standardized;time_numeric_standardized,DEVELOPMENT
POS-0148,553,"4,4'-Bipyridine",Non specificata,Co,Co(NO3)2·6H2O,H2O/THF,Acido formico,150,12.0,4.0,2.5,1.6,,,,,Microwave,2,development_positive,additive_canonicalized;numeric_decimal_standardized;solvent_canonicalized;temperature_numeric_standardized;time_numeric_standardized,DEVELOPMENT
POS-0149,554,"1,2,4-Triazole",Non specificata,Co,Co(OAc)2·4H2O,H2O/MeOH,Acido acetico,85,24.0,0.5,2.0,0.25,,,,,Sonochemical,2,development_positive,additive_canonicalized;numeric_decimal_standardized;solvent_canonicalized;temperature_numeric_standardized;time_numeric_standardized,DEVELOPMENT
POS-0150,555,"1,4-Benzenedicarboxylic acid (H2BDC)",Non specificata,Ni,Ni(NO3)2·6H2O,MeCN,HCl,200,18.0,1.5,3.0,0.5,,,,,Solvothermal,2,development_positive,numeric_decimal_standardized;temperature_numeric_standardized;time_numeric_standardized,DEVELOPMENT
POS-0151,557,2-Methylimidazole,Non specificata,Fe,FeCl3·6H2O,DEF,Trietilammina (TEA),60,2.0,1.0,0.5,2.0,,,,,Precipitation,2,development_positive,additive_canonicalized;numeric_decimal_standardized;temperature_numeric_standardized;time_numeric_standardized,DEVELOPMENT
POS-0152,558,Benzimidazole,Non specificata,Fe,Fe(NO3)3·9H2O,MeOH,Nessuno,25,72.0,2.0,2.0,1.0,,,,,Room Temperature,2,development_positive,numeric_decimal_standardized;temperature_numeric_standardized;time_numeric_standardized,DEVELOPMENT
POS-0153,560,"2,5-Dihydroxyterephthalic acid (H4DOBDC)",Non specificata,Al,AlCl3·6H2O,H2O,HCl,120,2.0,0.5,1.5,0.3333,,,,,Sonochemical,2,development_positive,temperature_numeric_standardized;time_numeric_standardized,DEVELOPMENT
POS-0154,561,"4,4'-Biphenyldicarboxylic acid (H2BPDC)",Non specificata,Zr,ZrCl4,DMF/H2O/EtOH,HCl,180,24.0,0.25,5.0,0.05,,,,,Solvothermal,2,development_positive,numeric_decimal_standardized;solvent_canonicalized;temperature_numeric_standardized;time_numeric_standardized,DEVELOPMENT
POS-0155,562,"2,6-Naphthalenedicarboxylic acid (2,6-NDC)",Non specificata,Zr,ZrOCl2·8H2O,DMF/H2O,HCl,60,2.0,1.5,1.0,1.5,,,,,Hydrothermal,2,development_positive,numeric_decimal_standardized;temperature_numeric_standardized;time_numeric_standardized,DEVELOPMENT
POS-0156,563,Fumaric acid,Non specificata,Mg,Mg(NO3)2·6H2O,DMA,HNO3,150,4.0,0.25,1.5,0.1667,,,,,Precipitation,2,development_positive,temperature_numeric_standardized;time_numeric_standardized,DEVELOPMENT
POS-0157,564,Isophthalic acid,Non specificata,Mn,Mn(OAc)2·4H2O,H2O/THF,Acido formico,25,2.0,0.25,5.0,0.05,,,,,Room Temperature,2,development_positive,additive_canonicalized;numeric_decimal_standardized;solvent_canonicalized;temperature_numeric_standardized;time_numeric_standardized,DEVELOPMENT
POS-0158,565,5-Nitroisophthalic acid,Non specificata,Zn,Zn(NO3)2·6H2O,H2O/MeOH,Trietilammina (TEA),60,4.0,1.5,1.0,1.5,,,,,Microwave,2,development_positive,additive_canonicalized;numeric_decimal_standardized;solvent_canonicalized;temperature_numeric_standardized;time_numeric_standardized,DEVELOPMENT
POS-0159,566,5-Aminoisophthalic acid,Non specificata,Zn,Zn(OAc)2·2H2O,MeCN,Nessuno,150,18.0,0.25,5.0,0.05,,,,,Sonochemical,2,development_positive,numeric_decimal_standardized;temperature_numeric_standardized;time_numeric_standardized,DEVELOPMENT
POS-0160,567,Imidazole-2-carboxaldehyde,Non specificata,Cu,Cu(NO3)2·2.5H2O,DMF,Acido acetico,85,4.0,1.5,2.5,0.6,,,,,Solvothermal,2,development_positive,additive_canonicalized;temperature_numeric_standardized;time_numeric_standardized,DEVELOPMENT
POS-0161,568,"4,4',4''-Triaminotriphenylamine",Non specificata,Cu,Cu(OAc)2·H2O,DEF,Acido formico,130,36.0,4.0,2.0,2.0,,,,,Hydrothermal,2,development_positive,additive_canonicalized;numeric_decimal_standardized;temperature_numeric_standardized;time_numeric_standardized,DEVELOPMENT
POS-0162,570,"Pyrazine-2,3-dicarboxylic acid",Non specificata,Co,Co(OAc)2·4H2O,EtOH,Trietilammina (TEA),25,12.0,3.0,1.0,3.0,,,,,Room Temperature,2,development_positive,additive_canonicalized;numeric_decimal_standardized;temperature_numeric_standardized;time_numeric_standardized,DEVELOPMENT
POS-0163,571,"4,4'-Bipyridine",Non specificata,Ni,Ni(NO3)2·6H2O,H2O,Trietilammina (TEA),60,72.0,1.0,2.0,0.5,,,,,Microwave,2,development_positive,additive_canonicalized;numeric_decimal_standardized;temperature_numeric_standardized;time_numeric_standardized,DEVELOPMENT
POS-0164,572,"1,2,4-Triazole",Non specificata,Ni,Ni(OAc)2·4H2O,DMF/H2O/EtOH,HCl,85,12.0,1.0,2.0,0.5,,,,,Sonochemical,2,development_positive,numeric_decimal_standardized;solvent_canonicalized;temperature_numeric_standardized;time_numeric_standardized,DEVELOPMENT
POS-0165,573,"1,4-Benzenedicarboxylic acid (H2BDC)",Non specificata,Fe,FeCl3·6H2O,DMF/H2O,HCl,85,6.0,1.0,4.0,0.25,,,,,Solvothermal,2,development_positive,numeric_decimal_standardized;temperature_numeric_standardized;time_numeric_standardized,DEVELOPMENT
POS-0166,575,2-Methylimidazole,Non specificata,Al,Al(NO3)3·9H2O,H2O/THF,HCl,80,48.0,1.0,0.5,2.0,,,,,Precipitation,2,development_positive,numeric_decimal_standardized;solvent_canonicalized;temperature_numeric_standardized;time_numeric_standardized,DEVELOPMENT
POS-0167,576,Benzimidazole,Non specificata,Al,AlCl3·6H2O,H2O/MeOH,Acido benzoico,25,72.0,0.5,0.5,1.0,,,,,Room Temperature,2,development_positive,additive_canonicalized;numeric_decimal_standardized;solvent_canonicalized;temperature_numeric_standardized;time_numeric_standardized,DEVELOPMENT
POS-0168,578,"2,5-Dihydroxyterephthalic acid (H4DOBDC)",Non specificata,Zr,ZrOCl2·8H2O,DMF,Trietilammina (TEA),100,2.0,0.25,1.0,0.25,,,,,Sonochemical,2,development_positive,additive_canonicalized;numeric_decimal_standardized;temperature_numeric_standardized;time_numeric_standardized,DEVELOPMENT
POS-0169,579,"4,4'-Biphenyldicarboxylic acid (H2BPDC)",Non specificata,Mg,Mg(NO3)2·6H2O,DEF,Acido benzoico,120,18.0,1.0,5.0,0.2,,,,,Solvothermal,2,development_positive,additive_canonicalized;numeric_decimal_standardized;temperature_numeric_standardized;time_numeric_standardized,DEVELOPMENT
POS-0170,580,"2,6-Naphthalenedicarboxylic acid (2,6-NDC)",Non specificata,Mn,Mn(OAc)2·4H2O,MeOH,Acido formico,200,72.0,1.0,1.5,0.6667,,,,,Hydrothermal,2,development_positive,additive_canonicalized;numeric_decimal_standardized;temperature_numeric_standardized;time_numeric_standardized,DEVELOPMENT
POS-0171,581,Fumaric acid,Non specificata,Zn,Zn(NO3)2·6H2O,EtOH,HCl,100,48.0,0.25,3.0,0.0833,,,,,Precipitation,2,development_positive,numeric_decimal_standardized;temperature_numeric_standardized;time_numeric_standardized,DEVELOPMENT
POS-0172,582,Isophthalic acid,Non specificata,Zn,Zn(OAc)2·2H2O,H2O,Trietilammina (TEA),25,2.0,1.5,5.0,0.3,,,,,Room Temperature,2,development_positive,additive_canonicalized;numeric_decimal_standardized;temperature_numeric_standardized;time_numeric_standardized,DEVELOPMENT
POS-0173,583,5-Nitroisophthalic acid,Non specificata,Cu,Cu(NO3)2·2.5H2O,DMF/H2O/EtOH,Trietilammina (TEA),180,12.0,1.0,3.0,0.3333,,,,,Microwave,2,development_positive,additive_canonicalized;numeric_decimal_standardized;solvent_canonicalized;temperature_numeric_standardized;time_numeric_standardized,DEVELOPMENT
POS-0174,584,5-Aminoisophthalic acid,Non specificata,Cu,Cu(OAc)2·H2O,DMF/H2O,Acido acetico,200,6.0,2.0,0.5,4.0,,,,,Sonochemical,2,development_positive,additive_canonicalized;numeric_decimal_standardized;temperature_numeric_standardized;time_numeric_standardized,DEVELOPMENT
POS-0175,585,Imidazole-2-carboxaldehyde,Non specificata,Co,Co(NO3)2·6H2O,DMA,HNO3,80,4.0,1.0,3.0,0.3333,,,,,Solvothermal,2,development_positive,numeric_decimal_standardized;temperature_numeric_standardized;time_numeric_standardized,DEVELOPMENT
POS-0176,586,"4,4',4''-Triaminotriphenylamine",Non specificata,Co,Co(OAc)2·4H2O,H2O/THF,Nessuno,200,12.0,1.5,0.5,3.0,,,,,Hydrothermal,2,development_positive,numeric_decimal_standardized;solvent_canonicalized;temperature_numeric_standardized;time_numeric_standardized,DEVELOPMENT
POS-0177,588,"Pyrazine-2,3-dicarboxylic acid",Non specificata,Ni,Ni(OAc)2·4H2O,MeCN,HCl,25,2.0,0.25,5.0,0.05,,,,,Room Temperature,2,development_positive,numeric_decimal_standardized;temperature_numeric_standardized;time_numeric_standardized,DEVELOPMENT
POS-0178,589,"4,4'-Bipyridine",Non specificata,Fe,FeCl3·6H2O,DMF,Trietilammina (TEA),85,24.0,3.0,4.0,0.75,,,,,Microwave,2,development_positive,additive_canonicalized;numeric_decimal_standardized;temperature_numeric_standardized;time_numeric_standardized,DEVELOPMENT
POS-0179,590,"1,2,4-Triazole",Non specificata,Fe,Fe(NO3)3·9H2O,DEF,Trietilammina (TEA),130,24.0,1.0,2.5,0.4,,,,,Sonochemical,2,development_positive,additive_canonicalized;numeric_decimal_standardized;temperature_numeric_standardized;time_numeric_standardized,DEVELOPMENT
POS-0180,591,"1,4-Benzenedicarboxylic acid (H2BDC)",Non specificata,Al,Al(NO3)3·9H2O,MeOH,Nessuno,180,4.0,3.0,2.5,1.2,,,,,Solvothermal,2,development_positive,numeric_decimal_standardized;temperature_numeric_standardized;time_numeric_standardized,DEVELOPMENT
POS-0181,593,2-Methylimidazole,Non specificata,Zr,ZrCl4,H2O,Nessuno,100,6.0,0.25,5.0,0.05,,,,,Precipitation,2,development_positive,numeric_decimal_standardized;temperature_numeric_standardized;time_numeric_standardized,DEVELOPMENT
POS-0182,594,Benzimidazole,Non specificata,Zr,ZrOCl2·8H2O,DMF/H2O/EtOH,HCl,25,18.0,1.0,3.0,0.3333,,,,,Room Temperature,2,development_positive,numeric_decimal_standardized;solvent_canonicalized;temperature_numeric_standardized;time_numeric_standardized,DEVELOPMENT
POS-0183,596,"2,5-Dihydroxyterephthalic acid (H4DOBDC)",Non specificata,Mn,Mn(OAc)2·4H2O,DMA,HCl,120,6.0,0.25,2.0,0.125,,,,,Sonochemical,2,development_positive,numeric_decimal_standardized;temperature_numeric_standardized;time_numeric_standardized,DEVELOPMENT
POS-0184,597,"4,4'-Biphenyldicarboxylic acid (H2BPDC)",Non specificata,Zn,Zn(NO3)2·6H2O,H2O/THF,Acido acetico,120,36.0,1.0,0.5,2.0,,,,,Solvothermal,2,development_positive,additive_canonicalized;numeric_decimal_standardized;solvent_canonicalized;temperature_numeric_standardized;time_numeric_standardized,DEVELOPMENT
POS-0185,598,"2,6-Naphthalenedicarboxylic acid (2,6-NDC)",Non specificata,Zn,Zn(OAc)2·2H2O,H2O/MeOH,Trietilammina (TEA),200,24.0,1.0,1.0,1.0,,,,,Hydrothermal,2,development_positive,additive_canonicalized;numeric_decimal_standardized;solvent_canonicalized;temperature_numeric_standardized;time_numeric_standardized,DEVELOPMENT
POS-0186,599,Fumaric acid,Non specificata,Cu,Cu(NO3)2·2.5H2O,MeCN,Trietilammina (TEA),180,4.0,4.0,5.0,0.8,,,,,Precipitation,2,development_positive,additive_canonicalized;numeric_decimal_standardized;temperature_numeric_standardized;time_numeric_standardized,DEVELOPMENT
POS-0187,600,Isophthalic acid,Non specificata,Cu,Cu(OAc)2·H2O,DMF,Acido formico,25,36.0,4.0,1.0,4.0,,,,,Room Temperature,2,development_positive,additive_canonicalized;numeric_decimal_standardized;temperature_numeric_standardized;time_numeric_standardized,DEVELOPMENT
POS-0188,601,5-Nitroisophthalic acid,Non specificata,Co,Co(NO3)2·6H2O,DEF,Nessuno,80,2.0,0.25,5.0,0.05,,,,,Microwave,2,development_positive,numeric_decimal_standardized;temperature_numeric_standardized;time_numeric_standardized,DEVELOPMENT
POS-0189,602,5-Aminoisophthalic acid,Non specificata,Co,Co(OAc)2·4H2O,MeOH,Acido benzoico,130,36.0,0.5,2.5,0.2,,,,,Sonochemical,2,development_positive,additive_canonicalized;temperature_numeric_standardized;time_numeric_standardized,DEVELOPMENT
POS-0190,603,Imidazole-2-carboxaldehyde,Non specificata,Ni,Ni(NO3)2·6H2O,EtOH,HCl,85,4.0,2.0,0.5,4.0,,,,,Solvothermal,2,development_positive,numeric_decimal_standardized;temperature_numeric_standardized;time_numeric_standardized,DEVELOPMENT
POS-0191,604,"4,4',4''-Triaminotriphenylamine",Non specificata,Ni,Ni(OAc)2·4H2O,H2O,HCl,150,72.0,2.0,2.0,1.0,,,,,Hydrothermal,2,development_positive,numeric_decimal_standardized;temperature_numeric_standardized;time_numeric_standardized,DEVELOPMENT
POS-0192,606,"Pyrazine-2,3-dicarboxylic acid",Non specificata,Fe,Fe(NO3)3·9H2O,DMF/H2O,HCl,25,6.0,4.0,4.0,1.0,,,,,Room Temperature,2,development_positive,numeric_decimal_standardized;temperature_numeric_standardized;time_numeric_standardized,DEVELOPMENT
POS-0193,607,"4,4'-Bipyridine",Non specificata,Al,Al(NO3)3·9H2O,DMA,Acido benzoico,80,4.0,4.0,5.0,0.8,,,,,Microwave,2,development_positive,additive_canonicalized;numeric_decimal_standardized;temperature_numeric_standardized;time_numeric_standardized,DEVELOPMENT
POS-0194,608,"1,2,4-Triazole",Non specificata,Al,AlCl3·6H2O,H2O/THF,Acido benzoico,130,6.0,0.5,0.5,1.0,,,,,Sonochemical,2,development_positive,additive_canonicalized;numeric_decimal_standardized;solvent_canonicalized;temperature_numeric_standardized;time_numeric_standardized,DEVELOPMENT
POS-0195,609,"1,4-Benzenedicarboxylic acid (H2BDC)",Non specificata,Zr,ZrCl4,H2O/MeOH,Acido acetico,130,24.0,1.5,0.5,3.0,,,,,Solvothermal,2,development_positive,additive_canonicalized;numeric_decimal_standardized;solvent_canonicalized;temperature_numeric_standardized;time_numeric_standardized,DEVELOPMENT
POS-0196,611,2-Methylimidazole,Non specificata,Mg,Mg(NO3)2·6H2O,DMF,HCl,60,48.0,1.5,2.5,0.6,,,,,Precipitation,2,development_positive,temperature_numeric_standardized;time_numeric_standardized,DEVELOPMENT
POS-0197,612,Benzimidazole,Non specificata,Mn,Mn(OAc)2·4H2O,DEF,Trietilammina (TEA),25,18.0,1.5,4.0,0.375,,,,,Room Temperature,2,development_positive,additive_canonicalized;numeric_decimal_standardized;temperature_numeric_standardized;time_numeric_standardized,DEVELOPMENT
POS-0198,614,"2,5-Dihydroxyterephthalic acid (H4DOBDC)",Non specificata,Zn,Zn(OAc)2·2H2O,EtOH,Acido formico,80,6.0,4.0,0.5,8.0,,,,,Sonochemical,2,development_positive,additive_canonicalized;numeric_decimal_standardized;temperature_numeric_standardized;time_numeric_standardized,DEVELOPMENT
POS-0199,615,"4,4'-Biphenyldicarboxylic acid (H2BPDC)",Non specificata,Cu,Cu(NO3)2·2.5H2O,H2O,Trietilammina (TEA),150,18.0,2.0,1.0,2.0,,,,,Solvothermal,2,development_positive,additive_canonicalized;numeric_decimal_standardized;temperature_numeric_standardized;time_numeric_standardized,DEVELOPMENT
POS-0200,616,"2,6-Naphthalenedicarboxylic acid (2,6-NDC)",Non specificata,Cu,Cu(OAc)2·H2O,DMF/H2O/EtOH,Nessuno,150,72.0,2.0,2.0,1.0,,,,,Hydrothermal,2,development_positive,numeric_decimal_standardized;solvent_canonicalized;temperature_numeric_standardized;time_numeric_standardized,DEVELOPMENT
POS-0201,617,Fumaric acid,Non specificata,Co,Co(NO3)2·6H2O,DMF/H2O,Trietilammina (TEA),60,4.0,3.0,5.0,0.6,,,,,Precipitation,2,development_positive,additive_canonicalized;numeric_decimal_standardized;temperature_numeric_standardized;time_numeric_standardized,DEVELOPMENT
POS-0202,618,Isophthalic acid,Non specificata,Co,Co(OAc)2·4H2O,DMA,HNO3,25,72.0,2.0,5.0,0.4,,,,,Room Temperature,2,development_positive,numeric_decimal_standardized;temperature_numeric_standardized;time_numeric_standardized,DEVELOPMENT
POS-0203,619,5-Nitroisophthalic acid,Non specificata,Ni,Ni(NO3)2·6H2O,H2O/THF,HNO3,60,36.0,4.0,5.0,0.8,,,,,Microwave,2,development_positive,numeric_decimal_standardized;solvent_canonicalized;temperature_numeric_standardized;time_numeric_standardized,DEVELOPMENT
POS-0204,620,5-Aminoisophthalic acid,Non specificata,Ni,Ni(OAc)2·4H2O,H2O/MeOH,Acido acetico,130,36.0,1.5,1.5,1.0,,,,,Sonochemical,2,development_positive,additive_canonicalized;numeric_decimal_standardized;solvent_canonicalized;temperature_numeric_standardized;time_numeric_standardized,DEVELOPMENT
POS-0205,621,Imidazole-2-carboxaldehyde,Non specificata,Fe,FeCl3·6H2O,MeCN,HNO3,85,18.0,0.25,3.0,0.0833,,,,,Solvothermal,2,development_positive,numeric_decimal_standardized;temperature_numeric_standardized;time_numeric_standardized,DEVELOPMENT
POS-0206,622,"4,4',4''-Triaminotriphenylamine",Non specificata,Fe,Fe(NO3)3·9H2O,DMF,Trietilammina (TEA),120,2.0,3.0,3.0,1.0,,,,,Hydrothermal,2,development_positive,additive_canonicalized;numeric_decimal_standardized;temperature_numeric_standardized;time_numeric_standardized,DEVELOPMENT
POS-0207,624,"Pyrazine-2,3-dicarboxylic acid",Non specificata,Al,AlCl3·6H2O,MeOH,Nessuno,25,18.0,1.5,4.0,0.375,,,,,Room Temperature,2,development_positive,numeric_decimal_standardized;temperature_numeric_standardized;time_numeric_standardized,DEVELOPMENT
POS-0208,625,"4,4'-Bipyridine",Non specificata,Zr,ZrCl4,EtOH,Trietilammina (TEA),120,36.0,0.5,1.0,0.5,,,,,Microwave,2,development_positive,additive_canonicalized;numeric_decimal_standardized;temperature_numeric_standardized;time_numeric_standardized,DEVELOPMENT
POS-0209,626,"1,2,4-Triazole",Non specificata,Zr,ZrOCl2·8H2O,H2O,Acido benzoico,120,12.0,1.5,1.0,1.5,,,,,Sonochemical,2,development_positive,additive_canonicalized;numeric_decimal_standardized;temperature_numeric_standardized;time_numeric_standardized,DEVELOPMENT
POS-0210,627,"1,4-Benzenedicarboxylic acid (H2BDC)",Non specificata,Mg,Mg(NO3)2·6H2O,DMF/H2O/EtOH,HNO3,85,2.0,2.0,5.0,0.4,,,,,Solvothermal,2,development_positive,numeric_decimal_standardized;solvent_canonicalized;temperature_numeric_standardized;time_numeric_standardized,DEVELOPMENT
POS-0211,629,2-Methylimidazole,Non specificata,Zn,Zn(NO3)2·6H2O,DMA,Acido acetico,60,12.0,1.5,5.0,0.3,,,,,Precipitation,2,development_positive,additive_canonicalized;numeric_decimal_standardized;temperature_numeric_standardized;time_numeric_standardized,DEVELOPMENT
POS-0212,630,Benzimidazole,Non specificata,Zn,Zn(OAc)2·2H2O,H2O/THF,Nessuno,25,6.0,0.25,2.0,0.125,,,,,Room Temperature,2,development_positive,numeric_decimal_standardized;solvent_canonicalized;temperature_numeric_standardized;time_numeric_standardized,DEVELOPMENT
POS-0213,632,"2,5-Dihydroxyterephthalic acid (H4DOBDC)",Non specificata,Cu,Cu(OAc)2·H2O,MeCN,HCl,60,48.0,1.0,1.0,1.0,,,,,Sonochemical,2,development_positive,numeric_decimal_standardized;temperature_numeric_standardized;time_numeric_standardized,DEVELOPMENT
POS-0214,633,"4,4'-Biphenyldicarboxylic acid (H2BPDC)",Non specificata,Co,Co(NO3)2·6H2O,DMF,Acido benzoico,80,6.0,1.0,1.0,1.0,,,,,Solvothermal,2,development_positive,additive_canonicalized;numeric_decimal_standardized;temperature_numeric_standardized;time_numeric_standardized,DEVELOPMENT
POS-0215,634,"2,6-Naphthalenedicarboxylic acid (2,6-NDC)",Non specificata,Co,Co(OAc)2·4H2O,DEF,Acido acetico,60,48.0,0.5,2.5,0.2,,,,,Hydrothermal,2,development_positive,additive_canonicalized;temperature_numeric_standardized;time_numeric_standardized,DEVELOPMENT
POS-0216,635,Fumaric acid,Non specificata,Ni,Ni(NO3)2·6H2O,MeOH,HCl,80,6.0,4.0,0.5,8.0,,,,,Precipitation,2,development_positive,numeric_decimal_standardized;temperature_numeric_standardized;time_numeric_standardized,DEVELOPMENT
POS-0217,636,Isophthalic acid,Non specificata,Ni,Ni(OAc)2·4H2O,EtOH,Acido formico,25,18.0,2.0,1.0,2.0,,,,,Room Temperature,2,development_positive,additive_canonicalized;numeric_decimal_standardized;temperature_numeric_standardized;time_numeric_standardized,DEVELOPMENT
POS-0218,637,5-Nitroisophthalic acid,Non specificata,Fe,FeCl3·6H2O,H2O,HNO3,180,12.0,2.0,0.5,4.0,,,,,Microwave,2,development_positive,numeric_decimal_standardized;temperature_numeric_standardized;time_numeric_standardized,DEVELOPMENT
POS-0219,638,5-Aminoisophthalic acid,Non specificata,Fe,Fe(NO3)3·9H2O,DMF/H2O/EtOH,Nessuno,200,12.0,2.0,1.0,2.0,,,,,Sonochemical,2,development_positive,numeric_decimal_standardized;solvent_canonicalized;temperature_numeric_standardized;time_numeric_standardized,DEVELOPMENT
POS-0220,639,Imidazole-2-carboxaldehyde,Non specificata,Al,Al(NO3)3·9H2O,DMF/H2O,HCl,180,6.0,1.0,0.5,2.0,,,,,Solvothermal,2,development_positive,numeric_decimal_standardized;temperature_numeric_standardized;time_numeric_standardized,DEVELOPMENT
POS-0221,640,"4,4',4''-Triaminotriphenylamine",Non specificata,Al,AlCl3·6H2O,DMA,Trietilammina (TEA),80,2.0,4.0,4.0,1.0,,,,,Hydrothermal,2,development_positive,additive_canonicalized;numeric_decimal_standardized;temperature_numeric_standardized;time_numeric_standardized,DEVELOPMENT
POS-0222,642,"Pyrazine-2,3-dicarboxylic acid",Non specificata,Zr,ZrOCl2·8H2O,H2O/MeOH,Trietilammina (TEA),25,72.0,0.25,1.5,0.1667,,,,,Room Temperature,2,development_positive,additive_canonicalized;solvent_canonicalized;temperature_numeric_standardized;time_numeric_standardized,DEVELOPMENT
POS-0223,643,"4,4'-Bipyridine",Non specificata,Mg,Mg(NO3)2·6H2O,MeCN,Nessuno,60,2.0,1.5,3.0,0.5,,,,,Microwave,2,development_positive,numeric_decimal_standardized;temperature_numeric_standardized;time_numeric_standardized,DEVELOPMENT
POS-0224,644,"1,2,4-Triazole",Non specificata,Mn,Mn(OAc)2·4H2O,DMF,HCl,130,6.0,1.5,0.5,3.0,,,,,Sonochemical,2,development_positive,numeric_decimal_standardized;temperature_numeric_standardized;time_numeric_standardized,DEVELOPMENT
POS-0225,645,"1,4-Benzenedicarboxylic acid (H2BDC)",Non specificata,Zn,Zn(NO3)2·6H2O,DEF,Acido benzoico,200,6.0,0.25,2.0,0.125,,,,,Solvothermal,2,development_positive,additive_canonicalized;numeric_decimal_standardized;temperature_numeric_standardized;time_numeric_standardized,DEVELOPMENT
POS-0226,647,2-Methylimidazole,Non specificata,Cu,Cu(NO3)2·2.5H2O,EtOH,HCl,120,6.0,0.25,2.0,0.125,,,,,Precipitation,2,development_positive,numeric_decimal_standardized;temperature_numeric_standardized;time_numeric_standardized,DEVELOPMENT
POS-0227,648,Benzimidazole,Non specificata,Cu,Cu(OAc)2·H2O,H2O,Acido benzoico,25,18.0,2.0,2.0,1.0,,,,,Room Temperature,2,development_positive,additive_canonicalized;numeric_decimal_standardized;temperature_numeric_standardized;time_numeric_standardized,DEVELOPMENT
POS-0228,650,"2,5-Dihydroxyterephthalic acid (H4DOBDC)",Non specificata,Co,Co(OAc)2·4H2O,DMF/H2O,HNO3,150,18.0,4.0,1.5,2.6667,,,,,Sonochemical,2,development_positive,numeric_decimal_standardized;temperature_numeric_standardized;time_numeric_standardized,DEVELOPMENT
POS-0229,651,"4,4'-Biphenyldicarboxylic acid (H2BPDC)",Non specificata,Ni,Ni(NO3)2·6H2O,DMA,HCl,80,72.0,0.5,1.0,0.5,,,,,Solvothermal,2,development_positive,numeric_decimal_standardized;temperature_numeric_standardized;time_numeric_standardized,DEVELOPMENT
POS-0230,652,"2,6-Naphthalenedicarboxylic acid (2,6-NDC)",Non specificata,Ni,Ni(OAc)2·4H2O,H2O/THF,HNO3,60,24.0,3.0,4.0,0.75,,,,,Hydrothermal,2,development_positive,numeric_decimal_standardized;solvent_canonicalized;temperature_numeric_standardized;time_numeric_standardized,DEVELOPMENT
POS-0231,653,Fumaric acid,Non specificata,Fe,FeCl3·6H2O,H2O/MeOH,Acido acetico,180,72.0,1.0,1.0,1.0,,,,,Precipitation,2,development_positive,additive_canonicalized;numeric_decimal_standardized;solvent_canonicalized;temperature_numeric_standardized;time_numeric_standardized,DEVELOPMENT
POS-0232,654,Isophthalic acid,Non specificata,Fe,Fe(NO3)3·9H2O,MeCN,HNO3,25,4.0,2.0,2.5,0.8,,,,,Room Temperature,2,development_positive,numeric_decimal_standardized;temperature_numeric_standardized;time_numeric_standardized,DEVELOPMENT
POS-0233,655,5-Nitroisophthalic acid,Non specificata,Al,Al(NO3)3·9H2O,DMF,Nessuno,130,6.0,2.0,5.0,0.4,,,,,Microwave,2,development_positive,numeric_decimal_standardized;temperature_numeric_standardized;time_numeric_standardized,DEVELOPMENT
POS-0234,656,5-Aminoisophthalic acid,Non specificata,Al,AlCl3·6H2O,DEF,Acido benzoico,130,12.0,4.0,0.5,8.0,,,,,Sonochemical,2,development_positive,additive_canonicalized;numeric_decimal_standardized;temperature_numeric_standardized;time_numeric_standardized,DEVELOPMENT
POS-0235,657,Imidazole-2-carboxaldehyde,Non specificata,Zr,ZrCl4,MeOH,HCl,200,12.0,3.0,2.0,1.5,,,,,Solvothermal,2,development_positive,numeric_decimal_standardized;temperature_numeric_standardized;time_numeric_standardized,DEVELOPMENT
POS-0236,658,"4,4',4''-Triaminotriphenylamine",Non specificata,Zr,ZrOCl2·8H2O,EtOH,Acido acetico,85,24.0,1.0,4.0,0.25,,,,,Hydrothermal,2,development_positive,additive_canonicalized;numeric_decimal_standardized;temperature_numeric_standardized;time_numeric_standardized,DEVELOPMENT
POS-0237,660,"Pyrazine-2,3-dicarboxylic acid",Non specificata,Mn,Mn(OAc)2·4H2O,DMF/H2O/EtOH,Acido acetico,25,4.0,3.0,2.0,1.5,,,,,Room Temperature,2,development_positive,additive_canonicalized;numeric_decimal_standardized;solvent_canonicalized;temperature_numeric_standardized;time_numeric_standardized,DEVELOPMENT
POS-0238,661,"4,4'-Bipyridine",Non specificata,Zn,Zn(NO3)2·6H2O,DMF/H2O,Nessuno,100,48.0,4.0,2.5,1.6,,,,,Microwave,2,development_positive,numeric_decimal_standardized;temperature_numeric_standardized;time_numeric_standardized,DEVELOPMENT
POS-0239,662,"1,2,4-Triazole",Non specificata,Zn,Zn(OAc)2·2H2O,DMA,HCl,150,2.0,2.0,1.5,1.3333,,,,,Sonochemical,2,development_positive,numeric_decimal_standardized;temperature_numeric_standardized;time_numeric_standardized,DEVELOPMENT
POS-0240,663,"1,4-Benzenedicarboxylic acid (H2BDC)",Non specificata,Cu,Cu(NO3)2·2.5H2O,H2O/THF,Trietilammina (TEA),200,2.0,0.25,0.5,0.5,,,,,Solvothermal,2,development_positive,additive_canonicalized;solvent_canonicalized;temperature_numeric_standardized;time_numeric_standardized,DEVELOPMENT
POS-0241,665,2-Methylimidazole,Non specificata,Co,Co(NO3)2·6H2O,MeCN,HCl,120,24.0,1.0,2.5,0.4,,,,,Precipitation,2,development_positive,numeric_decimal_standardized;temperature_numeric_standardized;time_numeric_standardized,DEVELOPMENT
POS-0242,666,Benzimidazole,Non specificata,Co,Co(OAc)2·4H2O,DMF,Acido formico,25,18.0,1.0,2.0,0.5,,,,,Room Temperature,2,development_positive,additive_canonicalized;numeric_decimal_standardized;temperature_numeric_standardized;time_numeric_standardized,DEVELOPMENT
POS-0243,668,"2,5-Dihydroxyterephthalic acid (H4DOBDC)",Non specificata,Ni,Ni(OAc)2·4H2O,MeOH,Trietilammina (TEA),60,2.0,3.0,2.5,1.2,,,,,Sonochemical,2,development_positive,additive_canonicalized;numeric_decimal_standardized;temperature_numeric_standardized;time_numeric_standardized,DEVELOPMENT
POS-0244,669,"4,4'-Biphenyldicarboxylic acid (H2BPDC)",Non specificata,Fe,FeCl3·6H2O,EtOH,HCl,85,36.0,1.0,0.5,2.0,,,,,Solvothermal,2,development_positive,numeric_decimal_standardized;temperature_numeric_standardized;time_numeric_standardized,DEVELOPMENT
POS-0245,670,"2,6-Naphthalenedicarboxylic acid (2,6-NDC)",Non specificata,Fe,Fe(NO3)3·9H2O,H2O,HNO3,180,24.0,1.5,2.0,0.75,,,,,Hydrothermal,2,development_positive,numeric_decimal_standardized;temperature_numeric_standardized;time_numeric_standardized,DEVELOPMENT
POS-0246,671,Fumaric acid,Non specificata,Al,Al(NO3)3·9H2O,DMF/H2O/EtOH,HCl,180,12.0,0.5,1.0,0.5,,,,,Precipitation,2,development_positive,numeric_decimal_standardized;solvent_canonicalized;temperature_numeric_standardized;time_numeric_standardized,DEVELOPMENT
POS-0247,672,Isophthalic acid,Non specificata,Al,AlCl3·6H2O,DMF/H2O,HNO3,25,4.0,1.5,2.0,0.75,,,,,Room Temperature,2,development_positive,numeric_decimal_standardized;temperature_numeric_standardized;time_numeric_standardized,DEVELOPMENT
POS-0248,673,5-Nitroisophthalic acid,Non specificata,Zr,ZrCl4,DMA,Trietilammina (TEA),200,12.0,1.0,5.0,0.2,,,,,Microwave,2,development_positive,additive_canonicalized;numeric_decimal_standardized;temperature_numeric_standardized;time_numeric_standardized,DEVELOPMENT
POS-0249,674,5-Aminoisophthalic acid,Non specificata,Zr,ZrOCl2·8H2O,H2O/THF,HCl,60,72.0,2.0,0.5,4.0,,,,,Sonochemical,2,development_positive,numeric_decimal_standardized;solvent_canonicalized;temperature_numeric_standardized;time_numeric_standardized,DEVELOPMENT
POS-0250,675,Imidazole-2-carboxaldehyde,Non specificata,Mg,Mg(NO3)2·6H2O,H2O/MeOH,HNO3,85,24.0,1.0,1.0,1.0,,,,,Solvothermal,2,development_positive,numeric_decimal_standardized;solvent_canonicalized;temperature_numeric_standardized;time_numeric_standardized,DEVELOPMENT
POS-0251,676,"4,4',4''-Triaminotriphenylamine",Non specificata,Mn,Mn(OAc)2·4H2O,MeCN,Acido acetico,200,4.0,3.0,1.0,3.0,,,,,Hydrothermal,2,development_positive,additive_canonicalized;numeric_decimal_standardized;temperature_numeric_standardized;time_numeric_standardized,DEVELOPMENT
POS-0252,678,"Pyrazine-2,3-dicarboxylic acid",Non specificata,Zn,Zn(OAc)2·2H2O,DEF,Nessuno,25,2.0,4.0,1.0,4.0,,,,,Room Temperature,2,development_positive,numeric_decimal_standardized;temperature_numeric_standardized;time_numeric_standardized,DEVELOPMENT
POS-0253,679,"4,4'-Bipyridine",Non specificata,Cu,Cu(NO3)2·2.5H2O,MeOH,Acido formico,120,72.0,1.0,3.0,0.3333,,,,,Microwave,2,development_positive,additive_canonicalized;numeric_decimal_standardized;temperature_numeric_standardized;time_numeric_standardized,DEVELOPMENT
POS-0254,680,"1,2,4-Triazole",Non specificata,Cu,Cu(OAc)2·H2O,EtOH,Acido formico,60,2.0,0.25,1.0,0.25,,,,,Sonochemical,2,development_positive,additive_canonicalized;numeric_decimal_standardized;temperature_numeric_standardized;time_numeric_standardized,DEVELOPMENT
POS-0255,681,"1,4-Benzenedicarboxylic acid (H2BDC)",Non specificata,Co,Co(NO3)2·6H2O,H2O,Trietilammina (TEA),60,18.0,4.0,5.0,0.8,,,,,Solvothermal,2,development_positive,additive_canonicalized;numeric_decimal_standardized;temperature_numeric_standardized;time_numeric_standardized,DEVELOPMENT
POS-0256,683,2-Methylimidazole,Non specificata,Ni,Ni(NO3)2·6H2O,DMF/H2O,HNO3,85,18.0,2.0,4.0,0.5,,,,,Precipitation,2,development_positive,numeric_decimal_standardized;temperature_numeric_standardized;time_numeric_standardized,DEVELOPMENT
POS-0257,684,Benzimidazole,Non specificata,Ni,Ni(OAc)2·4H2O,DMA,Acido formico,25,18.0,0.5,1.0,0.5,,,,,Room Temperature,2,development_positive,additive_canonicalized;numeric_decimal_standardized;temperature_numeric_standardized;time_numeric_standardized,DEVELOPMENT
POS-0258,686,"2,5-Dihydroxyterephthalic acid (H4DOBDC)",Non specificata,Fe,Fe(NO3)3·9H2O,H2O/MeOH,HCl,60,6.0,2.0,2.5,0.8,,,,,Sonochemical,2,development_positive,numeric_decimal_standardized;solvent_canonicalized;temperature_numeric_standardized;time_numeric_standardized,DEVELOPMENT
POS-0259,687,"4,4'-Biphenyldicarboxylic acid (H2BPDC)",Non specificata,Al,Al(NO3)3·9H2O,MeCN,HCl,60,2.0,0.5,5.0,0.1,,,,,Solvothermal,2,development_positive,numeric_decimal_standardized;temperature_numeric_standardized;time_numeric_standardized,DEVELOPMENT
POS-0260,688,"2,6-Naphthalenedicarboxylic acid (2,6-NDC)",Non specificata,Al,AlCl3·6H2O,DMF,Acido acetico,180,36.0,0.5,1.0,0.5,,,,,Hydrothermal,2,development_positive,additive_canonicalized;numeric_decimal_standardized;temperature_numeric_standardized;time_numeric_standardized,DEVELOPMENT
POS-0261,689,Fumaric acid,Non specificata,Zr,ZrCl4,DEF,Acido acetico,130,24.0,1.0,1.5,0.6667,,,,,Precipitation,2,development_positive,additive_canonicalized;numeric_decimal_standardized;temperature_numeric_standardized;time_numeric_standardized,DEVELOPMENT
POS-0262,690,Isophthalic acid,Non specificata,Zr,ZrOCl2·8H2O,MeOH,HNO3,25,2.0,1.5,3.0,0.5,,,,,Room Temperature,2,development_positive,numeric_decimal_standardized;temperature_numeric_standardized;time_numeric_standardized,DEVELOPMENT
POS-0263,691,5-Nitroisophthalic acid,Non specificata,Mg,Mg(NO3)2·6H2O,EtOH,Acido benzoico,200,2.0,4.0,5.0,0.8,,,,,Microwave,2,development_positive,additive_canonicalized;numeric_decimal_standardized;temperature_numeric_standardized;time_numeric_standardized,DEVELOPMENT
POS-0264,692,5-Aminoisophthalic acid,Non specificata,Mn,Mn(OAc)2·4H2O,H2O,Acido acetico,150,18.0,3.0,2.5,1.2,,,,,Sonochemical,2,development_positive,additive_canonicalized;numeric_decimal_standardized;temperature_numeric_standardized;time_numeric_standardized,DEVELOPMENT
POS-0265,693,Imidazole-2-carboxaldehyde,Non specificata,Zn,Zn(NO3)2·6H2O,DMF/H2O/EtOH,Acido acetico,85,36.0,1.5,3.0,0.5,,,,,Solvothermal,2,development_positive,additive_canonicalized;numeric_decimal_standardized;solvent_canonicalized;temperature_numeric_standardized;time_numeric_standardized,DEVELOPMENT
POS-0266,694,"4,4',4''-Triaminotriphenylamine",Non specificata,Zn,Zn(OAc)2·2H2O,DMF/H2O,Trietilammina (TEA),130,4.0,0.5,1.0,0.5,,,,,Hydrothermal,2,development_positive,additive_canonicalized;numeric_decimal_standardized;temperature_numeric_standardized;time_numeric_standardized,DEVELOPMENT
POS-0267,696,"Pyrazine-2,3-dicarboxylic acid",Non specificata,Cu,Cu(OAc)2·H2O,H2O/THF,HCl,25,2.0,4.0,5.0,0.8,,,,,Room Temperature,2,development_positive,numeric_decimal_standardized;solvent_canonicalized;temperature_numeric_standardized;time_numeric_standardized,DEVELOPMENT
POS-0268,697,"4,4'-Bipyridine",Non specificata,Co,Co(NO3)2·6H2O,H2O/MeOH,HNO3,150,6.0,2.0,0.5,4.0,,,,,Microwave,2,development_positive,numeric_decimal_standardized;solvent_canonicalized;temperature_numeric_standardized;time_numeric_standardized,DEVELOPMENT
POS-0269,698,"1,2,4-Triazole",Non specificata,Co,Co(OAc)2·4H2O,MeCN,Nessuno,100,48.0,0.5,0.5,1.0,,,,,Sonochemical,2,development_positive,numeric_decimal_standardized;temperature_numeric_standardized;time_numeric_standardized,DEVELOPMENT
POS-0270,699,"1,4-Benzenedicarboxylic acid (H2BDC)",Non specificata,Ni,Ni(NO3)2·6H2O,DMF,Trietilammina (TEA),100,48.0,0.5,2.5,0.2,,,,,Solvothermal,2,development_positive,additive_canonicalized;temperature_numeric_standardized;time_numeric_standardized,DEVELOPMENT
POS-0271,701,Fumaric acid,Carbossilati aromatici,Cd,Cd(NO3)2·4H2O,H2O,Nessuno,120,72.0,0.2,0.4,0.5,,,,,Hydrothermal,2,development_positive,temperature_numeric_standardized;time_numeric_standardized,DEVELOPMENT
POS-0272,702,"3,3'-dimethyl-4,4'-bipyrazole",Bipyrazole,Cu,Cu(OAc)2·H2O,H2O,Nessuno,160,18.0,0.5,1.515,0.33,,,,,Sonochemical,2,development_positive,temperature_numeric_standardized;time_numeric_standardized,DEVELOPMENT
POS-0273,703,Benzimidazole,Imidazolati,Zn,Zn(OAc)2·2H2O,DEF,Nessuno,120,4.0,2.0,6.061,0.33,,,,,Microwave,2,development_positive,numeric_decimal_standardized;temperature_numeric_standardized;time_numeric_standardized,DEVELOPMENT
POS-0274,704,2-Methylimidazole,Imidazolati,Fe,Fe(NO3)3·9H2O,DMF/H2O/EtOH,Nessuno,25,18.0,0.1,0.067,1.5,,,,,Room Temperature,2,development_positive,solvent_canonicalized;temperature_numeric_standardized;time_numeric_standardized,DEVELOPMENT
POS-0275,705,"1,2,4-Triazole",Triazole,Mg,Mg(NO3)2·6H2O,DMF/H2O,Nessuno,150,24.0,1.0,2.0,0.5,,,,,Solvothermal,2,development_positive,numeric_decimal_standardized;temperature_numeric_standardized;time_numeric_standardized,DEVELOPMENT
POS-0276,707,"1,2,4-Triazole",Triazole,Al,AlCl3·6H2O,DEF,Nessuno,180,12.0,0.5,1.515,0.33,,,,,Sonochemical,2,development_positive,temperature_numeric_standardized;time_numeric_standardized,DEVELOPMENT
POS-0277,708,"1,2,4-Triazole",Triazole,Cd,Cd(NO3)2·4H2O,MeOH,Nessuno,160,72.0,0.05,0.042,1.2,,,,,Room Temperature,2,development_positive,temperature_numeric_standardized;time_numeric_standardized,DEVELOPMENT
POS-0278,709,"2,5-Dihydroxyterephthalic acid (H4DOBDC)",Carbossilati aromatici,Co,Co(OAc)2·4H2O,DMF/MeOH,Nessuno,60,48.0,2.0,2.5,0.8,,,,,Hydrothermal,2,development_positive,numeric_decimal_standardized;temperature_numeric_standardized;time_numeric_standardized,DEVELOPMENT
POS-0279,710,2-Methylimidazole,Imidazolati,Fe,Fe(NO3)3·9H2O,DEF,Nessuno,100,48.0,2.0,10.0,0.2,,,,,Microwave,2,development_positive,numeric_decimal_standardized;temperature_numeric_standardized;time_numeric_standardized,DEVELOPMENT
POS-0280,711,"3,5-diamino-4,4'-bipyrazole",Bipyrazole,Mg,Mg(NO3)2·6H2O,DEF,Nessuno,120,12.0,0.5,0.625,0.8,,,,,Solvothermal,2,development_positive,temperature_numeric_standardized;time_numeric_standardized,DEVELOPMENT
POS-0281,712,"1,2,4-Triazole",Triazole,Al,Al(NO3)3·9H2O,DMF/H2O/EtOH,Nessuno,25,4.0,0.05,0.025,2.0,,,,,Solvothermal,2,development_positive,numeric_decimal_standardized;solvent_canonicalized;temperature_numeric_standardized;time_numeric_standardized,DEVELOPMENT
POS-0282,713,"1,2,4-Triazole",Triazole,Co,Co(OAc)2·4H2O,H2O,Nessuno,80,4.0,0.05,0.1,0.5,,,,,Room Temperature,2,development_positive,temperature_numeric_standardized;time_numeric_standardized,DEVELOPMENT
POS-0283,714,"3,3'-dimethyl-4,4'-bipyrazole",Bipyrazole,Zn,Zn(NO3)2·6H2O,MeOH,Nessuno,180,24.0,0.5,0.25,2.0,,,,,Solvothermal,2,development_positive,numeric_decimal_standardized;temperature_numeric_standardized;time_numeric_standardized,DEVELOPMENT
POS-0284,716,"3,5-diamino-4,4'-bipyrazole",Bipyrazole,Cu,Cu(NO3)2·3H2O,DMF,Nessuno,80,36.0,1.0,5.0,0.2,,,,,Room Temperature,2,development_positive,numeric_decimal_standardized;temperature_numeric_standardized;time_numeric_standardized,DEVELOPMENT
POS-0285,717,"3,3'-dinitro-4,4'-bipyrazole",Bipyrazole,Al,AlCl3·6H2O,MeOH,Nessuno,180,72.0,0.5,1.515,0.33,,,,,Hydrothermal,2,development_positive,temperature_numeric_standardized;time_numeric_standardized,DEVELOPMENT
POS-0286,718,2-Methylimidazole,Imidazolati,Co,Co(NO3)2·6H2O,DMF,Nessuno,100,36.0,1.0,0.833,1.2,,,,,Microwave,2,development_positive,numeric_decimal_standardized;temperature_numeric_standardized;time_numeric_standardized,DEVELOPMENT
POS-0287,719,Fumaric acid,Carbossilati aromatici,Co,Co(NO3)2·6H2O,DMF/MeOH,Nessuno,150,18.0,0.5,0.417,1.2,,,,,Room Temperature,2,development_positive,temperature_numeric_standardized;time_numeric_standardized,DEVELOPMENT
POS-0288,721,"1,2,4-Triazole",Triazole,Fe,FeCl3·6H2O,MeOH,Nessuno,180,72.0,0.05,0.25,0.2,,,,,Solvothermal,2,development_positive,temperature_numeric_standardized;time_numeric_standardized,DEVELOPMENT
POS-0289,722,"3,3'-dimethyl-4,4'-bipyrazole",Bipyrazole,Al,Al(NO3)3·9H2O,DMF/H2O/EtOH,Nessuno,80,72.0,2.0,10.0,0.2,,,,,Room Temperature,2,development_positive,numeric_decimal_standardized;solvent_canonicalized;temperature_numeric_standardized;time_numeric_standardized,DEVELOPMENT
POS-0290,723,"2,6-Naphthalenedicarboxylic acid",Carbossilati aromatici,Zr,ZrCl4,DMF/H2O,Nessuno,160,72.0,0.05,0.042,1.2,,,,,Room Temperature,2,development_positive,temperature_numeric_standardized;time_numeric_standardized,DEVELOPMENT
POS-0291,724,"2,5-Dihydroxyterephthalic acid (H4DOBDC)",Carbossilati aromatici,Mn,Mn(OAc)2·4H2O,DMF,Nessuno,100,24.0,0.05,0.1,0.5,,,,,Hydrothermal,2,development_positive,temperature_numeric_standardized;time_numeric_standardized,DEVELOPMENT
POS-0292,725,"2,6-Naphthalenedicarboxylic acid",Carbossilati aromatici,Mn,Mn(OAc)2·4H2O,H2O,Nessuno,25,18.0,0.1,0.303,0.33,,,,,Solvothermal,2,development_positive,temperature_numeric_standardized;time_numeric_standardized,DEVELOPMENT
POS-0293,726,"1,2,4-Triazole",Triazole,Zn,Zn(NO3)2·6H2O,DMF,Nessuno,25,18.0,0.5,0.5,1.0,,,,,Hydrothermal,2,development_positive,numeric_decimal_standardized;temperature_numeric_standardized;time_numeric_standardized,DEVELOPMENT
POS-0294,727,"3,3'-dinitro-4,4'-bipyrazole",Bipyrazole,Zn,Zn(OAc)2·2H2O,MeOH,Nessuno,100,72.0,0.2,0.1,2.0,,,,,Room Temperature,2,development_positive,numeric_decimal_standardized;temperature_numeric_standardized;time_numeric_standardized,DEVELOPMENT
POS-0295,728,"1,4-Benzenedicarboxylic acid (H2BDC)",Carbossilati aromatici,Zn,Zn(OAc)2·2H2O,H2O,Nessuno,120,24.0,2.0,1.667,1.2,,,,,Hydrothermal,2,development_positive,numeric_decimal_standardized;temperature_numeric_standardized;time_numeric_standardized,DEVELOPMENT
POS-0296,729,"3,3'-dimethyl-4,4'-bipyrazole",Bipyrazole,Mg,Mg(NO3)2·6H2O,DMF,Nessuno,180,24.0,1.0,0.833,1.2,,,,,Room Temperature,2,development_positive,numeric_decimal_standardized;temperature_numeric_standardized;time_numeric_standardized,DEVELOPMENT
POS-0297,731,"3-amino-4,4'-bipyrazole",Bipyrazole,Zr,ZrCl4,H2O,Nessuno,150,12.0,0.5,1.0,0.5,,,,,Solvothermal,2,development_positive,numeric_decimal_standardized;temperature_numeric_standardized;time_numeric_standardized,DEVELOPMENT
POS-0298,732,"3-amino-4,4'-bipyrazole",Bipyrazole,Ni,Ni(OAc)2·4H2O,DMF/H2O,Nessuno,150,24.0,0.05,0.025,2.0,,,,,Hydrothermal,2,development_positive,numeric_decimal_standardized;temperature_numeric_standardized;time_numeric_standardized,DEVELOPMENT
POS-0299,733,"2,5-Dihydroxyterephthalic acid (H4DOBDC)",Carbossilati aromatici,Mn,Mn(OAc)2·4H2O,DEF,Nessuno,25,48.0,1.0,1.0,1.0,,,,,Microwave,2,development_positive,numeric_decimal_standardized;temperature_numeric_standardized;time_numeric_standardized,DEVELOPMENT
POS-0300,734,"3,3'-dimethyl-4,4'-bipyrazole",Bipyrazole,Ni,Ni(NO3)2·6H2O,DMF/H2O/EtOH,Nessuno,80,18.0,2.0,2.5,0.8,,,,,Room Temperature,2,development_positive,numeric_decimal_standardized;solvent_canonicalized;temperature_numeric_standardized;time_numeric_standardized,DEVELOPMENT
POS-0301,735,"3,5-diamino-4,4'-bipyrazole",Bipyrazole,Zr,ZrCl4,H2O,Nessuno,100,18.0,0.5,0.25,2.0,,,,,Solvothermal,2,development_positive,numeric_decimal_standardized;temperature_numeric_standardized;time_numeric_standardized,DEVELOPMENT
POS-0302,736,"4,4'-Biphenyldicarboxylic acid (BPDC)",Carbossilati aromatici,Co,Co(OAc)2·4H2O,DMF/MeOH,Nessuno,80,48.0,0.05,0.1,0.5,,,,,Solvothermal,2,development_positive,temperature_numeric_standardized;time_numeric_standardized,DEVELOPMENT
POS-0303,737,2-Methylimidazole,Imidazolati,Al,AlCl3·6H2O,DEF,Nessuno,60,48.0,1.0,0.5,2.0,,,,,Room Temperature,2,development_positive,numeric_decimal_standardized;temperature_numeric_standardized;time_numeric_standardized,DEVELOPMENT
POS-0304,738,"3-amino-4,4'-bipyrazole",Bipyrazole,Cu,Cu(OAc)2·H2O,DMF,Nessuno,100,4.0,0.5,0.25,2.0,,,,,Sonochemical,2,development_positive,numeric_decimal_standardized;temperature_numeric_standardized;time_numeric_standardized,DEVELOPMENT
POS-0305,739,"3,5-diamino-4,4'-bipyrazole",Bipyrazole,Co,Co(OAc)2·4H2O,MeOH,Nessuno,80,4.0,0.5,0.25,2.0,,,,,Solvothermal,2,development_positive,numeric_decimal_standardized;temperature_numeric_standardized;time_numeric_standardized,DEVELOPMENT
POS-0306,740,"3,3'-dimethyl-4,4'-bipyrazole",Bipyrazole,Al,AlCl3·6H2O,DMA,Nessuno,140,36.0,0.2,0.167,1.2,,,,,Room Temperature,2,development_positive,temperature_numeric_standardized;time_numeric_standardized,DEVELOPMENT
POS-0307,741,"3,3'-dimethyl-4,4'-bipyrazole",Bipyrazole,Zr,ZrOCl2·8H2O,H2O/EtOH,Nessuno,25,24.0,0.5,0.5,1.0,,,,,Solvothermal,2,development_positive,numeric_decimal_standardized;solvent_canonicalized;temperature_numeric_standardized;time_numeric_standardized,DEVELOPMENT
POS-0308,742,2-Methylimidazole,Imidazolati,Mg,Mg(NO3)2·6H2O,DMF/H2O,Nessuno,100,18.0,0.05,0.025,2.0,,,,,Solvothermal,2,development_positive,numeric_decimal_standardized;temperature_numeric_standardized;time_numeric_standardized,DEVELOPMENT
POS-0309,743,"1,2,4-Triazole",Triazole,Al,AlCl3·6H2O,H2O/EtOH,Nessuno,140,18.0,1.0,5.0,0.2,,,,,Microwave,2,development_positive,numeric_decimal_standardized;solvent_canonicalized;temperature_numeric_standardized;time_numeric_standardized,DEVELOPMENT
POS-0310,744,"3,5-diamino-4,4'-bipyrazole",Bipyrazole,Mn,Mn(OAc)2·4H2O,H2O/EtOH,Nessuno,80,24.0,1.0,1.25,0.8,,,,,Solvothermal,2,development_positive,numeric_decimal_standardized;solvent_canonicalized;temperature_numeric_standardized;time_numeric_standardized,DEVELOPMENT
POS-0311,745,"2,6-Naphthalenedicarboxylic acid",Carbossilati aromatici,Zr,ZrCl4,DMF/H2O,Nessuno,60,4.0,2.0,1.333,1.5,,,,,Hydrothermal,2,development_positive,numeric_decimal_standardized;temperature_numeric_standardized;time_numeric_standardized,DEVELOPMENT
POS-0312,746,"3,3'-dinitro-4,4'-bipyrazole",Bipyrazole,Cu,Cu(NO3)2·3H2O,H2O,Nessuno,160,12.0,0.2,0.133,1.5,,,,,Hydrothermal,2,development_positive,temperature_numeric_standardized;time_numeric_standardized,DEVELOPMENT
POS-0313,747,"3,3'-dinitro-4,4'-bipyrazole",Bipyrazole,Zr,ZrOCl2·8H2O,DMF,Nessuno,160,4.0,2.0,4.0,0.5,,,,,Solvothermal,2,development_positive,numeric_decimal_standardized;temperature_numeric_standardized;time_numeric_standardized,DEVELOPMENT
POS-0314,748,Fumaric acid,Carbossilati aromatici,Ni,Ni(OAc)2·4H2O,MeOH,Nessuno,80,12.0,1.0,0.5,2.0,,,,,Solvothermal,2,development_positive,numeric_decimal_standardized;temperature_numeric_standardized;time_numeric_standardized,DEVELOPMENT
POS-0315,749,"1,2,4-Triazole",Triazole,Co,Co(NO3)2·6H2O,DMF/H2O/EtOH,Nessuno,100,36.0,2.0,10.0,0.2,,,,,Microwave,2,development_positive,numeric_decimal_standardized;solvent_canonicalized;temperature_numeric_standardized;time_numeric_standardized,DEVELOPMENT
POS-0316,750,Benzimidazole,Imidazolati,Fe,Fe(NO3)3·9H2O,DMF/H2O,Nessuno,150,72.0,0.1,0.303,0.33,,,,,Microwave,2,development_positive,temperature_numeric_standardized;time_numeric_standardized,DEVELOPMENT
POS-0317,751,Fumaric acid,Carbossilati aromatici,Mn,Mn(OAc)2·4H2O,DMF/MeOH,Nessuno,140,72.0,1.0,1.25,0.8,,,,,Room Temperature,2,development_positive,numeric_decimal_standardized;temperature_numeric_standardized;time_numeric_standardized,DEVELOPMENT
POS-0318,752,"1,4-Benzenedicarboxylic acid (H2BDC)",Carbossilati aromatici,Co,Co(OAc)2·4H2O,H2O/EtOH,Nessuno,120,72.0,1.0,0.833,1.2,,,,,Microwave,2,development_positive,numeric_decimal_standardized;solvent_canonicalized;temperature_numeric_standardized;time_numeric_standardized,DEVELOPMENT
POS-0319,753,"2,5-Dihydroxyterephthalic acid (H4DOBDC)",Carbossilati aromatici,Cd,Cd(NO3)2·4H2O,DMF/H2O,Nessuno,150,24.0,0.5,1.515,0.33,,,,,Sonochemical,2,development_positive,temperature_numeric_standardized;time_numeric_standardized,DEVELOPMENT
POS-0320,754,"3,3'-dinitro-4,4'-bipyrazole",Bipyrazole,Mn,Mn(OAc)2·4H2O,H2O,Nessuno,80,24.0,0.1,0.067,1.5,,,,,Hydrothermal,2,development_positive,temperature_numeric_standardized;time_numeric_standardized,DEVELOPMENT
POS-0321,755,"2,6-Naphthalenedicarboxylic acid",Carbossilati aromatici,Ni,Ni(NO3)2·6H2O,H2O/EtOH,Nessuno,25,12.0,0.1,0.5,0.2,,,,,Hydrothermal,2,development_positive,solvent_canonicalized;temperature_numeric_standardized;time_numeric_standardized,DEVELOPMENT
POS-0322,756,Benzimidazole,Imidazolati,Mg,Mg(NO3)2·6H2O,DMF/H2O/EtOH,Nessuno,160,36.0,1.0,5.0,0.2,,,,,Sonochemical,2,development_positive,numeric_decimal_standardized;solvent_canonicalized;temperature_numeric_standardized;time_numeric_standardized,DEVELOPMENT
POS-0323,757,Fumaric acid,Carbossilati aromatici,Zn,Zn(NO3)2·6H2O,DMA,Nessuno,150,18.0,0.2,0.606,0.33,,,,,Microwave,2,development_positive,temperature_numeric_standardized;time_numeric_standardized,DEVELOPMENT
POS-0324,758,"2,6-Naphthalenedicarboxylic acid",Carbossilati aromatici,Al,AlCl3·6H2O,H2O/EtOH,Nessuno,25,48.0,0.5,0.5,1.0,,,,,Microwave,2,development_positive,numeric_decimal_standardized;solvent_canonicalized;temperature_numeric_standardized;time_numeric_standardized,DEVELOPMENT
POS-0325,759,"3,3'-dinitro-4,4'-bipyrazole",Bipyrazole,Mg,Mg(NO3)2·6H2O,H2O/EtOH,Nessuno,150,24.0,2.0,1.667,1.2,,,,,Solvothermal,2,development_positive,numeric_decimal_standardized;solvent_canonicalized;temperature_numeric_standardized;time_numeric_standardized,DEVELOPMENT
POS-0326,760,"2,6-Naphthalenedicarboxylic acid",Carbossilati aromatici,Ni,Ni(OAc)2·4H2O,DMA,Nessuno,120,24.0,0.1,0.125,0.8,,,,,Hydrothermal,2,development_positive,temperature_numeric_standardized;time_numeric_standardized,DEVELOPMENT
POS-0327,761,"3,3'-dinitro-4,4'-bipyrazole",Bipyrazole,Zr,ZrCl4,H2O,Nessuno,120,36.0,0.1,0.05,2.0,,,,,Microwave,2,development_positive,numeric_decimal_standardized;temperature_numeric_standardized;time_numeric_standardized,DEVELOPMENT
POS-0328,762,"1,4-Benzenedicarboxylic acid (H2BDC)",Carbossilati aromatici,Fe,Fe(NO3)3·9H2O,DEF,Nessuno,80,24.0,1.0,5.0,0.2,,,,,Solvothermal,2,development_positive,numeric_decimal_standardized;temperature_numeric_standardized;time_numeric_standardized,DEVELOPMENT
POS-0329,764,"3,3'-dimethyl-4,4'-bipyrazole",Bipyrazole,Fe,Fe(NO3)3·9H2O,DEF,Nessuno,80,12.0,0.05,0.033,1.5,,,,,Room Temperature,2,development_positive,temperature_numeric_standardized;time_numeric_standardized,DEVELOPMENT
POS-0330,765,"3,3'-dinitro-4,4'-bipyrazole",Bipyrazole,Co,Co(OAc)2·4H2O,DEF,Nessuno,80,4.0,1.0,3.03,0.33,,,,,Microwave,2,development_positive,numeric_decimal_standardized;temperature_numeric_standardized;time_numeric_standardized,DEVELOPMENT
POS-0331,767,"2,5-Dihydroxyterephthalic acid (H4DOBDC)",Carbossilati aromatici,Ni,Ni(OAc)2·4H2O,H2O/EtOH,Nessuno,180,18.0,0.5,1.0,0.5,,,,,Solvothermal,2,development_positive,numeric_decimal_standardized;solvent_canonicalized;temperature_numeric_standardized;time_numeric_standardized,DEVELOPMENT
POS-0332,769,Fumaric acid,Carbossilati aromatici,Al,Al(NO3)3·9H2O,MeOH,Nessuno,180,18.0,0.05,0.042,1.2,,,,,Solvothermal,2,development_positive,temperature_numeric_standardized;time_numeric_standardized,DEVELOPMENT
POS-0333,770,"1,4-Benzenedicarboxylic acid (H2BDC)",Carbossilati aromatici,Mg,Mg(NO3)2·6H2O,DMF/H2O/EtOH,Nessuno,140,36.0,0.05,0.1,0.5,,,,,Room Temperature,2,development_positive,solvent_canonicalized;temperature_numeric_standardized;time_numeric_standardized,DEVELOPMENT
POS-0334,771,"2,5-Dihydroxyterephthalic acid (H4DOBDC)",Carbossilati aromatici,Fe,Fe(NO3)3·9H2O,DMF/H2O/EtOH,Nessuno,80,24.0,0.5,0.333,1.5,,,,,Solvothermal,2,development_positive,solvent_canonicalized;temperature_numeric_standardized;time_numeric_standardized,DEVELOPMENT
POS-0335,772,Benzimidazole,Imidazolati,Cd,Cd(NO3)2·4H2O,H2O/EtOH,Nessuno,120,18.0,0.5,2.5,0.2,,,,,Microwave,2,development_positive,solvent_canonicalized;temperature_numeric_standardized;time_numeric_standardized,DEVELOPMENT
POS-0336,773,"3,3'-dimethyl-4,4'-bipyrazole",Bipyrazole,Cu,Cu(OAc)2·H2O,H2O/EtOH,Nessuno,150,4.0,0.1,0.1,1.0,,,,,Sonochemical,2,development_positive,numeric_decimal_standardized;solvent_canonicalized;temperature_numeric_standardized;time_numeric_standardized,DEVELOPMENT
POS-0337,774,"3,3'-dinitro-4,4'-bipyrazole",Bipyrazole,Co,Co(NO3)2·6H2O,H2O/EtOH,Nessuno,80,72.0,0.2,0.4,0.5,,,,,Sonochemical,2,development_positive,solvent_canonicalized;temperature_numeric_standardized;time_numeric_standardized,DEVELOPMENT
POS-0338,776,"3-amino-4,4'-bipyrazole",Bipyrazole,Zr,ZrOCl2·8H2O,H2O/EtOH,Nessuno,120,48.0,1.0,0.5,2.0,,,,,Room Temperature,2,development_positive,numeric_decimal_standardized;solvent_canonicalized;temperature_numeric_standardized;time_numeric_standardized,DEVELOPMENT
POS-0339,777,"1,4-Benzenedicarboxylic acid (H2BDC)",Carbossilati aromatici,Mn,Mn(OAc)2·4H2O,MeOH,Nessuno,180,36.0,2.0,2.5,0.8,,,,,Microwave,2,development_positive,numeric_decimal_standardized;temperature_numeric_standardized;time_numeric_standardized,DEVELOPMENT
POS-0340,778,"1,2,4-Triazole",Triazole,Fe,Fe(NO3)3·9H2O,DMA,Nessuno,150,18.0,0.2,0.606,0.33,,,,,Hydrothermal,2,development_positive,temperature_numeric_standardized;time_numeric_standardized,DEVELOPMENT
POS-0341,779,Fumaric acid,Carbossilati aromatici,Cu,Cu(NO3)2·3H2O,DEF,Nessuno,100,24.0,0.05,0.033,1.5,,,,,Sonochemical,2,development_positive,temperature_numeric_standardized;time_numeric_standardized,DEVELOPMENT
POS-0342,780,Fumaric acid,Carbossilati aromatici,Zr,ZrCl4,DMF/H2O,Nessuno,180,72.0,0.05,0.25,0.2,,,,,Microwave,2,development_positive,temperature_numeric_standardized;time_numeric_standardized,DEVELOPMENT
POS-0343,781,"3,5-diamino-4,4'-bipyrazole",Bipyrazole,Zr,ZrCl4,DMA,Nessuno,120,48.0,1.0,1.25,0.8,,,,,Hydrothermal,2,development_positive,numeric_decimal_standardized;temperature_numeric_standardized;time_numeric_standardized,DEVELOPMENT
POS-0344,782,2-Methylimidazole,Imidazolati,Cd,Cd(NO3)2·4H2O,H2O/EtOH,Nessuno,140,36.0,1.0,1.25,0.8,,,,,Room Temperature,2,development_positive,numeric_decimal_standardized;solvent_canonicalized;temperature_numeric_standardized;time_numeric_standardized,DEVELOPMENT
POS-0345,783,"2,5-Dihydroxyterephthalic acid (H4DOBDC)",Carbossilati aromatici,Cu,Cu(NO3)2·3H2O,DMF/H2O,Nessuno,100,4.0,0.05,0.033,1.5,,,,,Hydrothermal,2,development_positive,temperature_numeric_standardized;time_numeric_standardized,DEVELOPMENT
POS-0346,784,"1,4-Benzenedicarboxylic acid (H2BDC)",Carbossilati aromatici,Al,AlCl3·6H2O,DMF,Nessuno,120,48.0,0.05,0.025,2.0,,,,,Room Temperature,2,development_positive,numeric_decimal_standardized;temperature_numeric_standardized;time_numeric_standardized,DEVELOPMENT
POS-0347,785,"3,3'-dimethyl-4,4'-bipyrazole",Bipyrazole,Fe,Fe(NO3)3·9H2O,H2O,Nessuno,140,24.0,0.1,0.1,1.0,,,,,Microwave,2,development_positive,numeric_decimal_standardized;temperature_numeric_standardized;time_numeric_standardized,DEVELOPMENT
POS-0348,786,"1,2,4-Triazole",Triazole,Cu,Cu(OAc)2·H2O,H2O,Nessuno,60,24.0,0.05,0.05,1.0,,,,,Microwave,2,development_positive,numeric_decimal_standardized;temperature_numeric_standardized;time_numeric_standardized,DEVELOPMENT
POS-0349,787,"2,5-Dihydroxyterephthalic acid (H4DOBDC)",Carbossilati aromatici,Mn,Mn(OAc)2·4H2O,DMF/H2O/EtOH,Nessuno,25,36.0,0.5,0.5,1.0,,,,,Microwave,2,development_positive,numeric_decimal_standardized;solvent_canonicalized;temperature_numeric_standardized;time_numeric_standardized,DEVELOPMENT
POS-0350,788,2-Methylimidazole,Imidazolati,Al,Al(NO3)3·9H2O,DMF/H2O,Nessuno,140,12.0,1.0,0.5,2.0,,,,,Room Temperature,2,development_positive,numeric_decimal_standardized;temperature_numeric_standardized;time_numeric_standardized,DEVELOPMENT
POS-0351,790,"4,4'-Biphenyldicarboxylic acid (BPDC)",Carbossilati aromatici,Zr,ZrCl4,DEF,Nessuno,25,18.0,0.05,0.152,0.33,,,,,Sonochemical,2,development_positive,temperature_numeric_standardized;time_numeric_standardized,DEVELOPMENT
POS-0352,791,"4,4'-Biphenyldicarboxylic acid (BPDC)",Carbossilati aromatici,Mn,Mn(OAc)2·4H2O,DMF,Nessuno,60,4.0,0.05,0.033,1.5,,,,,Room Temperature,2,development_positive,temperature_numeric_standardized;time_numeric_standardized,DEVELOPMENT
POS-0353,792,"2,6-Naphthalenedicarboxylic acid",Carbossilati aromatici,Mg,Mg(NO3)2·6H2O,MeOH,Nessuno,140,24.0,1.0,1.0,1.0,,,,,Solvothermal,2,development_positive,numeric_decimal_standardized;temperature_numeric_standardized;time_numeric_standardized,DEVELOPMENT
POS-0354,793,"4,4'-Biphenyldicarboxylic acid (BPDC)",Carbossilati aromatici,Cu,Cu(NO3)2·3H2O,H2O/EtOH,Nessuno,150,36.0,0.1,0.1,1.0,,,,,Sonochemical,2,development_positive,numeric_decimal_standardized;solvent_canonicalized;temperature_numeric_standardized;time_numeric_standardized,DEVELOPMENT
POS-0355,794,"3,3'-dinitro-4,4'-bipyrazole",Bipyrazole,Mn,Mn(OAc)2·4H2O,H2O/EtOH,Nessuno,180,48.0,1.0,2.0,0.5,,,,,Solvothermal,2,development_positive,numeric_decimal_standardized;solvent_canonicalized;temperature_numeric_standardized;time_numeric_standardized,DEVELOPMENT
POS-0356,795,2-Methylimidazole,Imidazolati,Cu,Cu(OAc)2·H2O,DMF,Nessuno,25,12.0,0.1,0.067,1.5,,,,,Microwave,2,development_positive,temperature_numeric_standardized;time_numeric_standardized,DEVELOPMENT
POS-0357,796,"3,3'-dinitro-4,4'-bipyrazole",Bipyrazole,Zr,ZrOCl2·8H2O,DMA,Nessuno,140,18.0,0.5,1.515,0.33,,,,,Room Temperature,2,development_positive,temperature_numeric_standardized;time_numeric_standardized,DEVELOPMENT
POS-0358,797,"1,4-Benzenedicarboxylic acid (H2BDC)",Carbossilati aromatici,Fe,Fe(NO3)3·9H2O,H2O/EtOH,Nessuno,180,4.0,2.0,2.0,1.0,,,,,Sonochemical,2,development_positive,numeric_decimal_standardized;solvent_canonicalized;temperature_numeric_standardized;time_numeric_standardized,DEVELOPMENT
POS-0359,800,"4,4'-Biphenyldicarboxylic acid (BPDC)",Carbossilati aromatici,Zr,ZrCl4,H2O,Nessuno,150,12.0,1.0,5.0,0.2,,,,,Room Temperature,2,development_positive,numeric_decimal_standardized;temperature_numeric_standardized;time_numeric_standardized,DEVELOPMENT
POS-0360,801,2-Methylimidazole,Imidazolati,Cu,Cu(OAc)2·H2O,H2O,Nessuno,25,12.0,0.5,0.625,0.8,,,,,Solvothermal,2,development_positive,temperature_numeric_standardized;time_numeric_standardized,DEVELOPMENT
POS-0361,802,"3,5-diamino-4,4'-bipyrazole",Bipyrazole,Zn,Zn(NO3)2·6H2O,DEF,Nessuno,140,36.0,2.0,2.0,1.0,,,,,Hydrothermal,2,development_positive,numeric_decimal_standardized;temperature_numeric_standardized;time_numeric_standardized,DEVELOPMENT
POS-0362,803,"3,3'-dimethyl-4,4'-bipyrazole",Bipyrazole,Fe,FeCl3·6H2O,DMF/H2O,Nessuno,180,72.0,0.5,0.417,1.2,,,,,Room Temperature,2,development_positive,temperature_numeric_standardized;time_numeric_standardized,DEVELOPMENT
POS-0363,804,"3,5-diamino-4,4'-bipyrazole",Bipyrazole,Cu,Cu(OAc)2·H2O,H2O,Nessuno,180,18.0,1.0,2.0,0.5,,,,,Room Temperature,2,development_positive,numeric_decimal_standardized;temperature_numeric_standardized;time_numeric_standardized,DEVELOPMENT
POS-0364,806,"1,2,4-Triazole",Triazole,Al,AlCl3·6H2O,DEF,Nessuno,25,48.0,0.2,0.2,1.0,,,,,Hydrothermal,2,development_positive,numeric_decimal_standardized;temperature_numeric_standardized;time_numeric_standardized,DEVELOPMENT
POS-0365,807,"3-amino-4,4'-bipyrazole",Bipyrazole,Cd,Cd(NO3)2·4H2O,DMF/H2O/EtOH,Nessuno,140,72.0,1.0,0.667,1.5,,,,,Room Temperature,2,development_positive,numeric_decimal_standardized;solvent_canonicalized;temperature_numeric_standardized;time_numeric_standardized,DEVELOPMENT
POS-0366,808,"1,4-Benzenedicarboxylic acid (H2BDC)",Carbossilati aromatici,Cu,Cu(OAc)2·H2O,DMF,Nessuno,160,4.0,0.5,0.5,1.0,,,,,Room Temperature,2,development_positive,numeric_decimal_standardized;temperature_numeric_standardized;time_numeric_standardized,DEVELOPMENT
POS-0367,810,"3,5-diamino-4,4'-bipyrazole",Bipyrazole,Zr,ZrOCl2·8H2O,H2O,Nessuno,80,72.0,2.0,1.333,1.5,,,,,Room Temperature,2,development_positive,numeric_decimal_standardized;temperature_numeric_standardized;time_numeric_standardized,DEVELOPMENT
POS-0368,811,"3,3'-dimethyl-4,4'-bipyrazole",Bipyrazole,Cd,Cd(NO3)2·4H2O,DEF,Nessuno,140,18.0,0.05,0.033,1.5,,,,,Room Temperature,2,development_positive,temperature_numeric_standardized;time_numeric_standardized,DEVELOPMENT
POS-0369,812,Fumaric acid,Carbossilati aromatici,Zn,Zn(NO3)2·6H2O,MeOH,Nessuno,180,4.0,0.5,0.417,1.2,,,,,Hydrothermal,2,development_positive,temperature_numeric_standardized;time_numeric_standardized,DEVELOPMENT
POS-0370,813,"3-amino-4,4'-bipyrazole",Bipyrazole,Mn,Mn(OAc)2·4H2O,DMF/MeOH,Nessuno,180,24.0,0.05,0.1,0.5,,,,,Hydrothermal,2,development_positive,temperature_numeric_standardized;time_numeric_standardized,DEVELOPMENT
POS-0371,814,2-Methylimidazole,Imidazolati,Cd,Cd(NO3)2·4H2O,DMF/MeOH,Nessuno,140,12.0,0.2,0.25,0.8,,,,,Solvothermal,2,development_positive,temperature_numeric_standardized;time_numeric_standardized,DEVELOPMENT
POS-0372,815,"3,3'-dinitro-4,4'-bipyrazole",Bipyrazole,Ni,Ni(NO3)2·6H2O,H2O/EtOH,Nessuno,140,24.0,0.1,0.05,2.0,,,,,Hydrothermal,2,development_positive,numeric_decimal_standardized;solvent_canonicalized;temperature_numeric_standardized;time_numeric_standardized,DEVELOPMENT
POS-0373,816,"3,3'-dimethyl-4,4'-bipyrazole",Bipyrazole,Al,Al(NO3)3·9H2O,DMA,Nessuno,120,4.0,2.0,2.0,1.0,,,,,Solvothermal,2,development_positive,numeric_decimal_standardized;temperature_numeric_standardized;time_numeric_standardized,DEVELOPMENT
POS-0374,817,"2,6-Naphthalenedicarboxylic acid",Carbossilati aromatici,Zn,Zn(OAc)2·2H2O,DMA,Nessuno,150,24.0,2.0,1.667,1.2,,,,,Room Temperature,2,development_positive,numeric_decimal_standardized;temperature_numeric_standardized;time_numeric_standardized,DEVELOPMENT
POS-0375,818,Benzimidazole,Imidazolati,Ni,Ni(NO3)2·6H2O,MeOH,Nessuno,80,18.0,2.0,2.5,0.8,,,,,Sonochemical,2,development_positive,numeric_decimal_standardized;temperature_numeric_standardized;time_numeric_standardized,DEVELOPMENT
POS-0376,821,"3,3'-dinitro-4,4'-bipyrazole",Bipyrazole,Cu,Cu(OAc)2·H2O,DMF/H2O,Nessuno,100,4.0,0.5,2.5,0.2,,,,,Microwave,2,development_positive,temperature_numeric_standardized;time_numeric_standardized,DEVELOPMENT
POS-0377,823,2-Methylimidazole,Imidazolati,Fe,FeCl3·6H2O,DMF/H2O,Nessuno,25,48.0,0.1,0.05,2.0,,,,,Hydrothermal,2,development_positive,numeric_decimal_standardized;temperature_numeric_standardized;time_numeric_standardized,DEVELOPMENT
POS-0378,824,"2,6-Naphthalenedicarboxylic acid",Carbossilati aromatici,Ni,Ni(OAc)2·4H2O,DEF,Nessuno,160,12.0,1.0,5.0,0.2,,,,,Microwave,2,development_positive,numeric_decimal_standardized;temperature_numeric_standardized;time_numeric_standardized,DEVELOPMENT
POS-0379,825,"3-amino-4,4'-bipyrazole",Bipyrazole,Mn,Mn(OAc)2·4H2O,DMF/H2O/EtOH,Nessuno,160,48.0,0.05,0.042,1.2,,,,,Room Temperature,2,development_positive,solvent_canonicalized;temperature_numeric_standardized;time_numeric_standardized,DEVELOPMENT
POS-0380,826,"2,6-Naphthalenedicarboxylic acid",Carbossilati aromatici,Fe,Fe(NO3)3·9H2O,DEF,Nessuno,120,18.0,0.5,1.515,0.33,,,,,Solvothermal,2,development_positive,temperature_numeric_standardized;time_numeric_standardized,DEVELOPMENT
POS-0381,828,"3,5-diamino-4,4'-bipyrazole",Bipyrazole,Fe,FeCl3·6H2O,DMF/H2O/EtOH,Nessuno,120,48.0,0.2,0.167,1.2,,,,,Microwave,2,development_positive,solvent_canonicalized;temperature_numeric_standardized;time_numeric_standardized,DEVELOPMENT
POS-0382,829,"2,6-Naphthalenedicarboxylic acid",Carbossilati aromatici,Zn,Zn(NO3)2·6H2O,H2O/EtOH,Nessuno,80,18.0,0.5,0.417,1.2,,,,,Hydrothermal,2,development_positive,solvent_canonicalized;temperature_numeric_standardized;time_numeric_standardized,DEVELOPMENT
POS-0383,830,"3-amino-4,4'-bipyrazole",Bipyrazole,Al,Al(NO3)3·9H2O,DMF/H2O/EtOH,Nessuno,60,72.0,2.0,2.0,1.0,,,,,Room Temperature,2,development_positive,numeric_decimal_standardized;solvent_canonicalized;temperature_numeric_standardized;time_numeric_standardized,DEVELOPMENT
POS-0384,831,"1,4-Benzenedicarboxylic acid (H2BDC)",Carbossilati aromatici,Cd,Cd(NO3)2·4H2O,DMF,Nessuno,180,4.0,0.1,0.067,1.5,,,,,Solvothermal,2,development_positive,temperature_numeric_standardized;time_numeric_standardized,DEVELOPMENT
POS-0385,832,Benzimidazole,Imidazolati,Co,Co(OAc)2·4H2O,H2O,Nessuno,80,72.0,2.0,1.667,1.2,,,,,Room Temperature,2,development_positive,numeric_decimal_standardized;temperature_numeric_standardized;time_numeric_standardized,DEVELOPMENT
POS-0386,834,"1,4-Benzenedicarboxylic acid (H2BDC)",Carbossilati aromatici,Co,Co(NO3)2·6H2O,DMF/MeOH,Nessuno,140,4.0,1.0,1.0,1.0,,,,,Solvothermal,2,development_positive,numeric_decimal_standardized;temperature_numeric_standardized;time_numeric_standardized,DEVELOPMENT
POS-0387,835,"3,3'-dimethyl-4,4'-bipyrazole",Bipyrazole,Zr,ZrCl4,DMF/MeOH,Nessuno,140,12.0,0.2,0.2,1.0,,,,,Hydrothermal,2,development_positive,numeric_decimal_standardized;temperature_numeric_standardized;time_numeric_standardized,DEVELOPMENT
POS-0388,836,"3,3'-dinitro-4,4'-bipyrazole",Bipyrazole,Zr,ZrCl4,DMA,Nessuno,140,36.0,0.5,0.5,1.0,,,,,Microwave,2,development_positive,numeric_decimal_standardized;temperature_numeric_standardized;time_numeric_standardized,DEVELOPMENT
POS-0389,837,"3,5-diamino-4,4'-bipyrazole",Bipyrazole,Cd,Cd(NO3)2·4H2O,H2O,Nessuno,120,36.0,1.0,1.25,0.8,,,,,Microwave,2,development_positive,numeric_decimal_standardized;temperature_numeric_standardized;time_numeric_standardized,DEVELOPMENT
POS-0390,839,"3,5-diamino-4,4'-bipyrazole",Bipyrazole,Zn,Zn(OAc)2·2H2O,DMA,Nessuno,160,72.0,0.2,0.167,1.2,,,,,Hydrothermal,2,development_positive,temperature_numeric_standardized;time_numeric_standardized,DEVELOPMENT
POS-0391,840,"1,2,4-Triazole",Triazole,Al,Al(NO3)3·9H2O,H2O,Nessuno,60,4.0,0.5,0.333,1.5,,,,,Solvothermal,2,development_positive,temperature_numeric_standardized;time_numeric_standardized,DEVELOPMENT
POS-0392,841,"3,3'-dimethyl-4,4'-bipyrazole",Bipyrazole,Fe,Fe(NO3)3·9H2O,DMF/MeOH,Nessuno,100,36.0,0.1,0.05,2.0,,,,,Sonochemical,2,development_positive,numeric_decimal_standardized;temperature_numeric_standardized;time_numeric_standardized,DEVELOPMENT
POS-0393,842,"1,4-Benzenedicarboxylic acid (H2BDC)",Carbossilati aromatici,Ni,Ni(NO3)2·6H2O,DMA,Nessuno,80,36.0,0.2,0.167,1.2,,,,,Solvothermal,2,development_positive,temperature_numeric_standardized;time_numeric_standardized,DEVELOPMENT
POS-0394,843,Fumaric acid,Carbossilati aromatici,Zr,ZrCl4,H2O/EtOH,Nessuno,120,12.0,0.05,0.042,1.2,,,,,Microwave,2,development_positive,solvent_canonicalized;temperature_numeric_standardized;time_numeric_standardized,DEVELOPMENT
POS-0395,844,"1,4-Benzenedicarboxylic acid (H2BDC)",Carbossilati aromatici,Co,Co(OAc)2·4H2O,H2O/EtOH,Nessuno,180,36.0,0.5,1.515,0.33,,,,,Solvothermal,2,development_positive,solvent_canonicalized;temperature_numeric_standardized;time_numeric_standardized,DEVELOPMENT
POS-0396,845,"3-amino-4,4'-bipyrazole",Bipyrazole,Ni,Ni(NO3)2·6H2O,DMF/H2O,Nessuno,100,4.0,2.0,4.0,0.5,,,,,Hydrothermal,2,development_positive,numeric_decimal_standardized;temperature_numeric_standardized;time_numeric_standardized,DEVELOPMENT
POS-0397,847,"3,3'-dimethyl-4,4'-bipyrazole",Bipyrazole,Fe,Fe(NO3)3·9H2O,DMF/H2O,Nessuno,140,4.0,1.0,0.833,1.2,,,,,Microwave,2,development_positive,numeric_decimal_standardized;temperature_numeric_standardized;time_numeric_standardized,DEVELOPMENT
POS-0398,848,"3,5-diamino-4,4'-bipyrazole",Bipyrazole,Zr,ZrCl4,DMF,Nessuno,140,12.0,1.0,3.03,0.33,,,,,Microwave,2,development_positive,numeric_decimal_standardized;temperature_numeric_standardized;time_numeric_standardized,DEVELOPMENT
POS-0399,849,"1,4-Benzenedicarboxylic acid (H2BDC)",Carbossilati aromatici,Co,Co(NO3)2·6H2O,DMF,Nessuno,100,4.0,2.0,2.5,0.8,,,,,Solvothermal,2,development_positive,numeric_decimal_standardized;temperature_numeric_standardized;time_numeric_standardized,DEVELOPMENT
POS-0400,850,"4,4'-Biphenyldicarboxylic acid (BPDC)",Carbossilati aromatici,Co,Co(OAc)2·4H2O,DMF,Nessuno,150,4.0,0.2,0.167,1.2,,,,,Sonochemical,2,development_positive,temperature_numeric_standardized;time_numeric_standardized,DEVELOPMENT
POS-0401,851,"3,3'-dimethyl-4,4'-bipyrazole",Bipyrazole,Mn,Mn(OAc)2·4H2O,H2O,Nessuno,80,12.0,0.2,0.167,1.2,,,,,Solvothermal,2,development_positive,temperature_numeric_standardized;time_numeric_standardized,DEVELOPMENT
POS-0402,853,"1,4-Benzenedicarboxylic acid (H2BDC)",Carbossilati aromatici,Co,Co(OAc)2·4H2O,MeOH,Nessuno,150,18.0,0.2,0.606,0.33,,,,,Hydrothermal,2,development_positive,temperature_numeric_standardized;time_numeric_standardized,DEVELOPMENT
POS-0403,854,Benzimidazole,Imidazolati,Zr,ZrOCl2·8H2O,DMF,Nessuno,150,72.0,0.1,0.05,2.0,,,,,Microwave,2,development_positive,numeric_decimal_standardized;temperature_numeric_standardized;time_numeric_standardized,DEVELOPMENT
POS-0404,855,Fumaric acid,Carbossilati aromatici,Co,Co(OAc)2·4H2O,DMF,Nessuno,180,72.0,0.2,0.1,2.0,,,,,Room Temperature,2,development_positive,numeric_decimal_standardized;temperature_numeric_standardized;time_numeric_standardized,DEVELOPMENT
POS-0405,857,"1,4-Benzenedicarboxylic acid (H2BDC)",Carbossilati aromatici,Cd,Cd(NO3)2·4H2O,H2O,Nessuno,60,18.0,0.5,0.25,2.0,,,,,Room Temperature,2,development_positive,numeric_decimal_standardized;temperature_numeric_standardized;time_numeric_standardized,DEVELOPMENT
POS-0406,858,"2,5-Dihydroxyterephthalic acid (H4DOBDC)",Carbossilati aromatici,Zn,Zn(NO3)2·6H2O,DMA,Nessuno,120,48.0,0.1,0.067,1.5,,,,,Hydrothermal,2,development_positive,temperature_numeric_standardized;time_numeric_standardized,DEVELOPMENT
POS-0407,859,Fumaric acid,Carbossilati aromatici,Zr,ZrCl4,MeOH,Nessuno,120,18.0,0.5,1.0,0.5,,,,,Sonochemical,2,development_positive,numeric_decimal_standardized;temperature_numeric_standardized;time_numeric_standardized,DEVELOPMENT
POS-0408,860,2-Methylimidazole,Imidazolati,Zr,ZrOCl2·8H2O,DMF,Nessuno,120,24.0,0.1,0.303,0.33,,,,,Room Temperature,2,development_positive,temperature_numeric_standardized;time_numeric_standardized,DEVELOPMENT
POS-0409,862,"1,2,4-Triazole",Triazole,Cu,Cu(NO3)2·3H2O,DMF/MeOH,Nessuno,140,24.0,2.0,6.061,0.33,,,,,Solvothermal,2,development_positive,numeric_decimal_standardized;temperature_numeric_standardized;time_numeric_standardized,DEVELOPMENT
POS-0410,863,"3,5-diamino-4,4'-bipyrazole",Bipyrazole,Al,AlCl3·6H2O,MeOH,Nessuno,25,12.0,2.0,10.0,0.2,,,,,Room Temperature,2,development_positive,numeric_decimal_standardized;temperature_numeric_standardized;time_numeric_standardized,DEVELOPMENT
POS-0411,864,"3-amino-4,4'-bipyrazole",Bipyrazole,Co,Co(OAc)2·4H2O,DEF,Nessuno,180,72.0,2.0,1.667,1.2,,,,,Solvothermal,2,development_positive,numeric_decimal_standardized;temperature_numeric_standardized;time_numeric_standardized,DEVELOPMENT
POS-0412,865,"3,3'-dimethyl-4,4'-bipyrazole",Bipyrazole,Al,AlCl3·6H2O,DMF/MeOH,Nessuno,60,72.0,2.0,4.0,0.5,,,,,Sonochemical,2,development_positive,numeric_decimal_standardized;temperature_numeric_standardized;time_numeric_standardized,DEVELOPMENT
POS-0413,867,"3-amino-4,4'-bipyrazole",Bipyrazole,Zn,Zn(OAc)2·2H2O,MeOH,Nessuno,120,12.0,0.05,0.1,0.5,,,,,Sonochemical,2,development_positive,temperature_numeric_standardized;time_numeric_standardized,DEVELOPMENT
POS-0414,869,Fumaric acid,Carbossilati aromatici,Ni,Ni(OAc)2·4H2O,DMF,Nessuno,120,24.0,0.1,0.083,1.2,,,,,Hydrothermal,2,development_positive,temperature_numeric_standardized;time_numeric_standardized,DEVELOPMENT
POS-0415,870,"1,2,4-Triazole",Triazole,Fe,FeCl3·6H2O,DMF,Nessuno,80,36.0,0.1,0.2,0.5,,,,,Microwave,2,development_positive,temperature_numeric_standardized;time_numeric_standardized,DEVELOPMENT
POS-0416,871,2-Methylimidazole,Imidazolati,Fe,FeCl3·6H2O,H2O,Nessuno,100,4.0,0.2,0.133,1.5,,,,,Room Temperature,2,development_positive,temperature_numeric_standardized;time_numeric_standardized,DEVELOPMENT
POS-0417,872,"4,4'-Biphenyldicarboxylic acid (BPDC)",Carbossilati aromatici,Zr,ZrOCl2·8H2O,MeOH,Nessuno,160,48.0,0.05,0.025,2.0,,,,,Sonochemical,2,development_positive,numeric_decimal_standardized;temperature_numeric_standardized;time_numeric_standardized,DEVELOPMENT
POS-0418,873,"3,3'-dinitro-4,4'-bipyrazole",Bipyrazole,Cu,Cu(OAc)2·H2O,DMF/MeOH,Nessuno,80,18.0,0.05,0.1,0.5,,,,,Microwave,2,development_positive,temperature_numeric_standardized;time_numeric_standardized,DEVELOPMENT
POS-0419,874,Benzimidazole,Imidazolati,Al,Al(NO3)3·9H2O,DEF,Nessuno,180,12.0,0.05,0.05,1.0,,,,,Hydrothermal,2,development_positive,numeric_decimal_standardized;temperature_numeric_standardized;time_numeric_standardized,DEVELOPMENT
POS-0420,875,"3-amino-4,4'-bipyrazole",Bipyrazole,Co,Co(OAc)2·4H2O,DMF,Nessuno,25,4.0,0.1,0.2,0.5,,,,,Sonochemical,2,development_positive,temperature_numeric_standardized;time_numeric_standardized,DEVELOPMENT
POS-0421,876,"3-amino-4,4'-bipyrazole",Bipyrazole,Co,Co(NO3)2·6H2O,DMF/H2O,Nessuno,80,12.0,0.5,0.625,0.8,,,,,Sonochemical,2,development_positive,temperature_numeric_standardized;time_numeric_standardized,DEVELOPMENT
POS-0422,878,"1,4-Benzenedicarboxylic acid (H2BDC)",Carbossilati aromatici,Mn,Mn(OAc)2·4H2O,DMF/H2O/EtOH,Nessuno,150,4.0,0.2,0.167,1.2,,,,,Microwave,2,development_positive,solvent_canonicalized;temperature_numeric_standardized;time_numeric_standardized,DEVELOPMENT
POS-0423,879,"3,5-diamino-4,4'-bipyrazole",Bipyrazole,Mn,Mn(OAc)2·4H2O,MeOH,Nessuno,120,48.0,0.05,0.152,0.33,,,,,Solvothermal,2,development_positive,temperature_numeric_standardized;time_numeric_standardized,DEVELOPMENT
POS-0424,880,"1,2,4-Triazole",Triazole,Cd,Cd(NO3)2·4H2O,DMF/H2O/EtOH,Nessuno,150,4.0,2.0,2.0,1.0,,,,,Hydrothermal,2,development_positive,numeric_decimal_standardized;solvent_canonicalized;temperature_numeric_standardized;time_numeric_standardized,DEVELOPMENT
POS-0425,881,"3,3'-dinitro-4,4'-bipyrazole",Bipyrazole,Co,Co(NO3)2·6H2O,H2O/EtOH,Nessuno,150,4.0,0.1,0.05,2.0,,,,,Room Temperature,2,development_positive,numeric_decimal_standardized;solvent_canonicalized;temperature_numeric_standardized;time_numeric_standardized,DEVELOPMENT
POS-0426,882,"3,3'-dimethyl-4,4'-bipyrazole",Bipyrazole,Co,Co(NO3)2·6H2O,DMF/H2O,Nessuno,60,18.0,0.05,0.033,1.5,,,,,Hydrothermal,2,development_positive,temperature_numeric_standardized;time_numeric_standardized,DEVELOPMENT
POS-0427,883,Benzimidazole,Imidazolati,Cu,Cu(NO3)2·3H2O,DEF,Nessuno,80,36.0,0.1,0.05,2.0,,,,,Room Temperature,2,development_positive,numeric_decimal_standardized;temperature_numeric_standardized;time_numeric_standardized,DEVELOPMENT
POS-0428,884,Fumaric acid,Carbossilati aromatici,Fe,Fe(NO3)3·9H2O,MeOH,Nessuno,160,4.0,2.0,2.0,1.0,,,,,Microwave,2,development_positive,numeric_decimal_standardized;temperature_numeric_standardized;time_numeric_standardized,DEVELOPMENT
POS-0429,885,"3-amino-4,4'-bipyrazole",Bipyrazole,Al,Al(NO3)3·9H2O,DEF,Nessuno,25,36.0,2.0,2.5,0.8,,,,,Hydrothermal,2,development_positive,numeric_decimal_standardized;temperature_numeric_standardized;time_numeric_standardized,DEVELOPMENT
POS-0430,887,"3,3'-dimethyl-4,4'-bipyrazole",Bipyrazole,Co,Co(NO3)2·6H2O,DMF/MeOH,Nessuno,25,36.0,0.05,0.062,0.8,,,,,Sonochemical,2,development_positive,temperature_numeric_standardized;time_numeric_standardized,DEVELOPMENT
POS-0431,888,"3,5-diamino-4,4'-bipyrazole",Bipyrazole,Fe,Fe(NO3)3·9H2O,DMF/H2O/EtOH,Nessuno,180,72.0,0.05,0.05,1.0,,,,,Microwave,2,development_positive,numeric_decimal_standardized;solvent_canonicalized;temperature_numeric_standardized;time_numeric_standardized,DEVELOPMENT
POS-0432,889,Benzimidazole,Imidazolati,Mn,Mn(OAc)2·4H2O,DMF/H2O,Nessuno,160,48.0,0.1,0.125,0.8,,,,,Hydrothermal,2,development_positive,temperature_numeric_standardized;time_numeric_standardized,DEVELOPMENT
POS-0433,890,Benzimidazole,Imidazolati,Zn,Zn(NO3)2·6H2O,DMF/H2O/EtOH,Nessuno,25,36.0,0.05,0.033,1.5,,,,,Solvothermal,2,development_positive,solvent_canonicalized;temperature_numeric_standardized;time_numeric_standardized,DEVELOPMENT
POS-0434,891,"3-amino-4,4'-bipyrazole",Bipyrazole,Cu,Cu(OAc)2·H2O,H2O/EtOH,Nessuno,120,18.0,2.0,1.667,1.2,,,,,Microwave,2,development_positive,numeric_decimal_standardized;solvent_canonicalized;temperature_numeric_standardized;time_numeric_standardized,DEVELOPMENT
POS-0435,892,"3,5-diamino-4,4'-bipyrazole",Bipyrazole,Fe,FeCl3·6H2O,DEF,Nessuno,180,72.0,0.2,0.25,0.8,,,,,Microwave,2,development_positive,temperature_numeric_standardized;time_numeric_standardized,DEVELOPMENT
POS-0436,893,"3,5-diamino-4,4'-bipyrazole",Bipyrazole,Al,Al(NO3)3·9H2O,DEF,Nessuno,180,12.0,0.1,0.5,0.2,,,,,Solvothermal,2,development_positive,temperature_numeric_standardized;time_numeric_standardized,DEVELOPMENT
POS-0437,895,"2,5-Dihydroxyterephthalic acid (H4DOBDC)",Carbossilati aromatici,Mn,Mn(OAc)2·4H2O,DMF/H2O,Nessuno,60,12.0,0.2,0.1,2.0,,,,,Solvothermal,2,development_positive,numeric_decimal_standardized;temperature_numeric_standardized;time_numeric_standardized,DEVELOPMENT
POS-0438,898,"3-amino-4,4'-bipyrazole",Bipyrazole,Cu,Cu(NO3)2·3H2O,DMF/H2O/EtOH,Nessuno,60,24.0,0.05,0.25,0.2,,,,,Hydrothermal,2,development_positive,solvent_canonicalized;temperature_numeric_standardized;time_numeric_standardized,DEVELOPMENT
POS-0439,899,"2,6-Naphthalenedicarboxylic acid",Carbossilati aromatici,Fe,FeCl3·6H2O,DEF,Nessuno,160,24.0,0.1,0.1,1.0,,,,,Room Temperature,2,development_positive,numeric_decimal_standardized;temperature_numeric_standardized;time_numeric_standardized,DEVELOPMENT
POS-0440,901,Benzimidazole,Imidazolati,Cu,Cu(NO3)2·3H2O,H2O,Nessuno,160,12.0,1.0,1.0,1.0,,,,,Room Temperature,2,development_positive,numeric_decimal_standardized;temperature_numeric_standardized;time_numeric_standardized,DEVELOPMENT
POS-0441,902,"1,4-Benzenedicarboxylic acid (H2BDC)",Carbossilati aromatici,Zn,Zn(OAc)2·2H2O,H2O,Nessuno,80,24.0,0.2,0.4,0.5,,,,,Solvothermal,2,development_positive,temperature_numeric_standardized;time_numeric_standardized,DEVELOPMENT
POS-0442,903,"3-amino-4,4'-bipyrazole",Bipyrazole,Al,Al(NO3)3·9H2O,DMF/H2O/EtOH,Nessuno,120,12.0,0.2,0.133,1.5,,,,,Microwave,2,development_positive,solvent_canonicalized;temperature_numeric_standardized;time_numeric_standardized,DEVELOPMENT
POS-0443,904,"4,4'-Biphenyldicarboxylic acid (BPDC)",Carbossilati aromatici,Co,Co(NO3)2·6H2O,H2O/EtOH,Nessuno,180,18.0,0.2,0.606,0.33,,,,,Hydrothermal,2,development_positive,solvent_canonicalized;temperature_numeric_standardized;time_numeric_standardized,DEVELOPMENT
POS-0444,905,"2,6-Naphthalenedicarboxylic acid",Carbossilati aromatici,Co,Co(NO3)2·6H2O,DEF,Nessuno,100,12.0,0.5,0.5,1.0,,,,,Sonochemical,2,development_positive,numeric_decimal_standardized;temperature_numeric_standardized;time_numeric_standardized,DEVELOPMENT
POS-0445,906,Fumaric acid,Carbossilati aromatici,Zr,ZrOCl2·8H2O,DMF,Nessuno,180,4.0,1.0,1.25,0.8,,,,,Hydrothermal,2,development_positive,numeric_decimal_standardized;temperature_numeric_standardized;time_numeric_standardized,DEVELOPMENT
POS-0446,910,"4,4'-Biphenyldicarboxylic acid (BPDC)",Carbossilati aromatici,Al,AlCl3·6H2O,DMF/MeOH,Nessuno,80,24.0,1.0,1.25,0.8,,,,,Sonochemical,2,development_positive,numeric_decimal_standardized;temperature_numeric_standardized;time_numeric_standardized,DEVELOPMENT
POS-0447,911,"3,3'-dimethyl-4,4'-bipyrazole",Bipyrazole,Zr,ZrCl4,DMA,Nessuno,80,18.0,0.1,0.067,1.5,,,,,Hydrothermal,2,development_positive,temperature_numeric_standardized;time_numeric_standardized,DEVELOPMENT
POS-0448,913,Fumaric acid,Carbossilati aromatici,Cd,Cd(NO3)2·4H2O,MeOH,Nessuno,100,12.0,0.2,0.167,1.2,,,,,Microwave,2,development_positive,temperature_numeric_standardized;time_numeric_standardized,DEVELOPMENT
POS-0449,914,"3,3'-dimethyl-4,4'-bipyrazole",Bipyrazole,Cu,Cu(NO3)2·3H2O,DMF,Nessuno,160,24.0,1.0,1.0,1.0,,,,,Sonochemical,2,development_positive,numeric_decimal_standardized;temperature_numeric_standardized;time_numeric_standardized,DEVELOPMENT
POS-0450,915,"3,3'-dimethyl-4,4'-bipyrazole",Bipyrazole,Zn,Zn(OAc)2·2H2O,DMF/H2O,Nessuno,180,36.0,0.05,0.1,0.5,,,,,Room Temperature,2,development_positive,temperature_numeric_standardized;time_numeric_standardized,DEVELOPMENT
POS-0451,916,"3,3'-dinitro-4,4'-bipyrazole",Bipyrazole,Zn,Zn(OAc)2·2H2O,DEF,Nessuno,80,4.0,0.5,0.25,2.0,,,,,Solvothermal,2,development_positive,numeric_decimal_standardized;temperature_numeric_standardized;time_numeric_standardized,DEVELOPMENT
POS-0452,918,Benzimidazole,Imidazolati,Co,Co(NO3)2·6H2O,DMF/H2O,Nessuno,120,24.0,0.5,1.0,0.5,,,,,Hydrothermal,2,development_positive,numeric_decimal_standardized;temperature_numeric_standardized;time_numeric_standardized,DEVELOPMENT
POS-0453,919,Benzimidazole,Imidazolati,Cd,Cd(NO3)2·4H2O,DMF/H2O/EtOH,Nessuno,150,4.0,0.5,0.625,0.8,,,,,Microwave,2,development_positive,solvent_canonicalized;temperature_numeric_standardized;time_numeric_standardized,DEVELOPMENT
POS-0454,920,"3-amino-4,4'-bipyrazole",Bipyrazole,Zn,Zn(OAc)2·2H2O,DMF/H2O/EtOH,Nessuno,140,48.0,0.1,0.1,1.0,,,,,Sonochemical,2,development_positive,numeric_decimal_standardized;solvent_canonicalized;temperature_numeric_standardized;time_numeric_standardized,DEVELOPMENT
POS-0455,921,"3,5-diamino-4,4'-bipyrazole",Bipyrazole,Co,Co(OAc)2·4H2O,DMF,Nessuno,160,36.0,0.1,0.083,1.2,,,,,Hydrothermal,2,development_positive,temperature_numeric_standardized;time_numeric_standardized,DEVELOPMENT
POS-0456,922,Benzimidazole,Imidazolati,Cd,Cd(NO3)2·4H2O,DMA,Nessuno,180,4.0,0.05,0.042,1.2,,,,,Microwave,2,development_positive,temperature_numeric_standardized;time_numeric_standardized,DEVELOPMENT
POS-0457,923,"3,5-diamino-4,4'-bipyrazole",Bipyrazole,Fe,FeCl3·6H2O,DMA,Nessuno,80,4.0,0.05,0.062,0.8,,,,,Solvothermal,2,development_positive,temperature_numeric_standardized;time_numeric_standardized,DEVELOPMENT
POS-0458,924,Benzimidazole,Imidazolati,Cd,Cd(NO3)2·4H2O,DMA,Nessuno,140,24.0,0.1,0.5,0.2,,,,,Microwave,2,development_positive,temperature_numeric_standardized;time_numeric_standardized,DEVELOPMENT
POS-0459,925,"3,5-diamino-4,4'-bipyrazole",Bipyrazole,Zr,ZrCl4,DEF,Nessuno,25,4.0,2.0,2.0,1.0,,,,,Solvothermal,2,development_positive,numeric_decimal_standardized;temperature_numeric_standardized;time_numeric_standardized,DEVELOPMENT
POS-0460,926,"1,4-Benzenedicarboxylic acid (H2BDC)",Carbossilati aromatici,Al,Al(NO3)3·9H2O,DMF/MeOH,Nessuno,140,72.0,0.1,0.083,1.2,,,,,Hydrothermal,2,development_positive,temperature_numeric_standardized;time_numeric_standardized,DEVELOPMENT
POS-0461,927,Benzimidazole,Imidazolati,Cd,Cd(NO3)2·4H2O,DEF,Nessuno,150,24.0,0.2,0.1,2.0,,,,,Solvothermal,2,development_positive,numeric_decimal_standardized;temperature_numeric_standardized;time_numeric_standardized,DEVELOPMENT
POS-0462,928,2-Methylimidazole,Imidazolati,Cu,Cu(NO3)2·3H2O,DMA,Nessuno,180,48.0,0.05,0.033,1.5,,,,,Solvothermal,2,development_positive,temperature_numeric_standardized;time_numeric_standardized,DEVELOPMENT
POS-0463,930,Benzimidazole,Imidazolati,Cd,Cd(NO3)2·4H2O,MeOH,Nessuno,100,24.0,0.1,0.083,1.2,,,,,Hydrothermal,2,development_positive,temperature_numeric_standardized;time_numeric_standardized,DEVELOPMENT
POS-0464,932,2-Methylimidazole,Imidazolati,Al,Al(NO3)3·9H2O,DMF/H2O,Nessuno,80,72.0,1.0,1.0,1.0,,,,,Microwave,2,development_positive,numeric_decimal_standardized;temperature_numeric_standardized;time_numeric_standardized,DEVELOPMENT
POS-0465,933,Fumaric acid,Carbossilati aromatici,Fe,Fe(NO3)3·9H2O,DEF,Nessuno,140,12.0,1.0,0.833,1.2,,,,,Room Temperature,2,development_positive,numeric_decimal_standardized;temperature_numeric_standardized;time_numeric_standardized,DEVELOPMENT
POS-0466,934,"3,5-diamino-4,4'-bipyrazole",Bipyrazole,Ni,Ni(NO3)2·6H2O,DMF/H2O,Nessuno,80,18.0,2.0,2.0,1.0,,,,,Sonochemical,2,development_positive,numeric_decimal_standardized;temperature_numeric_standardized;time_numeric_standardized,DEVELOPMENT
POS-0467,937,"3-amino-4,4'-bipyrazole",Bipyrazole,Cu,Cu(OAc)2·H2O,H2O/EtOH,Nessuno,60,24.0,0.1,0.067,1.5,,,,,Hydrothermal,2,development_positive,solvent_canonicalized;temperature_numeric_standardized;time_numeric_standardized,DEVELOPMENT
POS-0468,938,"2,5-Dihydroxyterephthalic acid (H4DOBDC)",Carbossilati aromatici,Zn,Zn(OAc)2·2H2O,MeOH,Nessuno,80,18.0,1.0,0.833,1.2,,,,,Hydrothermal,2,development_positive,numeric_decimal_standardized;temperature_numeric_standardized;time_numeric_standardized,DEVELOPMENT
POS-0469,939,"1,2,4-Triazole",Triazole,Cu,Cu(NO3)2·3H2O,DEF,Nessuno,160,36.0,0.1,0.2,0.5,,,,,Solvothermal,2,development_positive,temperature_numeric_standardized;time_numeric_standardized,DEVELOPMENT
POS-0470,940,"3,5-diamino-4,4'-bipyrazole",Bipyrazole,Cu,Cu(OAc)2·H2O,MeOH,Nessuno,60,72.0,2.0,2.0,1.0,,,,,Sonochemical,2,development_positive,numeric_decimal_standardized;temperature_numeric_standardized;time_numeric_standardized,DEVELOPMENT
POS-0471,941,2-Methylimidazole,Imidazolati,Ni,Ni(NO3)2·6H2O,DMA,Nessuno,160,72.0,0.1,0.125,0.8,,,,,Solvothermal,2,development_positive,temperature_numeric_standardized;time_numeric_standardized,DEVELOPMENT
POS-0472,942,Fumaric acid,Carbossilati aromatici,Zn,Zn(OAc)2·2H2O,DMF,Nessuno,180,4.0,0.2,0.606,0.33,,,,,Microwave,2,development_positive,temperature_numeric_standardized;time_numeric_standardized,DEVELOPMENT
POS-0473,943,"2,6-Naphthalenedicarboxylic acid",Carbossilati aromatici,Zn,Zn(NO3)2·6H2O,DMF,Nessuno,160,24.0,0.2,0.2,1.0,,,,,Microwave,2,development_positive,numeric_decimal_standardized;temperature_numeric_standardized;time_numeric_standardized,DEVELOPMENT
POS-0474,944,"3,3'-dinitro-4,4'-bipyrazole",Bipyrazole,Cu,Cu(NO3)2·3H2O,DMA,Nessuno,180,4.0,0.2,0.25,0.8,,,,,Sonochemical,2,development_positive,temperature_numeric_standardized;time_numeric_standardized,DEVELOPMENT
POS-0475,945,"1,2,4-Triazole",Triazole,Zr,ZrCl4,DMF/H2O/EtOH,Nessuno,140,24.0,0.2,1.0,0.2,,,,,Microwave,2,development_positive,numeric_decimal_standardized;solvent_canonicalized;temperature_numeric_standardized;time_numeric_standardized,DEVELOPMENT
POS-0476,946,"2,6-Naphthalenedicarboxylic acid",Carbossilati aromatici,Cd,Cd(NO3)2·4H2O,H2O/EtOH,Nessuno,120,4.0,0.5,0.25,2.0,,,,,Solvothermal,2,development_positive,numeric_decimal_standardized;solvent_canonicalized;temperature_numeric_standardized;time_numeric_standardized,DEVELOPMENT
POS-0477,947,"3,5-diamino-4,4'-bipyrazole",Bipyrazole,Cd,Cd(NO3)2·4H2O,DMA,Nessuno,100,12.0,1.0,5.0,0.2,,,,,Hydrothermal,2,development_positive,numeric_decimal_standardized;temperature_numeric_standardized;time_numeric_standardized,DEVELOPMENT
POS-0478,948,"2,5-Dihydroxyterephthalic acid (H4DOBDC)",Carbossilati aromatici,Zr,ZrCl4,MeOH,Nessuno,80,48.0,0.2,0.2,1.0,,,,,Sonochemical,2,development_positive,numeric_decimal_standardized;temperature_numeric_standardized;time_numeric_standardized,DEVELOPMENT
POS-0479,949,"2,6-Naphthalenedicarboxylic acid",Carbossilati aromatici,Zr,ZrCl4,DMF,Nessuno,80,48.0,0.5,1.515,0.33,,,,,Microwave,2,development_positive,temperature_numeric_standardized;time_numeric_standardized,DEVELOPMENT
POS-0480,950,"2,6-Naphthalenedicarboxylic acid",Carbossilati aromatici,Fe,FeCl3·6H2O,DEF,Nessuno,180,12.0,0.2,1.0,0.2,,,,,Sonochemical,2,development_positive,numeric_decimal_standardized;temperature_numeric_standardized;time_numeric_standardized,DEVELOPMENT
POS-0481,952,"3,3'-dinitro-4,4'-bipyrazole",Bipyrazole,Co,Co(OAc)2·4H2O,DEF,Nessuno,120,4.0,2.0,1.0,2.0,,,,,Sonochemical,2,development_positive,numeric_decimal_standardized;temperature_numeric_standardized;time_numeric_standardized,DEVELOPMENT
POS-0482,953,"2,6-Naphthalenedicarboxylic acid",Carbossilati aromatici,Cd,Cd(NO3)2·4H2O,DMA,Nessuno,60,4.0,0.1,0.2,0.5,,,,,Hydrothermal,2,development_positive,temperature_numeric_standardized;time_numeric_standardized,DEVELOPMENT
POS-0483,954,Benzimidazole,Imidazolati,Mn,Mn(OAc)2·4H2O,H2O,Nessuno,160,4.0,0.05,0.1,0.5,,,,,Microwave,2,development_positive,temperature_numeric_standardized;time_numeric_standardized,DEVELOPMENT
POS-0484,955,Benzimidazole,Imidazolati,Cu,Cu(OAc)2·H2O,DMF,Nessuno,25,18.0,1.0,0.5,2.0,,,,,Sonochemical,2,development_positive,numeric_decimal_standardized;temperature_numeric_standardized;time_numeric_standardized,DEVELOPMENT
POS-0485,956,"3-amino-4,4'-bipyrazole",Bipyrazole,Zr,ZrOCl2·8H2O,DEF,Nessuno,140,72.0,0.05,0.25,0.2,,,,,Solvothermal,2,development_positive,temperature_numeric_standardized;time_numeric_standardized,DEVELOPMENT
POS-0486,957,"3-amino-4,4'-bipyrazole",Bipyrazole,Mg,Mg(NO3)2·6H2O,DMF/H2O/EtOH,Nessuno,120,36.0,0.5,1.0,0.5,,,,,Solvothermal,2,development_positive,numeric_decimal_standardized;solvent_canonicalized;temperature_numeric_standardized;time_numeric_standardized,DEVELOPMENT
POS-0487,959,"3-amino-4,4'-bipyrazole",Bipyrazole,Al,Al(NO3)3·9H2O,DMF,Nessuno,160,48.0,0.05,0.05,1.0,,,,,Solvothermal,2,development_positive,numeric_decimal_standardized;temperature_numeric_standardized;time_numeric_standardized,DEVELOPMENT
POS-0488,960,"1,2,4-Triazole",Triazole,Co,Co(NO3)2·6H2O,H2O/EtOH,Nessuno,80,24.0,0.05,0.25,0.2,,,,,Sonochemical,2,development_positive,solvent_canonicalized;temperature_numeric_standardized;time_numeric_standardized,DEVELOPMENT
POS-0489,961,"1,4-Benzenedicarboxylic acid (H2BDC)",Carbossilati aromatici,Mn,Mn(OAc)2·4H2O,DMF/H2O,Nessuno,140,12.0,2.0,4.0,0.5,,,,,Room Temperature,2,development_positive,numeric_decimal_standardized;temperature_numeric_standardized;time_numeric_standardized,DEVELOPMENT
POS-0490,962,Benzimidazole,Imidazolati,Ni,Ni(OAc)2·4H2O,DEF,Nessuno,180,18.0,0.1,0.303,0.33,,,,,Sonochemical,2,development_positive,temperature_numeric_standardized;time_numeric_standardized,DEVELOPMENT
POS-0491,963,"4,4'-Biphenyldicarboxylic acid (BPDC)",Carbossilati aromatici,Fe,Fe(NO3)3·9H2O,H2O/EtOH,Nessuno,60,36.0,0.2,0.25,0.8,,,,,Microwave,2,development_positive,solvent_canonicalized;temperature_numeric_standardized;time_numeric_standardized,DEVELOPMENT
POS-0492,964,Fumaric acid,Carbossilati aromatici,Zn,Zn(OAc)2·2H2O,DEF,Nessuno,120,72.0,1.0,0.667,1.5,,,,,Room Temperature,2,development_positive,numeric_decimal_standardized;temperature_numeric_standardized;time_numeric_standardized,DEVELOPMENT
POS-0493,965,"1,2,4-Triazole",Triazole,Cd,Cd(NO3)2·4H2O,DMF/H2O/EtOH,Nessuno,100,18.0,0.5,0.333,1.5,,,,,Room Temperature,2,development_positive,solvent_canonicalized;temperature_numeric_standardized;time_numeric_standardized,DEVELOPMENT
POS-0494,966,"2,6-Naphthalenedicarboxylic acid",Carbossilati aromatici,Al,Al(NO3)3·9H2O,DMA,Nessuno,80,12.0,1.0,1.25,0.8,,,,,Sonochemical,2,development_positive,numeric_decimal_standardized;temperature_numeric_standardized;time_numeric_standardized,DEVELOPMENT
POS-0495,967,"2,5-Dihydroxyterephthalic acid (H4DOBDC)",Carbossilati aromatici,Al,AlCl3·6H2O,DMF/H2O,Nessuno,160,12.0,0.1,0.083,1.2,,,,,Microwave,2,development_positive,temperature_numeric_standardized;time_numeric_standardized,DEVELOPMENT
POS-0496,969,"3,3'-dinitro-4,4'-bipyrazole",Bipyrazole,Co,Co(NO3)2·6H2O,MeOH,Nessuno,160,4.0,0.1,0.1,1.0,,,,,Hydrothermal,2,development_positive,numeric_decimal_standardized;temperature_numeric_standardized;time_numeric_standardized,DEVELOPMENT
POS-0497,970,"3,5-diamino-4,4'-bipyrazole",Bipyrazole,Cu,Cu(OAc)2·H2O,DMF/MeOH,Nessuno,100,48.0,1.0,1.25,0.8,,,,,Solvothermal,2,development_positive,numeric_decimal_standardized;temperature_numeric_standardized;time_numeric_standardized,DEVELOPMENT
POS-0498,971,"3,3'-dinitro-4,4'-bipyrazole",Bipyrazole,Cd,Cd(NO3)2·4H2O,MeOH,Nessuno,140,48.0,0.5,0.417,1.2,,,,,Sonochemical,2,development_positive,temperature_numeric_standardized;time_numeric_standardized,DEVELOPMENT
POS-0499,972,"3-amino-4,4'-bipyrazole",Bipyrazole,Ni,Ni(NO3)2·6H2O,H2O,Nessuno,180,36.0,0.05,0.025,2.0,,,,,Hydrothermal,2,development_positive,numeric_decimal_standardized;temperature_numeric_standardized;time_numeric_standardized,DEVELOPMENT
POS-0500,973,"3,3'-dinitro-4,4'-bipyrazole",Bipyrazole,Zn,Zn(NO3)2·6H2O,DMF/MeOH,Nessuno,60,18.0,0.1,0.125,0.8,,,,,Microwave,2,development_positive,temperature_numeric_standardized;time_numeric_standardized,DEVELOPMENT
POS-0501,974,"3-amino-4,4'-bipyrazole",Bipyrazole,Cu,Cu(OAc)2·H2O,DMF,Nessuno,150,12.0,0.05,0.033,1.5,,,,,Sonochemical,2,development_positive,temperature_numeric_standardized;time_numeric_standardized,DEVELOPMENT
POS-0502,976,"2,6-Naphthalenedicarboxylic acid",Carbossilati aromatici,Cd,Cd(NO3)2·4H2O,DMF/H2O,Nessuno,150,18.0,2.0,10.0,0.2,,,,,Hydrothermal,2,development_positive,numeric_decimal_standardized;temperature_numeric_standardized;time_numeric_standardized,DEVELOPMENT
POS-0503,977,2-Methylimidazole,Imidazolati,Zr,ZrOCl2·8H2O,DMF/H2O,Nessuno,150,36.0,0.1,0.2,0.5,,,,,Hydrothermal,2,development_positive,temperature_numeric_standardized;time_numeric_standardized,DEVELOPMENT
POS-0504,978,"4,4'-Biphenyldicarboxylic acid (BPDC)",Carbossilati aromatici,Co,Co(NO3)2·6H2O,DMF/H2O/EtOH,Nessuno,25,18.0,0.2,0.167,1.2,,,,,Microwave,2,development_positive,solvent_canonicalized;temperature_numeric_standardized;time_numeric_standardized,DEVELOPMENT
POS-0505,979,"2,5-Dihydroxyterephthalic acid (H4DOBDC)",Carbossilati aromatici,Zn,Zn(OAc)2·2H2O,MeOH,Nessuno,100,36.0,0.2,0.25,0.8,,,,,Solvothermal,2,development_positive,temperature_numeric_standardized;time_numeric_standardized,DEVELOPMENT
POS-0506,980,"3-amino-4,4'-bipyrazole",Bipyrazole,Co,Co(OAc)2·4H2O,DMF,Nessuno,140,4.0,0.05,0.05,1.0,,,,,Microwave,2,development_positive,numeric_decimal_standardized;temperature_numeric_standardized;time_numeric_standardized,DEVELOPMENT
POS-0507,981,"1,2,4-Triazole",Triazole,Zr,ZrOCl2·8H2O,H2O/EtOH,Nessuno,120,48.0,2.0,4.0,0.5,,,,,Hydrothermal,2,development_positive,numeric_decimal_standardized;solvent_canonicalized;temperature_numeric_standardized;time_numeric_standardized,DEVELOPMENT
POS-0508,982,"1,2,4-Triazole",Triazole,Cu,Cu(NO3)2·3H2O,DMA,Nessuno,140,12.0,2.0,6.061,0.33,,,,,Microwave,2,development_positive,numeric_decimal_standardized;temperature_numeric_standardized;time_numeric_standardized,DEVELOPMENT
POS-0509,983,"1,4-Benzenedicarboxylic acid (H2BDC)",Carbossilati aromatici,Cu,Cu(NO3)2·3H2O,DEF,Nessuno,150,48.0,2.0,1.0,2.0,,,,,Microwave,2,development_positive,numeric_decimal_standardized;temperature_numeric_standardized;time_numeric_standardized,DEVELOPMENT
POS-0510,984,"1,2,4-Triazole",Triazole,Cu,Cu(OAc)2·H2O,H2O/EtOH,Nessuno,180,72.0,2.0,1.667,1.2,,,,,Hydrothermal,2,development_positive,numeric_decimal_standardized;solvent_canonicalized;temperature_numeric_standardized;time_numeric_standardized,DEVELOPMENT
POS-0511,985,"3-amino-4,4'-bipyrazole",Bipyrazole,Mg,Mg(NO3)2·6H2O,DMF,Nessuno,160,24.0,2.0,1.0,2.0,,,,,Room Temperature,2,development_positive,numeric_decimal_standardized;temperature_numeric_standardized;time_numeric_standardized,DEVELOPMENT
POS-0512,986,2-Methylimidazole,Imidazolati,Co,Co(OAc)2·4H2O,DMA,Nessuno,120,24.0,0.05,0.25,0.2,,,,,Microwave,2,development_positive,temperature_numeric_standardized;time_numeric_standardized,DEVELOPMENT
POS-0513,987,Benzimidazole,Imidazolati,Zn,Zn(OAc)2·2H2O,DMA,Nessuno,60,72.0,0.5,0.5,1.0,,,,,Solvothermal,2,development_positive,numeric_decimal_standardized;temperature_numeric_standardized;time_numeric_standardized,DEVELOPMENT
POS-0514,988,"4,4'-Biphenyldicarboxylic acid (BPDC)",Carbossilati aromatici,Zr,ZrOCl2·8H2O,DMF/MeOH,Nessuno,25,72.0,0.1,0.1,1.0,,,,,Hydrothermal,2,development_positive,numeric_decimal_standardized;temperature_numeric_standardized;time_numeric_standardized,DEVELOPMENT
POS-0515,989,"3-amino-4,4'-bipyrazole",Bipyrazole,Zr,ZrOCl2·8H2O,DMF/H2O/EtOH,Nessuno,180,4.0,0.5,1.0,0.5,,,,,Room Temperature,2,development_positive,numeric_decimal_standardized;solvent_canonicalized;temperature_numeric_standardized;time_numeric_standardized,DEVELOPMENT
POS-0516,990,Benzimidazole,Imidazolati,Cu,Cu(OAc)2·H2O,DEF,Nessuno,150,48.0,0.2,0.167,1.2,,,,,Room Temperature,2,development_positive,temperature_numeric_standardized;time_numeric_standardized,DEVELOPMENT
POS-0517,992,Benzimidazole,Imidazolati,Ni,Ni(OAc)2·4H2O,DMA,Nessuno,80,72.0,0.05,0.042,1.2,,,,,Microwave,2,development_positive,temperature_numeric_standardized;time_numeric_standardized,DEVELOPMENT
POS-0518,995,"2,5-Dihydroxyterephthalic acid (H4DOBDC)",Carbossilati aromatici,Al,AlCl3·6H2O,DMF,Nessuno,140,48.0,0.2,0.25,0.8,,,,,Sonochemical,2,development_positive,temperature_numeric_standardized;time_numeric_standardized,DEVELOPMENT
POS-0519,998,2-Methylimidazole,Imidazolati,Al,AlCl3·6H2O,DMF/MeOH,Nessuno,60,36.0,2.0,1.333,1.5,,,,,Microwave,2,development_positive,numeric_decimal_standardized;temperature_numeric_standardized;time_numeric_standardized,DEVELOPMENT
POS-0520,999,2-Methylimidazole,Imidazolati,Fe,FeCl3·6H2O,DEF,Nessuno,150,18.0,0.2,0.2,1.0,,,,,Room Temperature,2,development_positive,numeric_decimal_standardized;temperature_numeric_standardized;time_numeric_standardized,DEVELOPMENT
POS-0521,MOFs_47,"3-amino-4,4'-bipyrazole",Bipyrazole,Cd,Cd(NO3)2·4H2O,DMF,Nessuno,160,24.0,0.2,0.1,2.0,12.0,,,,Solvothermal,2,development_positive,numeric_decimal_standardized;salt_hydrate_separator_standardized,DEVELOPMENT
POS-0522,MOFs_93,3-MePz-4-COOH,Pyrazole carbossilati,Cu,Cu(OAc)2·H2O,H2O,Nessuno,25,96.0,0.2,0.1,2.0,20.0,,,,Solvothermal,2,development_positive,numeric_decimal_standardized;salt_hydrate_separator_standardized;temperature_room_to_25,DEVELOPMENT
POS-0523,MOFs_106,"3-nitro-4,4'-bipyrazole",Bipyrazole,Cd,Cd(NO3)2·4H2O,DMF,Nessuno,140,72.0,0.6,0.3,2.0,30.0,,,,Solvothermal,2,development_positive,numeric_decimal_standardized;salt_hydrate_separator_standardized,DEVELOPMENT
POS-0524,MOFs_108,"3-nitro-4,4'-bipyrazole",Bipyrazole,Cd,Cd(NO3)2·4H2O,DMF,Nessuno,160,24.0,0.2,0.1,2.0,12.0,,,,Solvothermal,2,development_positive,numeric_decimal_standardized;salt_hydrate_separator_standardized,DEVELOPMENT
POS-0525,MOFs_109,"3-nitro-4,4'-bipyrazole",Bipyrazole,Cd,Cd(NO3)2·4H2O,DMF,Nessuno,160,48.0,0.1,0.1,1.0,15.0,,,,Solvothermal,2,development_positive,numeric_decimal_standardized;salt_hydrate_separator_standardized,DEVELOPMENT
POS-0526,MOFs_110,"3-nitro-4,4'-bipyrazole",Bipyrazole,Cd,Cd(NO3)2·4H2O,DMF,Nessuno,160,48.0,0.1,0.2,0.5,10.0,,,,Solvothermal,2,development_positive,numeric_decimal_standardized;salt_hydrate_separator_standardized,DEVELOPMENT
POS-0527,MOFs_135,"3,3'-dinitro-4,4'-bipyrazole",Bipyrazole,Co,Co(OAc)2·4H2O,DMF/H2O,Nessuno,160,48.0,0.2,0.1,2.0,8.0,,,,Solvothermal,2,development_positive,numeric_decimal_standardized;salt_hydrate_separator_standardized;solvent_canonicalized,DEVELOPMENT
POS-0528,MOFs_139,"3,3'-dinitro-4,4'-bipyrazole",Bipyrazole,Co,Cd(OAc)2·4H2O,DMF/H2O,Nessuno,160,24.0,0.1,0.2,0.5,14.0,,,,Solvothermal,2,development_positive,numeric_decimal_standardized;salt_hydrate_separator_standardized;solvent_canonicalized,DEVELOPMENT
POS-0529,MOFs_141,"3,3'-dinitro-4,4'-bipyrazole",Bipyrazole,Cu,Cu(NO3)2·3H2O,DMF/H2O,Nessuno,160,48.0,0.2,0.1,2.0,8.0,,,,Solvothermal,2,development_positive,numeric_decimal_standardized;salt_hydrate_separator_standardized;solvent_canonicalized,DEVELOPMENT
POS-0530,MOFs_142,"3,3'-dinitro-4,4'-bipyrazole",Bipyrazole,Cu,Cu(NO3)2·3H2O,DMF/H2O,Nessuno,160,24.0,0.2,0.2,1.0,8.0,,,,Solvothermal,2,development_positive,numeric_decimal_standardized;salt_hydrate_separator_standardized;solvent_canonicalized,DEVELOPMENT
POS-0531,MOFs_146,"3,3'-dinitro-4,4'-bipyrazole",Bipyrazole,Cu,Cu(NO3)2·3H2O,DMF,Nessuno,160,6.0,0.2,0.1,2.0,10.0,,,,Solvothermal,2,development_positive,numeric_decimal_standardized;salt_hydrate_separator_standardized,DEVELOPMENT
POS-0532,MOFs_148,"3,3'-dinitro-4,4'-bipyrazole",Bipyrazole,Zn,Zn(NO3)2·6H2O,DMF/H2O,Nessuno,160,48.0,0.2,0.1,2.0,8.0,,,,Solvothermal,2,development_positive,numeric_decimal_standardized;salt_hydrate_separator_standardized;solvent_canonicalized,DEVELOPMENT
POS-0533,MOFs_152,"3,3'-dinitro-4,4'-bipyrazole",Bipyrazole,Zn,Zn(NO3)2·6H2O,DMF/H2O,Nessuno,160,24.0,0.1,0.2,0.5,14.0,,,,Solvothermal,2,development_positive,numeric_decimal_standardized;salt_hydrate_separator_standardized;solvent_canonicalized,DEVELOPMENT
POS-0534,MOFs_153,"3,3'-dinitro-4,4'-bipyrazole",Bipyrazole,Zn,Zn(NO3)2·6H2O,DMF,Nessuno,160,6.0,0.2,0.1,2.0,10.0,,,,Solvothermal,2,development_positive,numeric_decimal_standardized;salt_hydrate_separator_standardized,DEVELOPMENT
POS-0535,MOFs_166,"3,5-diamino-4,4'-bipyrazole",Bipyrazole,Cd,Cd(NO3)2·4H2O,DMF,Nessuno,140,72.0,0.48,0.2,2.4,20.0,,,,Solvothermal,2,development_positive,numeric_decimal_standardized;salt_hydrate_separator_standardized,DEVELOPMENT
POS-0536,MOFs_188,"3,5-diamino-4,4'-bipyrazole",Bipyrazole,Co,Co(NO3)2·6H2O,DMF/H2O,Nessuno,160,72.0,1.5,1.5,1.0,65.0,,,,Solvothermal,2,development_positive,numeric_decimal_standardized;salt_hydrate_separator_standardized,DEVELOPMENT
POS-0537,MOFs_190,"3,5-diamino-4,4'-bipyrazole",Bipyrazole,Co,Co(NO3)2·6H2O,DMF/EtOH,Nessuno,160,24.0,0.1,0.05,2.0,5.0,,,,Solvothermal,2,development_positive,numeric_decimal_standardized;salt_hydrate_separator_standardized,DEVELOPMENT
POS-0538,MOFs_191,"3,5-diamino-4,4'-bipyrazole",Bipyrazole,Co,Co(NO3)2·6H2O,DMF/H2O,Nessuno,160,24.0,0.1,0.05,2.0,2.0,,,,Solvothermal,2,development_positive,numeric_decimal_standardized;salt_hydrate_separator_standardized,DEVELOPMENT
POS-0539,MOFs_192,"3,5-diamino-4,4'-bipyrazole",Bipyrazole,Co,Co(NO3)2·6H2O,DMF/EtOH,Nessuno,160,16.0,0.2,0.1,2.0,10.0,,,,Solvothermal,2,development_positive,numeric_decimal_standardized;salt_hydrate_separator_standardized,DEVELOPMENT
POS-0540,MOFs_193,"3,5-diamino-4,4'-bipyrazole",Bipyrazole,Co,Co(NO3)2·6H2O,DMF/MeOH,Nessuno,160,24.0,0.1,0.05,2.0,5.0,,,,Solvothermal,2,development_positive,numeric_decimal_standardized;salt_hydrate_separator_standardized,DEVELOPMENT
POS-0541,MOFs_195,"3,5-diamino-4,4'-bipyrazole",Bipyrazole,Co,Co(NO3)2·6H2O,DMF/H2O,Nessuno,150,72.0,0.05,0.05,1.0,7.0,,,,Solvothermal,2,development_positive,numeric_decimal_standardized;salt_hydrate_separator_standardized,DEVELOPMENT
POS-0542,MOFs_206,"3,5-diamino-4,4'-bipyrazole",Bipyrazole,Co,Co(NO3)2·6H2O,DMF/H2O,Nessuno,160,24.0,1.3,1.3,1.0,62.5,,,,Solvothermal,2,development_positive,numeric_decimal_standardized;salt_hydrate_separator_standardized,DEVELOPMENT
POS-0543,MOFs_207,"3,5-diamino-4,4'-bipyrazole",Bipyrazole,Co,Co(NO3)2·6H2O,DMF/H2O,Nessuno,160,72.0,0.2,0.2,1.0,10.0,,,,Solvothermal,2,development_positive,numeric_decimal_standardized;salt_hydrate_separator_standardized,DEVELOPMENT
POS-0544,MOFs_253,"3,5-diamino-4,4'-bipyrazole",Bipyrazole,Zn,Zn(OAc)2·2H2O,DMF/H2O,Nessuno,160,72.0,0.2,0.2,1.0,13.0,,,,Solvothermal,2,development_positive,numeric_decimal_standardized;salt_hydrate_separator_standardized,DEVELOPMENT
POS-0545,MOFs_254,"3,5-diamino-4,4'-bipyrazole",Bipyrazole,Zn,Zn(NO3)2·6H2O,DMF/H2O,Nessuno,160,72.0,0.2,0.2,1.0,13.0,,,,Solvothermal,2,development_positive,numeric_decimal_standardized;salt_hydrate_separator_standardized,DEVELOPMENT
POS-0546,MOFs_255,"3,5-DiMePz-4-COOH",Pyrazole carbossilati,Cu,Cu(OAc)2·H2O,H2O,Nessuno,25,48.0,0.2,0.1,2.0,20.0,,,,Solvothermal,2,development_positive,numeric_decimal_standardized;salt_hydrate_separator_standardized;temperature_room_to_25,DEVELOPMENT
POS-0547,MOFs_256,"3,5-DiMePz-4-COOH",Pyrazole carbossilati,Cu,Cu(OAc)2·H2O,H2O,Nessuno,25,72.0,1.0,0.5,2.0,100.0,,,,Solvothermal,2,development_positive,numeric_decimal_standardized;salt_hydrate_separator_standardized;temperature_room_to_25,DEVELOPMENT
POS-0548,MOFs_259,"3,5-DiMePz-4-COOH",Pyrazole carbossilati,Zn,Zn(OAc)2·2H2O,EtOH,Nessuno,25,48.0,0.2,0.1,2.0,20.0,,,,Solvothermal,2,development_positive,numeric_decimal_standardized;salt_hydrate_separator_standardized;temperature_room_to_25,DEVELOPMENT
POS-0549,MOFs_260,"3,5-DiMePz-4-COOH",Pyrazole carbossilati,Zn,Zn(OAc)2·2H2O,EtOH,Nessuno,25,72.0,1.0,0.5,2.0,100.0,,,,Solvothermal,2,development_positive,numeric_decimal_standardized;salt_hydrate_separator_standardized;temperature_room_to_25,DEVELOPMENT
POS-0550,MOFs_268,"3,5-DiMePz-4-COOH",Pyrazole carbossilati,Zr,ZrCl4,H2O,Nessuno,25,72.0,1.0,0.5,2.0,100.0,,,,Solvothermal,2,development_positive,numeric_decimal_standardized;temperature_room_to_25,DEVELOPMENT
POS-0551,MOFs_278,5-MePz-4-COOH,Pyrazole carbossilati,Zn,Zn(NO3)2·6H2O,DMF,Nessuno,120,24.0,0.2,0.2,1.0,10.0,,,,Solvothermal,2,development_positive,numeric_decimal_standardized;salt_hydrate_separator_standardized,DEVELOPMENT
POS-0552,MOFs_302,H2Me2BDP,Altro,Ag,AgPF6,MeOH,Nessuno,25,48.0,0.2,0.2,1.0,10.0,,,,Solvothermal,2,development_positive,numeric_decimal_standardized;temperature_room_to_25,DEVELOPMENT
POS-0553,Organometallica_372,H2BPZNH2,Organometallica - pirazoli,Ru,[Ru(p-cymene)Cl2]2,MeOH,Nessuno,25,4.0,0.1,0.1,1.0,20.0,,,,"Dopo 4 ore ancora nessuna cristallizzazione, evaporato un po di solvente e poi messo in frido appena raffreddato. Aggiunto eteredietilico, perchè non vi era avvenuta cristallizzazione.",2,development_positive,numeric_decimal_standardized;temperature_room_to_25,DEVELOPMENT
POS-0554,Organometallica_394,"Ru1,3",Organometallica,Ru,CAgF3SO3,CH2Cl2,Nessuno,25,6.0,0.05,0.22,0.22727273,20.0,,,,"Filtrato il precipitato formatosi, sciacquato con 5 ml di diclorometano e poi lasciato evaporare all'aria le acque madri.",2,development_positive,numeric_decimal_standardized;temperature_room_to_25,DEVELOPMENT
POS-0555,Organometallica_399,H2BPZNH2,Organometallica,Rh,[Rh(C5Me5)Cl2]3,MeOH,Nessuno,70,24.0,0.1,0.05,2.0,20.0,,,,"Solubilizzato il dimero del metallo in 10 ml di MeOH, una volta solulbilizzato ho aggiunto il legante e lasciato in stirring per 16 ore.",2,development_positive,numeric_decimal_standardized,DEVELOPMENT
POS-0556,2,curc(III),Curcumina,Zn,Zn(OAc)2·2H2O,DMF,Nessuno,80,72.0,0.1,0.05,2.0,,,,,Solvothermal,2,external_positive_after_locked_evaluation,numeric_decimal_standardized;salt_hydrate_separator_standardized;temperature_numeric_standardized;time_numeric_standardized,EXTERNAL_TEST
POS-0557,5,curc(III),Curcumina,Zn,Zn(OAc)2·2H2O,DMF/MeOH,Nessuno,80,24.0,0.1,0.05,2.0,,,,,Solvothermal,2,external_positive_after_locked_evaluation,numeric_decimal_standardized;salt_hydrate_separator_standardized;temperature_numeric_standardized;time_numeric_standardized,EXTERNAL_TEST
POS-0558,7,curc(III),Curcumina,Zn,Zn(NO3)2·6H2O,DMF/MeOH,Nessuno,80,24.0,0.2,0.1,2.0,,,,,Solvothermal,2,external_positive_after_locked_evaluation,numeric_decimal_standardized;salt_hydrate_separator_standardized;temperature_numeric_standardized;time_numeric_standardized,EXTERNAL_TEST
POS-0559,15,curc(III),Curcumina,Co,Co(NO3)2·6H2O,DMF/H2O,Nessuno,80,16.0,0.02,0.02,1.0,,,,,"Precipitato dopo già 16h, procedo con la caratterizzazione",2,external_positive_after_locked_evaluation,numeric_decimal_standardized;salt_hydrate_separator_standardized;temperature_numeric_standardized;time_numeric_standardized,EXTERNAL_TEST
POS-0560,27,curc(III),Curcumina,Co,Co(NO3)2·6H2O,DMF/H2O,Nessuno,120,24.0,0.05,0.05,1.0,,,,,Solvothermal,2,external_positive_after_locked_evaluation,numeric_decimal_standardized;salt_hydrate_separator_standardized;temperature_numeric_standardized;time_numeric_standardized,EXTERNAL_TEST
POS-0561,147,"3,3-dimethyl-4,4'-bipyrazole",Bipyrazole,Ag,AgNO3,DMF,Nessuno,100,48.0,0.9,0.9,1.0,,,,,Solvothermal,2,external_positive_after_locked_evaluation,numeric_decimal_standardized;temperature_numeric_standardized;time_numeric_standardized,EXTERNAL_TEST
POS-0562,149,"3,3-dimethyl-4,4'-bipyrazole",Bipyrazole,Cd,Cd(NO3)2·4H2O,DMF,Nessuno,140,120.0,1.2,0.6,2.0,,,,,Solvothermal,2,external_positive_after_locked_evaluation,numeric_decimal_standardized;salt_hydrate_separator_standardized;temperature_numeric_standardized;time_numeric_standardized;exact_duplicate_candidate,EXTERNAL_TEST
POS-0563,320,BPz,Bipyrazole,Co,Co(OAc)2·4H2O,DMF,Nessuno,120,72.0,1.5,1.5,1.0,,,,,Solvothermal,2,external_positive_after_locked_evaluation,numeric_decimal_standardized;salt_hydrate_separator_standardized;temperature_numeric_standardized;time_numeric_standardized,EXTERNAL_TEST
POS-0564,354,Ph2BpPhTl,Organometallica,Ru,[Ru(p-cymene)Cl2]2,CH2Cl2,Nessuno,120,24.0,0.12,0.25,0.48,,,,,"Nessun precipitrato, dopo aver aggiunto etere dietilico ho rimesso in frigo ed aspettato quasi una settimana, mi si è formato un precipitato, ma una volta filtrato sembra eessere tallio cloruro(colere grigiastro); quindi riconservato le acque madri per vedere se la cristallizzazione.Dopo aver aggiunto etere dietilico formati alcuni cristalli.",2,external_positive_after_locked_evaluation,temperature_numeric_standardized;time_numeric_standardized,EXTERNAL_TEST
POS-0565,355,HB(BPzPh)3Tl,Organometallica - pirazoli,Ru,[Ru(p-cymene)Cl2]2,CH2Cl2,Nessuno,120,24.0,0.12,0.25,0.48,,,,,"Nessun precipitrato, dopo aver aggiunto etere dietilico ho rimesso in frigo ed aspettato quasi una settimana, mi si è formato un precipitato, ma una volta filtrato sembra eessere tallio cloruro(colere grigiastro); quindi riconservato le acque madri per vedere se avverrà qualche cristallizzazione. Dopo aver aggiunto etere dietilico alle acque madri si è formato un precipitato che ho filtrato e poi caratterizzato",2,external_positive_after_locked_evaluation,temperature_numeric_standardized;time_numeric_standardized,EXTERNAL_TEST
POS-0566,356,Ph2BpPhTl,Organometallica,Rh,[Rh(C5Me5)Cl2]2,CH2Cl2,Nessuno,120,24.0,0.12,0.25,0.48,,,,,Dopo 30 minuti di reazione si è formato un precipitato grigio-bianco( probabilmente TlCl); ho filtrato in modo tale che rimasesse tutto sul filtro e poi le acque madri le ho portate a secco a temperatura ambiente in una notte. Una volta portate a secco ho aggiungo 5-10 ml di MeOH e filtrato. Il filtrato caratterizzzato e le acque madri invece trattate con dietiletere(10 ml circa) e rifiltrate un altra volte. Il precipitato ulteriormente caratterizzzato.,2,external_positive_after_locked_evaluation,temperature_numeric_standardized;time_numeric_standardized,EXTERNAL_TEST
POS-0567,357,HB(BPzPh)3Tl,Organometallica - pirazoli,Rh,[Rh(C5Me5)Cl2]2,CH2Cl2,Nessuno,120,24.0,0.12,0.25,0.48,,,,,Dopo 30 minuti di reazione si è formato un precipitato grigio-bianco( probabilmente TlCl); ho filtrato in modo tale che rimasesse tutto sul filtro e poi le acque madri le ho portate a secco a temperatura ambiente in una notte. Una volta portate a secco ho aggiungo 5-10 ml di MeOH e filtrato. Il filtrato caratterizzzato e le acque madri invece trattate con dietiletere(10 ml circa) e rifiltrate un altra volte. Il precipitato ulteriormente caratterizzzato.,2,external_positive_after_locked_evaluation,temperature_numeric_standardized;time_numeric_standardized,EXTERNAL_TEST
POS-0568,358,Ph2BpPhTl,Organometallica,Non specificato,C20H30Cl4Ir2,CH2Cl2,Nessuno,120,24.0,0.12,0.25,0.48,,,,,Dopo 30 minuti di reazione si è formato un precipitato grigio-bianco( probabilmente TlCl); ho filtrato in modo tale che rimasesse tutto sul filtro e poi le acque madri le ho portate a secco a temperatura ambiente in una notte. Una volta portate a secco ho aggiungo 5-10 ml di MeOH e filtrato. Il filtrato caratterizzzato e le acque madri invece trattate con dietiletere(10 ml circa) e rifiltrate un altra volte. Il precipitato ulteriormente caratterizzzato.,2,external_positive_after_locked_evaluation,temperature_numeric_standardized;time_numeric_standardized,EXTERNAL_TEST
POS-0569,359,HB(BPzPh)3Tl,Organometallica - pirazoli,Non specificato,C20H30Cl4Ir2,CH2Cl2,Nessuno,120,24.0,0.12,0.25,0.48,,,,,Dopo 30 minuti di reazione si è formato un precipitato grigio-bianco( probabilmente TlCl); ho filtrato in modo tale che rimasesse tutto sul filtro e poi le acque madri le ho portate a secco a temperatura ambiente in una notte. Una volta portate a secco ho aggiungo 5-10 ml di MeOH e filtrato. Il filtrato caratterizzzato e le acque madri invece trattate con dietiletere(10 ml circa) e rifiltrate un altra volte. Il precipitato ulteriormente caratterizzzato.,2,external_positive_after_locked_evaluation,temperature_numeric_standardized;time_numeric_standardized,EXTERNAL_TEST
POS-0570,361,HB(BPzPh)3Tl,Organometallica - pirazoli,Ru,[Ru(p-cymene)Cl2]2,CH2Cl2,Nessuno,120,3.0,0.1,0.05,2.0,,,,,"Pesato il dimero di rutenio, l'ho messo in un pallone a due colli da 10 ml, iniziato ad insufflare argon per lavorare in ambiente inerte. Una volta solubilizzato il sale metallico ho aggiunto il legante, notando subito la formazione del cloruro di tallio(sospenzione bianca). Lasciata a temperatura ambiente sotto intenso stirring per 3 ore. Lasciato evaporare completamente il solvente, formazione di piccoli cristalli.",2,external_positive_after_locked_evaluation,numeric_decimal_standardized;temperature_numeric_standardized;time_numeric_standardized,EXTERNAL_TEST
POS-0571,370,Me4BPz,Organometallica - pirazoli,Ru,[Ru(p-cymene)Cl2]2,MeOH,Nessuno,120,4.0,0.16,0.16,1.0,,,,,"Dopo 4 ore ancora nessuna cristallizzazione, quindi scaldato a 50 gradi per far evaporare un po di solvente e poi messo in frido appena raffreddato.",2,external_positive_after_locked_evaluation,numeric_decimal_standardized;temperature_numeric_standardized;time_numeric_standardized,EXTERNAL_TEST
POS-0572,373,Me4BPz,Organometallica - pirazoli,Ru,[Ru(p-cymene)Cl2]2,MeOH,Nessuno,120,4.0,0.3,0.3,1.0,,,,,"Dopo 4 ore ancora nessuna cristallizzazione, quindi scaldato a 50 gradi per far evaporare un po di solvente e poi messo in frido appena raffreddato.",2,external_positive_after_locked_evaluation,numeric_decimal_standardized;temperature_numeric_standardized;time_numeric_standardized,EXTERNAL_TEST
POS-0573,375,Me4BPz,Organometallica - pirazoli,Ru,[Ru(p-cymene)Cl2]2,MeOH,Nessuno,120,24.0,0.4,0.4,1.0,,,,,"Sciolto il sale di rutenio in metanolo 20 ml, una volta completamente sciolto ho aggiunto il legante. Lasciato reagire tutta la notte e poi lasciato evaporare il solvente in aria. Mandato HNMR del composto cristallizzato dopo completa evaporazione del solvente.",2,external_positive_after_locked_evaluation,numeric_decimal_standardized;temperature_numeric_standardized;time_numeric_standardized,EXTERNAL_TEST
POS-0574,376,Me4BPz,Organometallica - pirazoli,Ir,[Ir(C₅Me₅)Cl₂]₂,MeOH,Nessuno,120,4.0,0.1,0.1,1.0,,,,,"Sciogli il dimero [Ir(C₅Me₅)Cl₂]₂ in MeOH anidro sotto N₂ in un pallone secco. In una vial separata sciogli il ligante bipirazolico in MeOH . Aggiungi lentamente questa soluzione al pallone con l'Iridio mantenendo agitazione e atmosfera inerte. Lascia quindi agitare la miscela a temperatura ambiente per alcune ore prima di analizzarla all’NMR per verificare la formazione del complesso. Ho notato un cambio di colore della soluzione, èè passata da rossastra(colore dell'iridio) a gialla, completamente limpida. Lascio evaporare il solvente.",2,external_positive_after_locked_evaluation,numeric_decimal_standardized;temperature_numeric_standardized;time_numeric_standardized,EXTERNAL_TEST
POS-0575,377,Me4BPz,Organometallica - pirazoli,Rh,[Rh(C5Me5)Cl2]2,MeOH,Nessuno,120,4.0,0.1,0.1,1.0,,,,,"Sciogli il dimero [Rh(C5Me5)Cl2]2 in MeOH anidro sotto N₂ in un pallone secco. In una vial separata sciogli il ligante bipirazolico in MeOH . Aggiungi lentamente questa soluzione al pallone con il rodio mantenendo agitazione e atmosfera inerte. Lascia quindi agitare la miscela a temperatura ambiente per alcune ore prima di analizzarla all’NMR per verificare la formazione del complesso. Ho notato un cambio di colore della soluzione, èè passata da rossastra(colore dell'iridio) a gialla, completamente limpida. Lascio evaporare il solvente.",2,external_positive_after_locked_evaluation,numeric_decimal_standardized;temperature_numeric_standardized;time_numeric_standardized,EXTERNAL_TEST
POS-0576,402,"1,3,5-Benzenetricarboxylic acid (H3BTC)",Non specificata,Cu,Cu(NO3)2·3H2O,DMF/H2O/EtOH,Nessuno,110,18.0,2.8,5.0,0.56,,,,,Solvothermal,2,external_positive_after_locked_evaluation,numeric_decimal_standardized;solvent_canonicalized;temperature_numeric_standardized;time_numeric_standardized,EXTERNAL_TEST
POS-0577,404,2-Aminoterephthalic acid,Non specificata,Zr,ZrCl4,DMF/HCl,Nessuno,120,24.0,1.5,1.5,1.0,,,,,Solvothermal,2,external_positive_after_locked_evaluation,numeric_decimal_standardized;temperature_numeric_standardized;time_numeric_standardized,EXTERNAL_TEST
POS-0578,414,"1,3,5-Benzenetricarboxylic acid (H3BTC)",Non specificata,Fe,Fe metal,H2O/HNO3/HF,Nessuno,150,12.0,6.7,10.0,0.67,,,,,Hydrothermal,2,external_positive_after_locked_evaluation,numeric_decimal_standardized;solvent_canonicalized;temperature_numeric_standardized;time_numeric_standardized,EXTERNAL_TEST
POS-0579,415,"1,3,5-Benzenetricarboxylic acid (H3BTC)",Non specificata,Cr,CrO3,H2O/HF,Nessuno,220,96.0,6.7,10.0,0.67,,,,,Hydrothermal,2,external_positive_after_locked_evaluation,numeric_decimal_standardized;temperature_numeric_standardized;time_numeric_standardized,EXTERNAL_TEST
POS-0580,427,"Isophthalic acid (1,3-BDC)",Non specificata,Al,Al(ClO4)3·6H2O,DMF/H2O,Nessuno,130,12.0,2.0,2.0,1.0,,,,,Hydrothermal,2,external_positive_after_locked_evaluation,numeric_decimal_standardized;solvent_canonicalized;temperature_numeric_standardized;time_numeric_standardized,EXTERNAL_TEST
POS-0581,428,2-Aminoterephthalic acid,Non specificata,Al,Al(ClO4)3·6H2O,MeOH,Nessuno,125,5.0,1.0,3.0,0.3333,,,,,Solvothermal,2,external_positive_after_locked_evaluation,numeric_decimal_standardized;temperature_numeric_standardized;time_numeric_standardized,EXTERNAL_TEST
POS-0582,431,"Biphenyl-3,3',5,5'-tetracarboxylic acid",Non specificata,Cu,Cu(NO3)2·2.5H2O,DMF/MeOH,Nessuno,75,24.0,0.3,1.2,0.25,,,,,Solvothermal,2,external_positive_after_locked_evaluation,temperature_numeric_standardized;time_numeric_standardized,EXTERNAL_TEST
POS-0583,432,"Biphenyl-3,3',5,5'-tetracarboxylic acid",Non specificata,Al,Al(NO3)3·9H2O,H2O,Nessuno,210,72.0,0.38,1.5,0.2533,,,,,Hydrothermal,2,external_positive_after_locked_evaluation,temperature_numeric_standardized;time_numeric_standardized,EXTERNAL_TEST
POS-0584,433,"Biphenyl-3,3',5,5'-tetracarboxylic acid",Non specificata,In,In(NO3)3·xH2O,DMF/H2O/MeOH,Nessuno,120,24.0,0.25,1.0,0.25,,,,,Solvothermal,2,external_positive_after_locked_evaluation,numeric_decimal_standardized;solvent_canonicalized;temperature_numeric_standardized;time_numeric_standardized,EXTERNAL_TEST
POS-0585,434,"Biphenyl-3,3',5,5'-tetracarboxylic acid",Non specificata,Cu,Cu(NO3)2·2.5H2O,DMF/H2O/Dioxane,Nessuno,85,24.0,0.35,1.5,0.2333,,,,,Solvothermal,2,external_positive_after_locked_evaluation,solvent_canonicalized;temperature_numeric_standardized;time_numeric_standardized,EXTERNAL_TEST
POS-0586,453,2-Aminoterephthalic acid,Non specificata,Ti,Ti(OiPr)4,DMF/MeOH,Nessuno,150,15.0,12.0,6.0,2.0,,,,,Solvothermal,2,external_positive_after_locked_evaluation,numeric_decimal_standardized;temperature_numeric_standardized;time_numeric_standardized,EXTERNAL_TEST
POS-0587,454,"1,3,5-Benzenetricarboxylic acid (H3BTC)",Non specificata,Al,Al(NO3)3·9H2O,H2O,Nessuno,210,24.0,2.5,5.0,0.5,,,,,Hydrothermal,2,external_positive_after_locked_evaluation,numeric_decimal_standardized;temperature_numeric_standardized;time_numeric_standardized,EXTERNAL_TEST
POS-0588,455,"1,3,5-Benzenetricarboxylic acid (H3BTC)",Non specificata,Al,Al(NO3)3·9H2O,H2O/HNO3,Nessuno,210,72.0,2.0,4.0,0.5,,,,,Hydrothermal,2,external_positive_after_locked_evaluation,numeric_decimal_standardized;temperature_numeric_standardized;time_numeric_standardized,EXTERNAL_TEST
POS-0589,463,"1,3,5-Benzenetricarboxylic acid (H3BTC)",Non specificata,Zr,ZrOCl2·8H2O,DMF/Formic acid,Nessuno,100,24.0,0.27,0.8,0.3375,,,,,Solvothermal,2,external_positive_after_locked_evaluation,temperature_numeric_standardized;time_numeric_standardized,EXTERNAL_TEST
POS-0590,467,"4,4',4''-Benzene-1,3,5-triyl-tris-benzoic acid",Non specificata,Cu,Cu(NO3)2·2.5H2O,DMF,Nessuno,80,48.0,0.25,0.8,0.3125,,,,,Solvothermal,2,external_positive_after_locked_evaluation,temperature_numeric_standardized;time_numeric_standardized,EXTERNAL_TEST
POS-0591,469,"1,3,5-Benzenetricarboxylic acid (H3BTC)",Non specificata,Fe,Fe(NO3)3·9H2O,H2O,Nessuno,80,4.0,6.7,10.0,0.67,,,,,Precipitation,2,external_positive_after_locked_evaluation,numeric_decimal_standardized;temperature_numeric_standardized;time_numeric_standardized,EXTERNAL_TEST
POS-0592,472,Imidazole,Non specificata,Zn,Zn(NO3)2·6H2O,DMF,Nessuno,130,48.0,4.0,1.0,4.0,,,,,Solvothermal,2,external_positive_after_locked_evaluation,numeric_decimal_standardized;temperature_numeric_standardized;time_numeric_standardized,EXTERNAL_TEST
POS-0593,476,Adenine,Non specificata,Co,Co(NO3)2·6H2O,DMF,Nessuno,120,24.0,1.0,1.0,1.0,,,,,Solvothermal,2,external_positive_after_locked_evaluation,numeric_decimal_standardized;temperature_numeric_standardized;time_numeric_standardized,EXTERNAL_TEST
POS-0594,478,Citric acid (1.0) / Diamondoid linker (1.0),Non specificata,Co,Co(NO3)2·6H2O,H2O/EtOH,Nessuno,120,24.0,2.0,2.0,1.0,,,,,Hydrothermal,2,external_positive_after_locked_evaluation,numeric_decimal_standardized;temperature_numeric_standardized;time_numeric_standardized,EXTERNAL_TEST
POS-0595,493,TATB,Non specificata,Zr,ZrCl4,DMF/TFA,Nessuno,120,24.0,0.1,0.4,0.25,,,,,Solvothermal,2,external_positive_after_locked_evaluation,temperature_numeric_standardized;time_numeric_standardized,EXTERNAL_TEST
POS-0596,495,4-Aminobenzoic acid,Non specificata,Ti,Ti(OiPr)4,DMF,Nessuno,120,24.0,4.0,2.0,2.0,,,,,Solvothermal,2,external_positive_after_locked_evaluation,numeric_decimal_standardized;temperature_numeric_standardized;time_numeric_standardized,EXTERNAL_TEST
POS-0597,496,2-Aminoterephthalic acid,Non specificata,Al,AlCl3·6H2O,DMF,Nessuno,130,72.0,1.5,3.0,0.5,,,,,Solvothermal,2,external_positive_after_locked_evaluation,numeric_decimal_standardized;temperature_numeric_standardized;time_numeric_standardized,EXTERNAL_TEST
POS-0598,497,2-Aminoterephthalic acid,Non specificata,Cr,Cr(NO3)3·9H2O,H2O/NaOH,Nessuno,150,12.0,4.0,4.0,1.0,,,,,Hydrothermal,2,external_positive_after_locked_evaluation,numeric_decimal_standardized;temperature_numeric_standardized;time_numeric_standardized,EXTERNAL_TEST
POS-0599,498,2-Aminoterephthalic acid,Non specificata,Fe,FeCl3·6H2O,DMF,Nessuno,110,24.0,1.5,3.0,0.5,,,,,Solvothermal,2,external_positive_after_locked_evaluation,numeric_decimal_standardized;temperature_numeric_standardized;time_numeric_standardized,EXTERNAL_TEST
POS-0600,499,"1,3,5-Benzenetricarboxylic acid (H3BTC)",Non specificata,Zn,Zn(NO3)2·6H2O,DMF/EtOH,Nessuno,85,24.0,2.0,3.0,0.6667,,,,,Solvothermal,2,external_positive_after_locked_evaluation,numeric_decimal_standardized;temperature_numeric_standardized;time_numeric_standardized,EXTERNAL_TEST
POS-0601,506,2-Aminoterephthalic acid,Non specificata,Hf,HfCl4,DMF/HCl,HCl,120,24.0,1.0,1.0,1.0,,,,,Solvothermal,2,external_positive_after_locked_evaluation,numeric_decimal_standardized;temperature_numeric_standardized;time_numeric_standardized,EXTERNAL_TEST
POS-0602,517,"1,3,5-Benzenetricarboxylic acid (H3BTC)",Non specificata,Hf,HfCl4,DMF/Formic acid,Acido formico,100,24.0,0.27,0.8,0.3375,,,,,Solvothermal,2,external_positive_after_locked_evaluation,additive_canonicalized;temperature_numeric_standardized;time_numeric_standardized,EXTERNAL_TEST
POS-0603,523,2-Aminoterephthalic acid,Non specificata,Ni,Ni(NO3)2·6H2O,DMF,HNO3,85,36.0,1.0,1.5,0.6667,,,,,Microwave,2,external_positive_after_locked_evaluation,numeric_decimal_standardized;temperature_numeric_standardized;time_numeric_standardized,EXTERNAL_TEST
POS-0604,533,Tetrakis(4-carboxyphenyl)porphyrin (TCPP),Non specificata,Zn,Zn(NO3)2·6H2O,MeCN,Acido benzoico,100,36.0,2.0,2.0,1.0,,,,,Precipitation,2,external_positive_after_locked_evaluation,additive_canonicalized;numeric_decimal_standardized;temperature_numeric_standardized;time_numeric_standardized,EXTERNAL_TEST
POS-0605,538,"1,3,5-Benzenetricarboxylic acid (H3BTC)",Non specificata,Co,Co(OAc)2·4H2O,H2O,Trietilammina (TEA),180,36.0,0.25,2.0,0.125,,,,,Hydrothermal,2,external_positive_after_locked_evaluation,additive_canonicalized;numeric_decimal_standardized;temperature_numeric_standardized;time_numeric_standardized,EXTERNAL_TEST
POS-0606,541,2-Aminoterephthalic acid,Non specificata,Fe,FeCl3·6H2O,DMA,Nessuno,200,2.0,4.0,0.5,8.0,,,,,Microwave,2,external_positive_after_locked_evaluation,numeric_decimal_standardized;temperature_numeric_standardized;time_numeric_standardized,EXTERNAL_TEST
POS-0607,551,Tetrakis(4-carboxyphenyl)porphyrin (TCPP),Non specificata,Cu,Cu(NO3)2·2.5H2O,DMF/H2O,HNO3,85,36.0,1.5,0.5,3.0,,,,,Precipitation,2,external_positive_after_locked_evaluation,numeric_decimal_standardized;temperature_numeric_standardized;time_numeric_standardized,EXTERNAL_TEST
POS-0608,556,"1,3,5-Benzenetricarboxylic acid (H3BTC)",Non specificata,Ni,Ni(OAc)2·4H2O,DMF,Acido benzoico,100,36.0,0.25,2.0,0.125,,,,,Hydrothermal,2,external_positive_after_locked_evaluation,additive_canonicalized;numeric_decimal_standardized;temperature_numeric_standardized;time_numeric_standardized,EXTERNAL_TEST
POS-0609,559,2-Aminoterephthalic acid,Non specificata,Al,Al(NO3)3·9H2O,EtOH,Nessuno,85,36.0,1.0,3.0,0.3333,,,,,Microwave,2,external_positive_after_locked_evaluation,numeric_decimal_standardized;temperature_numeric_standardized;time_numeric_standardized,EXTERNAL_TEST
POS-0610,569,Tetrakis(4-carboxyphenyl)porphyrin (TCPP),Non specificata,Co,Co(NO3)2·6H2O,MeOH,HNO3,180,2.0,3.0,4.0,0.75,,,,,Precipitation,2,external_positive_after_locked_evaluation,numeric_decimal_standardized;temperature_numeric_standardized;time_numeric_standardized,EXTERNAL_TEST
POS-0611,574,"1,3,5-Benzenetricarboxylic acid (H3BTC)",Non specificata,Fe,Fe(NO3)3·9H2O,DMA,Acido benzoico,150,12.0,0.25,0.5,0.5,,,,,Hydrothermal,2,external_positive_after_locked_evaluation,additive_canonicalized;temperature_numeric_standardized;time_numeric_standardized,EXTERNAL_TEST
POS-0612,577,2-Aminoterephthalic acid,Non specificata,Zr,ZrCl4,MeCN,Nessuno,85,36.0,0.5,2.0,0.25,,,,,Microwave,2,external_positive_after_locked_evaluation,numeric_decimal_standardized;temperature_numeric_standardized;time_numeric_standardized,EXTERNAL_TEST
POS-0613,587,Tetrakis(4-carboxyphenyl)porphyrin (TCPP),Non specificata,Ni,Ni(NO3)2·6H2O,H2O/MeOH,Acido formico,120,12.0,4.0,5.0,0.8,,,,,Precipitation,2,external_positive_after_locked_evaluation,additive_canonicalized;numeric_decimal_standardized;solvent_canonicalized;temperature_numeric_standardized;time_numeric_standardized,EXTERNAL_TEST
POS-0614,592,"1,3,5-Benzenetricarboxylic acid (H3BTC)",Non specificata,Al,AlCl3·6H2O,EtOH,Acido formico,60,18.0,2.0,2.0,1.0,,,,,Hydrothermal,2,external_positive_after_locked_evaluation,additive_canonicalized;numeric_decimal_standardized;temperature_numeric_standardized;time_numeric_standardized,EXTERNAL_TEST
POS-0615,595,2-Aminoterephthalic acid,Non specificata,Mg,Mg(NO3)2·6H2O,DMF/H2O,Nessuno,200,18.0,2.0,5.0,0.4,,,,,Microwave,2,external_positive_after_locked_evaluation,numeric_decimal_standardized;temperature_numeric_standardized;time_numeric_standardized,EXTERNAL_TEST
POS-0616,605,Tetrakis(4-carboxyphenyl)porphyrin (TCPP),Non specificata,Fe,FeCl3·6H2O,DMF/H2O/EtOH,Trietilammina (TEA),60,48.0,3.0,5.0,0.6,,,,,Precipitation,2,external_positive_after_locked_evaluation,additive_canonicalized;numeric_decimal_standardized;solvent_canonicalized;temperature_numeric_standardized;time_numeric_standardized,EXTERNAL_TEST
POS-0617,610,"1,3,5-Benzenetricarboxylic acid (H3BTC)",Non specificata,Zr,ZrOCl2·8H2O,MeCN,HNO3,130,24.0,1.5,1.5,1.0,,,,,Hydrothermal,2,external_positive_after_locked_evaluation,numeric_decimal_standardized;temperature_numeric_standardized;time_numeric_standardized,EXTERNAL_TEST
POS-0618,613,2-Aminoterephthalic acid,Non specificata,Zn,Zn(NO3)2·6H2O,MeOH,HNO3,100,6.0,1.5,4.0,0.375,,,,,Microwave,2,external_positive_after_locked_evaluation,numeric_decimal_standardized;temperature_numeric_standardized;time_numeric_standardized,EXTERNAL_TEST
POS-0619,623,Tetrakis(4-carboxyphenyl)porphyrin (TCPP),Non specificata,Al,Al(NO3)3·9H2O,DEF,Acido acetico,100,18.0,0.5,2.0,0.25,,,,,Precipitation,2,external_positive_after_locked_evaluation,additive_canonicalized;numeric_decimal_standardized;temperature_numeric_standardized;time_numeric_standardized,EXTERNAL_TEST
POS-0620,628,"1,3,5-Benzenetricarboxylic acid (H3BTC)",Non specificata,Mn,Mn(OAc)2·4H2O,DMF/H2O,Acido acetico,100,48.0,4.0,5.0,0.8,,,,,Hydrothermal,2,external_positive_after_locked_evaluation,additive_canonicalized;numeric_decimal_standardized;temperature_numeric_standardized;time_numeric_standardized,EXTERNAL_TEST
POS-0621,631,2-Aminoterephthalic acid,Non specificata,Cu,Cu(NO3)2·2.5H2O,H2O/MeOH,Nessuno,85,18.0,1.0,2.0,0.5,,,,,Microwave,2,external_positive_after_locked_evaluation,numeric_decimal_standardized;solvent_canonicalized;temperature_numeric_standardized;time_numeric_standardized,EXTERNAL_TEST
POS-0622,641,Tetrakis(4-carboxyphenyl)porphyrin (TCPP),Non specificata,Zr,ZrCl4,H2O/THF,Acido benzoico,120,2.0,2.0,4.0,0.5,,,,,Precipitation,2,external_positive_after_locked_evaluation,additive_canonicalized;numeric_decimal_standardized;solvent_canonicalized;temperature_numeric_standardized;time_numeric_standardized,EXTERNAL_TEST
POS-0623,646,"1,3,5-Benzenetricarboxylic acid (H3BTC)",Non specificata,Zn,Zn(OAc)2·2H2O,MeOH,HNO3,100,6.0,4.0,1.0,4.0,,,,,Hydrothermal,2,external_positive_after_locked_evaluation,numeric_decimal_standardized;temperature_numeric_standardized;time_numeric_standardized,EXTERNAL_TEST
POS-0624,649,2-Aminoterephthalic acid,Non specificata,Co,Co(NO3)2·6H2O,DMF/H2O/EtOH,Acido acetico,200,36.0,2.0,2.5,0.8,,,,,Microwave,2,external_positive_after_locked_evaluation,additive_canonicalized;numeric_decimal_standardized;solvent_canonicalized;temperature_numeric_standardized;time_numeric_standardized,EXTERNAL_TEST
POS-0625,659,Tetrakis(4-carboxyphenyl)porphyrin (TCPP),Non specificata,Mg,Mg(NO3)2·6H2O,H2O,HNO3,85,36.0,1.0,3.0,0.3333,,,,,Precipitation,2,external_positive_after_locked_evaluation,numeric_decimal_standardized;temperature_numeric_standardized;time_numeric_standardized,EXTERNAL_TEST
POS-0626,664,"1,3,5-Benzenetricarboxylic acid (H3BTC)",Non specificata,Cu,Cu(OAc)2·H2O,H2O/MeOH,HNO3,120,24.0,1.5,1.0,1.5,,,,,Hydrothermal,2,external_positive_after_locked_evaluation,numeric_decimal_standardized;solvent_canonicalized;temperature_numeric_standardized;time_numeric_standardized,EXTERNAL_TEST
POS-0627,667,2-Aminoterephthalic acid,Non specificata,Ni,Ni(NO3)2·6H2O,DEF,Nessuno,100,72.0,4.0,1.0,4.0,,,,,Microwave,2,external_positive_after_locked_evaluation,numeric_decimal_standardized;temperature_numeric_standardized;time_numeric_standardized,EXTERNAL_TEST
POS-0628,677,Tetrakis(4-carboxyphenyl)porphyrin (TCPP),Non specificata,Zn,Zn(NO3)2·6H2O,DMF,Trietilammina (TEA),120,36.0,0.25,5.0,0.05,,,,,Precipitation,2,external_positive_after_locked_evaluation,additive_canonicalized;numeric_decimal_standardized;temperature_numeric_standardized;time_numeric_standardized,EXTERNAL_TEST
POS-0629,682,"1,3,5-Benzenetricarboxylic acid (H3BTC)",Non specificata,Co,Co(OAc)2·4H2O,DMF/H2O/EtOH,Trietilammina (TEA),60,18.0,2.0,4.0,0.5,,,,,Hydrothermal,2,external_positive_after_locked_evaluation,additive_canonicalized;numeric_decimal_standardized;solvent_canonicalized;temperature_numeric_standardized;time_numeric_standardized,EXTERNAL_TEST
POS-0630,685,2-Aminoterephthalic acid,Non specificata,Fe,FeCl3·6H2O,H2O/THF,Trietilammina (TEA),60,18.0,0.25,3.0,0.0833,,,,,Microwave,2,external_positive_after_locked_evaluation,additive_canonicalized;numeric_decimal_standardized;solvent_canonicalized;temperature_numeric_standardized;time_numeric_standardized,EXTERNAL_TEST
POS-0631,695,Tetrakis(4-carboxyphenyl)porphyrin (TCPP),Non specificata,Cu,Cu(NO3)2·2.5H2O,DMA,Trietilammina (TEA),85,4.0,0.25,2.0,0.125,,,,,Precipitation,2,external_positive_after_locked_evaluation,additive_canonicalized;numeric_decimal_standardized;temperature_numeric_standardized;time_numeric_standardized,EXTERNAL_TEST
POS-0632,700,"1,3,5-Benzenetricarboxylic acid (H3BTC)",Non specificata,Ni,Ni(OAc)2·4H2O,DEF,Acido formico,120,4.0,3.0,2.5,1.2,,,,,Hydrothermal,2,external_positive_after_locked_evaluation,additive_canonicalized;numeric_decimal_standardized;temperature_numeric_standardized;time_numeric_standardized,EXTERNAL_TEST
POS-0633,706,"1,3,5-Benzenetricarboxylic acid (H3BTC)",Carbossilati aromatici,Co,Co(NO3)2·6H2O,H2O/EtOH,Nessuno,180,72.0,0.05,0.062,0.8,,,,,Hydrothermal,2,external_positive_after_locked_evaluation,solvent_canonicalized;temperature_numeric_standardized;time_numeric_standardized,EXTERNAL_TEST
POS-0634,715,2-Aminoterephthalic acid,Carbossilati aromatici,Zr,ZrCl4,MeOH,Nessuno,150,48.0,0.5,1.0,0.5,,,,,Sonochemical,2,external_positive_after_locked_evaluation,numeric_decimal_standardized;temperature_numeric_standardized;time_numeric_standardized,EXTERNAL_TEST
POS-0635,720,2-Aminoterephthalic acid,Carbossilati aromatici,Ni,Ni(OAc)2·4H2O,DMF/H2O/EtOH,Nessuno,120,48.0,0.5,0.625,0.8,,,,,Microwave,2,external_positive_after_locked_evaluation,solvent_canonicalized;temperature_numeric_standardized;time_numeric_standardized,EXTERNAL_TEST
POS-0636,730,"1,3,5-Benzenetricarboxylic acid (H3BTC)",Carbossilati aromatici,Cu,Cu(OAc)2·H2O,DMF/H2O,Nessuno,80,72.0,0.5,0.625,0.8,,,,,Room Temperature,2,external_positive_after_locked_evaluation,temperature_numeric_standardized;time_numeric_standardized,EXTERNAL_TEST
POS-0637,763,"1,3,5-Benzenetricarboxylic acid (H3BTC)",Carbossilati aromatici,Fe,FeCl3·6H2O,H2O/EtOH,Nessuno,80,4.0,0.1,0.05,2.0,,,,,Solvothermal,2,external_positive_after_locked_evaluation,numeric_decimal_standardized;solvent_canonicalized;temperature_numeric_standardized;time_numeric_standardized,EXTERNAL_TEST
POS-0638,766,2-Aminoterephthalic acid,Carbossilati aromatici,Al,Al(NO3)3·9H2O,H2O,Nessuno,100,4.0,0.05,0.05,1.0,,,,,Sonochemical,2,external_positive_after_locked_evaluation,numeric_decimal_standardized;temperature_numeric_standardized;time_numeric_standardized,EXTERNAL_TEST
POS-0639,768,2-Aminoterephthalic acid,Carbossilati aromatici,Mn,Mn(OAc)2·4H2O,MeOH,Nessuno,160,72.0,0.05,0.062,0.8,,,,,Sonochemical,2,external_positive_after_locked_evaluation,temperature_numeric_standardized;time_numeric_standardized,EXTERNAL_TEST
POS-0640,775,2-Aminoterephthalic acid,Carbossilati aromatici,Cd,Cd(NO3)2·4H2O,DMF/H2O/EtOH,Nessuno,25,36.0,0.1,0.05,2.0,,,,,Sonochemical,2,external_positive_after_locked_evaluation,numeric_decimal_standardized;solvent_canonicalized;temperature_numeric_standardized;time_numeric_standardized,EXTERNAL_TEST
POS-0641,789,Tetrakis(4-carboxyphenyl)porphyrin (TCPP),Carbossilati aromatici,Zr,ZrOCl2·8H2O,H2O,Nessuno,60,18.0,0.05,0.05,1.0,,,,,Sonochemical,2,external_positive_after_locked_evaluation,numeric_decimal_standardized;temperature_numeric_standardized;time_numeric_standardized,EXTERNAL_TEST
POS-0642,798,2-Aminoterephthalic acid,Carbossilati aromatici,Fe,FeCl3·6H2O,DMF/H2O,Nessuno,150,48.0,2.0,6.061,0.33,,,,,Microwave,2,external_positive_after_locked_evaluation,numeric_decimal_standardized;temperature_numeric_standardized;time_numeric_standardized,EXTERNAL_TEST
POS-0643,799,2-Aminoterephthalic acid,Carbossilati aromatici,Zr,ZrOCl2·8H2O,DEF,Nessuno,80,72.0,0.05,0.062,0.8,,,,,Hydrothermal,2,external_positive_after_locked_evaluation,temperature_numeric_standardized;time_numeric_standardized,EXTERNAL_TEST
POS-0644,805,2-Aminoterephthalic acid,Carbossilati aromatici,Zn,Zn(NO3)2·6H2O,DEF,Nessuno,140,36.0,0.05,0.05,1.0,,,,,Solvothermal,2,external_positive_after_locked_evaluation,numeric_decimal_standardized;temperature_numeric_standardized;time_numeric_standardized,EXTERNAL_TEST
POS-0645,809,Tetrakis(4-carboxyphenyl)porphyrin (TCPP),Carbossilati aromatici,Cd,Cd(NO3)2·4H2O,H2O,Nessuno,140,48.0,2.0,2.5,0.8,,,,,Hydrothermal,2,external_positive_after_locked_evaluation,numeric_decimal_standardized;temperature_numeric_standardized;time_numeric_standardized,EXTERNAL_TEST
POS-0646,819,2-Aminoterephthalic acid,Carbossilati aromatici,Fe,FeCl3·6H2O,DMF/MeOH,Nessuno,140,48.0,2.0,1.667,1.2,,,,,Solvothermal,2,external_positive_after_locked_evaluation,numeric_decimal_standardized;temperature_numeric_standardized;time_numeric_standardized,EXTERNAL_TEST
POS-0647,820,"1,3,5-Benzenetricarboxylic acid (H3BTC)",Carbossilati aromatici,Zr,ZrOCl2·8H2O,H2O,Nessuno,80,36.0,2.0,2.0,1.0,,,,,Microwave,2,external_positive_after_locked_evaluation,numeric_decimal_standardized;temperature_numeric_standardized;time_numeric_standardized,EXTERNAL_TEST
POS-0648,822,Tetrakis(4-carboxyphenyl)porphyrin (TCPP),Carbossilati aromatici,Zr,ZrCl4,DMA,Nessuno,120,48.0,0.5,0.333,1.5,,,,,Room Temperature,2,external_positive_after_locked_evaluation,temperature_numeric_standardized;time_numeric_standardized,EXTERNAL_TEST
POS-0649,827,"1,3,5-Benzenetricarboxylic acid (H3BTC)",Carbossilati aromatici,Cu,Cu(NO3)2·3H2O,DMF,Nessuno,160,48.0,1.0,0.5,2.0,,,,,Microwave,2,external_positive_after_locked_evaluation,numeric_decimal_standardized;temperature_numeric_standardized;time_numeric_standardized,EXTERNAL_TEST
POS-0650,833,"1,3,5-Benzenetricarboxylic acid (H3BTC)",Carbossilati aromatici,Co,Co(NO3)2·6H2O,DMF/H2O,Nessuno,160,12.0,1.0,0.667,1.5,,,,,Microwave,2,external_positive_after_locked_evaluation,numeric_decimal_standardized;temperature_numeric_standardized;time_numeric_standardized,EXTERNAL_TEST
POS-0651,838,2-Aminoterephthalic acid,Carbossilati aromatici,Cu,Cu(OAc)2·H2O,DMF/MeOH,Nessuno,120,24.0,0.1,0.083,1.2,,,,,Room Temperature,2,external_positive_after_locked_evaluation,temperature_numeric_standardized;time_numeric_standardized,EXTERNAL_TEST
POS-0652,846,2-Aminoterephthalic acid,Carbossilati aromatici,Co,Co(NO3)2·6H2O,DEF,Nessuno,60,18.0,0.2,0.1,2.0,,,,,Solvothermal,2,external_positive_after_locked_evaluation,numeric_decimal_standardized;temperature_numeric_standardized;time_numeric_standardized,EXTERNAL_TEST
POS-0653,852,Tetrakis(4-carboxyphenyl)porphyrin (TCPP),Carbossilati aromatici,Zr,ZrOCl2·8H2O,DMA,Nessuno,25,12.0,0.5,0.333,1.5,,,,,Room Temperature,2,external_positive_after_locked_evaluation,temperature_numeric_standardized;time_numeric_standardized,EXTERNAL_TEST
POS-0654,856,Tetrakis(4-carboxyphenyl)porphyrin (TCPP),Carbossilati aromatici,Co,Co(OAc)2·4H2O,DMA,Nessuno,180,72.0,0.2,0.4,0.5,,,,,Sonochemical,2,external_positive_after_locked_evaluation,temperature_numeric_standardized;time_numeric_standardized,EXTERNAL_TEST
POS-0655,861,"1,3,5-Benzenetricarboxylic acid (H3BTC)",Carbossilati aromatici,Fe,Fe(NO3)3·9H2O,DMF/MeOH,Nessuno,120,36.0,1.0,3.03,0.33,,,,,Solvothermal,2,external_positive_after_locked_evaluation,numeric_decimal_standardized;temperature_numeric_standardized;time_numeric_standardized,EXTERNAL_TEST
POS-0656,866,2-Aminoterephthalic acid,Carbossilati aromatici,Ni,Ni(OAc)2·4H2O,DMF/MeOH,Nessuno,180,48.0,1.0,5.0,0.2,,,,,Hydrothermal,2,external_positive_after_locked_evaluation,numeric_decimal_standardized;temperature_numeric_standardized;time_numeric_standardized,EXTERNAL_TEST
POS-0657,868,Tetrakis(4-carboxyphenyl)porphyrin (TCPP),Carbossilati aromatici,Zn,Zn(OAc)2·2H2O,H2O,Nessuno,60,24.0,1.0,5.0,0.2,,,,,Sonochemical,2,external_positive_after_locked_evaluation,numeric_decimal_standardized;temperature_numeric_standardized;time_numeric_standardized,EXTERNAL_TEST
POS-0658,877,"1,3,5-Benzenetricarboxylic acid (H3BTC)",Carbossilati aromatici,Zn,Zn(OAc)2·2H2O,DEF,Nessuno,80,36.0,0.2,0.4,0.5,,,,,Microwave,2,external_positive_after_locked_evaluation,temperature_numeric_standardized;time_numeric_standardized,EXTERNAL_TEST
POS-0659,886,2-Aminoterephthalic acid,Carbossilati aromatici,Cu,Cu(NO3)2·3H2O,DEF,Nessuno,150,36.0,0.2,0.606,0.33,,,,,Sonochemical,2,external_positive_after_locked_evaluation,temperature_numeric_standardized;time_numeric_standardized,EXTERNAL_TEST
POS-0660,894,"1,3,5-Benzenetricarboxylic acid (H3BTC)",Carbossilati aromatici,Zn,Zn(OAc)2·2H2O,H2O/EtOH,Nessuno,120,48.0,0.2,1.0,0.2,,,,,Solvothermal,2,external_positive_after_locked_evaluation,numeric_decimal_standardized;solvent_canonicalized;temperature_numeric_standardized;time_numeric_standardized,EXTERNAL_TEST
POS-0661,896,"1,3,5-Benzenetricarboxylic acid (H3BTC)",Carbossilati aromatici,Zn,Zn(OAc)2·2H2O,H2O,Nessuno,180,4.0,1.0,0.833,1.2,,,,,Microwave,2,external_positive_after_locked_evaluation,numeric_decimal_standardized;temperature_numeric_standardized;time_numeric_standardized,EXTERNAL_TEST
POS-0662,897,2-Aminoterephthalic acid,Carbossilati aromatici,Fe,FeCl3·6H2O,DMF/H2O/EtOH,Nessuno,160,18.0,1.0,1.25,0.8,,,,,Room Temperature,2,external_positive_after_locked_evaluation,numeric_decimal_standardized;solvent_canonicalized;temperature_numeric_standardized;time_numeric_standardized,EXTERNAL_TEST
POS-0663,900,2-Aminoterephthalic acid,Carbossilati aromatici,Zn,Zn(OAc)2·2H2O,H2O/EtOH,Nessuno,120,36.0,1.0,3.03,0.33,,,,,Solvothermal,2,external_positive_after_locked_evaluation,numeric_decimal_standardized;solvent_canonicalized;temperature_numeric_standardized;time_numeric_standardized,EXTERNAL_TEST
POS-0664,907,"1,3,5-Benzenetricarboxylic acid (H3BTC)",Carbossilati aromatici,Mg,Mg(NO3)2·6H2O,DMA,Nessuno,80,48.0,0.1,0.5,0.2,,,,,Hydrothermal,2,external_positive_after_locked_evaluation,temperature_numeric_standardized;time_numeric_standardized,EXTERNAL_TEST
POS-0665,908,Tetrakis(4-carboxyphenyl)porphyrin (TCPP),Carbossilati aromatici,Cd,Cd(NO3)2·4H2O,H2O/EtOH,Nessuno,140,24.0,0.5,0.25,2.0,,,,,Microwave,2,external_positive_after_locked_evaluation,numeric_decimal_standardized;solvent_canonicalized;temperature_numeric_standardized;time_numeric_standardized,EXTERNAL_TEST
POS-0666,909,2-Aminoterephthalic acid,Carbossilati aromatici,Cu,Cu(OAc)2·H2O,DMF,Nessuno,140,4.0,0.05,0.042,1.2,,,,,Hydrothermal,2,external_positive_after_locked_evaluation,temperature_numeric_standardized;time_numeric_standardized,EXTERNAL_TEST
POS-0667,912,2-Aminoterephthalic acid,Carbossilati aromatici,Al,AlCl3·6H2O,DEF,Nessuno,100,4.0,0.05,0.05,1.0,,,,,Room Temperature,2,external_positive_after_locked_evaluation,numeric_decimal_standardized;temperature_numeric_standardized;time_numeric_standardized,EXTERNAL_TEST
POS-0668,917,2-Aminoterephthalic acid,Carbossilati aromatici,Cd,Cd(NO3)2·4H2O,H2O,Nessuno,180,4.0,0.2,0.2,1.0,,,,,Sonochemical,2,external_positive_after_locked_evaluation,numeric_decimal_standardized;temperature_numeric_standardized;time_numeric_standardized,EXTERNAL_TEST
POS-0669,929,2-Aminoterephthalic acid,Carbossilati aromatici,Fe,Fe(NO3)3·9H2O,H2O,Nessuno,160,12.0,0.5,0.417,1.2,,,,,Microwave,2,external_positive_after_locked_evaluation,temperature_numeric_standardized;time_numeric_standardized,EXTERNAL_TEST
POS-0670,931,Tetrakis(4-carboxyphenyl)porphyrin (TCPP),Carbossilati aromatici,Cu,Cu(NO3)2·3H2O,DMF/H2O/EtOH,Nessuno,60,48.0,0.5,0.333,1.5,,,,,Microwave,2,external_positive_after_locked_evaluation,solvent_canonicalized;temperature_numeric_standardized;time_numeric_standardized,EXTERNAL_TEST
POS-0671,935,Tetrakis(4-carboxyphenyl)porphyrin (TCPP),Carbossilati aromatici,Cd,Cd(NO3)2·4H2O,DMF,Nessuno,150,24.0,1.0,0.833,1.2,,,,,Solvothermal,2,external_positive_after_locked_evaluation,numeric_decimal_standardized;temperature_numeric_standardized;time_numeric_standardized,EXTERNAL_TEST
POS-0672,936,Tetrakis(4-carboxyphenyl)porphyrin (TCPP),Carbossilati aromatici,Zn,Zn(NO3)2·6H2O,DMF/MeOH,Nessuno,100,24.0,0.2,1.0,0.2,,,,,Hydrothermal,2,external_positive_after_locked_evaluation,numeric_decimal_standardized;temperature_numeric_standardized;time_numeric_standardized,EXTERNAL_TEST
POS-0673,951,2-Aminoterephthalic acid,Carbossilati aromatici,Fe,Fe(NO3)3·9H2O,DMA,Nessuno,100,72.0,0.1,0.125,0.8,,,,,Sonochemical,2,external_positive_after_locked_evaluation,temperature_numeric_standardized;time_numeric_standardized,EXTERNAL_TEST
POS-0674,958,2-Aminoterephthalic acid,Carbossilati aromatici,Zn,Zn(OAc)2·2H2O,DMF/MeOH,Nessuno,140,18.0,1.0,3.03,0.33,,,,,Hydrothermal,2,external_positive_after_locked_evaluation,numeric_decimal_standardized;temperature_numeric_standardized;time_numeric_standardized,EXTERNAL_TEST
POS-0675,968,2-Aminoterephthalic acid,Carbossilati aromatici,Mn,Mn(OAc)2·4H2O,DMF/MeOH,Nessuno,180,48.0,0.5,0.333,1.5,,,,,Room Temperature,2,external_positive_after_locked_evaluation,temperature_numeric_standardized;time_numeric_standardized,EXTERNAL_TEST
POS-0676,975,"1,3,5-Benzenetricarboxylic acid (H3BTC)",Carbossilati aromatici,Fe,Fe(NO3)3·9H2O,DEF,Nessuno,25,72.0,2.0,10.0,0.2,,,,,Sonochemical,2,external_positive_after_locked_evaluation,numeric_decimal_standardized;temperature_numeric_standardized;time_numeric_standardized,EXTERNAL_TEST
POS-0677,991,Tetrakis(4-carboxyphenyl)porphyrin (TCPP),Carbossilati aromatici,Zn,Zn(NO3)2·6H2O,DMF/MeOH,Nessuno,25,12.0,0.2,0.2,1.0,,,,,Hydrothermal,2,external_positive_after_locked_evaluation,numeric_decimal_standardized;temperature_numeric_standardized;time_numeric_standardized,EXTERNAL_TEST
POS-0678,993,Tetrakis(4-carboxyphenyl)porphyrin (TCPP),Carbossilati aromatici,Cu,Cu(NO3)2·3H2O,DEF,Nessuno,60,18.0,0.5,0.417,1.2,,,,,Hydrothermal,2,external_positive_after_locked_evaluation,temperature_numeric_standardized;time_numeric_standardized,EXTERNAL_TEST
POS-0679,994,2-Aminoterephthalic acid,Carbossilati aromatici,Ni,Ni(OAc)2·4H2O,DMF/H2O/EtOH,Nessuno,60,4.0,0.05,0.042,1.2,,,,,Sonochemical,2,external_positive_after_locked_evaluation,solvent_canonicalized;temperature_numeric_standardized;time_numeric_standardized,EXTERNAL_TEST
POS-0680,996,"1,3,5-Benzenetricarboxylic acid (H3BTC)",Carbossilati aromatici,Ni,Ni(NO3)2·6H2O,DMA,Nessuno,180,36.0,1.0,3.03,0.33,,,,,Sonochemical,2,external_positive_after_locked_evaluation,numeric_decimal_standardized;temperature_numeric_standardized;time_numeric_standardized,EXTERNAL_TEST
POS-0681,997,2-Aminoterephthalic acid,Carbossilati aromatici,Cu,Cu(OAc)2·H2O,DMF/H2O/EtOH,Nessuno,100,36.0,0.5,0.625,0.8,,,,,Microwave,2,external_positive_after_locked_evaluation,solvent_canonicalized;temperature_numeric_standardized;time_numeric_standardized,EXTERNAL_TEST
POS-0682,1000,2-Aminoterephthalic acid,Carbossilati aromatici,Ni,Ni(OAc)2·4H2O,DMF/H2O/EtOH,Nessuno,60,48.0,1.0,3.03,0.33,,,,,Room Temperature,2,external_positive_after_locked_evaluation,numeric_decimal_standardized;solvent_canonicalized;temperature_numeric_standardized;time_numeric_standardized,EXTERNAL_TEST
POS-0683,MOFs_118,"3,3-dimethyl-4,4'-bipyrazole",Bipyrazole,Ag,AgNO3,DMF,Nessuno,100,48.0,0.9,0.9,1.0,55.0,,,,Solvothermal,2,external_positive_after_locked_evaluation,numeric_decimal_standardized,EXTERNAL_TEST
POS-0684,MOFs_120,"3,3-dimethyl-4,4'-bipyrazole",Bipyrazole,Cd,Cd(NO3)2·4H2O,DMF,Nessuno,140,120.0,1.2,0.6,2.0,70.0,,,,Solvothermal,2,external_positive_after_locked_evaluation,numeric_decimal_standardized;salt_hydrate_separator_standardized,EXTERNAL_TEST
POS-0685,MOFs_121,"3,3-dimethyl-4,4'-bipyrazole",Bipyrazole,Cd,Cd(NO3)2·4H2O,DMF,Nessuno,140,120.0,1.2,0.6,2.0,60.0,,,,Solvothermal,2,external_positive_after_locked_evaluation,numeric_decimal_standardized;salt_hydrate_separator_standardized,EXTERNAL_TEST
POS-0686,MOFs_122,"3,3-dimethyl-4,4'-bipyrazole",Bipyrazole,Cd,Cd(NO3)2·4H2O,DMF,Nessuno,140,48.0,1.0,0.5,2.0,60.0,,,,Solvothermal,2,external_positive_after_locked_evaluation,numeric_decimal_standardized;salt_hydrate_separator_standardized,EXTERNAL_TEST
POS-0687,MOFs_290,BPz,Bipyrazole,Cd,Cd(NO3)2·4H2O,DMF,Nessuno,150,24.0,0.8,0.8,1.0,30.0,,,,Solvothermal,2,external_positive_after_locked_evaluation,numeric_decimal_standardized;salt_hydrate_separator_standardized,EXTERNAL_TEST
POS-0688,MOFs_291,BPz,Bipyrazole,Co,Co(OAc)2·4H2O,DMF,Nessuno,120,72.0,1.5,1.5,1.0,45.0,,,,Solvothermal,2,external_positive_after_locked_evaluation,numeric_decimal_standardized;salt_hydrate_separator_standardized,EXTERNAL_TEST
POS-0689,MOFs_293,BPz,Bipyrazole,Co,Co(OAc)2·4H2O,DMF,Nessuno,120,72.0,0.5,0.5,1.0,0.15,,,,Solvothermal,2,external_positive_after_locked_evaluation,numeric_decimal_standardized;salt_hydrate_separator_standardized;exact_duplicate_candidate,EXTERNAL_TEST
POS-0690,MOFs_325,Me4BPz,Bipyrazole,Ni,NiCl2·6H2O,DEF,Nessuno,110,24.0,0.2,0.04,5.0,4.0,,,,Solvothermal,2,external_positive_after_locked_evaluation,numeric_decimal_standardized;salt_hydrate_separator_standardized,EXTERNAL_TEST
POS-0691,CurcumineMOFs_332,curc(III),Curcumina,Zn,Zn(OAc)2·2H2O,DMF/MeOH,Nessuno,80,24.0,0.3,0.15,2.0,35.0,,,,118 mg finali,2,external_positive_after_locked_evaluation,numeric_decimal_standardized;salt_hydrate_separator_standardized,EXTERNAL_TEST
POS-0692,CurcumineMOFs_333,curc(III),Curcumina,Zn,Zn(NO3)2·6H2O,DMF/MeOH,Nessuno,80,24.0,0.2,0.1,2.0,15.0,,,,Solvothermal,2,external_positive_after_locked_evaluation,numeric_decimal_standardized;salt_hydrate_separator_standardized,EXTERNAL_TEST
POS-0693,CurcumineMOFs_349,curc(III),Curcumina,Co,Co(NO3)2·6H2O,DMF/H2O,Nessuno,80,72.0,0.02,0.04,0.5,10.0,,,,Solvothermal,2,external_positive_after_locked_evaluation,numeric_decimal_standardized;salt_hydrate_separator_standardized,EXTERNAL_TEST
POS-0694,Organometallica_371,Me4BPz,Organometallica - pirazoli,Ru,[Ru(p-cymene)Cl2]2,MeOH,Nessuno,25,4.0,0.16,0.16,1.0,20.0,,,,"Dopo 4 ore ancora nessuna cristallizzazione, quindi scaldato a 50 gradi per far evaporare un po di solvente e poi messo in frido appena raffreddato.",2,external_positive_after_locked_evaluation,numeric_decimal_standardized;temperature_room_to_25,EXTERNAL_TEST
