Record_ID,MOF,Legante,Ligand_SMILES,Ligand_InChIKey,Famiglia_Legante,Metallo,Sale_Metallico,Counterion_Class,Hydration_Number,Oxidation_State,Solvente,Solvent_1,Solvent_1_mL,Solvent_2,Solvent_2_mL,Solvent_3,Solvent_3_mL,Solvent_4,Solvent_4_mL,Solvent_5,Solvent_5_mL,Additivo_Colinker,mmol_Additive,Temperatura_C,Tempo_ore,mmol_Legante,mmol_Sale,Rapporto_LM,Volume_solvente_mL,Heating_Method,Microwave_Power_W,Workup,Outcome_Class,Outcome_Label,Outcome_Raw_Score,Outcome_Score_Scale,Outcome_Mapping_Rule,Curation_Policy,Yield_percent,BET_m2_g,PXRD_Confirmed,SCXRD_Confirmed,Evidence_Type,Evidence_Statement,Source_DOI,Source_Data_DOI,Article_Title,Extraction_Method,Extraction_Note,Protocol_Completeness,Precursor_Qualification,Experiment_Generation,Evidence_Quality_Weight
V11-HKUST-G1-01,HKUST-1 / Cu-BTC,"benzene-1,3,5-tricarboxylic acid (H3BTC)",O=C(O)c1cc(C(=O)O)cc(C(=O)O)c1,,Aromatic tricarboxylate,Cu,Cu nitrate (hydration not stated in Supplementary Data 1),nitrate,,2,H2O 0.5 mL / EtOH 5 mL / iPrOH 1 mL,H2O,0.5,DMF,0.0,EtOH,5.0,MeOH,0.0,iPrOH,1.0,Nessuno,,120,0.9666666666666667,,,1.1111111111111112,6.5,Automated microwave synthesis,174,Not encoded in the published Supplementary Data 1 table.,2,High-crystallinity target MOF,0.8,Normalized PXRD crystallinity and phase-purity fitness (0-1),Preregistered curation thresholds: <=0.30 class 0; 0.35-0.75 class 1; >=0.80 class 2. The continuous source score is retained.,V11-PXRD-NORMALIZED-0.30-0.80-v1,,367.0,True,False,PXRD FWHM plus phase-purity fitness,Published Supplementary Data 1 record G1-01; normalized crystallinity/phase-purity score 0.8.,10.1038/s41467-019-08483-9,10.24435/materialscloud:2018.0011/v3,Capturing chemical intuition in synthesis of metal-organic frameworks,direct_machine_readable_supplementary_csv,All nine experimental variables and the source outcome score were copied from the authors' CSV; absolute precursor amounts were not invented.,COMPLETE_CONDITIONS_RELATIVE_STOICHIOMETRY,Copper nitrate identity stated; hydration/absolute amount absent from shared CSV.,1.0,0.85
V11-HKUST-G1-02,HKUST-1 / Cu-BTC,"benzene-1,3,5-tricarboxylic acid (H3BTC)",O=C(O)c1cc(C(=O)O)cc(C(=O)O)c1,,Aromatic tricarboxylate,Cu,Cu nitrate (hydration not stated in Supplementary Data 1),nitrate,,2,H2O 5.5 mL / EtOH 0.5 mL,H2O,5.5,DMF,0.0,EtOH,0.5,MeOH,0.0,iPrOH,0.0,Nessuno,,182,0.95,,,0.5882352941176471,6.0,Automated microwave synthesis,248,Not encoded in the published Supplementary Data 1 table.,1,Partially successful / poor target crystallinity,0.55,Normalized PXRD crystallinity and phase-purity fitness (0-1),Preregistered curation thresholds: <=0.30 class 0; 0.35-0.75 class 1; >=0.80 class 2. The continuous source score is retained.,V11-PXRD-NORMALIZED-0.30-0.80-v1,,0.0,False,False,PXRD FWHM plus phase-purity fitness,Published Supplementary Data 1 record G1-02; normalized crystallinity/phase-purity score 0.55.,10.1038/s41467-019-08483-9,10.24435/materialscloud:2018.0011/v3,Capturing chemical intuition in synthesis of metal-organic frameworks,direct_machine_readable_supplementary_csv,All nine experimental variables and the source outcome score were copied from the authors' CSV; absolute precursor amounts were not invented.,COMPLETE_CONDITIONS_RELATIVE_STOICHIOMETRY,Copper nitrate identity stated; hydration/absolute amount absent from shared CSV.,1.0,0.85
V11-HKUST-G1-03,HKUST-1 / Cu-BTC,"benzene-1,3,5-tricarboxylic acid (H3BTC)",O=C(O)c1cc(C(=O)O)cc(C(=O)O)c1,,Aromatic tricarboxylate,Cu,Cu nitrate (hydration not stated in Supplementary Data 1),nitrate,,2,DMF 5.5 mL / EtOH 0.5 mL,H2O,0.0,DMF,5.5,EtOH,0.5,MeOH,0.0,iPrOH,0.0,Nessuno,,114,0.11666666666666667,,,0.5555555555555556,6.0,Automated microwave synthesis,155,Not encoded in the published Supplementary Data 1 table.,1,Partially successful / poor target crystallinity,0.7,Normalized PXRD crystallinity and phase-purity fitness (0-1),Preregistered curation thresholds: <=0.30 class 0; 0.35-0.75 class 1; >=0.80 class 2. The continuous source score is retained.,V11-PXRD-NORMALIZED-0.30-0.80-v1,,0.0,False,False,PXRD FWHM plus phase-purity fitness,Published Supplementary Data 1 record G1-03; normalized crystallinity/phase-purity score 0.7.,10.1038/s41467-019-08483-9,10.24435/materialscloud:2018.0011/v3,Capturing chemical intuition in synthesis of metal-organic frameworks,direct_machine_readable_supplementary_csv,All nine experimental variables and the source outcome score were copied from the authors' CSV; absolute precursor amounts were not invented.,COMPLETE_CONDITIONS_RELATIVE_STOICHIOMETRY,Copper nitrate identity stated; hydration/absolute amount absent from shared CSV.,1.0,0.85
V11-HKUST-G1-04,HKUST-1 / Cu-BTC,"benzene-1,3,5-tricarboxylic acid (H3BTC)",O=C(O)c1cc(C(=O)O)cc(C(=O)O)c1,,Aromatic tricarboxylate,Cu,Cu nitrate (hydration not stated in Supplementary Data 1),nitrate,,2,EtOH 5 mL,H2O,0.0,DMF,0.0,EtOH,5.0,MeOH,0.0,iPrOH,0.0,Nessuno,,198,0.06666666666666667,,,0.5882352941176471,5.0,Automated microwave synthesis,226,Not encoded in the published Supplementary Data 1 table.,1,Partially successful / poor target crystallinity,0.75,Normalized PXRD crystallinity and phase-purity fitness (0-1),Preregistered curation thresholds: <=0.30 class 0; 0.35-0.75 class 1; >=0.80 class 2. The continuous source score is retained.,V11-PXRD-NORMALIZED-0.30-0.80-v1,,0.0,False,False,PXRD FWHM plus phase-purity fitness,Published Supplementary Data 1 record G1-04; normalized crystallinity/phase-purity score 0.75.,10.1038/s41467-019-08483-9,10.24435/materialscloud:2018.0011/v3,Capturing chemical intuition in synthesis of metal-organic frameworks,direct_machine_readable_supplementary_csv,All nine experimental variables and the source outcome score were copied from the authors' CSV; absolute precursor amounts were not invented.,COMPLETE_CONDITIONS_RELATIVE_STOICHIOMETRY,Copper nitrate identity stated; hydration/absolute amount absent from shared CSV.,1.0,0.85
V11-HKUST-G1-05,HKUST-1 / Cu-BTC,"benzene-1,3,5-tricarboxylic acid (H3BTC)",O=C(O)c1cc(C(=O)O)cc(C(=O)O)c1,,Aromatic tricarboxylate,Cu,Cu nitrate (hydration not stated in Supplementary Data 1),nitrate,,2,H2O 0.5 mL / DMF 4.5 mL,H2O,0.5,DMF,4.5,EtOH,0.0,MeOH,0.0,iPrOH,0.0,Nessuno,,108,0.8333333333333334,,,1.1111111111111112,5.0,Automated microwave synthesis,250,Not encoded in the published Supplementary Data 1 table.,1,Partially successful / poor target crystallinity,0.75,Normalized PXRD crystallinity and phase-purity fitness (0-1),Preregistered curation thresholds: <=0.30 class 0; 0.35-0.75 class 1; >=0.80 class 2. The continuous source score is retained.,V11-PXRD-NORMALIZED-0.30-0.80-v1,,0.0,False,False,PXRD FWHM plus phase-purity fitness,Published Supplementary Data 1 record G1-05; normalized crystallinity/phase-purity score 0.75.,10.1038/s41467-019-08483-9,10.24435/materialscloud:2018.0011/v3,Capturing chemical intuition in synthesis of metal-organic frameworks,direct_machine_readable_supplementary_csv,All nine experimental variables and the source outcome score were copied from the authors' CSV; absolute precursor amounts were not invented.,COMPLETE_CONDITIONS_RELATIVE_STOICHIOMETRY,Copper nitrate identity stated; hydration/absolute amount absent from shared CSV.,1.0,0.85
V11-HKUST-G1-06,HKUST-1 / Cu-BTC,"benzene-1,3,5-tricarboxylic acid (H3BTC)",O=C(O)c1cc(C(=O)O)cc(C(=O)O)c1,,Aromatic tricarboxylate,Cu,Cu nitrate (hydration not stated in Supplementary Data 1),nitrate,,2,H2O 5 mL / DMF 0.5 mL,H2O,5.0,DMF,0.5,EtOH,0.0,MeOH,0.0,iPrOH,0.0,Nessuno,,101,0.1,,,1.1111111111111112,5.5,Automated microwave synthesis,176,Not encoded in the published Supplementary Data 1 table.,1,Partially successful / poor target crystallinity,0.35,Normalized PXRD crystallinity and phase-purity fitness (0-1),Preregistered curation thresholds: <=0.30 class 0; 0.35-0.75 class 1; >=0.80 class 2. The continuous source score is retained.,V11-PXRD-NORMALIZED-0.30-0.80-v1,,0.0,False,False,PXRD FWHM plus phase-purity fitness,Published Supplementary Data 1 record G1-06; normalized crystallinity/phase-purity score 0.35.,10.1038/s41467-019-08483-9,10.24435/materialscloud:2018.0011/v3,Capturing chemical intuition in synthesis of metal-organic frameworks,direct_machine_readable_supplementary_csv,All nine experimental variables and the source outcome score were copied from the authors' CSV; absolute precursor amounts were not invented.,COMPLETE_CONDITIONS_RELATIVE_STOICHIOMETRY,Copper nitrate identity stated; hydration/absolute amount absent from shared CSV.,1.0,0.85
V11-HKUST-G1-07,HKUST-1 / Cu-BTC,"benzene-1,3,5-tricarboxylic acid (H3BTC)",O=C(O)c1cc(C(=O)O)cc(C(=O)O)c1,,Aromatic tricarboxylate,Cu,Cu nitrate (hydration not stated in Supplementary Data 1),nitrate,,2,DMF 0.5 mL / MeOH 1 mL / iPrOH 4 mL,H2O,0.0,DMF,0.5,EtOH,0.0,MeOH,1.0,iPrOH,4.0,Nessuno,,107,1.0,,,0.5555555555555556,5.5,Automated microwave synthesis,232,Not encoded in the published Supplementary Data 1 table.,1,Partially successful / poor target crystallinity,0.65,Normalized PXRD crystallinity and phase-purity fitness (0-1),Preregistered curation thresholds: <=0.30 class 0; 0.35-0.75 class 1; >=0.80 class 2. The continuous source score is retained.,V11-PXRD-NORMALIZED-0.30-0.80-v1,,0.0,False,False,PXRD FWHM plus phase-purity fitness,Published Supplementary Data 1 record G1-07; normalized crystallinity/phase-purity score 0.65.,10.1038/s41467-019-08483-9,10.24435/materialscloud:2018.0011/v3,Capturing chemical intuition in synthesis of metal-organic frameworks,direct_machine_readable_supplementary_csv,All nine experimental variables and the source outcome score were copied from the authors' CSV; absolute precursor amounts were not invented.,COMPLETE_CONDITIONS_RELATIVE_STOICHIOMETRY,Copper nitrate identity stated; hydration/absolute amount absent from shared CSV.,1.0,0.85
V11-HKUST-G1-08,HKUST-1 / Cu-BTC,"benzene-1,3,5-tricarboxylic acid (H3BTC)",O=C(O)c1cc(C(=O)O)cc(C(=O)O)c1,,Aromatic tricarboxylate,Cu,Cu nitrate (hydration not stated in Supplementary Data 1),nitrate,,2,H2O 1 mL / iPrOH 4.5 mL,H2O,1.0,DMF,0.0,EtOH,0.0,MeOH,0.0,iPrOH,4.5,Nessuno,,158,0.1,,,1.0,5.5,Automated microwave synthesis,249,Not encoded in the published Supplementary Data 1 table.,1,Partially successful / poor target crystallinity,0.4,Normalized PXRD crystallinity and phase-purity fitness (0-1),Preregistered curation thresholds: <=0.30 class 0; 0.35-0.75 class 1; >=0.80 class 2. The continuous source score is retained.,V11-PXRD-NORMALIZED-0.30-0.80-v1,,0.0,False,False,PXRD FWHM plus phase-purity fitness,Published Supplementary Data 1 record G1-08; normalized crystallinity/phase-purity score 0.4.,10.1038/s41467-019-08483-9,10.24435/materialscloud:2018.0011/v3,Capturing chemical intuition in synthesis of metal-organic frameworks,direct_machine_readable_supplementary_csv,All nine experimental variables and the source outcome score were copied from the authors' CSV; absolute precursor amounts were not invented.,COMPLETE_CONDITIONS_RELATIVE_STOICHIOMETRY,Copper nitrate identity stated; hydration/absolute amount absent from shared CSV.,1.0,0.85
V11-HKUST-G1-09,HKUST-1 / Cu-BTC,"benzene-1,3,5-tricarboxylic acid (H3BTC)",O=C(O)c1cc(C(=O)O)cc(C(=O)O)c1,,Aromatic tricarboxylate,Cu,Cu nitrate (hydration not stated in Supplementary Data 1),nitrate,,2,MeOH 5.5 mL,H2O,0.0,DMF,0.0,EtOH,0.0,MeOH,5.5,iPrOH,0.0,Nessuno,,138,0.3333333333333333,,,0.6666666666666666,5.5,Automated microwave synthesis,211,Not encoded in the published Supplementary Data 1 table.,2,High-crystallinity target MOF,0.8,Normalized PXRD crystallinity and phase-purity fitness (0-1),Preregistered curation thresholds: <=0.30 class 0; 0.35-0.75 class 1; >=0.80 class 2. The continuous source score is retained.,V11-PXRD-NORMALIZED-0.30-0.80-v1,,0.0,True,False,PXRD FWHM plus phase-purity fitness,Published Supplementary Data 1 record G1-09; normalized crystallinity/phase-purity score 0.8.,10.1038/s41467-019-08483-9,10.24435/materialscloud:2018.0011/v3,Capturing chemical intuition in synthesis of metal-organic frameworks,direct_machine_readable_supplementary_csv,All nine experimental variables and the source outcome score were copied from the authors' CSV; absolute precursor amounts were not invented.,COMPLETE_CONDITIONS_RELATIVE_STOICHIOMETRY,Copper nitrate identity stated; hydration/absolute amount absent from shared CSV.,1.0,0.85
V11-HKUST-G1-10,HKUST-1 / Cu-BTC,"benzene-1,3,5-tricarboxylic acid (H3BTC)",O=C(O)c1cc(C(=O)O)cc(C(=O)O)c1,,Aromatic tricarboxylate,Cu,Cu nitrate (hydration not stated in Supplementary Data 1),nitrate,,2,H2O 4 mL / MeOH 0.5 mL,H2O,4.0,DMF,0.0,EtOH,0.0,MeOH,0.5,iPrOH,0.0,Nessuno,,200,0.06666666666666667,,,0.5882352941176471,4.5,Automated microwave synthesis,154,Not encoded in the published Supplementary Data 1 table.,0,Very low target crystallinity / failed target synthesis,0.1,Normalized PXRD crystallinity and phase-purity fitness (0-1),Preregistered curation thresholds: <=0.30 class 0; 0.35-0.75 class 1; >=0.80 class 2. The continuous source score is retained.,V11-PXRD-NORMALIZED-0.30-0.80-v1,,0.0,False,False,PXRD FWHM plus phase-purity fitness,Published Supplementary Data 1 record G1-10; normalized crystallinity/phase-purity score 0.1.,10.1038/s41467-019-08483-9,10.24435/materialscloud:2018.0011/v3,Capturing chemical intuition in synthesis of metal-organic frameworks,direct_machine_readable_supplementary_csv,All nine experimental variables and the source outcome score were copied from the authors' CSV; absolute precursor amounts were not invented.,COMPLETE_CONDITIONS_RELATIVE_STOICHIOMETRY,Copper nitrate identity stated; hydration/absolute amount absent from shared CSV.,1.0,0.85
V11-HKUST-G1-11,HKUST-1 / Cu-BTC,"benzene-1,3,5-tricarboxylic acid (H3BTC)",O=C(O)c1cc(C(=O)O)cc(C(=O)O)c1,,Aromatic tricarboxylate,Cu,Cu nitrate (hydration not stated in Supplementary Data 1),nitrate,,2,DMF 5 mL / MeOH 0.5 mL / iPrOH 0.5 mL,H2O,0.0,DMF,5.0,EtOH,0.0,MeOH,0.5,iPrOH,0.5,Nessuno,,198,0.8833333333333333,,,1.1111111111111112,6.0,Automated microwave synthesis,165,Not encoded in the published Supplementary Data 1 table.,1,Partially successful / poor target crystallinity,0.6,Normalized PXRD crystallinity and phase-purity fitness (0-1),Preregistered curation thresholds: <=0.30 class 0; 0.35-0.75 class 1; >=0.80 class 2. The continuous source score is retained.,V11-PXRD-NORMALIZED-0.30-0.80-v1,,0.0,False,False,PXRD FWHM plus phase-purity fitness,Published Supplementary Data 1 record G1-11; normalized crystallinity/phase-purity score 0.6.,10.1038/s41467-019-08483-9,10.24435/materialscloud:2018.0011/v3,Capturing chemical intuition in synthesis of metal-organic frameworks,direct_machine_readable_supplementary_csv,All nine experimental variables and the source outcome score were copied from the authors' CSV; absolute precursor amounts were not invented.,COMPLETE_CONDITIONS_RELATIVE_STOICHIOMETRY,Copper nitrate identity stated; hydration/absolute amount absent from shared CSV.,1.0,0.85
V11-HKUST-G1-12,HKUST-1 / Cu-BTC,"benzene-1,3,5-tricarboxylic acid (H3BTC)",O=C(O)c1cc(C(=O)O)cc(C(=O)O)c1,,Aromatic tricarboxylate,Cu,Cu nitrate (hydration not stated in Supplementary Data 1),nitrate,,2,EtOH 0.5 mL / MeOH 5 mL,H2O,0.0,DMF,0.0,EtOH,0.5,MeOH,5.0,iPrOH,0.0,Nessuno,,174,0.9,,,1.25,5.5,Automated microwave synthesis,248,Not encoded in the published Supplementary Data 1 table.,1,Partially successful / poor target crystallinity,0.6,Normalized PXRD crystallinity and phase-purity fitness (0-1),Preregistered curation thresholds: <=0.30 class 0; 0.35-0.75 class 1; >=0.80 class 2. The continuous source score is retained.,V11-PXRD-NORMALIZED-0.30-0.80-v1,,0.0,False,False,PXRD FWHM plus phase-purity fitness,Published Supplementary Data 1 record G1-12; normalized crystallinity/phase-purity score 0.6.,10.1038/s41467-019-08483-9,10.24435/materialscloud:2018.0011/v3,Capturing chemical intuition in synthesis of metal-organic frameworks,direct_machine_readable_supplementary_csv,All nine experimental variables and the source outcome score were copied from the authors' CSV; absolute precursor amounts were not invented.,COMPLETE_CONDITIONS_RELATIVE_STOICHIOMETRY,Copper nitrate identity stated; hydration/absolute amount absent from shared CSV.,1.0,0.85
V11-HKUST-G1-13,HKUST-1 / Cu-BTC,"benzene-1,3,5-tricarboxylic acid (H3BTC)",O=C(O)c1cc(C(=O)O)cc(C(=O)O)c1,,Aromatic tricarboxylate,Cu,Cu nitrate (hydration not stated in Supplementary Data 1),nitrate,,2,H2O 0.5 mL / DMF 0.5 mL / MeOH 5 mL,H2O,0.5,DMF,0.5,EtOH,0.0,MeOH,5.0,iPrOH,0.0,Nessuno,,132,0.7333333333333333,,,0.5882352941176471,6.0,Automated microwave synthesis,152,Not encoded in the published Supplementary Data 1 table.,1,Partially successful / poor target crystallinity,0.7,Normalized PXRD crystallinity and phase-purity fitness (0-1),Preregistered curation thresholds: <=0.30 class 0; 0.35-0.75 class 1; >=0.80 class 2. The continuous source score is retained.,V11-PXRD-NORMALIZED-0.30-0.80-v1,,0.0,False,False,PXRD FWHM plus phase-purity fitness,Published Supplementary Data 1 record G1-13; normalized crystallinity/phase-purity score 0.7.,10.1038/s41467-019-08483-9,10.24435/materialscloud:2018.0011/v3,Capturing chemical intuition in synthesis of metal-organic frameworks,direct_machine_readable_supplementary_csv,All nine experimental variables and the source outcome score were copied from the authors' CSV; absolute precursor amounts were not invented.,COMPLETE_CONDITIONS_RELATIVE_STOICHIOMETRY,Copper nitrate identity stated; hydration/absolute amount absent from shared CSV.,1.0,0.85
V11-HKUST-G1-14,HKUST-1 / Cu-BTC,"benzene-1,3,5-tricarboxylic acid (H3BTC)",O=C(O)c1cc(C(=O)O)cc(C(=O)O)c1,,Aromatic tricarboxylate,Cu,Cu nitrate (hydration not stated in Supplementary Data 1),nitrate,,2,EtOH 5 mL,H2O,0.0,DMF,0.0,EtOH,5.0,MeOH,0.0,iPrOH,0.0,Nessuno,,129,0.5666666666666667,,,1.25,5.0,Automated microwave synthesis,250,Not encoded in the published Supplementary Data 1 table.,1,Partially successful / poor target crystallinity,0.7,Normalized PXRD crystallinity and phase-purity fitness (0-1),Preregistered curation thresholds: <=0.30 class 0; 0.35-0.75 class 1; >=0.80 class 2. The continuous source score is retained.,V11-PXRD-NORMALIZED-0.30-0.80-v1,,0.0,False,False,PXRD FWHM plus phase-purity fitness,Published Supplementary Data 1 record G1-14; normalized crystallinity/phase-purity score 0.7.,10.1038/s41467-019-08483-9,10.24435/materialscloud:2018.0011/v3,Capturing chemical intuition in synthesis of metal-organic frameworks,direct_machine_readable_supplementary_csv,All nine experimental variables and the source outcome score were copied from the authors' CSV; absolute precursor amounts were not invented.,COMPLETE_CONDITIONS_RELATIVE_STOICHIOMETRY,Copper nitrate identity stated; hydration/absolute amount absent from shared CSV.,1.0,0.85
V11-HKUST-G1-15,HKUST-1 / Cu-BTC,"benzene-1,3,5-tricarboxylic acid (H3BTC)",O=C(O)c1cc(C(=O)O)cc(C(=O)O)c1,,Aromatic tricarboxylate,Cu,Cu nitrate (hydration not stated in Supplementary Data 1),nitrate,,2,iPrOH 5.5 mL,H2O,0.0,DMF,0.0,EtOH,0.0,MeOH,0.0,iPrOH,5.5,Nessuno,,191,0.5,,,0.5555555555555556,5.5,Automated microwave synthesis,172,Not encoded in the published Supplementary Data 1 table.,1,Partially successful / poor target crystallinity,0.55,Normalized PXRD crystallinity and phase-purity fitness (0-1),Preregistered curation thresholds: <=0.30 class 0; 0.35-0.75 class 1; >=0.80 class 2. The continuous source score is retained.,V11-PXRD-NORMALIZED-0.30-0.80-v1,,0.0,False,False,PXRD FWHM plus phase-purity fitness,Published Supplementary Data 1 record G1-15; normalized crystallinity/phase-purity score 0.55.,10.1038/s41467-019-08483-9,10.24435/materialscloud:2018.0011/v3,Capturing chemical intuition in synthesis of metal-organic frameworks,direct_machine_readable_supplementary_csv,All nine experimental variables and the source outcome score were copied from the authors' CSV; absolute precursor amounts were not invented.,COMPLETE_CONDITIONS_RELATIVE_STOICHIOMETRY,Copper nitrate identity stated; hydration/absolute amount absent from shared CSV.,1.0,0.85
V11-HKUST-G1-16,HKUST-1 / Cu-BTC,"benzene-1,3,5-tricarboxylic acid (H3BTC)",O=C(O)c1cc(C(=O)O)cc(C(=O)O)c1,,Aromatic tricarboxylate,Cu,Cu nitrate (hydration not stated in Supplementary Data 1),nitrate,,2,H2O 0.5 mL / DMF 4.5 mL / iPrOH 0.5 mL,H2O,0.5,DMF,4.5,EtOH,0.0,MeOH,0.0,iPrOH,0.5,Nessuno,,194,0.13333333333333333,,,1.25,5.5,Automated microwave synthesis,206,Not encoded in the published Supplementary Data 1 table.,1,Partially successful / poor target crystallinity,0.7,Normalized PXRD crystallinity and phase-purity fitness (0-1),Preregistered curation thresholds: <=0.30 class 0; 0.35-0.75 class 1; >=0.80 class 2. The continuous source score is retained.,V11-PXRD-NORMALIZED-0.30-0.80-v1,,0.0,False,False,PXRD FWHM plus phase-purity fitness,Published Supplementary Data 1 record G1-16; normalized crystallinity/phase-purity score 0.7.,10.1038/s41467-019-08483-9,10.24435/materialscloud:2018.0011/v3,Capturing chemical intuition in synthesis of metal-organic frameworks,direct_machine_readable_supplementary_csv,All nine experimental variables and the source outcome score were copied from the authors' CSV; absolute precursor amounts were not invented.,COMPLETE_CONDITIONS_RELATIVE_STOICHIOMETRY,Copper nitrate identity stated; hydration/absolute amount absent from shared CSV.,1.0,0.85
V11-HKUST-G1-17,HKUST-1 / Cu-BTC,"benzene-1,3,5-tricarboxylic acid (H3BTC)",O=C(O)c1cc(C(=O)O)cc(C(=O)O)c1,,Aromatic tricarboxylate,Cu,Cu nitrate (hydration not stated in Supplementary Data 1),nitrate,,2,H2O 5 mL / EtOH 0.5 mL / iPrOH 0.5 mL,H2O,5.0,DMF,0.0,EtOH,0.5,MeOH,0.0,iPrOH,0.5,Nessuno,,100,0.9833333333333333,,,0.5882352941176471,6.0,Automated microwave synthesis,150,Not encoded in the published Supplementary Data 1 table.,0,Very low target crystallinity / failed target synthesis,0.2,Normalized PXRD crystallinity and phase-purity fitness (0-1),Preregistered curation thresholds: <=0.30 class 0; 0.35-0.75 class 1; >=0.80 class 2. The continuous source score is retained.,V11-PXRD-NORMALIZED-0.30-0.80-v1,,0.0,False,False,PXRD FWHM plus phase-purity fitness,Published Supplementary Data 1 record G1-17; normalized crystallinity/phase-purity score 0.2.,10.1038/s41467-019-08483-9,10.24435/materialscloud:2018.0011/v3,Capturing chemical intuition in synthesis of metal-organic frameworks,direct_machine_readable_supplementary_csv,All nine experimental variables and the source outcome score were copied from the authors' CSV; absolute precursor amounts were not invented.,COMPLETE_CONDITIONS_RELATIVE_STOICHIOMETRY,Copper nitrate identity stated; hydration/absolute amount absent from shared CSV.,1.0,0.85
V11-HKUST-G1-18,HKUST-1 / Cu-BTC,"benzene-1,3,5-tricarboxylic acid (H3BTC)",O=C(O)c1cc(C(=O)O)cc(C(=O)O)c1,,Aromatic tricarboxylate,Cu,Cu nitrate (hydration not stated in Supplementary Data 1),nitrate,,2,H2O 4.5 mL / DMF 0.5 mL,H2O,4.5,DMF,0.5,EtOH,0.0,MeOH,0.0,iPrOH,0.0,Nessuno,,126,0.03333333333333333,,,0.5882352941176471,5.0,Automated microwave synthesis,244,Not encoded in the published Supplementary Data 1 table.,1,Partially successful / poor target crystallinity,0.5,Normalized PXRD crystallinity and phase-purity fitness (0-1),Preregistered curation thresholds: <=0.30 class 0; 0.35-0.75 class 1; >=0.80 class 2. The continuous source score is retained.,V11-PXRD-NORMALIZED-0.30-0.80-v1,,0.0,False,False,PXRD FWHM plus phase-purity fitness,Published Supplementary Data 1 record G1-18; normalized crystallinity/phase-purity score 0.5.,10.1038/s41467-019-08483-9,10.24435/materialscloud:2018.0011/v3,Capturing chemical intuition in synthesis of metal-organic frameworks,direct_machine_readable_supplementary_csv,All nine experimental variables and the source outcome score were copied from the authors' CSV; absolute precursor amounts were not invented.,COMPLETE_CONDITIONS_RELATIVE_STOICHIOMETRY,Copper nitrate identity stated; hydration/absolute amount absent from shared CSV.,1.0,0.85
V11-HKUST-G1-19,HKUST-1 / Cu-BTC,"benzene-1,3,5-tricarboxylic acid (H3BTC)",O=C(O)c1cc(C(=O)O)cc(C(=O)O)c1,,Aromatic tricarboxylate,Cu,Cu nitrate (hydration not stated in Supplementary Data 1),nitrate,,2,DMF 0.5 mL / EtOH 1 mL / MeOH 0.5 mL / iPrOH 3.5 mL,H2O,0.0,DMF,0.5,EtOH,1.0,MeOH,0.5,iPrOH,3.5,Nessuno,,110,0.05,,,0.7692307692307692,5.5,Automated microwave synthesis,154,Not encoded in the published Supplementary Data 1 table.,1,Partially successful / poor target crystallinity,0.5,Normalized PXRD crystallinity and phase-purity fitness (0-1),Preregistered curation thresholds: <=0.30 class 0; 0.35-0.75 class 1; >=0.80 class 2. The continuous source score is retained.,V11-PXRD-NORMALIZED-0.30-0.80-v1,,0.0,False,False,PXRD FWHM plus phase-purity fitness,Published Supplementary Data 1 record G1-19; normalized crystallinity/phase-purity score 0.5.,10.1038/s41467-019-08483-9,10.24435/materialscloud:2018.0011/v3,Capturing chemical intuition in synthesis of metal-organic frameworks,direct_machine_readable_supplementary_csv,All nine experimental variables and the source outcome score were copied from the authors' CSV; absolute precursor amounts were not invented.,COMPLETE_CONDITIONS_RELATIVE_STOICHIOMETRY,Copper nitrate identity stated; hydration/absolute amount absent from shared CSV.,1.0,0.85
V11-HKUST-G1-20,HKUST-1 / Cu-BTC,"benzene-1,3,5-tricarboxylic acid (H3BTC)",O=C(O)c1cc(C(=O)O)cc(C(=O)O)c1,,Aromatic tricarboxylate,Cu,Cu nitrate (hydration not stated in Supplementary Data 1),nitrate,,2,MeOH 6 mL,H2O,0.0,DMF,0.0,EtOH,0.0,MeOH,6.0,iPrOH,0.0,Nessuno,,143,0.36666666666666664,,,0.6666666666666666,6.0,Automated microwave synthesis,183,Not encoded in the published Supplementary Data 1 table.,1,Partially successful / poor target crystallinity,0.75,Normalized PXRD crystallinity and phase-purity fitness (0-1),Preregistered curation thresholds: <=0.30 class 0; 0.35-0.75 class 1; >=0.80 class 2. The continuous source score is retained.,V11-PXRD-NORMALIZED-0.30-0.80-v1,,0.0,False,False,PXRD FWHM plus phase-purity fitness,Published Supplementary Data 1 record G1-20; normalized crystallinity/phase-purity score 0.75.,10.1038/s41467-019-08483-9,10.24435/materialscloud:2018.0011/v3,Capturing chemical intuition in synthesis of metal-organic frameworks,direct_machine_readable_supplementary_csv,All nine experimental variables and the source outcome score were copied from the authors' CSV; absolute precursor amounts were not invented.,COMPLETE_CONDITIONS_RELATIVE_STOICHIOMETRY,Copper nitrate identity stated; hydration/absolute amount absent from shared CSV.,1.0,0.85
V11-HKUST-G1-21,HKUST-1 / Cu-BTC,"benzene-1,3,5-tricarboxylic acid (H3BTC)",O=C(O)c1cc(C(=O)O)cc(C(=O)O)c1,,Aromatic tricarboxylate,Cu,Cu nitrate (hydration not stated in Supplementary Data 1),nitrate,,2,H2O 0.5 mL / DMF 1.5 mL / iPrOH 4 mL,H2O,0.5,DMF,1.5,EtOH,0.0,MeOH,0.0,iPrOH,4.0,Nessuno,,200,1.0,,,0.7692307692307692,6.0,Automated microwave synthesis,248,Not encoded in the published Supplementary Data 1 table.,2,High-crystallinity target MOF,0.8,Normalized PXRD crystallinity and phase-purity fitness (0-1),Preregistered curation thresholds: <=0.30 class 0; 0.35-0.75 class 1; >=0.80 class 2. The continuous source score is retained.,V11-PXRD-NORMALIZED-0.30-0.80-v1,,0.0,True,False,PXRD FWHM plus phase-purity fitness,Published Supplementary Data 1 record G1-21; normalized crystallinity/phase-purity score 0.8.,10.1038/s41467-019-08483-9,10.24435/materialscloud:2018.0011/v3,Capturing chemical intuition in synthesis of metal-organic frameworks,direct_machine_readable_supplementary_csv,All nine experimental variables and the source outcome score were copied from the authors' CSV; absolute precursor amounts were not invented.,COMPLETE_CONDITIONS_RELATIVE_STOICHIOMETRY,Copper nitrate identity stated; hydration/absolute amount absent from shared CSV.,1.0,0.85
V11-HKUST-G1-22,HKUST-1 / Cu-BTC,"benzene-1,3,5-tricarboxylic acid (H3BTC)",O=C(O)c1cc(C(=O)O)cc(C(=O)O)c1,,Aromatic tricarboxylate,Cu,Cu nitrate (hydration not stated in Supplementary Data 1),nitrate,,2,H2O 5 mL / DMF 0.5 mL / MeOH 0.5 mL,H2O,5.0,DMF,0.5,EtOH,0.0,MeOH,0.5,iPrOH,0.0,Nessuno,,196,0.4,,,1.1111111111111112,6.0,Automated microwave synthesis,206,Not encoded in the published Supplementary Data 1 table.,0,Very low target crystallinity / failed target synthesis,0.3,Normalized PXRD crystallinity and phase-purity fitness (0-1),Preregistered curation thresholds: <=0.30 class 0; 0.35-0.75 class 1; >=0.80 class 2. The continuous source score is retained.,V11-PXRD-NORMALIZED-0.30-0.80-v1,,0.0,False,False,PXRD FWHM plus phase-purity fitness,Published Supplementary Data 1 record G1-22; normalized crystallinity/phase-purity score 0.3.,10.1038/s41467-019-08483-9,10.24435/materialscloud:2018.0011/v3,Capturing chemical intuition in synthesis of metal-organic frameworks,direct_machine_readable_supplementary_csv,All nine experimental variables and the source outcome score were copied from the authors' CSV; absolute precursor amounts were not invented.,COMPLETE_CONDITIONS_RELATIVE_STOICHIOMETRY,Copper nitrate identity stated; hydration/absolute amount absent from shared CSV.,1.0,0.85
V11-HKUST-G1-23,HKUST-1 / Cu-BTC,"benzene-1,3,5-tricarboxylic acid (H3BTC)",O=C(O)c1cc(C(=O)O)cc(C(=O)O)c1,,Aromatic tricarboxylate,Cu,Cu nitrate (hydration not stated in Supplementary Data 1),nitrate,,2,DMF 4.5 mL / MeOH 0.5 mL,H2O,0.0,DMF,4.5,EtOH,0.0,MeOH,0.5,iPrOH,0.0,Nessuno,,168,0.05,,,0.5555555555555556,5.0,Automated microwave synthesis,246,Not encoded in the published Supplementary Data 1 table.,1,Partially successful / poor target crystallinity,0.65,Normalized PXRD crystallinity and phase-purity fitness (0-1),Preregistered curation thresholds: <=0.30 class 0; 0.35-0.75 class 1; >=0.80 class 2. The continuous source score is retained.,V11-PXRD-NORMALIZED-0.30-0.80-v1,,0.0,False,False,PXRD FWHM plus phase-purity fitness,Published Supplementary Data 1 record G1-23; normalized crystallinity/phase-purity score 0.65.,10.1038/s41467-019-08483-9,10.24435/materialscloud:2018.0011/v3,Capturing chemical intuition in synthesis of metal-organic frameworks,direct_machine_readable_supplementary_csv,All nine experimental variables and the source outcome score were copied from the authors' CSV; absolute precursor amounts were not invented.,COMPLETE_CONDITIONS_RELATIVE_STOICHIOMETRY,Copper nitrate identity stated; hydration/absolute amount absent from shared CSV.,1.0,0.85
V11-HKUST-G1-24,HKUST-1 / Cu-BTC,"benzene-1,3,5-tricarboxylic acid (H3BTC)",O=C(O)c1cc(C(=O)O)cc(C(=O)O)c1,,Aromatic tricarboxylate,Cu,Cu nitrate (hydration not stated in Supplementary Data 1),nitrate,,2,H2O 0.5 mL / DMF 4.5 mL / MeOH 0.5 mL / iPrOH 0.5 mL,H2O,0.5,DMF,4.5,EtOH,0.0,MeOH,0.5,iPrOH,0.5,Nessuno,,114,0.9666666666666667,,,0.7692307692307692,6.0,Automated microwave synthesis,151,Not encoded in the published Supplementary Data 1 table.,1,Partially successful / poor target crystallinity,0.75,Normalized PXRD crystallinity and phase-purity fitness (0-1),Preregistered curation thresholds: <=0.30 class 0; 0.35-0.75 class 1; >=0.80 class 2. The continuous source score is retained.,V11-PXRD-NORMALIZED-0.30-0.80-v1,,0.0,False,False,PXRD FWHM plus phase-purity fitness,Published Supplementary Data 1 record G1-24; normalized crystallinity/phase-purity score 0.75.,10.1038/s41467-019-08483-9,10.24435/materialscloud:2018.0011/v3,Capturing chemical intuition in synthesis of metal-organic frameworks,direct_machine_readable_supplementary_csv,All nine experimental variables and the source outcome score were copied from the authors' CSV; absolute precursor amounts were not invented.,COMPLETE_CONDITIONS_RELATIVE_STOICHIOMETRY,Copper nitrate identity stated; hydration/absolute amount absent from shared CSV.,1.0,0.85
V11-HKUST-G1-25,HKUST-1 / Cu-BTC,"benzene-1,3,5-tricarboxylic acid (H3BTC)",O=C(O)c1cc(C(=O)O)cc(C(=O)O)c1,,Aromatic tricarboxylate,Cu,Cu nitrate (hydration not stated in Supplementary Data 1),nitrate,,2,H2O 0.5 mL / MeOH 1.5 mL / iPrOH 3.5 mL,H2O,0.5,DMF,0.0,EtOH,0.0,MeOH,1.5,iPrOH,3.5,Nessuno,,100,0.95,,,1.25,5.5,Automated microwave synthesis,157,Not encoded in the published Supplementary Data 1 table.,0,Very low target crystallinity / failed target synthesis,0.2,Normalized PXRD crystallinity and phase-purity fitness (0-1),Preregistered curation thresholds: <=0.30 class 0; 0.35-0.75 class 1; >=0.80 class 2. The continuous source score is retained.,V11-PXRD-NORMALIZED-0.30-0.80-v1,,0.0,False,False,PXRD FWHM plus phase-purity fitness,Published Supplementary Data 1 record G1-25; normalized crystallinity/phase-purity score 0.2.,10.1038/s41467-019-08483-9,10.24435/materialscloud:2018.0011/v3,Capturing chemical intuition in synthesis of metal-organic frameworks,direct_machine_readable_supplementary_csv,All nine experimental variables and the source outcome score were copied from the authors' CSV; absolute precursor amounts were not invented.,COMPLETE_CONDITIONS_RELATIVE_STOICHIOMETRY,Copper nitrate identity stated; hydration/absolute amount absent from shared CSV.,1.0,0.85
V11-HKUST-G1-26,HKUST-1 / Cu-BTC,"benzene-1,3,5-tricarboxylic acid (H3BTC)",O=C(O)c1cc(C(=O)O)cc(C(=O)O)c1,,Aromatic tricarboxylate,Cu,Cu nitrate (hydration not stated in Supplementary Data 1),nitrate,,2,H2O 3 mL / EtOH 3 mL,H2O,3.0,DMF,0.0,EtOH,3.0,MeOH,0.0,iPrOH,0.0,Nessuno,,129,0.2833333333333333,,,1.25,6.0,Automated microwave synthesis,150,Not encoded in the published Supplementary Data 1 table.,1,Partially successful / poor target crystallinity,0.6,Normalized PXRD crystallinity and phase-purity fitness (0-1),Preregistered curation thresholds: <=0.30 class 0; 0.35-0.75 class 1; >=0.80 class 2. The continuous source score is retained.,V11-PXRD-NORMALIZED-0.30-0.80-v1,,0.0,False,False,PXRD FWHM plus phase-purity fitness,Published Supplementary Data 1 record G1-26; normalized crystallinity/phase-purity score 0.6.,10.1038/s41467-019-08483-9,10.24435/materialscloud:2018.0011/v3,Capturing chemical intuition in synthesis of metal-organic frameworks,direct_machine_readable_supplementary_csv,All nine experimental variables and the source outcome score were copied from the authors' CSV; absolute precursor amounts were not invented.,COMPLETE_CONDITIONS_RELATIVE_STOICHIOMETRY,Copper nitrate identity stated; hydration/absolute amount absent from shared CSV.,1.0,0.85
V11-HKUST-G1-27,HKUST-1 / Cu-BTC,"benzene-1,3,5-tricarboxylic acid (H3BTC)",O=C(O)c1cc(C(=O)O)cc(C(=O)O)c1,,Aromatic tricarboxylate,Cu,Cu nitrate (hydration not stated in Supplementary Data 1),nitrate,,2,H2O 0.5 mL / DMF 1 mL / MeOH 4 mL,H2O,0.5,DMF,1.0,EtOH,0.0,MeOH,4.0,iPrOH,0.0,Nessuno,,176,0.7333333333333333,,,0.5555555555555556,5.5,Automated microwave synthesis,246,Not encoded in the published Supplementary Data 1 table.,2,High-crystallinity target MOF,0.8,Normalized PXRD crystallinity and phase-purity fitness (0-1),Preregistered curation thresholds: <=0.30 class 0; 0.35-0.75 class 1; >=0.80 class 2. The continuous source score is retained.,V11-PXRD-NORMALIZED-0.30-0.80-v1,,526.0,True,False,PXRD FWHM plus phase-purity fitness,Published Supplementary Data 1 record G1-27; normalized crystallinity/phase-purity score 0.8.,10.1038/s41467-019-08483-9,10.24435/materialscloud:2018.0011/v3,Capturing chemical intuition in synthesis of metal-organic frameworks,direct_machine_readable_supplementary_csv,All nine experimental variables and the source outcome score were copied from the authors' CSV; absolute precursor amounts were not invented.,COMPLETE_CONDITIONS_RELATIVE_STOICHIOMETRY,Copper nitrate identity stated; hydration/absolute amount absent from shared CSV.,1.0,0.85
V11-HKUST-G1-28,HKUST-1 / Cu-BTC,"benzene-1,3,5-tricarboxylic acid (H3BTC)",O=C(O)c1cc(C(=O)O)cc(C(=O)O)c1,,Aromatic tricarboxylate,Cu,Cu nitrate (hydration not stated in Supplementary Data 1),nitrate,,2,H2O 1 mL / EtOH 3.5 mL,H2O,1.0,DMF,0.0,EtOH,3.5,MeOH,0.0,iPrOH,0.0,Nessuno,,199,0.7666666666666667,,,0.5882352941176471,4.5,Automated microwave synthesis,151,Not encoded in the published Supplementary Data 1 table.,1,Partially successful / poor target crystallinity,0.65,Normalized PXRD crystallinity and phase-purity fitness (0-1),Preregistered curation thresholds: <=0.30 class 0; 0.35-0.75 class 1; >=0.80 class 2. The continuous source score is retained.,V11-PXRD-NORMALIZED-0.30-0.80-v1,,0.0,False,False,PXRD FWHM plus phase-purity fitness,Published Supplementary Data 1 record G1-28; normalized crystallinity/phase-purity score 0.65.,10.1038/s41467-019-08483-9,10.24435/materialscloud:2018.0011/v3,Capturing chemical intuition in synthesis of metal-organic frameworks,direct_machine_readable_supplementary_csv,All nine experimental variables and the source outcome score were copied from the authors' CSV; absolute precursor amounts were not invented.,COMPLETE_CONDITIONS_RELATIVE_STOICHIOMETRY,Copper nitrate identity stated; hydration/absolute amount absent from shared CSV.,1.0,0.85
V11-HKUST-G1-29,HKUST-1 / Cu-BTC,"benzene-1,3,5-tricarboxylic acid (H3BTC)",O=C(O)c1cc(C(=O)O)cc(C(=O)O)c1,,Aromatic tricarboxylate,Cu,Cu nitrate (hydration not stated in Supplementary Data 1),nitrate,,2,DMF 0.5 mL / EtOH 5 mL,H2O,0.0,DMF,0.5,EtOH,5.0,MeOH,0.0,iPrOH,0.0,Nessuno,,125,0.03333333333333333,,,1.1111111111111112,5.5,Automated microwave synthesis,164,Not encoded in the published Supplementary Data 1 table.,1,Partially successful / poor target crystallinity,0.75,Normalized PXRD crystallinity and phase-purity fitness (0-1),Preregistered curation thresholds: <=0.30 class 0; 0.35-0.75 class 1; >=0.80 class 2. The continuous source score is retained.,V11-PXRD-NORMALIZED-0.30-0.80-v1,,0.0,False,False,PXRD FWHM plus phase-purity fitness,Published Supplementary Data 1 record G1-29; normalized crystallinity/phase-purity score 0.75.,10.1038/s41467-019-08483-9,10.24435/materialscloud:2018.0011/v3,Capturing chemical intuition in synthesis of metal-organic frameworks,direct_machine_readable_supplementary_csv,All nine experimental variables and the source outcome score were copied from the authors' CSV; absolute precursor amounts were not invented.,COMPLETE_CONDITIONS_RELATIVE_STOICHIOMETRY,Copper nitrate identity stated; hydration/absolute amount absent from shared CSV.,1.0,0.85
V11-HKUST-G1-30,HKUST-1 / Cu-BTC,"benzene-1,3,5-tricarboxylic acid (H3BTC)",O=C(O)c1cc(C(=O)O)cc(C(=O)O)c1,,Aromatic tricarboxylate,Cu,Cu nitrate (hydration not stated in Supplementary Data 1),nitrate,,2,EtOH 3.5 mL / iPrOH 2 mL,H2O,0.0,DMF,0.0,EtOH,3.5,MeOH,0.0,iPrOH,2.0,Nessuno,,102,0.18333333333333332,,,0.625,5.5,Automated microwave synthesis,238,Not encoded in the published Supplementary Data 1 table.,1,Partially successful / poor target crystallinity,0.6,Normalized PXRD crystallinity and phase-purity fitness (0-1),Preregistered curation thresholds: <=0.30 class 0; 0.35-0.75 class 1; >=0.80 class 2. The continuous source score is retained.,V11-PXRD-NORMALIZED-0.30-0.80-v1,,0.0,False,False,PXRD FWHM plus phase-purity fitness,Published Supplementary Data 1 record G1-30; normalized crystallinity/phase-purity score 0.6.,10.1038/s41467-019-08483-9,10.24435/materialscloud:2018.0011/v3,Capturing chemical intuition in synthesis of metal-organic frameworks,direct_machine_readable_supplementary_csv,All nine experimental variables and the source outcome score were copied from the authors' CSV; absolute precursor amounts were not invented.,COMPLETE_CONDITIONS_RELATIVE_STOICHIOMETRY,Copper nitrate identity stated; hydration/absolute amount absent from shared CSV.,1.0,0.85
V11-HKUST-G2-01,HKUST-1 / Cu-BTC,"benzene-1,3,5-tricarboxylic acid (H3BTC)",O=C(O)c1cc(C(=O)O)cc(C(=O)O)c1,,Aromatic tricarboxylate,Cu,Cu nitrate (hydration not stated in Supplementary Data 1),nitrate,,2,DMF 2.5 mL / EtOH 2.5 mL,H2O,0.0,DMF,2.5,EtOH,2.5,MeOH,0.0,iPrOH,0.0,Nessuno,,140,0.3333333333333333,,,0.6666666666666666,5.0,Automated microwave synthesis,200,Not encoded in the published Supplementary Data 1 table.,1,Partially successful / poor target crystallinity,0.7,Normalized PXRD crystallinity and phase-purity fitness (0-1),Preregistered curation thresholds: <=0.30 class 0; 0.35-0.75 class 1; >=0.80 class 2. The continuous source score is retained.,V11-PXRD-NORMALIZED-0.30-0.80-v1,,0.0,False,False,PXRD FWHM plus phase-purity fitness,Published Supplementary Data 1 record G2-01; normalized crystallinity/phase-purity score 0.7.,10.1038/s41467-019-08483-9,10.24435/materialscloud:2018.0011/v3,Capturing chemical intuition in synthesis of metal-organic frameworks,direct_machine_readable_supplementary_csv,All nine experimental variables and the source outcome score were copied from the authors' CSV; absolute precursor amounts were not invented.,COMPLETE_CONDITIONS_RELATIVE_STOICHIOMETRY,Copper nitrate identity stated; hydration/absolute amount absent from shared CSV.,2.0,0.85
V11-HKUST-G2-02,HKUST-1 / Cu-BTC,"benzene-1,3,5-tricarboxylic acid (H3BTC)",O=C(O)c1cc(C(=O)O)cc(C(=O)O)c1,,Aromatic tricarboxylate,Cu,Cu nitrate (hydration not stated in Supplementary Data 1),nitrate,,2,H2O 1 mL / EtOH 3.5 mL,H2O,1.0,DMF,0.0,EtOH,3.5,MeOH,0.0,iPrOH,0.0,Nessuno,,199,0.7666666666666667,,,0.5882352941176471,4.5,Automated microwave synthesis,200,Not encoded in the published Supplementary Data 1 table.,2,High-crystallinity target MOF,0.9,Normalized PXRD crystallinity and phase-purity fitness (0-1),Preregistered curation thresholds: <=0.30 class 0; 0.35-0.75 class 1; >=0.80 class 2. The continuous source score is retained.,V11-PXRD-NORMALIZED-0.30-0.80-v1,,536.0,True,False,PXRD FWHM plus phase-purity fitness,Published Supplementary Data 1 record G2-02; normalized crystallinity/phase-purity score 0.9.,10.1038/s41467-019-08483-9,10.24435/materialscloud:2018.0011/v3,Capturing chemical intuition in synthesis of metal-organic frameworks,direct_machine_readable_supplementary_csv,All nine experimental variables and the source outcome score were copied from the authors' CSV; absolute precursor amounts were not invented.,COMPLETE_CONDITIONS_RELATIVE_STOICHIOMETRY,Copper nitrate identity stated; hydration/absolute amount absent from shared CSV.,2.0,0.85
V11-HKUST-G2-03,HKUST-1 / Cu-BTC,"benzene-1,3,5-tricarboxylic acid (H3BTC)",O=C(O)c1cc(C(=O)O)cc(C(=O)O)c1,,Aromatic tricarboxylate,Cu,Cu nitrate (hydration not stated in Supplementary Data 1),nitrate,,2,H2O 0.5 mL / EtOH 2 mL / iPrOH 2 mL,H2O,0.5,DMF,0.0,EtOH,2.0,MeOH,0.0,iPrOH,2.0,Nessuno,,196,0.6666666666666666,,,0.5747126436781609,4.5,Automated microwave synthesis,210,Not encoded in the published Supplementary Data 1 table.,1,Partially successful / poor target crystallinity,0.7,Normalized PXRD crystallinity and phase-purity fitness (0-1),Preregistered curation thresholds: <=0.30 class 0; 0.35-0.75 class 1; >=0.80 class 2. The continuous source score is retained.,V11-PXRD-NORMALIZED-0.30-0.80-v1,,0.0,False,False,PXRD FWHM plus phase-purity fitness,Published Supplementary Data 1 record G2-03; normalized crystallinity/phase-purity score 0.7.,10.1038/s41467-019-08483-9,10.24435/materialscloud:2018.0011/v3,Capturing chemical intuition in synthesis of metal-organic frameworks,direct_machine_readable_supplementary_csv,All nine experimental variables and the source outcome score were copied from the authors' CSV; absolute precursor amounts were not invented.,COMPLETE_CONDITIONS_RELATIVE_STOICHIOMETRY,Copper nitrate identity stated; hydration/absolute amount absent from shared CSV.,2.0,0.85
V11-HKUST-G2-04,HKUST-1 / Cu-BTC,"benzene-1,3,5-tricarboxylic acid (H3BTC)",O=C(O)c1cc(C(=O)O)cc(C(=O)O)c1,,Aromatic tricarboxylate,Cu,Cu nitrate (hydration not stated in Supplementary Data 1),nitrate,,2,DMF 5 mL / EtOH 0.5 mL / iPrOH 0.5 mL,H2O,0.0,DMF,5.0,EtOH,0.5,MeOH,0.0,iPrOH,0.5,Nessuno,,140,0.4666666666666667,,,0.625,6.0,Automated microwave synthesis,210,Not encoded in the published Supplementary Data 1 table.,2,High-crystallinity target MOF,0.95,Normalized PXRD crystallinity and phase-purity fitness (0-1),Preregistered curation thresholds: <=0.30 class 0; 0.35-0.75 class 1; >=0.80 class 2. The continuous source score is retained.,V11-PXRD-NORMALIZED-0.30-0.80-v1,,1888.0,True,False,PXRD FWHM plus phase-purity fitness,Published Supplementary Data 1 record G2-04; normalized crystallinity/phase-purity score 0.95.,10.1038/s41467-019-08483-9,10.24435/materialscloud:2018.0011/v3,Capturing chemical intuition in synthesis of metal-organic frameworks,direct_machine_readable_supplementary_csv,All nine experimental variables and the source outcome score were copied from the authors' CSV; absolute precursor amounts were not invented.,COMPLETE_CONDITIONS_RELATIVE_STOICHIOMETRY,Copper nitrate identity stated; hydration/absolute amount absent from shared CSV.,2.0,0.85
V11-HKUST-G2-05,HKUST-1 / Cu-BTC,"benzene-1,3,5-tricarboxylic acid (H3BTC)",O=C(O)c1cc(C(=O)O)cc(C(=O)O)c1,,Aromatic tricarboxylate,Cu,Cu nitrate (hydration not stated in Supplementary Data 1),nitrate,,2,H2O 0.15 mL / DMF 3.25 mL / EtOH 0.05 mL / MeOH 2.1 mL / iPrOH 0.1 mL,H2O,0.15,DMF,3.25,EtOH,0.05,MeOH,2.1,iPrOH,0.1,Nessuno,,103,0.8666666666666667,,,0.7692307692307692,5.6499999999999995,Automated microwave synthesis,176,Not encoded in the published Supplementary Data 1 table.,2,High-crystallinity target MOF,0.85,Normalized PXRD crystallinity and phase-purity fitness (0-1),Preregistered curation thresholds: <=0.30 class 0; 0.35-0.75 class 1; >=0.80 class 2. The continuous source score is retained.,V11-PXRD-NORMALIZED-0.30-0.80-v1,,0.0,True,False,PXRD FWHM plus phase-purity fitness,Published Supplementary Data 1 record G2-05; normalized crystallinity/phase-purity score 0.85.,10.1038/s41467-019-08483-9,10.24435/materialscloud:2018.0011/v3,Capturing chemical intuition in synthesis of metal-organic frameworks,direct_machine_readable_supplementary_csv,All nine experimental variables and the source outcome score were copied from the authors' CSV; absolute precursor amounts were not invented.,COMPLETE_CONDITIONS_RELATIVE_STOICHIOMETRY,Copper nitrate identity stated; hydration/absolute amount absent from shared CSV.,2.0,0.85
V11-HKUST-G2-06,HKUST-1 / Cu-BTC,"benzene-1,3,5-tricarboxylic acid (H3BTC)",O=C(O)c1cc(C(=O)O)cc(C(=O)O)c1,,Aromatic tricarboxylate,Cu,Cu nitrate (hydration not stated in Supplementary Data 1),nitrate,,2,H2O 1.5 mL / DMF 1 mL / EtOH 3 mL,H2O,1.5,DMF,1.0,EtOH,3.0,MeOH,0.0,iPrOH,0.0,Nessuno,,140,0.3333333333333333,,,0.641025641025641,5.5,Automated microwave synthesis,200,Not encoded in the published Supplementary Data 1 table.,2,High-crystallinity target MOF,0.9,Normalized PXRD crystallinity and phase-purity fitness (0-1),Preregistered curation thresholds: <=0.30 class 0; 0.35-0.75 class 1; >=0.80 class 2. The continuous source score is retained.,V11-PXRD-NORMALIZED-0.30-0.80-v1,,0.0,True,False,PXRD FWHM plus phase-purity fitness,Published Supplementary Data 1 record G2-06; normalized crystallinity/phase-purity score 0.9.,10.1038/s41467-019-08483-9,10.24435/materialscloud:2018.0011/v3,Capturing chemical intuition in synthesis of metal-organic frameworks,direct_machine_readable_supplementary_csv,All nine experimental variables and the source outcome score were copied from the authors' CSV; absolute precursor amounts were not invented.,COMPLETE_CONDITIONS_RELATIVE_STOICHIOMETRY,Copper nitrate identity stated; hydration/absolute amount absent from shared CSV.,2.0,0.85
V11-HKUST-G2-07,HKUST-1 / Cu-BTC,"benzene-1,3,5-tricarboxylic acid (H3BTC)",O=C(O)c1cc(C(=O)O)cc(C(=O)O)c1,,Aromatic tricarboxylate,Cu,Cu nitrate (hydration not stated in Supplementary Data 1),nitrate,,2,DMF 3.5 mL / iPrOH 0.5 mL,H2O,0.0,DMF,3.5,EtOH,0.0,MeOH,0.0,iPrOH,0.5,Nessuno,,198,0.6833333333333333,,,1.1363636363636365,4.0,Automated microwave synthesis,200,Not encoded in the published Supplementary Data 1 table.,1,Partially successful / poor target crystallinity,0.75,Normalized PXRD crystallinity and phase-purity fitness (0-1),Preregistered curation thresholds: <=0.30 class 0; 0.35-0.75 class 1; >=0.80 class 2. The continuous source score is retained.,V11-PXRD-NORMALIZED-0.30-0.80-v1,,0.0,False,False,PXRD FWHM plus phase-purity fitness,Published Supplementary Data 1 record G2-07; normalized crystallinity/phase-purity score 0.75.,10.1038/s41467-019-08483-9,10.24435/materialscloud:2018.0011/v3,Capturing chemical intuition in synthesis of metal-organic frameworks,direct_machine_readable_supplementary_csv,All nine experimental variables and the source outcome score were copied from the authors' CSV; absolute precursor amounts were not invented.,COMPLETE_CONDITIONS_RELATIVE_STOICHIOMETRY,Copper nitrate identity stated; hydration/absolute amount absent from shared CSV.,2.0,0.85
V11-HKUST-G2-08,HKUST-1 / Cu-BTC,"benzene-1,3,5-tricarboxylic acid (H3BTC)",O=C(O)c1cc(C(=O)O)cc(C(=O)O)c1,,Aromatic tricarboxylate,Cu,Cu nitrate (hydration not stated in Supplementary Data 1),nitrate,,2,EtOH 5 mL,H2O,0.0,DMF,0.0,EtOH,5.0,MeOH,0.0,iPrOH,0.0,Nessuno,,113,0.31666666666666665,,,0.7874015748031495,5.0,Automated microwave synthesis,210,Not encoded in the published Supplementary Data 1 table.,1,Partially successful / poor target crystallinity,0.75,Normalized PXRD crystallinity and phase-purity fitness (0-1),Preregistered curation thresholds: <=0.30 class 0; 0.35-0.75 class 1; >=0.80 class 2. The continuous source score is retained.,V11-PXRD-NORMALIZED-0.30-0.80-v1,,0.0,False,False,PXRD FWHM plus phase-purity fitness,Published Supplementary Data 1 record G2-08; normalized crystallinity/phase-purity score 0.75.,10.1038/s41467-019-08483-9,10.24435/materialscloud:2018.0011/v3,Capturing chemical intuition in synthesis of metal-organic frameworks,direct_machine_readable_supplementary_csv,All nine experimental variables and the source outcome score were copied from the authors' CSV; absolute precursor amounts were not invented.,COMPLETE_CONDITIONS_RELATIVE_STOICHIOMETRY,Copper nitrate identity stated; hydration/absolute amount absent from shared CSV.,2.0,0.85
V11-HKUST-G2-09,HKUST-1 / Cu-BTC,"benzene-1,3,5-tricarboxylic acid (H3BTC)",O=C(O)c1cc(C(=O)O)cc(C(=O)O)c1,,Aromatic tricarboxylate,Cu,Cu nitrate (hydration not stated in Supplementary Data 1),nitrate,,2,DMF 4.5 mL,H2O,0.0,DMF,4.5,EtOH,0.0,MeOH,0.0,iPrOH,0.0,Nessuno,,123,0.11666666666666667,,,0.5586592178770949,4.5,Automated microwave synthesis,200,Not encoded in the published Supplementary Data 1 table.,2,High-crystallinity target MOF,0.95,Normalized PXRD crystallinity and phase-purity fitness (0-1),Preregistered curation thresholds: <=0.30 class 0; 0.35-0.75 class 1; >=0.80 class 2. The continuous source score is retained.,V11-PXRD-NORMALIZED-0.30-0.80-v1,,935.0,True,False,PXRD FWHM plus phase-purity fitness,Published Supplementary Data 1 record G2-09; normalized crystallinity/phase-purity score 0.95.,10.1038/s41467-019-08483-9,10.24435/materialscloud:2018.0011/v3,Capturing chemical intuition in synthesis of metal-organic frameworks,direct_machine_readable_supplementary_csv,All nine experimental variables and the source outcome score were copied from the authors' CSV; absolute precursor amounts were not invented.,COMPLETE_CONDITIONS_RELATIVE_STOICHIOMETRY,Copper nitrate identity stated; hydration/absolute amount absent from shared CSV.,2.0,0.85
V11-HKUST-G2-10,HKUST-1 / Cu-BTC,"benzene-1,3,5-tricarboxylic acid (H3BTC)",O=C(O)c1cc(C(=O)O)cc(C(=O)O)c1,,Aromatic tricarboxylate,Cu,Cu nitrate (hydration not stated in Supplementary Data 1),nitrate,,2,H2O 1.5 mL / DMF 1.5 mL / iPrOH 1.5 mL,H2O,1.5,DMF,1.5,EtOH,0.0,MeOH,0.0,iPrOH,1.5,Nessuno,,143,0.3333333333333333,,,0.625,4.5,Automated microwave synthesis,200,Not encoded in the published Supplementary Data 1 table.,2,High-crystallinity target MOF,0.8,Normalized PXRD crystallinity and phase-purity fitness (0-1),Preregistered curation thresholds: <=0.30 class 0; 0.35-0.75 class 1; >=0.80 class 2. The continuous source score is retained.,V11-PXRD-NORMALIZED-0.30-0.80-v1,,1771.0,True,False,PXRD FWHM plus phase-purity fitness,Published Supplementary Data 1 record G2-10; normalized crystallinity/phase-purity score 0.8.,10.1038/s41467-019-08483-9,10.24435/materialscloud:2018.0011/v3,Capturing chemical intuition in synthesis of metal-organic frameworks,direct_machine_readable_supplementary_csv,All nine experimental variables and the source outcome score were copied from the authors' CSV; absolute precursor amounts were not invented.,COMPLETE_CONDITIONS_RELATIVE_STOICHIOMETRY,Copper nitrate identity stated; hydration/absolute amount absent from shared CSV.,2.0,0.85
V11-HKUST-G2-11,HKUST-1 / Cu-BTC,"benzene-1,3,5-tricarboxylic acid (H3BTC)",O=C(O)c1cc(C(=O)O)cc(C(=O)O)c1,,Aromatic tricarboxylate,Cu,Cu nitrate (hydration not stated in Supplementary Data 1),nitrate,,2,H2O 1.5 mL / DMF 1 mL / EtOH 3 mL,H2O,1.5,DMF,1.0,EtOH,3.0,MeOH,0.0,iPrOH,0.0,Nessuno,,140,0.3333333333333333,,,0.625,5.5,Automated microwave synthesis,200,Not encoded in the published Supplementary Data 1 table.,2,High-crystallinity target MOF,0.85,Normalized PXRD crystallinity and phase-purity fitness (0-1),Preregistered curation thresholds: <=0.30 class 0; 0.35-0.75 class 1; >=0.80 class 2. The continuous source score is retained.,V11-PXRD-NORMALIZED-0.30-0.80-v1,,1295.0,True,False,PXRD FWHM plus phase-purity fitness,Published Supplementary Data 1 record G2-11; normalized crystallinity/phase-purity score 0.85.,10.1038/s41467-019-08483-9,10.24435/materialscloud:2018.0011/v3,Capturing chemical intuition in synthesis of metal-organic frameworks,direct_machine_readable_supplementary_csv,All nine experimental variables and the source outcome score were copied from the authors' CSV; absolute precursor amounts were not invented.,COMPLETE_CONDITIONS_RELATIVE_STOICHIOMETRY,Copper nitrate identity stated; hydration/absolute amount absent from shared CSV.,2.0,0.85
V11-HKUST-G2-12,HKUST-1 / Cu-BTC,"benzene-1,3,5-tricarboxylic acid (H3BTC)",O=C(O)c1cc(C(=O)O)cc(C(=O)O)c1,,Aromatic tricarboxylate,Cu,Cu nitrate (hydration not stated in Supplementary Data 1),nitrate,,2,MeOH 2.5 mL / iPrOH 2.5 mL,H2O,0.0,DMF,0.0,EtOH,0.0,MeOH,2.5,iPrOH,2.5,Nessuno,,100,0.6833333333333333,,,1.25,5.0,Automated microwave synthesis,190,Not encoded in the published Supplementary Data 1 table.,1,Partially successful / poor target crystallinity,0.4,Normalized PXRD crystallinity and phase-purity fitness (0-1),Preregistered curation thresholds: <=0.30 class 0; 0.35-0.75 class 1; >=0.80 class 2. The continuous source score is retained.,V11-PXRD-NORMALIZED-0.30-0.80-v1,,0.0,False,False,PXRD FWHM plus phase-purity fitness,Published Supplementary Data 1 record G2-12; normalized crystallinity/phase-purity score 0.4.,10.1038/s41467-019-08483-9,10.24435/materialscloud:2018.0011/v3,Capturing chemical intuition in synthesis of metal-organic frameworks,direct_machine_readable_supplementary_csv,All nine experimental variables and the source outcome score were copied from the authors' CSV; absolute precursor amounts were not invented.,COMPLETE_CONDITIONS_RELATIVE_STOICHIOMETRY,Copper nitrate identity stated; hydration/absolute amount absent from shared CSV.,2.0,0.85
V11-HKUST-G2-13,HKUST-1 / Cu-BTC,"benzene-1,3,5-tricarboxylic acid (H3BTC)",O=C(O)c1cc(C(=O)O)cc(C(=O)O)c1,,Aromatic tricarboxylate,Cu,Cu nitrate (hydration not stated in Supplementary Data 1),nitrate,,2,EtOH 2 mL / iPrOH 2.5 mL,H2O,0.0,DMF,0.0,EtOH,2.0,MeOH,0.0,iPrOH,2.5,Nessuno,,106,0.05,,,0.8928571428571428,4.5,Automated microwave synthesis,180,Not encoded in the published Supplementary Data 1 table.,1,Partially successful / poor target crystallinity,0.5,Normalized PXRD crystallinity and phase-purity fitness (0-1),Preregistered curation thresholds: <=0.30 class 0; 0.35-0.75 class 1; >=0.80 class 2. The continuous source score is retained.,V11-PXRD-NORMALIZED-0.30-0.80-v1,,0.0,False,False,PXRD FWHM plus phase-purity fitness,Published Supplementary Data 1 record G2-13; normalized crystallinity/phase-purity score 0.5.,10.1038/s41467-019-08483-9,10.24435/materialscloud:2018.0011/v3,Capturing chemical intuition in synthesis of metal-organic frameworks,direct_machine_readable_supplementary_csv,All nine experimental variables and the source outcome score were copied from the authors' CSV; absolute precursor amounts were not invented.,COMPLETE_CONDITIONS_RELATIVE_STOICHIOMETRY,Copper nitrate identity stated; hydration/absolute amount absent from shared CSV.,2.0,0.85
V11-HKUST-G2-14,HKUST-1 / Cu-BTC,"benzene-1,3,5-tricarboxylic acid (H3BTC)",O=C(O)c1cc(C(=O)O)cc(C(=O)O)c1,,Aromatic tricarboxylate,Cu,Cu nitrate (hydration not stated in Supplementary Data 1),nitrate,,2,H2O 3 mL / EtOH 2.5 mL,H2O,3.0,DMF,0.0,EtOH,2.5,MeOH,0.0,iPrOH,0.0,Nessuno,,139,0.3333333333333333,,,0.6666666666666666,5.5,Automated microwave synthesis,200,Not encoded in the published Supplementary Data 1 table.,1,Partially successful / poor target crystallinity,0.75,Normalized PXRD crystallinity and phase-purity fitness (0-1),Preregistered curation thresholds: <=0.30 class 0; 0.35-0.75 class 1; >=0.80 class 2. The continuous source score is retained.,V11-PXRD-NORMALIZED-0.30-0.80-v1,,1790.0,False,False,PXRD FWHM plus phase-purity fitness,Published Supplementary Data 1 record G2-14; normalized crystallinity/phase-purity score 0.75.,10.1038/s41467-019-08483-9,10.24435/materialscloud:2018.0011/v3,Capturing chemical intuition in synthesis of metal-organic frameworks,direct_machine_readable_supplementary_csv,All nine experimental variables and the source outcome score were copied from the authors' CSV; absolute precursor amounts were not invented.,COMPLETE_CONDITIONS_RELATIVE_STOICHIOMETRY,Copper nitrate identity stated; hydration/absolute amount absent from shared CSV.,2.0,0.85
V11-HKUST-G2-15,HKUST-1 / Cu-BTC,"benzene-1,3,5-tricarboxylic acid (H3BTC)",O=C(O)c1cc(C(=O)O)cc(C(=O)O)c1,,Aromatic tricarboxylate,Cu,Cu nitrate (hydration not stated in Supplementary Data 1),nitrate,,2,H2O 0.5 mL / DMF 2 mL / EtOH 2 mL,H2O,0.5,DMF,2.0,EtOH,2.0,MeOH,0.0,iPrOH,0.0,Nessuno,,140,0.3333333333333333,,,0.6666666666666666,4.5,Automated microwave synthesis,200,Not encoded in the published Supplementary Data 1 table.,2,High-crystallinity target MOF,0.8,Normalized PXRD crystallinity and phase-purity fitness (0-1),Preregistered curation thresholds: <=0.30 class 0; 0.35-0.75 class 1; >=0.80 class 2. The continuous source score is retained.,V11-PXRD-NORMALIZED-0.30-0.80-v1,,1397.0,True,False,PXRD FWHM plus phase-purity fitness,Published Supplementary Data 1 record G2-15; normalized crystallinity/phase-purity score 0.8.,10.1038/s41467-019-08483-9,10.24435/materialscloud:2018.0011/v3,Capturing chemical intuition in synthesis of metal-organic frameworks,direct_machine_readable_supplementary_csv,All nine experimental variables and the source outcome score were copied from the authors' CSV; absolute precursor amounts were not invented.,COMPLETE_CONDITIONS_RELATIVE_STOICHIOMETRY,Copper nitrate identity stated; hydration/absolute amount absent from shared CSV.,2.0,0.85
V11-HKUST-G2-16,HKUST-1 / Cu-BTC,"benzene-1,3,5-tricarboxylic acid (H3BTC)",O=C(O)c1cc(C(=O)O)cc(C(=O)O)c1,,Aromatic tricarboxylate,Cu,Cu nitrate (hydration not stated in Supplementary Data 1),nitrate,,2,H2O 3 mL / EtOH 1.5 mL,H2O,3.0,DMF,0.0,EtOH,1.5,MeOH,0.0,iPrOH,0.0,Nessuno,,150,0.43333333333333335,,,0.7692307692307692,4.5,Automated microwave synthesis,210,Not encoded in the published Supplementary Data 1 table.,0,Very low target crystallinity / failed target synthesis,0.2,Normalized PXRD crystallinity and phase-purity fitness (0-1),Preregistered curation thresholds: <=0.30 class 0; 0.35-0.75 class 1; >=0.80 class 2. The continuous source score is retained.,V11-PXRD-NORMALIZED-0.30-0.80-v1,,0.0,False,False,PXRD FWHM plus phase-purity fitness,Published Supplementary Data 1 record G2-16; normalized crystallinity/phase-purity score 0.2.,10.1038/s41467-019-08483-9,10.24435/materialscloud:2018.0011/v3,Capturing chemical intuition in synthesis of metal-organic frameworks,direct_machine_readable_supplementary_csv,All nine experimental variables and the source outcome score were copied from the authors' CSV; absolute precursor amounts were not invented.,COMPLETE_CONDITIONS_RELATIVE_STOICHIOMETRY,Copper nitrate identity stated; hydration/absolute amount absent from shared CSV.,2.0,0.85
V11-HKUST-G2-17,HKUST-1 / Cu-BTC,"benzene-1,3,5-tricarboxylic acid (H3BTC)",O=C(O)c1cc(C(=O)O)cc(C(=O)O)c1,,Aromatic tricarboxylate,Cu,Cu nitrate (hydration not stated in Supplementary Data 1),nitrate,,2,DMF 0.5 mL / EtOH 2 mL / MeOH 2.5 mL,H2O,0.0,DMF,0.5,EtOH,2.0,MeOH,2.5,iPrOH,0.0,Nessuno,,129,0.4166666666666667,,,0.7462686567164178,5.0,Automated microwave synthesis,210,Not encoded in the published Supplementary Data 1 table.,2,High-crystallinity target MOF,0.9,Normalized PXRD crystallinity and phase-purity fitness (0-1),Preregistered curation thresholds: <=0.30 class 0; 0.35-0.75 class 1; >=0.80 class 2. The continuous source score is retained.,V11-PXRD-NORMALIZED-0.30-0.80-v1,,1208.0,True,False,PXRD FWHM plus phase-purity fitness,Published Supplementary Data 1 record G2-17; normalized crystallinity/phase-purity score 0.9.,10.1038/s41467-019-08483-9,10.24435/materialscloud:2018.0011/v3,Capturing chemical intuition in synthesis of metal-organic frameworks,direct_machine_readable_supplementary_csv,All nine experimental variables and the source outcome score were copied from the authors' CSV; absolute precursor amounts were not invented.,COMPLETE_CONDITIONS_RELATIVE_STOICHIOMETRY,Copper nitrate identity stated; hydration/absolute amount absent from shared CSV.,2.0,0.85
V11-HKUST-G2-18,HKUST-1 / Cu-BTC,"benzene-1,3,5-tricarboxylic acid (H3BTC)",O=C(O)c1cc(C(=O)O)cc(C(=O)O)c1,,Aromatic tricarboxylate,Cu,Cu nitrate (hydration not stated in Supplementary Data 1),nitrate,,2,DMF 3 mL / EtOH 1.5 mL,H2O,0.0,DMF,3.0,EtOH,1.5,MeOH,0.0,iPrOH,0.0,Nessuno,,118,0.6166666666666667,,,0.8695652173913044,4.5,Automated microwave synthesis,210,Not encoded in the published Supplementary Data 1 table.,1,Partially successful / poor target crystallinity,0.75,Normalized PXRD crystallinity and phase-purity fitness (0-1),Preregistered curation thresholds: <=0.30 class 0; 0.35-0.75 class 1; >=0.80 class 2. The continuous source score is retained.,V11-PXRD-NORMALIZED-0.30-0.80-v1,,0.0,False,False,PXRD FWHM plus phase-purity fitness,Published Supplementary Data 1 record G2-18; normalized crystallinity/phase-purity score 0.75.,10.1038/s41467-019-08483-9,10.24435/materialscloud:2018.0011/v3,Capturing chemical intuition in synthesis of metal-organic frameworks,direct_machine_readable_supplementary_csv,All nine experimental variables and the source outcome score were copied from the authors' CSV; absolute precursor amounts were not invented.,COMPLETE_CONDITIONS_RELATIVE_STOICHIOMETRY,Copper nitrate identity stated; hydration/absolute amount absent from shared CSV.,2.0,0.85
V11-HKUST-G2-19,HKUST-1 / Cu-BTC,"benzene-1,3,5-tricarboxylic acid (H3BTC)",O=C(O)c1cc(C(=O)O)cc(C(=O)O)c1,,Aromatic tricarboxylate,Cu,Cu nitrate (hydration not stated in Supplementary Data 1),nitrate,,2,DMF 4.5 mL,H2O,0.0,DMF,4.5,EtOH,0.0,MeOH,0.0,iPrOH,0.0,Nessuno,,114,0.7666666666666667,,,0.7092198581560284,4.5,Automated microwave synthesis,200,Not encoded in the published Supplementary Data 1 table.,1,Partially successful / poor target crystallinity,0.75,Normalized PXRD crystallinity and phase-purity fitness (0-1),Preregistered curation thresholds: <=0.30 class 0; 0.35-0.75 class 1; >=0.80 class 2. The continuous source score is retained.,V11-PXRD-NORMALIZED-0.30-0.80-v1,,0.0,False,False,PXRD FWHM plus phase-purity fitness,Published Supplementary Data 1 record G2-19; normalized crystallinity/phase-purity score 0.75.,10.1038/s41467-019-08483-9,10.24435/materialscloud:2018.0011/v3,Capturing chemical intuition in synthesis of metal-organic frameworks,direct_machine_readable_supplementary_csv,All nine experimental variables and the source outcome score were copied from the authors' CSV; absolute precursor amounts were not invented.,COMPLETE_CONDITIONS_RELATIVE_STOICHIOMETRY,Copper nitrate identity stated; hydration/absolute amount absent from shared CSV.,2.0,0.85
V11-HKUST-G2-20,HKUST-1 / Cu-BTC,"benzene-1,3,5-tricarboxylic acid (H3BTC)",O=C(O)c1cc(C(=O)O)cc(C(=O)O)c1,,Aromatic tricarboxylate,Cu,Cu nitrate (hydration not stated in Supplementary Data 1),nitrate,,2,H2O 0.5 mL / DMF 1.5 mL / EtOH 2 mL,H2O,0.5,DMF,1.5,EtOH,2.0,MeOH,0.0,iPrOH,0.0,Nessuno,,164,0.5166666666666667,,,0.7194244604316548,4.0,Automated microwave synthesis,180,Not encoded in the published Supplementary Data 1 table.,2,High-crystallinity target MOF,0.85,Normalized PXRD crystallinity and phase-purity fitness (0-1),Preregistered curation thresholds: <=0.30 class 0; 0.35-0.75 class 1; >=0.80 class 2. The continuous source score is retained.,V11-PXRD-NORMALIZED-0.30-0.80-v1,,830.0,True,False,PXRD FWHM plus phase-purity fitness,Published Supplementary Data 1 record G2-20; normalized crystallinity/phase-purity score 0.85.,10.1038/s41467-019-08483-9,10.24435/materialscloud:2018.0011/v3,Capturing chemical intuition in synthesis of metal-organic frameworks,direct_machine_readable_supplementary_csv,All nine experimental variables and the source outcome score were copied from the authors' CSV; absolute precursor amounts were not invented.,COMPLETE_CONDITIONS_RELATIVE_STOICHIOMETRY,Copper nitrate identity stated; hydration/absolute amount absent from shared CSV.,2.0,0.85
V11-HKUST-G2-21,HKUST-1 / Cu-BTC,"benzene-1,3,5-tricarboxylic acid (H3BTC)",O=C(O)c1cc(C(=O)O)cc(C(=O)O)c1,,Aromatic tricarboxylate,Cu,Cu nitrate (hydration not stated in Supplementary Data 1),nitrate,,2,iPrOH 1 mL,H2O,0.0,DMF,0.0,EtOH,0.0,MeOH,0.0,iPrOH,1.0,Nessuno,,179,0.03333333333333333,,,1.1111111111111112,1.0,Automated microwave synthesis,150,Not encoded in the published Supplementary Data 1 table.,1,Partially successful / poor target crystallinity,0.4,Normalized PXRD crystallinity and phase-purity fitness (0-1),Preregistered curation thresholds: <=0.30 class 0; 0.35-0.75 class 1; >=0.80 class 2. The continuous source score is retained.,V11-PXRD-NORMALIZED-0.30-0.80-v1,,0.0,False,False,PXRD FWHM plus phase-purity fitness,Published Supplementary Data 1 record G2-21; normalized crystallinity/phase-purity score 0.4.,10.1038/s41467-019-08483-9,10.24435/materialscloud:2018.0011/v3,Capturing chemical intuition in synthesis of metal-organic frameworks,direct_machine_readable_supplementary_csv,All nine experimental variables and the source outcome score were copied from the authors' CSV; absolute precursor amounts were not invented.,COMPLETE_CONDITIONS_RELATIVE_STOICHIOMETRY,Copper nitrate identity stated; hydration/absolute amount absent from shared CSV.,2.0,0.85
V11-HKUST-G2-22,HKUST-1 / Cu-BTC,"benzene-1,3,5-tricarboxylic acid (H3BTC)",O=C(O)c1cc(C(=O)O)cc(C(=O)O)c1,,Aromatic tricarboxylate,Cu,Cu nitrate (hydration not stated in Supplementary Data 1),nitrate,,2,H2O 0.5 mL / iPrOH 2.5 mL,H2O,0.5,DMF,0.0,EtOH,0.0,MeOH,0.0,iPrOH,2.5,Nessuno,,173,0.21666666666666667,,,0.8474576271186441,3.0,Automated microwave synthesis,180,Not encoded in the published Supplementary Data 1 table.,0,Very low target crystallinity / failed target synthesis,0.2,Normalized PXRD crystallinity and phase-purity fitness (0-1),Preregistered curation thresholds: <=0.30 class 0; 0.35-0.75 class 1; >=0.80 class 2. The continuous source score is retained.,V11-PXRD-NORMALIZED-0.30-0.80-v1,,0.0,False,False,PXRD FWHM plus phase-purity fitness,Published Supplementary Data 1 record G2-22; normalized crystallinity/phase-purity score 0.2.,10.1038/s41467-019-08483-9,10.24435/materialscloud:2018.0011/v3,Capturing chemical intuition in synthesis of metal-organic frameworks,direct_machine_readable_supplementary_csv,All nine experimental variables and the source outcome score were copied from the authors' CSV; absolute precursor amounts were not invented.,COMPLETE_CONDITIONS_RELATIVE_STOICHIOMETRY,Copper nitrate identity stated; hydration/absolute amount absent from shared CSV.,2.0,0.85
V11-HKUST-G2-23,HKUST-1 / Cu-BTC,"benzene-1,3,5-tricarboxylic acid (H3BTC)",O=C(O)c1cc(C(=O)O)cc(C(=O)O)c1,,Aromatic tricarboxylate,Cu,Cu nitrate (hydration not stated in Supplementary Data 1),nitrate,,2,H2O 0.5 mL / EtOH 4.5 mL / MeOH 0.55 mL / iPrOH 0.15 mL,H2O,0.5,DMF,0.0,EtOH,4.5,MeOH,0.55,iPrOH,0.15,Nessuno,,157,0.75,,,0.9090909090909091,5.7,Automated microwave synthesis,172,Not encoded in the published Supplementary Data 1 table.,1,Partially successful / poor target crystallinity,0.65,Normalized PXRD crystallinity and phase-purity fitness (0-1),Preregistered curation thresholds: <=0.30 class 0; 0.35-0.75 class 1; >=0.80 class 2. The continuous source score is retained.,V11-PXRD-NORMALIZED-0.30-0.80-v1,,0.0,False,False,PXRD FWHM plus phase-purity fitness,Published Supplementary Data 1 record G2-23; normalized crystallinity/phase-purity score 0.65.,10.1038/s41467-019-08483-9,10.24435/materialscloud:2018.0011/v3,Capturing chemical intuition in synthesis of metal-organic frameworks,direct_machine_readable_supplementary_csv,All nine experimental variables and the source outcome score were copied from the authors' CSV; absolute precursor amounts were not invented.,COMPLETE_CONDITIONS_RELATIVE_STOICHIOMETRY,Copper nitrate identity stated; hydration/absolute amount absent from shared CSV.,2.0,0.85
V11-HKUST-G2-24,HKUST-1 / Cu-BTC,"benzene-1,3,5-tricarboxylic acid (H3BTC)",O=C(O)c1cc(C(=O)O)cc(C(=O)O)c1,,Aromatic tricarboxylate,Cu,Cu nitrate (hydration not stated in Supplementary Data 1),nitrate,,2,H2O 0.5 mL / MeOH 4 mL,H2O,0.5,DMF,0.0,EtOH,0.0,MeOH,4.0,iPrOH,0.0,Nessuno,,127,0.6333333333333333,,,0.6289308176100629,4.5,Automated microwave synthesis,190,Not encoded in the published Supplementary Data 1 table.,2,High-crystallinity target MOF,0.85,Normalized PXRD crystallinity and phase-purity fitness (0-1),Preregistered curation thresholds: <=0.30 class 0; 0.35-0.75 class 1; >=0.80 class 2. The continuous source score is retained.,V11-PXRD-NORMALIZED-0.30-0.80-v1,,1357.0,True,False,PXRD FWHM plus phase-purity fitness,Published Supplementary Data 1 record G2-24; normalized crystallinity/phase-purity score 0.85.,10.1038/s41467-019-08483-9,10.24435/materialscloud:2018.0011/v3,Capturing chemical intuition in synthesis of metal-organic frameworks,direct_machine_readable_supplementary_csv,All nine experimental variables and the source outcome score were copied from the authors' CSV; absolute precursor amounts were not invented.,COMPLETE_CONDITIONS_RELATIVE_STOICHIOMETRY,Copper nitrate identity stated; hydration/absolute amount absent from shared CSV.,2.0,0.85
V11-HKUST-G2-25,HKUST-1 / Cu-BTC,"benzene-1,3,5-tricarboxylic acid (H3BTC)",O=C(O)c1cc(C(=O)O)cc(C(=O)O)c1,,Aromatic tricarboxylate,Cu,Cu nitrate (hydration not stated in Supplementary Data 1),nitrate,,2,H2O 4.5 mL / EtOH 0.5 mL / iPrOH 0.5 mL,H2O,4.5,DMF,0.0,EtOH,0.5,MeOH,0.0,iPrOH,0.5,Nessuno,,101,0.9,,,0.5988023952095809,5.5,Automated microwave synthesis,200,Not encoded in the published Supplementary Data 1 table.,1,Partially successful / poor target crystallinity,0.65,Normalized PXRD crystallinity and phase-purity fitness (0-1),Preregistered curation thresholds: <=0.30 class 0; 0.35-0.75 class 1; >=0.80 class 2. The continuous source score is retained.,V11-PXRD-NORMALIZED-0.30-0.80-v1,,0.0,False,False,PXRD FWHM plus phase-purity fitness,Published Supplementary Data 1 record G2-25; normalized crystallinity/phase-purity score 0.65.,10.1038/s41467-019-08483-9,10.24435/materialscloud:2018.0011/v3,Capturing chemical intuition in synthesis of metal-organic frameworks,direct_machine_readable_supplementary_csv,All nine experimental variables and the source outcome score were copied from the authors' CSV; absolute precursor amounts were not invented.,COMPLETE_CONDITIONS_RELATIVE_STOICHIOMETRY,Copper nitrate identity stated; hydration/absolute amount absent from shared CSV.,2.0,0.85
V11-HKUST-G2-26,HKUST-1 / Cu-BTC,"benzene-1,3,5-tricarboxylic acid (H3BTC)",O=C(O)c1cc(C(=O)O)cc(C(=O)O)c1,,Aromatic tricarboxylate,Cu,Cu nitrate (hydration not stated in Supplementary Data 1),nitrate,,2,H2O 0.15 mL / DMF 4.65 mL / EtOH 0.1 mL / iPrOH 1 mL,H2O,0.15,DMF,4.65,EtOH,0.1,MeOH,0.0,iPrOH,1.0,Nessuno,,116,0.9833333333333333,,,1.25,5.9,Automated microwave synthesis,241,Not encoded in the published Supplementary Data 1 table.,1,Partially successful / poor target crystallinity,0.7,Normalized PXRD crystallinity and phase-purity fitness (0-1),Preregistered curation thresholds: <=0.30 class 0; 0.35-0.75 class 1; >=0.80 class 2. The continuous source score is retained.,V11-PXRD-NORMALIZED-0.30-0.80-v1,,0.0,False,False,PXRD FWHM plus phase-purity fitness,Published Supplementary Data 1 record G2-26; normalized crystallinity/phase-purity score 0.7.,10.1038/s41467-019-08483-9,10.24435/materialscloud:2018.0011/v3,Capturing chemical intuition in synthesis of metal-organic frameworks,direct_machine_readable_supplementary_csv,All nine experimental variables and the source outcome score were copied from the authors' CSV; absolute precursor amounts were not invented.,COMPLETE_CONDITIONS_RELATIVE_STOICHIOMETRY,Copper nitrate identity stated; hydration/absolute amount absent from shared CSV.,2.0,0.85
V11-HKUST-G2-27,HKUST-1 / Cu-BTC,"benzene-1,3,5-tricarboxylic acid (H3BTC)",O=C(O)c1cc(C(=O)O)cc(C(=O)O)c1,,Aromatic tricarboxylate,Cu,Cu nitrate (hydration not stated in Supplementary Data 1),nitrate,,2,H2O 1.5 mL / DMF 1.5 mL / EtOH 1.5 mL / MeOH 1.5 mL / iPrOH 2 mL,H2O,1.5,DMF,1.5,EtOH,1.5,MeOH,1.5,iPrOH,2.0,Nessuno,,143,0.03333333333333333,,,1.25,8.0,Automated microwave synthesis,200,Not encoded in the published Supplementary Data 1 table.,1,Partially successful / poor target crystallinity,0.7,Normalized PXRD crystallinity and phase-purity fitness (0-1),Preregistered curation thresholds: <=0.30 class 0; 0.35-0.75 class 1; >=0.80 class 2. The continuous source score is retained.,V11-PXRD-NORMALIZED-0.30-0.80-v1,,0.0,False,False,PXRD FWHM plus phase-purity fitness,Published Supplementary Data 1 record G2-27; normalized crystallinity/phase-purity score 0.7.,10.1038/s41467-019-08483-9,10.24435/materialscloud:2018.0011/v3,Capturing chemical intuition in synthesis of metal-organic frameworks,direct_machine_readable_supplementary_csv,All nine experimental variables and the source outcome score were copied from the authors' CSV; absolute precursor amounts were not invented.,COMPLETE_CONDITIONS_RELATIVE_STOICHIOMETRY,Copper nitrate identity stated; hydration/absolute amount absent from shared CSV.,2.0,0.85
V11-HKUST-G2-28,HKUST-1 / Cu-BTC,"benzene-1,3,5-tricarboxylic acid (H3BTC)",O=C(O)c1cc(C(=O)O)cc(C(=O)O)c1,,Aromatic tricarboxylate,Cu,Cu nitrate (hydration not stated in Supplementary Data 1),nitrate,,2,DMF 3 mL / EtOH 4.5 mL,H2O,0.0,DMF,3.0,EtOH,4.5,MeOH,0.0,iPrOH,0.0,Nessuno,,140,0.05,,,1.1627906976744187,7.5,Automated microwave synthesis,210,Not encoded in the published Supplementary Data 1 table.,1,Partially successful / poor target crystallinity,0.75,Normalized PXRD crystallinity and phase-purity fitness (0-1),Preregistered curation thresholds: <=0.30 class 0; 0.35-0.75 class 1; >=0.80 class 2. The continuous source score is retained.,V11-PXRD-NORMALIZED-0.30-0.80-v1,,0.0,False,False,PXRD FWHM plus phase-purity fitness,Published Supplementary Data 1 record G2-28; normalized crystallinity/phase-purity score 0.75.,10.1038/s41467-019-08483-9,10.24435/materialscloud:2018.0011/v3,Capturing chemical intuition in synthesis of metal-organic frameworks,direct_machine_readable_supplementary_csv,All nine experimental variables and the source outcome score were copied from the authors' CSV; absolute precursor amounts were not invented.,COMPLETE_CONDITIONS_RELATIVE_STOICHIOMETRY,Copper nitrate identity stated; hydration/absolute amount absent from shared CSV.,2.0,0.85
V11-HKUST-G2-29,HKUST-1 / Cu-BTC,"benzene-1,3,5-tricarboxylic acid (H3BTC)",O=C(O)c1cc(C(=O)O)cc(C(=O)O)c1,,Aromatic tricarboxylate,Cu,Cu nitrate (hydration not stated in Supplementary Data 1),nitrate,,2,EtOH 3.5 mL / iPrOH 0.5 mL,H2O,0.0,DMF,0.0,EtOH,3.5,MeOH,0.0,iPrOH,0.5,Nessuno,,128,0.03333333333333333,,,1.0204081632653061,4.0,Automated microwave synthesis,220,Not encoded in the published Supplementary Data 1 table.,1,Partially successful / poor target crystallinity,0.5,Normalized PXRD crystallinity and phase-purity fitness (0-1),Preregistered curation thresholds: <=0.30 class 0; 0.35-0.75 class 1; >=0.80 class 2. The continuous source score is retained.,V11-PXRD-NORMALIZED-0.30-0.80-v1,,0.0,False,False,PXRD FWHM plus phase-purity fitness,Published Supplementary Data 1 record G2-29; normalized crystallinity/phase-purity score 0.5.,10.1038/s41467-019-08483-9,10.24435/materialscloud:2018.0011/v3,Capturing chemical intuition in synthesis of metal-organic frameworks,direct_machine_readable_supplementary_csv,All nine experimental variables and the source outcome score were copied from the authors' CSV; absolute precursor amounts were not invented.,COMPLETE_CONDITIONS_RELATIVE_STOICHIOMETRY,Copper nitrate identity stated; hydration/absolute amount absent from shared CSV.,2.0,0.85
V11-HKUST-G2-30,HKUST-1 / Cu-BTC,"benzene-1,3,5-tricarboxylic acid (H3BTC)",O=C(O)c1cc(C(=O)O)cc(C(=O)O)c1,,Aromatic tricarboxylate,Cu,Cu nitrate (hydration not stated in Supplementary Data 1),nitrate,,2,DMF 4.5 mL / iPrOH 2 mL,H2O,0.0,DMF,4.5,EtOH,0.0,MeOH,0.0,iPrOH,2.0,Nessuno,,200,1.0,,,1.25,6.5,Automated microwave synthesis,240,Not encoded in the published Supplementary Data 1 table.,2,High-crystallinity target MOF,0.85,Normalized PXRD crystallinity and phase-purity fitness (0-1),Preregistered curation thresholds: <=0.30 class 0; 0.35-0.75 class 1; >=0.80 class 2. The continuous source score is retained.,V11-PXRD-NORMALIZED-0.30-0.80-v1,,1607.0,True,False,PXRD FWHM plus phase-purity fitness,Published Supplementary Data 1 record G2-30; normalized crystallinity/phase-purity score 0.85.,10.1038/s41467-019-08483-9,10.24435/materialscloud:2018.0011/v3,Capturing chemical intuition in synthesis of metal-organic frameworks,direct_machine_readable_supplementary_csv,All nine experimental variables and the source outcome score were copied from the authors' CSV; absolute precursor amounts were not invented.,COMPLETE_CONDITIONS_RELATIVE_STOICHIOMETRY,Copper nitrate identity stated; hydration/absolute amount absent from shared CSV.,2.0,0.85
V11-HKUST-G3-01,HKUST-1 / Cu-BTC,"benzene-1,3,5-tricarboxylic acid (H3BTC)",O=C(O)c1cc(C(=O)O)cc(C(=O)O)c1,,Aromatic tricarboxylate,Cu,Cu nitrate (hydration not stated in Supplementary Data 1),nitrate,,2,MeOH 4.5 mL / iPrOH 0.5 mL,H2O,0.0,DMF,0.0,EtOH,0.0,MeOH,4.5,iPrOH,0.5,Nessuno,,169,0.5333333333333333,,,1.1111111111111112,5.0,Automated microwave synthesis,236,Not encoded in the published Supplementary Data 1 table.,2,High-crystallinity target MOF,0.8,Normalized PXRD crystallinity and phase-purity fitness (0-1),Preregistered curation thresholds: <=0.30 class 0; 0.35-0.75 class 1; >=0.80 class 2. The continuous source score is retained.,V11-PXRD-NORMALIZED-0.30-0.80-v1,,0.0,True,False,PXRD FWHM plus phase-purity fitness,Published Supplementary Data 1 record G3-01; normalized crystallinity/phase-purity score 0.8.,10.1038/s41467-019-08483-9,10.24435/materialscloud:2018.0011/v3,Capturing chemical intuition in synthesis of metal-organic frameworks,direct_machine_readable_supplementary_csv,All nine experimental variables and the source outcome score were copied from the authors' CSV; absolute precursor amounts were not invented.,COMPLETE_CONDITIONS_RELATIVE_STOICHIOMETRY,Copper nitrate identity stated; hydration/absolute amount absent from shared CSV.,3.0,0.85
V11-HKUST-G3-02,HKUST-1 / Cu-BTC,"benzene-1,3,5-tricarboxylic acid (H3BTC)",O=C(O)c1cc(C(=O)O)cc(C(=O)O)c1,,Aromatic tricarboxylate,Cu,Cu nitrate (hydration not stated in Supplementary Data 1),nitrate,,2,DMF 3 mL / MeOH 0.5 mL,H2O,0.0,DMF,3.0,EtOH,0.0,MeOH,0.5,iPrOH,0.0,Nessuno,,108,0.08333333333333333,,,0.7299270072992701,3.5,Automated microwave synthesis,210,Not encoded in the published Supplementary Data 1 table.,1,Partially successful / poor target crystallinity,0.7,Normalized PXRD crystallinity and phase-purity fitness (0-1),Preregistered curation thresholds: <=0.30 class 0; 0.35-0.75 class 1; >=0.80 class 2. The continuous source score is retained.,V11-PXRD-NORMALIZED-0.30-0.80-v1,,0.0,False,False,PXRD FWHM plus phase-purity fitness,Published Supplementary Data 1 record G3-02; normalized crystallinity/phase-purity score 0.7.,10.1038/s41467-019-08483-9,10.24435/materialscloud:2018.0011/v3,Capturing chemical intuition in synthesis of metal-organic frameworks,direct_machine_readable_supplementary_csv,All nine experimental variables and the source outcome score were copied from the authors' CSV; absolute precursor amounts were not invented.,COMPLETE_CONDITIONS_RELATIVE_STOICHIOMETRY,Copper nitrate identity stated; hydration/absolute amount absent from shared CSV.,3.0,0.85
V11-HKUST-G3-03,HKUST-1 / Cu-BTC,"benzene-1,3,5-tricarboxylic acid (H3BTC)",O=C(O)c1cc(C(=O)O)cc(C(=O)O)c1,,Aromatic tricarboxylate,Cu,Cu nitrate (hydration not stated in Supplementary Data 1),nitrate,,2,MeOH 0.5 mL / iPrOH 0.5 mL,H2O,0.0,DMF,0.0,EtOH,0.0,MeOH,0.5,iPrOH,0.5,Nessuno,,101,0.1,,,0.5586592178770949,1.0,Automated microwave synthesis,150,Not encoded in the published Supplementary Data 1 table.,1,Partially successful / poor target crystallinity,0.65,Normalized PXRD crystallinity and phase-purity fitness (0-1),Preregistered curation thresholds: <=0.30 class 0; 0.35-0.75 class 1; >=0.80 class 2. The continuous source score is retained.,V11-PXRD-NORMALIZED-0.30-0.80-v1,,0.0,False,False,PXRD FWHM plus phase-purity fitness,Published Supplementary Data 1 record G3-03; normalized crystallinity/phase-purity score 0.65.,10.1038/s41467-019-08483-9,10.24435/materialscloud:2018.0011/v3,Capturing chemical intuition in synthesis of metal-organic frameworks,direct_machine_readable_supplementary_csv,All nine experimental variables and the source outcome score were copied from the authors' CSV; absolute precursor amounts were not invented.,COMPLETE_CONDITIONS_RELATIVE_STOICHIOMETRY,Copper nitrate identity stated; hydration/absolute amount absent from shared CSV.,3.0,0.85
V11-HKUST-G3-04,HKUST-1 / Cu-BTC,"benzene-1,3,5-tricarboxylic acid (H3BTC)",O=C(O)c1cc(C(=O)O)cc(C(=O)O)c1,,Aromatic tricarboxylate,Cu,Cu nitrate (hydration not stated in Supplementary Data 1),nitrate,,2,DMF 0.5 mL / EtOH 5 mL,H2O,0.0,DMF,0.5,EtOH,5.0,MeOH,0.0,iPrOH,0.0,Nessuno,,125,0.03333333333333333,,,1.1111111111111112,5.5,Automated microwave synthesis,210,Not encoded in the published Supplementary Data 1 table.,2,High-crystallinity target MOF,0.85,Normalized PXRD crystallinity and phase-purity fitness (0-1),Preregistered curation thresholds: <=0.30 class 0; 0.35-0.75 class 1; >=0.80 class 2. The continuous source score is retained.,V11-PXRD-NORMALIZED-0.30-0.80-v1,,0.0,True,False,PXRD FWHM plus phase-purity fitness,Published Supplementary Data 1 record G3-04; normalized crystallinity/phase-purity score 0.85.,10.1038/s41467-019-08483-9,10.24435/materialscloud:2018.0011/v3,Capturing chemical intuition in synthesis of metal-organic frameworks,direct_machine_readable_supplementary_csv,All nine experimental variables and the source outcome score were copied from the authors' CSV; absolute precursor amounts were not invented.,COMPLETE_CONDITIONS_RELATIVE_STOICHIOMETRY,Copper nitrate identity stated; hydration/absolute amount absent from shared CSV.,3.0,0.85
V11-HKUST-G3-05,HKUST-1 / Cu-BTC,"benzene-1,3,5-tricarboxylic acid (H3BTC)",O=C(O)c1cc(C(=O)O)cc(C(=O)O)c1,,Aromatic tricarboxylate,Cu,Cu nitrate (hydration not stated in Supplementary Data 1),nitrate,,2,H2O 0.5 mL / DMF 0.5 mL / EtOH 0.5 mL / iPrOH 3.5 mL,H2O,0.5,DMF,0.5,EtOH,0.5,MeOH,0.0,iPrOH,3.5,Nessuno,,140,0.3333333333333333,,,0.6666666666666666,5.0,Automated microwave synthesis,200,Not encoded in the published Supplementary Data 1 table.,2,High-crystallinity target MOF,0.85,Normalized PXRD crystallinity and phase-purity fitness (0-1),Preregistered curation thresholds: <=0.30 class 0; 0.35-0.75 class 1; >=0.80 class 2. The continuous source score is retained.,V11-PXRD-NORMALIZED-0.30-0.80-v1,,1201.0,True,False,PXRD FWHM plus phase-purity fitness,Published Supplementary Data 1 record G3-05; normalized crystallinity/phase-purity score 0.85.,10.1038/s41467-019-08483-9,10.24435/materialscloud:2018.0011/v3,Capturing chemical intuition in synthesis of metal-organic frameworks,direct_machine_readable_supplementary_csv,All nine experimental variables and the source outcome score were copied from the authors' CSV; absolute precursor amounts were not invented.,COMPLETE_CONDITIONS_RELATIVE_STOICHIOMETRY,Copper nitrate identity stated; hydration/absolute amount absent from shared CSV.,3.0,0.85
V11-HKUST-G3-06,HKUST-1 / Cu-BTC,"benzene-1,3,5-tricarboxylic acid (H3BTC)",O=C(O)c1cc(C(=O)O)cc(C(=O)O)c1,,Aromatic tricarboxylate,Cu,Cu nitrate (hydration not stated in Supplementary Data 1),nitrate,,2,H2O 3 mL / EtOH 3 mL,H2O,3.0,DMF,0.0,EtOH,3.0,MeOH,0.0,iPrOH,0.0,Nessuno,,140,0.5,,,0.6666666666666666,6.0,Automated microwave synthesis,150,Not encoded in the published Supplementary Data 1 table.,1,Partially successful / poor target crystallinity,0.6,Normalized PXRD crystallinity and phase-purity fitness (0-1),Preregistered curation thresholds: <=0.30 class 0; 0.35-0.75 class 1; >=0.80 class 2. The continuous source score is retained.,V11-PXRD-NORMALIZED-0.30-0.80-v1,,1107.0,False,False,PXRD FWHM plus phase-purity fitness,Published Supplementary Data 1 record G3-06; normalized crystallinity/phase-purity score 0.6.,10.1038/s41467-019-08483-9,10.24435/materialscloud:2018.0011/v3,Capturing chemical intuition in synthesis of metal-organic frameworks,direct_machine_readable_supplementary_csv,All nine experimental variables and the source outcome score were copied from the authors' CSV; absolute precursor amounts were not invented.,COMPLETE_CONDITIONS_RELATIVE_STOICHIOMETRY,Copper nitrate identity stated; hydration/absolute amount absent from shared CSV.,3.0,0.85
V11-HKUST-G3-07,HKUST-1 / Cu-BTC,"benzene-1,3,5-tricarboxylic acid (H3BTC)",O=C(O)c1cc(C(=O)O)cc(C(=O)O)c1,,Aromatic tricarboxylate,Cu,Cu nitrate (hydration not stated in Supplementary Data 1),nitrate,,2,H2O 3 mL / EtOH 3 mL,H2O,3.0,DMF,0.0,EtOH,3.0,MeOH,0.0,iPrOH,0.0,Nessuno,,140,0.6666666666666666,,,0.6666666666666666,6.0,Automated microwave synthesis,150,Not encoded in the published Supplementary Data 1 table.,1,Partially successful / poor target crystallinity,0.55,Normalized PXRD crystallinity and phase-purity fitness (0-1),Preregistered curation thresholds: <=0.30 class 0; 0.35-0.75 class 1; >=0.80 class 2. The continuous source score is retained.,V11-PXRD-NORMALIZED-0.30-0.80-v1,,1028.0,False,False,PXRD FWHM plus phase-purity fitness,Published Supplementary Data 1 record G3-07; normalized crystallinity/phase-purity score 0.55.,10.1038/s41467-019-08483-9,10.24435/materialscloud:2018.0011/v3,Capturing chemical intuition in synthesis of metal-organic frameworks,direct_machine_readable_supplementary_csv,All nine experimental variables and the source outcome score were copied from the authors' CSV; absolute precursor amounts were not invented.,COMPLETE_CONDITIONS_RELATIVE_STOICHIOMETRY,Copper nitrate identity stated; hydration/absolute amount absent from shared CSV.,3.0,0.85
V11-HKUST-G3-08,HKUST-1 / Cu-BTC,"benzene-1,3,5-tricarboxylic acid (H3BTC)",O=C(O)c1cc(C(=O)O)cc(C(=O)O)c1,,Aromatic tricarboxylate,Cu,Cu nitrate (hydration not stated in Supplementary Data 1),nitrate,,2,H2O 2 mL / DMF 1 mL / EtOH 2 mL,H2O,2.0,DMF,1.0,EtOH,2.0,MeOH,0.0,iPrOH,0.0,Nessuno,,140,0.2833333333333333,,,0.6666666666666666,5.0,Automated microwave synthesis,180,Not encoded in the published Supplementary Data 1 table.,2,High-crystallinity target MOF,0.8,Normalized PXRD crystallinity and phase-purity fitness (0-1),Preregistered curation thresholds: <=0.30 class 0; 0.35-0.75 class 1; >=0.80 class 2. The continuous source score is retained.,V11-PXRD-NORMALIZED-0.30-0.80-v1,,931.0,True,False,PXRD FWHM plus phase-purity fitness,Published Supplementary Data 1 record G3-08; normalized crystallinity/phase-purity score 0.8.,10.1038/s41467-019-08483-9,10.24435/materialscloud:2018.0011/v3,Capturing chemical intuition in synthesis of metal-organic frameworks,direct_machine_readable_supplementary_csv,All nine experimental variables and the source outcome score were copied from the authors' CSV; absolute precursor amounts were not invented.,COMPLETE_CONDITIONS_RELATIVE_STOICHIOMETRY,Copper nitrate identity stated; hydration/absolute amount absent from shared CSV.,3.0,0.85
V11-HKUST-G3-09,HKUST-1 / Cu-BTC,"benzene-1,3,5-tricarboxylic acid (H3BTC)",O=C(O)c1cc(C(=O)O)cc(C(=O)O)c1,,Aromatic tricarboxylate,Cu,Cu nitrate (hydration not stated in Supplementary Data 1),nitrate,,2,H2O 2 mL / DMF 2 mL / EtOH 1.5 mL,H2O,2.0,DMF,2.0,EtOH,1.5,MeOH,0.0,iPrOH,0.0,Nessuno,,140,0.3333333333333333,,,0.6666666666666666,5.5,Automated microwave synthesis,200,Not encoded in the published Supplementary Data 1 table.,2,High-crystallinity target MOF,0.9,Normalized PXRD crystallinity and phase-purity fitness (0-1),Preregistered curation thresholds: <=0.30 class 0; 0.35-0.75 class 1; >=0.80 class 2. The continuous source score is retained.,V11-PXRD-NORMALIZED-0.30-0.80-v1,,748.0,True,False,PXRD FWHM plus phase-purity fitness,Published Supplementary Data 1 record G3-09; normalized crystallinity/phase-purity score 0.9.,10.1038/s41467-019-08483-9,10.24435/materialscloud:2018.0011/v3,Capturing chemical intuition in synthesis of metal-organic frameworks,direct_machine_readable_supplementary_csv,All nine experimental variables and the source outcome score were copied from the authors' CSV; absolute precursor amounts were not invented.,COMPLETE_CONDITIONS_RELATIVE_STOICHIOMETRY,Copper nitrate identity stated; hydration/absolute amount absent from shared CSV.,3.0,0.85
V11-HKUST-G3-10,HKUST-1 / Cu-BTC,"benzene-1,3,5-tricarboxylic acid (H3BTC)",O=C(O)c1cc(C(=O)O)cc(C(=O)O)c1,,Aromatic tricarboxylate,Cu,Cu nitrate (hydration not stated in Supplementary Data 1),nitrate,,2,H2O 1 mL / DMF 1 mL / EtOH 1.5 mL / MeOH 1 mL,H2O,1.0,DMF,1.0,EtOH,1.5,MeOH,1.0,iPrOH,0.0,Nessuno,,140,0.3333333333333333,,,0.6666666666666666,4.5,Automated microwave synthesis,200,Not encoded in the published Supplementary Data 1 table.,2,High-crystallinity target MOF,0.9,Normalized PXRD crystallinity and phase-purity fitness (0-1),Preregistered curation thresholds: <=0.30 class 0; 0.35-0.75 class 1; >=0.80 class 2. The continuous source score is retained.,V11-PXRD-NORMALIZED-0.30-0.80-v1,,666.0,True,False,PXRD FWHM plus phase-purity fitness,Published Supplementary Data 1 record G3-10; normalized crystallinity/phase-purity score 0.9.,10.1038/s41467-019-08483-9,10.24435/materialscloud:2018.0011/v3,Capturing chemical intuition in synthesis of metal-organic frameworks,direct_machine_readable_supplementary_csv,All nine experimental variables and the source outcome score were copied from the authors' CSV; absolute precursor amounts were not invented.,COMPLETE_CONDITIONS_RELATIVE_STOICHIOMETRY,Copper nitrate identity stated; hydration/absolute amount absent from shared CSV.,3.0,0.85
V11-HKUST-G3-11,HKUST-1 / Cu-BTC,"benzene-1,3,5-tricarboxylic acid (H3BTC)",O=C(O)c1cc(C(=O)O)cc(C(=O)O)c1,,Aromatic tricarboxylate,Cu,Cu nitrate (hydration not stated in Supplementary Data 1),nitrate,,2,H2O 3 mL / EtOH 2 mL / MeOH 0.5 mL,H2O,3.0,DMF,0.0,EtOH,2.0,MeOH,0.5,iPrOH,0.0,Nessuno,,140,0.4666666666666667,,,0.6666666666666666,5.5,Automated microwave synthesis,240,Not encoded in the published Supplementary Data 1 table.,1,Partially successful / poor target crystallinity,0.75,Normalized PXRD crystallinity and phase-purity fitness (0-1),Preregistered curation thresholds: <=0.30 class 0; 0.35-0.75 class 1; >=0.80 class 2. The continuous source score is retained.,V11-PXRD-NORMALIZED-0.30-0.80-v1,,288.0,False,False,PXRD FWHM plus phase-purity fitness,Published Supplementary Data 1 record G3-11; normalized crystallinity/phase-purity score 0.75.,10.1038/s41467-019-08483-9,10.24435/materialscloud:2018.0011/v3,Capturing chemical intuition in synthesis of metal-organic frameworks,direct_machine_readable_supplementary_csv,All nine experimental variables and the source outcome score were copied from the authors' CSV; absolute precursor amounts were not invented.,COMPLETE_CONDITIONS_RELATIVE_STOICHIOMETRY,Copper nitrate identity stated; hydration/absolute amount absent from shared CSV.,3.0,0.85
V11-HKUST-G3-12,HKUST-1 / Cu-BTC,"benzene-1,3,5-tricarboxylic acid (H3BTC)",O=C(O)c1cc(C(=O)O)cc(C(=O)O)c1,,Aromatic tricarboxylate,Cu,Cu nitrate (hydration not stated in Supplementary Data 1),nitrate,,2,H2O 2 mL / DMF 2 mL / EtOH 2 mL,H2O,2.0,DMF,2.0,EtOH,2.0,MeOH,0.0,iPrOH,0.0,Nessuno,,140,0.3333333333333333,,,0.6666666666666666,6.0,Automated microwave synthesis,200,Not encoded in the published Supplementary Data 1 table.,2,High-crystallinity target MOF,0.85,Normalized PXRD crystallinity and phase-purity fitness (0-1),Preregistered curation thresholds: <=0.30 class 0; 0.35-0.75 class 1; >=0.80 class 2. The continuous source score is retained.,V11-PXRD-NORMALIZED-0.30-0.80-v1,,1299.0,True,False,PXRD FWHM plus phase-purity fitness,Published Supplementary Data 1 record G3-12; normalized crystallinity/phase-purity score 0.85.,10.1038/s41467-019-08483-9,10.24435/materialscloud:2018.0011/v3,Capturing chemical intuition in synthesis of metal-organic frameworks,direct_machine_readable_supplementary_csv,All nine experimental variables and the source outcome score were copied from the authors' CSV; absolute precursor amounts were not invented.,COMPLETE_CONDITIONS_RELATIVE_STOICHIOMETRY,Copper nitrate identity stated; hydration/absolute amount absent from shared CSV.,3.0,0.85
V11-HKUST-G3-13,HKUST-1 / Cu-BTC,"benzene-1,3,5-tricarboxylic acid (H3BTC)",O=C(O)c1cc(C(=O)O)cc(C(=O)O)c1,,Aromatic tricarboxylate,Cu,Cu nitrate (hydration not stated in Supplementary Data 1),nitrate,,2,H2O 0.5 mL / DMF 2.5 mL / EtOH 2 mL,H2O,0.5,DMF,2.5,EtOH,2.0,MeOH,0.0,iPrOH,0.0,Nessuno,,140,0.3333333333333333,,,0.6666666666666666,5.0,Automated microwave synthesis,200,Not encoded in the published Supplementary Data 1 table.,2,High-crystallinity target MOF,0.85,Normalized PXRD crystallinity and phase-purity fitness (0-1),Preregistered curation thresholds: <=0.30 class 0; 0.35-0.75 class 1; >=0.80 class 2. The continuous source score is retained.,V11-PXRD-NORMALIZED-0.30-0.80-v1,,2121.0,True,False,PXRD FWHM plus phase-purity fitness,Published Supplementary Data 1 record G3-13; normalized crystallinity/phase-purity score 0.85.,10.1038/s41467-019-08483-9,10.24435/materialscloud:2018.0011/v3,Capturing chemical intuition in synthesis of metal-organic frameworks,direct_machine_readable_supplementary_csv,All nine experimental variables and the source outcome score were copied from the authors' CSV; absolute precursor amounts were not invented.,COMPLETE_CONDITIONS_RELATIVE_STOICHIOMETRY,Copper nitrate identity stated; hydration/absolute amount absent from shared CSV.,3.0,0.85
V11-HKUST-G3-14,HKUST-1 / Cu-BTC,"benzene-1,3,5-tricarboxylic acid (H3BTC)",O=C(O)c1cc(C(=O)O)cc(C(=O)O)c1,,Aromatic tricarboxylate,Cu,Cu nitrate (hydration not stated in Supplementary Data 1),nitrate,,2,DMF 2 mL / EtOH 2 mL,H2O,0.0,DMF,2.0,EtOH,2.0,MeOH,0.0,iPrOH,0.0,Nessuno,,140,0.3333333333333333,,,0.6666666666666666,4.0,Automated microwave synthesis,200,Not encoded in the published Supplementary Data 1 table.,2,High-crystallinity target MOF,0.9,Normalized PXRD crystallinity and phase-purity fitness (0-1),Preregistered curation thresholds: <=0.30 class 0; 0.35-0.75 class 1; >=0.80 class 2. The continuous source score is retained.,V11-PXRD-NORMALIZED-0.30-0.80-v1,,1927.0,True,False,PXRD FWHM plus phase-purity fitness,Published Supplementary Data 1 record G3-14; normalized crystallinity/phase-purity score 0.9.,10.1038/s41467-019-08483-9,10.24435/materialscloud:2018.0011/v3,Capturing chemical intuition in synthesis of metal-organic frameworks,direct_machine_readable_supplementary_csv,All nine experimental variables and the source outcome score were copied from the authors' CSV; absolute precursor amounts were not invented.,COMPLETE_CONDITIONS_RELATIVE_STOICHIOMETRY,Copper nitrate identity stated; hydration/absolute amount absent from shared CSV.,3.0,0.85
V11-HKUST-G3-15,HKUST-1 / Cu-BTC,"benzene-1,3,5-tricarboxylic acid (H3BTC)",O=C(O)c1cc(C(=O)O)cc(C(=O)O)c1,,Aromatic tricarboxylate,Cu,Cu nitrate (hydration not stated in Supplementary Data 1),nitrate,,2,DMF 2.5 mL / EtOH 2.5 mL,H2O,0.0,DMF,2.5,EtOH,2.5,MeOH,0.0,iPrOH,0.0,Nessuno,,140,0.3333333333333333,,,0.6666666666666666,5.0,Automated microwave synthesis,200,Not encoded in the published Supplementary Data 1 table.,2,High-crystallinity target MOF,0.9,Normalized PXRD crystallinity and phase-purity fitness (0-1),Preregistered curation thresholds: <=0.30 class 0; 0.35-0.75 class 1; >=0.80 class 2. The continuous source score is retained.,V11-PXRD-NORMALIZED-0.30-0.80-v1,,1676.0,True,False,PXRD FWHM plus phase-purity fitness,Published Supplementary Data 1 record G3-15; normalized crystallinity/phase-purity score 0.9.,10.1038/s41467-019-08483-9,10.24435/materialscloud:2018.0011/v3,Capturing chemical intuition in synthesis of metal-organic frameworks,direct_machine_readable_supplementary_csv,All nine experimental variables and the source outcome score were copied from the authors' CSV; absolute precursor amounts were not invented.,COMPLETE_CONDITIONS_RELATIVE_STOICHIOMETRY,Copper nitrate identity stated; hydration/absolute amount absent from shared CSV.,3.0,0.85
V11-HKUST-G3-16,HKUST-1 / Cu-BTC,"benzene-1,3,5-tricarboxylic acid (H3BTC)",O=C(O)c1cc(C(=O)O)cc(C(=O)O)c1,,Aromatic tricarboxylate,Cu,Cu nitrate (hydration not stated in Supplementary Data 1),nitrate,,2,H2O 1 mL / DMF 1 mL / MeOH 1.5 mL,H2O,1.0,DMF,1.0,EtOH,0.0,MeOH,1.5,iPrOH,0.0,Nessuno,,139,0.3333333333333333,,,0.6666666666666666,3.5,Automated microwave synthesis,200,Not encoded in the published Supplementary Data 1 table.,2,High-crystallinity target MOF,0.8,Normalized PXRD crystallinity and phase-purity fitness (0-1),Preregistered curation thresholds: <=0.30 class 0; 0.35-0.75 class 1; >=0.80 class 2. The continuous source score is retained.,V11-PXRD-NORMALIZED-0.30-0.80-v1,,1570.0,True,False,PXRD FWHM plus phase-purity fitness,Published Supplementary Data 1 record G3-16; normalized crystallinity/phase-purity score 0.8.,10.1038/s41467-019-08483-9,10.24435/materialscloud:2018.0011/v3,Capturing chemical intuition in synthesis of metal-organic frameworks,direct_machine_readable_supplementary_csv,All nine experimental variables and the source outcome score were copied from the authors' CSV; absolute precursor amounts were not invented.,COMPLETE_CONDITIONS_RELATIVE_STOICHIOMETRY,Copper nitrate identity stated; hydration/absolute amount absent from shared CSV.,3.0,0.85
V11-HKUST-G3-17,HKUST-1 / Cu-BTC,"benzene-1,3,5-tricarboxylic acid (H3BTC)",O=C(O)c1cc(C(=O)O)cc(C(=O)O)c1,,Aromatic tricarboxylate,Cu,Cu nitrate (hydration not stated in Supplementary Data 1),nitrate,,2,DMF 3 mL,H2O,0.0,DMF,3.0,EtOH,0.0,MeOH,0.0,iPrOH,0.0,Nessuno,,146,0.9666666666666667,,,0.8333333333333334,3.0,Automated microwave synthesis,230,Not encoded in the published Supplementary Data 1 table.,2,High-crystallinity target MOF,0.85,Normalized PXRD crystallinity and phase-purity fitness (0-1),Preregistered curation thresholds: <=0.30 class 0; 0.35-0.75 class 1; >=0.80 class 2. The continuous source score is retained.,V11-PXRD-NORMALIZED-0.30-0.80-v1,,0.0,True,False,PXRD FWHM plus phase-purity fitness,Published Supplementary Data 1 record G3-17; normalized crystallinity/phase-purity score 0.85.,10.1038/s41467-019-08483-9,10.24435/materialscloud:2018.0011/v3,Capturing chemical intuition in synthesis of metal-organic frameworks,direct_machine_readable_supplementary_csv,All nine experimental variables and the source outcome score were copied from the authors' CSV; absolute precursor amounts were not invented.,COMPLETE_CONDITIONS_RELATIVE_STOICHIOMETRY,Copper nitrate identity stated; hydration/absolute amount absent from shared CSV.,3.0,0.85
V11-HKUST-G3-18,HKUST-1 / Cu-BTC,"benzene-1,3,5-tricarboxylic acid (H3BTC)",O=C(O)c1cc(C(=O)O)cc(C(=O)O)c1,,Aromatic tricarboxylate,Cu,Cu nitrate (hydration not stated in Supplementary Data 1),nitrate,,2,H2O 1.3 mL / DMF 0.3 mL / EtOH 0.6 mL / iPrOH 3.4 mL,H2O,1.3,DMF,0.3,EtOH,0.6,MeOH,0.0,iPrOH,3.4,Nessuno,,200,0.8833333333333333,,,0.9090909090909091,5.6,Automated microwave synthesis,240,Not encoded in the published Supplementary Data 1 table.,1,Partially successful / poor target crystallinity,0.4,Normalized PXRD crystallinity and phase-purity fitness (0-1),Preregistered curation thresholds: <=0.30 class 0; 0.35-0.75 class 1; >=0.80 class 2. The continuous source score is retained.,V11-PXRD-NORMALIZED-0.30-0.80-v1,,0.0,False,False,PXRD FWHM plus phase-purity fitness,Published Supplementary Data 1 record G3-18; normalized crystallinity/phase-purity score 0.4.,10.1038/s41467-019-08483-9,10.24435/materialscloud:2018.0011/v3,Capturing chemical intuition in synthesis of metal-organic frameworks,direct_machine_readable_supplementary_csv,All nine experimental variables and the source outcome score were copied from the authors' CSV; absolute precursor amounts were not invented.,COMPLETE_CONDITIONS_RELATIVE_STOICHIOMETRY,Copper nitrate identity stated; hydration/absolute amount absent from shared CSV.,3.0,0.85
V11-HKUST-G3-19,HKUST-1 / Cu-BTC,"benzene-1,3,5-tricarboxylic acid (H3BTC)",O=C(O)c1cc(C(=O)O)cc(C(=O)O)c1,,Aromatic tricarboxylate,Cu,Cu nitrate (hydration not stated in Supplementary Data 1),nitrate,,2,H2O 2.5 mL / EtOH 2.5 mL / MeOH 0.5 mL,H2O,2.5,DMF,0.0,EtOH,2.5,MeOH,0.5,iPrOH,0.0,Nessuno,,166,0.48333333333333334,,,0.6666666666666666,5.5,Automated microwave synthesis,160,Not encoded in the published Supplementary Data 1 table.,2,High-crystallinity target MOF,0.8,Normalized PXRD crystallinity and phase-purity fitness (0-1),Preregistered curation thresholds: <=0.30 class 0; 0.35-0.75 class 1; >=0.80 class 2. The continuous source score is retained.,V11-PXRD-NORMALIZED-0.30-0.80-v1,,1348.0,True,False,PXRD FWHM plus phase-purity fitness,Published Supplementary Data 1 record G3-19; normalized crystallinity/phase-purity score 0.8.,10.1038/s41467-019-08483-9,10.24435/materialscloud:2018.0011/v3,Capturing chemical intuition in synthesis of metal-organic frameworks,direct_machine_readable_supplementary_csv,All nine experimental variables and the source outcome score were copied from the authors' CSV; absolute precursor amounts were not invented.,COMPLETE_CONDITIONS_RELATIVE_STOICHIOMETRY,Copper nitrate identity stated; hydration/absolute amount absent from shared CSV.,3.0,0.85
V11-HKUST-G3-20,HKUST-1 / Cu-BTC,"benzene-1,3,5-tricarboxylic acid (H3BTC)",O=C(O)c1cc(C(=O)O)cc(C(=O)O)c1,,Aromatic tricarboxylate,Cu,Cu nitrate (hydration not stated in Supplementary Data 1),nitrate,,2,H2O 1.5 mL / DMF 1.5 mL / EtOH 1.5 mL,H2O,1.5,DMF,1.5,EtOH,1.5,MeOH,0.0,iPrOH,0.0,Nessuno,,148,0.36666666666666664,,,0.6666666666666666,4.5,Automated microwave synthesis,200,Not encoded in the published Supplementary Data 1 table.,2,High-crystallinity target MOF,0.8,Normalized PXRD crystallinity and phase-purity fitness (0-1),Preregistered curation thresholds: <=0.30 class 0; 0.35-0.75 class 1; >=0.80 class 2. The continuous source score is retained.,V11-PXRD-NORMALIZED-0.30-0.80-v1,,1183.0,True,False,PXRD FWHM plus phase-purity fitness,Published Supplementary Data 1 record G3-20; normalized crystallinity/phase-purity score 0.8.,10.1038/s41467-019-08483-9,10.24435/materialscloud:2018.0011/v3,Capturing chemical intuition in synthesis of metal-organic frameworks,direct_machine_readable_supplementary_csv,All nine experimental variables and the source outcome score were copied from the authors' CSV; absolute precursor amounts were not invented.,COMPLETE_CONDITIONS_RELATIVE_STOICHIOMETRY,Copper nitrate identity stated; hydration/absolute amount absent from shared CSV.,3.0,0.85
V11-HKUST-G3-21,HKUST-1 / Cu-BTC,"benzene-1,3,5-tricarboxylic acid (H3BTC)",O=C(O)c1cc(C(=O)O)cc(C(=O)O)c1,,Aromatic tricarboxylate,Cu,Cu nitrate (hydration not stated in Supplementary Data 1),nitrate,,2,H2O 1.5 mL / DMF 1 mL / EtOH 2.5 mL,H2O,1.5,DMF,1.0,EtOH,2.5,MeOH,0.0,iPrOH,0.0,Nessuno,,141,0.7166666666666667,,,0.6666666666666666,5.0,Automated microwave synthesis,200,Not encoded in the published Supplementary Data 1 table.,2,High-crystallinity target MOF,0.85,Normalized PXRD crystallinity and phase-purity fitness (0-1),Preregistered curation thresholds: <=0.30 class 0; 0.35-0.75 class 1; >=0.80 class 2. The continuous source score is retained.,V11-PXRD-NORMALIZED-0.30-0.80-v1,,1091.0,True,False,PXRD FWHM plus phase-purity fitness,Published Supplementary Data 1 record G3-21; normalized crystallinity/phase-purity score 0.85.,10.1038/s41467-019-08483-9,10.24435/materialscloud:2018.0011/v3,Capturing chemical intuition in synthesis of metal-organic frameworks,direct_machine_readable_supplementary_csv,All nine experimental variables and the source outcome score were copied from the authors' CSV; absolute precursor amounts were not invented.,COMPLETE_CONDITIONS_RELATIVE_STOICHIOMETRY,Copper nitrate identity stated; hydration/absolute amount absent from shared CSV.,3.0,0.85
V11-HKUST-G3-22,HKUST-1 / Cu-BTC,"benzene-1,3,5-tricarboxylic acid (H3BTC)",O=C(O)c1cc(C(=O)O)cc(C(=O)O)c1,,Aromatic tricarboxylate,Cu,Cu nitrate (hydration not stated in Supplementary Data 1),nitrate,,2,H2O 2.5 mL / EtOH 2.5 mL,H2O,2.5,DMF,0.0,EtOH,2.5,MeOH,0.0,iPrOH,0.0,Nessuno,,140,0.3333333333333333,,,0.8130081300813008,5.0,Automated microwave synthesis,200,Not encoded in the published Supplementary Data 1 table.,2,High-crystallinity target MOF,0.9,Normalized PXRD crystallinity and phase-purity fitness (0-1),Preregistered curation thresholds: <=0.30 class 0; 0.35-0.75 class 1; >=0.80 class 2. The continuous source score is retained.,V11-PXRD-NORMALIZED-0.30-0.80-v1,,0.0,True,False,PXRD FWHM plus phase-purity fitness,Published Supplementary Data 1 record G3-22; normalized crystallinity/phase-purity score 0.9.,10.1038/s41467-019-08483-9,10.24435/materialscloud:2018.0011/v3,Capturing chemical intuition in synthesis of metal-organic frameworks,direct_machine_readable_supplementary_csv,All nine experimental variables and the source outcome score were copied from the authors' CSV; absolute precursor amounts were not invented.,COMPLETE_CONDITIONS_RELATIVE_STOICHIOMETRY,Copper nitrate identity stated; hydration/absolute amount absent from shared CSV.,3.0,0.85
V11-HKUST-G3-23,HKUST-1 / Cu-BTC,"benzene-1,3,5-tricarboxylic acid (H3BTC)",O=C(O)c1cc(C(=O)O)cc(C(=O)O)c1,,Aromatic tricarboxylate,Cu,Cu nitrate (hydration not stated in Supplementary Data 1),nitrate,,2,H2O 1.5 mL / EtOH 1.5 mL,H2O,1.5,DMF,0.0,EtOH,1.5,MeOH,0.0,iPrOH,0.0,Nessuno,,140,0.26666666666666666,,,0.6666666666666666,3.0,Automated microwave synthesis,180,Not encoded in the published Supplementary Data 1 table.,1,Partially successful / poor target crystallinity,0.7,Normalized PXRD crystallinity and phase-purity fitness (0-1),Preregistered curation thresholds: <=0.30 class 0; 0.35-0.75 class 1; >=0.80 class 2. The continuous source score is retained.,V11-PXRD-NORMALIZED-0.30-0.80-v1,,0.0,False,False,PXRD FWHM plus phase-purity fitness,Published Supplementary Data 1 record G3-23; normalized crystallinity/phase-purity score 0.7.,10.1038/s41467-019-08483-9,10.24435/materialscloud:2018.0011/v3,Capturing chemical intuition in synthesis of metal-organic frameworks,direct_machine_readable_supplementary_csv,All nine experimental variables and the source outcome score were copied from the authors' CSV; absolute precursor amounts were not invented.,COMPLETE_CONDITIONS_RELATIVE_STOICHIOMETRY,Copper nitrate identity stated; hydration/absolute amount absent from shared CSV.,3.0,0.85
V11-HKUST-G3-24,HKUST-1 / Cu-BTC,"benzene-1,3,5-tricarboxylic acid (H3BTC)",O=C(O)c1cc(C(=O)O)cc(C(=O)O)c1,,Aromatic tricarboxylate,Cu,Cu nitrate (hydration not stated in Supplementary Data 1),nitrate,,2,MeOH 0.5 mL / iPrOH 0.5 mL,H2O,0.0,DMF,0.0,EtOH,0.0,MeOH,0.5,iPrOH,0.5,Nessuno,,115,0.15,,,0.5586592178770949,1.0,Automated microwave synthesis,160,Not encoded in the published Supplementary Data 1 table.,2,High-crystallinity target MOF,0.8,Normalized PXRD crystallinity and phase-purity fitness (0-1),Preregistered curation thresholds: <=0.30 class 0; 0.35-0.75 class 1; >=0.80 class 2. The continuous source score is retained.,V11-PXRD-NORMALIZED-0.30-0.80-v1,,0.0,True,False,PXRD FWHM plus phase-purity fitness,Published Supplementary Data 1 record G3-24; normalized crystallinity/phase-purity score 0.8.,10.1038/s41467-019-08483-9,10.24435/materialscloud:2018.0011/v3,Capturing chemical intuition in synthesis of metal-organic frameworks,direct_machine_readable_supplementary_csv,All nine experimental variables and the source outcome score were copied from the authors' CSV; absolute precursor amounts were not invented.,COMPLETE_CONDITIONS_RELATIVE_STOICHIOMETRY,Copper nitrate identity stated; hydration/absolute amount absent from shared CSV.,3.0,0.85
V11-HKUST-G3-25,HKUST-1 / Cu-BTC,"benzene-1,3,5-tricarboxylic acid (H3BTC)",O=C(O)c1cc(C(=O)O)cc(C(=O)O)c1,,Aromatic tricarboxylate,Cu,Cu nitrate (hydration not stated in Supplementary Data 1),nitrate,,2,H2O 2 mL / DMF 2 mL / EtOH 2 mL,H2O,2.0,DMF,2.0,EtOH,2.0,MeOH,0.0,iPrOH,0.0,Nessuno,,140,0.3333333333333333,,,1.0,6.0,Automated microwave synthesis,160,Not encoded in the published Supplementary Data 1 table.,1,Partially successful / poor target crystallinity,0.75,Normalized PXRD crystallinity and phase-purity fitness (0-1),Preregistered curation thresholds: <=0.30 class 0; 0.35-0.75 class 1; >=0.80 class 2. The continuous source score is retained.,V11-PXRD-NORMALIZED-0.30-0.80-v1,,0.0,False,False,PXRD FWHM plus phase-purity fitness,Published Supplementary Data 1 record G3-25; normalized crystallinity/phase-purity score 0.75.,10.1038/s41467-019-08483-9,10.24435/materialscloud:2018.0011/v3,Capturing chemical intuition in synthesis of metal-organic frameworks,direct_machine_readable_supplementary_csv,All nine experimental variables and the source outcome score were copied from the authors' CSV; absolute precursor amounts were not invented.,COMPLETE_CONDITIONS_RELATIVE_STOICHIOMETRY,Copper nitrate identity stated; hydration/absolute amount absent from shared CSV.,3.0,0.85
V11-HKUST-G3-26,HKUST-1 / Cu-BTC,"benzene-1,3,5-tricarboxylic acid (H3BTC)",O=C(O)c1cc(C(=O)O)cc(C(=O)O)c1,,Aromatic tricarboxylate,Cu,Cu nitrate (hydration not stated in Supplementary Data 1),nitrate,,2,H2O 3 mL / EtOH 2.5 mL,H2O,3.0,DMF,0.0,EtOH,2.5,MeOH,0.0,iPrOH,0.0,Nessuno,,128,0.48333333333333334,,,0.6666666666666666,5.5,Automated microwave synthesis,220,Not encoded in the published Supplementary Data 1 table.,2,High-crystallinity target MOF,0.8,Normalized PXRD crystallinity and phase-purity fitness (0-1),Preregistered curation thresholds: <=0.30 class 0; 0.35-0.75 class 1; >=0.80 class 2. The continuous source score is retained.,V11-PXRD-NORMALIZED-0.30-0.80-v1,,0.0,True,False,PXRD FWHM plus phase-purity fitness,Published Supplementary Data 1 record G3-26; normalized crystallinity/phase-purity score 0.8.,10.1038/s41467-019-08483-9,10.24435/materialscloud:2018.0011/v3,Capturing chemical intuition in synthesis of metal-organic frameworks,direct_machine_readable_supplementary_csv,All nine experimental variables and the source outcome score were copied from the authors' CSV; absolute precursor amounts were not invented.,COMPLETE_CONDITIONS_RELATIVE_STOICHIOMETRY,Copper nitrate identity stated; hydration/absolute amount absent from shared CSV.,3.0,0.85
V11-HKUST-G3-27,HKUST-1 / Cu-BTC,"benzene-1,3,5-tricarboxylic acid (H3BTC)",O=C(O)c1cc(C(=O)O)cc(C(=O)O)c1,,Aromatic tricarboxylate,Cu,Cu nitrate (hydration not stated in Supplementary Data 1),nitrate,,2,H2O 2.5 mL / EtOH 3 mL,H2O,2.5,DMF,0.0,EtOH,3.0,MeOH,0.0,iPrOH,0.0,Nessuno,,125,0.4666666666666667,,,0.625,5.5,Automated microwave synthesis,170,Not encoded in the published Supplementary Data 1 table.,1,Partially successful / poor target crystallinity,0.4,Normalized PXRD crystallinity and phase-purity fitness (0-1),Preregistered curation thresholds: <=0.30 class 0; 0.35-0.75 class 1; >=0.80 class 2. The continuous source score is retained.,V11-PXRD-NORMALIZED-0.30-0.80-v1,,0.0,False,False,PXRD FWHM plus phase-purity fitness,Published Supplementary Data 1 record G3-27; normalized crystallinity/phase-purity score 0.4.,10.1038/s41467-019-08483-9,10.24435/materialscloud:2018.0011/v3,Capturing chemical intuition in synthesis of metal-organic frameworks,direct_machine_readable_supplementary_csv,All nine experimental variables and the source outcome score were copied from the authors' CSV; absolute precursor amounts were not invented.,COMPLETE_CONDITIONS_RELATIVE_STOICHIOMETRY,Copper nitrate identity stated; hydration/absolute amount absent from shared CSV.,3.0,0.85
V11-HKUST-G3-28,HKUST-1 / Cu-BTC,"benzene-1,3,5-tricarboxylic acid (H3BTC)",O=C(O)c1cc(C(=O)O)cc(C(=O)O)c1,,Aromatic tricarboxylate,Cu,Cu nitrate (hydration not stated in Supplementary Data 1),nitrate,,2,H2O 0.5 mL / DMF 4 mL / EtOH 0.5 mL,H2O,0.5,DMF,4.0,EtOH,0.5,MeOH,0.0,iPrOH,0.0,Nessuno,,175,0.43333333333333335,,,0.6666666666666666,5.0,Automated microwave synthesis,200,Not encoded in the published Supplementary Data 1 table.,2,High-crystallinity target MOF,0.8,Normalized PXRD crystallinity and phase-purity fitness (0-1),Preregistered curation thresholds: <=0.30 class 0; 0.35-0.75 class 1; >=0.80 class 2. The continuous source score is retained.,V11-PXRD-NORMALIZED-0.30-0.80-v1,,0.0,True,False,PXRD FWHM plus phase-purity fitness,Published Supplementary Data 1 record G3-28; normalized crystallinity/phase-purity score 0.8.,10.1038/s41467-019-08483-9,10.24435/materialscloud:2018.0011/v3,Capturing chemical intuition in synthesis of metal-organic frameworks,direct_machine_readable_supplementary_csv,All nine experimental variables and the source outcome score were copied from the authors' CSV; absolute precursor amounts were not invented.,COMPLETE_CONDITIONS_RELATIVE_STOICHIOMETRY,Copper nitrate identity stated; hydration/absolute amount absent from shared CSV.,3.0,0.85
V11-HKUST-G3-29,HKUST-1 / Cu-BTC,"benzene-1,3,5-tricarboxylic acid (H3BTC)",O=C(O)c1cc(C(=O)O)cc(C(=O)O)c1,,Aromatic tricarboxylate,Cu,Cu nitrate (hydration not stated in Supplementary Data 1),nitrate,,2,H2O 2.5 mL / EtOH 2.5 mL / MeOH 0.5 mL,H2O,2.5,DMF,0.0,EtOH,2.5,MeOH,0.5,iPrOH,0.0,Nessuno,,166,0.48333333333333334,,,0.6666666666666666,5.5,Automated microwave synthesis,160,Not encoded in the published Supplementary Data 1 table.,2,High-crystallinity target MOF,0.8,Normalized PXRD crystallinity and phase-purity fitness (0-1),Preregistered curation thresholds: <=0.30 class 0; 0.35-0.75 class 1; >=0.80 class 2. The continuous source score is retained.,V11-PXRD-NORMALIZED-0.30-0.80-v1,,0.0,True,False,PXRD FWHM plus phase-purity fitness,Published Supplementary Data 1 record G3-29; normalized crystallinity/phase-purity score 0.8.,10.1038/s41467-019-08483-9,10.24435/materialscloud:2018.0011/v3,Capturing chemical intuition in synthesis of metal-organic frameworks,direct_machine_readable_supplementary_csv,All nine experimental variables and the source outcome score were copied from the authors' CSV; absolute precursor amounts were not invented.,COMPLETE_CONDITIONS_RELATIVE_STOICHIOMETRY,Copper nitrate identity stated; hydration/absolute amount absent from shared CSV.,3.0,0.85
V11-HKUST-G3-30,HKUST-1 / Cu-BTC,"benzene-1,3,5-tricarboxylic acid (H3BTC)",O=C(O)c1cc(C(=O)O)cc(C(=O)O)c1,,Aromatic tricarboxylate,Cu,Cu nitrate (hydration not stated in Supplementary Data 1),nitrate,,2,H2O 3 mL / DMF 1.5 mL / EtOH 1 mL,H2O,3.0,DMF,1.5,EtOH,1.0,MeOH,0.0,iPrOH,0.0,Nessuno,,155,0.4,,,0.6666666666666666,5.5,Automated microwave synthesis,200,Not encoded in the published Supplementary Data 1 table.,1,Partially successful / poor target crystallinity,0.75,Normalized PXRD crystallinity and phase-purity fitness (0-1),Preregistered curation thresholds: <=0.30 class 0; 0.35-0.75 class 1; >=0.80 class 2. The continuous source score is retained.,V11-PXRD-NORMALIZED-0.30-0.80-v1,,0.0,False,False,PXRD FWHM plus phase-purity fitness,Published Supplementary Data 1 record G3-30; normalized crystallinity/phase-purity score 0.75.,10.1038/s41467-019-08483-9,10.24435/materialscloud:2018.0011/v3,Capturing chemical intuition in synthesis of metal-organic frameworks,direct_machine_readable_supplementary_csv,All nine experimental variables and the source outcome score were copied from the authors' CSV; absolute precursor amounts were not invented.,COMPLETE_CONDITIONS_RELATIVE_STOICHIOMETRY,Copper nitrate identity stated; hydration/absolute amount absent from shared CSV.,3.0,0.85
V11-MOF321-EXP084,MOF-321,H2PZVDC,,,Pyrazine vinyl dicarboxylate,Al,AlCl3·6H2O,chloride,6.0,3,H2O 4.7 mL,H2O,4.7,,,,,,,,,NaOH,1.75,125,1.0,1.0,0.75,1.3333333333333333,4.7,Microwave synthesis,300,"See primary article supporting information, Section S4.",2,Representative high-crystallinity MOF-321,,Article-designated representative high crystallinity,Direct article designation; no numerical threshold inferred.,DIRECT-HIGH-CRYSTALLINITY-TABLE-v1,,,True,False,PXRD; representative high-crystallinity condition,"Primary article Table 1, experiment 84.",10.1021/acscentsci.3c01087,,ChatGPT Research Group for Optimizing the Crystallinity of MOFs and COFs,manual_primary_article_table,Direct transcription from main-article Table 1 or Table 2.,FULL_PROTOCOL,AlCl3·6H2O stock and NaOH stock explicitly reported in Section S4.,,1.0
V11-MOF321-EXP096,MOF-321,H2PZVDC,,,Pyrazine vinyl dicarboxylate,Al,AlCl3·6H2O,chloride,6.0,3,H2O 4 mL,H2O,4.0,,,,,,,,,NaOH,1.5,105,1.0,1.0,0.7,1.4285714285714286,4.0,Microwave synthesis,300,"See primary article supporting information, Section S4.",2,Representative high-crystallinity MOF-321,,Article-designated representative high crystallinity,Direct article designation; no numerical threshold inferred.,DIRECT-HIGH-CRYSTALLINITY-TABLE-v1,,,True,False,PXRD; representative high-crystallinity condition,"Primary article Table 1, experiment 96.",10.1021/acscentsci.3c01087,,ChatGPT Research Group for Optimizing the Crystallinity of MOFs and COFs,manual_primary_article_table,Direct transcription from main-article Table 1 or Table 2.,FULL_PROTOCOL,AlCl3·6H2O stock and NaOH stock explicitly reported in Section S4.,,1.0
V11-MOF321-EXP101,MOF-321,H2PZVDC,,,Pyrazine vinyl dicarboxylate,Al,AlCl3·6H2O,chloride,6.0,3,H2O 3.6 mL,H2O,3.6,,,,,,,,,NaOH,1.75,120,1.0,1.0,0.46,2.1739130434782608,3.6,Microwave synthesis,300,"See primary article supporting information, Section S4.",2,Representative high-crystallinity MOF-321,,Article-designated representative high crystallinity,Direct article designation; no numerical threshold inferred.,DIRECT-HIGH-CRYSTALLINITY-TABLE-v1,,,True,False,PXRD; representative high-crystallinity condition,"Primary article Table 1, experiment 101.",10.1021/acscentsci.3c01087,,ChatGPT Research Group for Optimizing the Crystallinity of MOFs and COFs,manual_primary_article_table,Direct transcription from main-article Table 1 or Table 2.,FULL_PROTOCOL,AlCl3·6H2O stock and NaOH stock explicitly reported in Section S4.,,1.0
V11-MOF321-EXP114,MOF-321,H2PZVDC,,,Pyrazine vinyl dicarboxylate,Al,AlCl3·6H2O,chloride,6.0,3,H2O 4.3 mL,H2O,4.3,,,,,,,,,NaOH,1.75,120,0.75,1.0,0.66,1.5151515151515151,4.3,Microwave synthesis,300,"See primary article supporting information, Section S4.",2,Representative high-crystallinity MOF-321,,Article-designated representative high crystallinity,Direct article designation; no numerical threshold inferred.,DIRECT-HIGH-CRYSTALLINITY-TABLE-v1,,,True,False,PXRD; representative high-crystallinity condition,"Primary article Table 1, experiment 114.",10.1021/acscentsci.3c01087,,ChatGPT Research Group for Optimizing the Crystallinity of MOFs and COFs,manual_primary_article_table,Direct transcription from main-article Table 1 or Table 2.,FULL_PROTOCOL,AlCl3·6H2O stock and NaOH stock explicitly reported in Section S4.,,1.0
V11-MOF321-EXP120,MOF-321,H2PZVDC,,,Pyrazine vinyl dicarboxylate,Al,AlCl3·6H2O,chloride,6.0,3,H2O 4 mL,H2O,4.0,,,,,,,,,NaOH,1.5,135,0.9166666666666666,1.0,0.66,1.5151515151515151,4.0,Microwave synthesis,300,"See primary article supporting information, Section S4.",2,Representative high-crystallinity MOF-321,,Article-designated representative high crystallinity,Direct article designation; no numerical threshold inferred.,DIRECT-HIGH-CRYSTALLINITY-TABLE-v1,,,True,False,PXRD; representative high-crystallinity condition,"Primary article Table 1, experiment 120.",10.1021/acscentsci.3c01087,,ChatGPT Research Group for Optimizing the Crystallinity of MOFs and COFs,manual_primary_article_table,Direct transcription from main-article Table 1 or Table 2.,FULL_PROTOCOL,AlCl3·6H2O stock and NaOH stock explicitly reported in Section S4.,,1.0
V11-MOF322-EXP022,MOF-322,H2TVDC,,,Thiophene vinyl dicarboxylate,Al,AlCl3·6H2O,chloride,6.0,3,H2O 3.6 mL,H2O,3.6,,,,,,,,,NaOH,2.0,145,0.6666666666666666,1.0,0.46,2.1739130434782608,3.6,Microwave synthesis,300,"See primary article supporting information, Section S4.",2,Representative high-crystallinity MOF-322,,Article-designated representative high crystallinity,Direct article designation; no numerical threshold inferred.,DIRECT-HIGH-CRYSTALLINITY-TABLE-v1,,,True,False,PXRD; representative high-crystallinity condition,"Primary article Table 2, experiment 22.",10.1021/acscentsci.3c01087,,ChatGPT Research Group for Optimizing the Crystallinity of MOFs and COFs,manual_primary_article_table,Direct transcription from main-article Table 1 or Table 2.,FULL_PROTOCOL,AlCl3·6H2O stock and NaOH stock explicitly reported in Section S4.,,1.0
V11-MOF322-EXP068,MOF-322,H2TVDC,,,Thiophene vinyl dicarboxylate,Al,AlCl3·6H2O,chloride,6.0,3,H2O 1.5 mL,H2O,1.5,,,,,,,,,NaOH,1.75,145,0.5833333333333334,1.0,0.21,4.761904761904762,1.5,Microwave synthesis,300,"See primary article supporting information, Section S4.",2,Representative high-crystallinity MOF-322,,Article-designated representative high crystallinity,Direct article designation; no numerical threshold inferred.,DIRECT-HIGH-CRYSTALLINITY-TABLE-v1,,,True,False,PXRD; representative high-crystallinity condition,"Primary article Table 2, experiment 68.",10.1021/acscentsci.3c01087,,ChatGPT Research Group for Optimizing the Crystallinity of MOFs and COFs,manual_primary_article_table,Direct transcription from main-article Table 1 or Table 2.,FULL_PROTOCOL,AlCl3·6H2O stock and NaOH stock explicitly reported in Section S4.,,1.0
V11-MOF322-EXP086,MOF-322,H2TVDC,,,Thiophene vinyl dicarboxylate,Al,AlCl3·6H2O,chloride,6.0,3,H2O 4.3 mL,H2O,4.3,,,,,,,,,NaOH,1.5,150,0.6666666666666666,1.0,0.41,2.4390243902439024,4.3,Microwave synthesis,300,"See primary article supporting information, Section S4.",2,Representative high-crystallinity MOF-322,,Article-designated representative high crystallinity,Direct article designation; no numerical threshold inferred.,DIRECT-HIGH-CRYSTALLINITY-TABLE-v1,,,True,False,PXRD; representative high-crystallinity condition,"Primary article Table 2, experiment 86.",10.1021/acscentsci.3c01087,,ChatGPT Research Group for Optimizing the Crystallinity of MOFs and COFs,manual_primary_article_table,Direct transcription from main-article Table 1 or Table 2.,FULL_PROTOCOL,AlCl3·6H2O stock and NaOH stock explicitly reported in Section S4.,,1.0
V11-MOF322-EXP103,MOF-322,H2TVDC,,,Thiophene vinyl dicarboxylate,Al,AlCl3·6H2O,chloride,6.0,3,H2O 3.4 mL,H2O,3.4,,,,,,,,,NaOH,2.0,140,1.0,1.0,0.46,2.1739130434782608,3.4,Microwave synthesis,300,"See primary article supporting information, Section S4.",2,Representative high-crystallinity MOF-322,,Article-designated representative high crystallinity,Direct article designation; no numerical threshold inferred.,DIRECT-HIGH-CRYSTALLINITY-TABLE-v1,,,True,False,PXRD; representative high-crystallinity condition,"Primary article Table 2, experiment 103.",10.1021/acscentsci.3c01087,,ChatGPT Research Group for Optimizing the Crystallinity of MOFs and COFs,manual_primary_article_table,Direct transcription from main-article Table 1 or Table 2.,FULL_PROTOCOL,AlCl3·6H2O stock and NaOH stock explicitly reported in Section S4.,,1.0
V11-MOF322-EXP109,MOF-322,H2TVDC,,,Thiophene vinyl dicarboxylate,Al,AlCl3·6H2O,chloride,6.0,3,H2O 3.5 mL,H2O,3.5,,,,,,,,,NaOH,2.0,150,0.8333333333333334,1.0,0.99,1.0101010101010102,3.5,Microwave synthesis,300,"See primary article supporting information, Section S4.",2,Representative high-crystallinity MOF-322,,Article-designated representative high crystallinity,Direct article designation; no numerical threshold inferred.,DIRECT-HIGH-CRYSTALLINITY-TABLE-v1,,,True,False,PXRD; representative high-crystallinity condition,"Primary article Table 2, experiment 109.",10.1021/acscentsci.3c01087,,ChatGPT Research Group for Optimizing the Crystallinity of MOFs and COFs,manual_primary_article_table,Direct transcription from main-article Table 1 or Table 2.,FULL_PROTOCOL,AlCl3·6H2O stock and NaOH stock explicitly reported in Section S4.,,1.0
