Record_ID,Partition_Role,Training_Eligibility,Leakage_Group,Metal_Ligand_Group,Source_Type,Source_Record_ID,Source_DOI,Source_Data_DOI,Source_Data_URL,Source_URL,Article_Title,MOF,Legante,Ligand_SMILES,Ligand_InChIKey,Famiglia_Legante,Metallo,Sale_Metallico,Counterion_Class,Hydration_Number,Oxidation_State,Solvente,Solvent_1,Solvent_1_mL,Solvent_2,Solvent_2_mL,Solvent_3,Solvent_3_mL,Solvent_4,Solvent_4_mL,Solvent_5,Solvent_5_mL,Additivo_Colinker,mmol_Additive,Temperatura_C,Tempo_ore,mmol_Legante,mmol_Sale,Rapporto_LM,Volume_solvente_mL,Total_Precursor_Concentration_M,Heating_Method,Microwave_Power_W,Workup,Outcome_Class,Outcome_Label,Outcome_Raw_Score,Outcome_Score_Scale,Outcome_Mapping_Rule,Curation_Policy,Yield_percent,BET_m2_g,PXRD_Confirmed,SCXRD_Confirmed,Evidence_Type,Evidence_Statement,Extraction_Method,Extraction_Note,Protocol_Completeness,Precursor_Qualification,Experiment_Generation,Condition_Signature,Replicate_Group_Size,Source_Group_Size,Source_Group_Cap_Factor,Evidence_Quality_Weight,Training_Weight,Curation_Version,Leakage_Safe_Group
V11-LIT-017,TRAINING_CANDIDATE,True,DOI::10.1021/acs.inorgchem.0c00481,"PAIR::co::3-amino-4,4'-bipyrazole",peer_reviewed_literature,V11-LIT-017,10.1021/acs.inorgchem.0c00481,,,https://doi.org/10.1021/acs.inorgchem.0c00481,Cobalt(II) Bipyrazolate Metal–Organic Frameworks as Heterogeneous Catalysts in Cumene Aerobic Oxidation: A Tag-Dependent Selectivity,Co(BPZNH2)·DMF,"3-amino-4,4'-bipyrazole",,,Bipyrazole/pyrazole,Co,Co(NO3)2·6H2O,nitrate,6.0,2,DMF,DMF,15.0,,,,,,,,,Nessuno,,120,24.0,1.0,1.0,1.0,15.0,0.1333333333333333,Heated stirred synthesis,,Slow-cooled; filtered; washed with hot DMF (2 × 10 mL); dried under vacuum,2,Crystalline MOF,,,,,,,True,False,PXRD whole-pattern refinement,Dark-violet Co(BPZNH2)·DMF; PXRD showed two closely related Cccm phases and supported the reported open framework.,manual_primary_article,"Direct transcription of the experimental section: 0.149 g ligand (1.00 mmol), 0.291 g Co(NO3)2·6H2O (1.00 mmol), 15 mL DMF, 393 K, 24 h; reported yield 73%.",FULL_PROTOCOL,Precursor identity and hydration explicitly reported.,,COND-89fa24e63f03afa9,1,1,1.0,1.0,1.0,11.0-foundation-tranche-03,SAFE-GROUP-001
V11-ALPMOF-G1S1,TRAINING_CANDIDATE,True,DOI::10.1038/s42004-022-00785-2,PAIR::al::meso-tetra(4-carboxyphenyl)porphine (h2tcpp),peer_reviewed_literature,V11-ALPMOF-G1S1,10.1038/s42004-022-00785-2,10.5281/zenodo.7186602,https://doi.org/10.5281/zenodo.7186602,https://doi.org/10.1038/s42004-022-00785-2,Using genetic algorithms to systematically improve the synthesis conditions of Al-PMOF,Al-PMOF (Al2(OH)2TCPP),meso-tetra(4-carboxyphenyl)porphine (H2TCPP),,,Porphyrin tetracarboxylate,Al,AlCl3·6H2O,chloride,6.0,3,H2O/DMSO (80:20 v/v),H2O,3.2,DMSO,0.8,,,,,,,Nessuno,,200,1.0,0.025,0.05,0.5,4.0,0.01875,Automated microwave synthesis,300.0,"Centrifuged; washed with reaction organic solvent, then acetone; dried overnight at 60 °C (DMF additionally used when needed).",0,Failed / no isolated powder,1.0,,Article-defined PXRD scale: 1=no powder; 2-5=amorphous/poor crystallinity; 6-10=crystalline Al-PMOF.,,,,False,False,PXRD qualitative categorical score,"Supporting Table S4: G1S1, article-assigned crystallinity score 1/10.",manual_primary_supplementary_table,"Direct transcription of Table S4; precursor quantities/volume resolved through Table S3, concentration code 3.",FULL_PROTOCOL,Formula and hydration explicitly reported in Table S3.,1.0,COND-3f2d5954523465d9,1,45,0.4444444444444444,1.0,0.4444444444444444,11.0-foundation-tranche-03,SAFE-GROUP-002
V11-ALPMOF-G1S2,TRAINING_CANDIDATE,True,DOI::10.1038/s42004-022-00785-2,PAIR::al::meso-tetra(4-carboxyphenyl)porphine (h2tcpp),peer_reviewed_literature,V11-ALPMOF-G1S2,10.1038/s42004-022-00785-2,10.5281/zenodo.7186602,https://doi.org/10.5281/zenodo.7186602,https://doi.org/10.1038/s42004-022-00785-2,Using genetic algorithms to systematically improve the synthesis conditions of Al-PMOF,Al-PMOF (Al2(OH)2TCPP),meso-tetra(4-carboxyphenyl)porphine (H2TCPP),,,Porphyrin tetracarboxylate,Al,AlCl3·6H2O,chloride,6.0,3,H2O/EtOH (80:20 v/v),H2O,3.2,EtOH,0.8,,,,,,,Nessuno,,190,1.0,0.025,0.05,0.5,4.0,0.01875,Automated microwave synthesis,200.0,"Centrifuged; washed with reaction organic solvent, then acetone; dried overnight at 60 °C (DMF additionally used when needed).",0,Failed / no isolated powder,1.0,,Article-defined PXRD scale: 1=no powder; 2-5=amorphous/poor crystallinity; 6-10=crystalline Al-PMOF.,,,,False,False,PXRD qualitative categorical score,"Supporting Table S4: G1S2, article-assigned crystallinity score 1/10.",manual_primary_supplementary_table,"Direct transcription of Table S4; precursor quantities/volume resolved through Table S3, concentration code 3.",FULL_PROTOCOL,Formula and hydration explicitly reported in Table S3.,1.0,COND-c4b7e3b15529e5c9,1,45,0.4444444444444444,1.0,0.4444444444444444,11.0-foundation-tranche-03,SAFE-GROUP-002
V11-ALPMOF-G1S3,TRAINING_CANDIDATE,True,DOI::10.1038/s42004-022-00785-2,PAIR::al::meso-tetra(4-carboxyphenyl)porphine (h2tcpp),peer_reviewed_literature,V11-ALPMOF-G1S3,10.1038/s42004-022-00785-2,10.5281/zenodo.7186602,https://doi.org/10.5281/zenodo.7186602,https://doi.org/10.1038/s42004-022-00785-2,Using genetic algorithms to systematically improve the synthesis conditions of Al-PMOF,Al-PMOF (Al2(OH)2TCPP),meso-tetra(4-carboxyphenyl)porphine (H2TCPP),,,Porphyrin tetracarboxylate,Al,AlCl3·6H2O,chloride,6.0,3,H2O/DMSO (80:20 v/v),H2O,1.6,DMSO,0.4,,,,,,,Nessuno,,175,0.6666666666666666,0.051,0.099,0.5151515151515151,2.0,0.075,Automated microwave synthesis,300.0,"Centrifuged; washed with reaction organic solvent, then acetone; dried overnight at 60 °C (DMF additionally used when needed).",1,Amorphous or poorly crystalline product,5.0,,Article-defined PXRD scale: 1=no powder; 2-5=amorphous/poor crystallinity; 6-10=crystalline Al-PMOF.,,,,False,False,PXRD qualitative categorical score,"Supporting Table S4: G1S3, article-assigned crystallinity score 5/10.",manual_primary_supplementary_table,"Direct transcription of Table S4; precursor quantities/volume resolved through Table S3, concentration code 1.",FULL_PROTOCOL,Formula and hydration explicitly reported in Table S3.,1.0,COND-1de589c5fdba7272,1,45,0.4444444444444444,1.0,0.4444444444444444,11.0-foundation-tranche-03,SAFE-GROUP-002
V11-ALPMOF-G1S4,TRAINING_CANDIDATE,True,DOI::10.1038/s42004-022-00785-2,PAIR::al::meso-tetra(4-carboxyphenyl)porphine (h2tcpp),peer_reviewed_literature,V11-ALPMOF-G1S4,10.1038/s42004-022-00785-2,10.5281/zenodo.7186602,https://doi.org/10.5281/zenodo.7186602,https://doi.org/10.1038/s42004-022-00785-2,Using genetic algorithms to systematically improve the synthesis conditions of Al-PMOF,Al-PMOF (Al2(OH)2TCPP),meso-tetra(4-carboxyphenyl)porphine (H2TCPP),,,Porphyrin tetracarboxylate,Al,AlCl3·6H2O,chloride,6.0,3,H2O/DMF (80:20 v/v),H2O,1.6,DMF,0.4,,,,,,,Nessuno,,200,0.3333333333333333,0.025,0.05,0.5,2.0,0.0375,Automated microwave synthesis,250.0,"Centrifuged; washed with reaction organic solvent, then acetone; dried overnight at 60 °C (DMF additionally used when needed).",0,Failed / no isolated powder,1.0,,Article-defined PXRD scale: 1=no powder; 2-5=amorphous/poor crystallinity; 6-10=crystalline Al-PMOF.,,,,False,False,PXRD qualitative categorical score,"Supporting Table S4: G1S4, article-assigned crystallinity score 1/10.",manual_primary_supplementary_table,"Direct transcription of Table S4; precursor quantities/volume resolved through Table S3, concentration code 2.",FULL_PROTOCOL,Formula and hydration explicitly reported in Table S3.,1.0,COND-7f25cb10a240d2df,1,45,0.4444444444444444,1.0,0.4444444444444444,11.0-foundation-tranche-03,SAFE-GROUP-002
V11-ALPMOF-G1S5,TRAINING_CANDIDATE,True,DOI::10.1038/s42004-022-00785-2,PAIR::al::meso-tetra(4-carboxyphenyl)porphine (h2tcpp),peer_reviewed_literature,V11-ALPMOF-G1S5,10.1038/s42004-022-00785-2,10.5281/zenodo.7186602,https://doi.org/10.5281/zenodo.7186602,https://doi.org/10.1038/s42004-022-00785-2,Using genetic algorithms to systematically improve the synthesis conditions of Al-PMOF,Al-PMOF (Al2(OH)2TCPP),meso-tetra(4-carboxyphenyl)porphine (H2TCPP),,,Porphyrin tetracarboxylate,Al,AlCl3·6H2O,chloride,6.0,3,H2O/DMSO (80:20 v/v),H2O,3.2,DMSO,0.8,,,,,,,Nessuno,,175,0.3333333333333333,0.025,0.05,0.5,4.0,0.01875,Automated microwave synthesis,200.0,"Centrifuged; washed with reaction organic solvent, then acetone; dried overnight at 60 °C (DMF additionally used when needed).",1,Amorphous or poorly crystalline product,5.0,,Article-defined PXRD scale: 1=no powder; 2-5=amorphous/poor crystallinity; 6-10=crystalline Al-PMOF.,,,,False,False,PXRD qualitative categorical score,"Supporting Table S4: G1S5, article-assigned crystallinity score 5/10.",manual_primary_supplementary_table,"Direct transcription of Table S4; precursor quantities/volume resolved through Table S3, concentration code 3.",FULL_PROTOCOL,Formula and hydration explicitly reported in Table S3.,1.0,COND-ab52723ef3a4a8a6,1,45,0.4444444444444444,1.0,0.4444444444444444,11.0-foundation-tranche-03,SAFE-GROUP-002
V11-ALPMOF-G1S6,TRAINING_CANDIDATE,True,DOI::10.1038/s42004-022-00785-2,PAIR::al::meso-tetra(4-carboxyphenyl)porphine (h2tcpp),peer_reviewed_literature,V11-ALPMOF-G1S6,10.1038/s42004-022-00785-2,10.5281/zenodo.7186602,https://doi.org/10.5281/zenodo.7186602,https://doi.org/10.1038/s42004-022-00785-2,Using genetic algorithms to systematically improve the synthesis conditions of Al-PMOF,Al-PMOF (Al2(OH)2TCPP),meso-tetra(4-carboxyphenyl)porphine (H2TCPP),,,Porphyrin tetracarboxylate,Al,AlCl3·6H2O,chloride,6.0,3,H2O/EtOH (80:20 v/v),H2O,1.6,EtOH,0.4,,,,,,,Nessuno,,200,1.0,0.051,0.099,0.5151515151515151,2.0,0.075,Automated microwave synthesis,300.0,"Centrifuged; washed with reaction organic solvent, then acetone; dried overnight at 60 °C (DMF additionally used when needed).",1,Amorphous or poorly crystalline product,4.0,,Article-defined PXRD scale: 1=no powder; 2-5=amorphous/poor crystallinity; 6-10=crystalline Al-PMOF.,,,,False,False,PXRD qualitative categorical score,"Supporting Table S4: G1S6, article-assigned crystallinity score 4/10.",manual_primary_supplementary_table,"Direct transcription of Table S4; precursor quantities/volume resolved through Table S3, concentration code 1.",FULL_PROTOCOL,Formula and hydration explicitly reported in Table S3.,1.0,COND-cc94abc1ef5feb47,1,45,0.4444444444444444,1.0,0.4444444444444444,11.0-foundation-tranche-03,SAFE-GROUP-002
V11-ALPMOF-G1S7,TRAINING_CANDIDATE,True,DOI::10.1038/s42004-022-00785-2,PAIR::al::meso-tetra(4-carboxyphenyl)porphine (h2tcpp),peer_reviewed_literature,V11-ALPMOF-G1S7,10.1038/s42004-022-00785-2,10.5281/zenodo.7186602,https://doi.org/10.5281/zenodo.7186602,https://doi.org/10.1038/s42004-022-00785-2,Using genetic algorithms to systematically improve the synthesis conditions of Al-PMOF,Al-PMOF (Al2(OH)2TCPP),meso-tetra(4-carboxyphenyl)porphine (H2TCPP),,,Porphyrin tetracarboxylate,Al,AlCl3·6H2O,chloride,6.0,3,H2O/DMSO (80:20 v/v),H2O,1.6,DMSO,0.4,,,,,,,Nessuno,,200,1.0,0.051,0.099,0.5151515151515151,2.0,0.075,Automated microwave synthesis,200.0,"Centrifuged; washed with reaction organic solvent, then acetone; dried overnight at 60 °C (DMF additionally used when needed).",2,Crystalline Al-PMOF,8.0,,Article-defined PXRD scale: 1=no powder; 2-5=amorphous/poor crystallinity; 6-10=crystalline Al-PMOF.,,,,True,False,PXRD qualitative categorical score,"Supporting Table S4: G1S7, article-assigned crystallinity score 8/10.",manual_primary_supplementary_table,"Direct transcription of Table S4; precursor quantities/volume resolved through Table S3, concentration code 1.",FULL_PROTOCOL,Formula and hydration explicitly reported in Table S3.,1.0,COND-0d7c3b44841225a6,1,45,0.4444444444444444,1.0,0.4444444444444444,11.0-foundation-tranche-03,SAFE-GROUP-002
V11-ALPMOF-G1S8,TRAINING_CANDIDATE,True,DOI::10.1038/s42004-022-00785-2,PAIR::al::meso-tetra(4-carboxyphenyl)porphine (h2tcpp),peer_reviewed_literature,V11-ALPMOF-G1S8,10.1038/s42004-022-00785-2,10.5281/zenodo.7186602,https://doi.org/10.5281/zenodo.7186602,https://doi.org/10.1038/s42004-022-00785-2,Using genetic algorithms to systematically improve the synthesis conditions of Al-PMOF,Al-PMOF (Al2(OH)2TCPP),meso-tetra(4-carboxyphenyl)porphine (H2TCPP),,,Porphyrin tetracarboxylate,Al,AlCl3·6H2O,chloride,6.0,3,H2O/EtOH (80:20 v/v),H2O,3.2,EtOH,0.8,,,,,,,Nessuno,,175,0.3333333333333333,0.025,0.05,0.5,4.0,0.01875,Automated microwave synthesis,300.0,"Centrifuged; washed with reaction organic solvent, then acetone; dried overnight at 60 °C (DMF additionally used when needed).",1,Amorphous or poorly crystalline product,2.0,,Article-defined PXRD scale: 1=no powder; 2-5=amorphous/poor crystallinity; 6-10=crystalline Al-PMOF.,,,,False,False,PXRD qualitative categorical score,"Supporting Table S4: G1S8, article-assigned crystallinity score 2/10.",manual_primary_supplementary_table,"Direct transcription of Table S4; precursor quantities/volume resolved through Table S3, concentration code 3.",FULL_PROTOCOL,Formula and hydration explicitly reported in Table S3.,1.0,COND-581b8db6a3750853,1,45,0.4444444444444444,1.0,0.4444444444444444,11.0-foundation-tranche-03,SAFE-GROUP-002
V11-ALPMOF-G1S9,TRAINING_CANDIDATE,True,DOI::10.1038/s42004-022-00785-2,PAIR::al::meso-tetra(4-carboxyphenyl)porphine (h2tcpp),peer_reviewed_literature,V11-ALPMOF-G1S9,10.1038/s42004-022-00785-2,10.5281/zenodo.7186602,https://doi.org/10.5281/zenodo.7186602,https://doi.org/10.1038/s42004-022-00785-2,Using genetic algorithms to systematically improve the synthesis conditions of Al-PMOF,Al-PMOF (Al2(OH)2TCPP),meso-tetra(4-carboxyphenyl)porphine (H2TCPP),,,Porphyrin tetracarboxylate,Al,AlCl3·6H2O,chloride,6.0,3,H2O/DMA (80:20 v/v),H2O,1.6,DMA,0.4,,,,,,,Nessuno,,175,1.0,0.025,0.05,0.5,2.0,0.0375,Automated microwave synthesis,200.0,"Centrifuged; washed with reaction organic solvent, then acetone; dried overnight at 60 °C (DMF additionally used when needed).",1,Amorphous or poorly crystalline product,4.0,,Article-defined PXRD scale: 1=no powder; 2-5=amorphous/poor crystallinity; 6-10=crystalline Al-PMOF.,,,,False,False,PXRD qualitative categorical score,"Supporting Table S4: G1S9, article-assigned crystallinity score 4/10.",manual_primary_supplementary_table,"Direct transcription of Table S4; precursor quantities/volume resolved through Table S3, concentration code 2.",FULL_PROTOCOL,Formula and hydration explicitly reported in Table S3.,1.0,COND-ac8fe484110557be,1,45,0.4444444444444444,1.0,0.4444444444444444,11.0-foundation-tranche-03,SAFE-GROUP-002
V11-ALPMOF-G1S10,TRAINING_CANDIDATE,True,DOI::10.1038/s42004-022-00785-2,PAIR::al::meso-tetra(4-carboxyphenyl)porphine (h2tcpp),peer_reviewed_literature,V11-ALPMOF-G1S10,10.1038/s42004-022-00785-2,10.5281/zenodo.7186602,https://doi.org/10.5281/zenodo.7186602,https://doi.org/10.1038/s42004-022-00785-2,Using genetic algorithms to systematically improve the synthesis conditions of Al-PMOF,Al-PMOF (Al2(OH)2TCPP),meso-tetra(4-carboxyphenyl)porphine (H2TCPP),,,Porphyrin tetracarboxylate,Al,AlCl3·6H2O,chloride,6.0,3,H2O/1-propanol (80:20 v/v),H2O,1.6,1-propanol,0.4,,,,,,,Nessuno,,175,1.0,0.051,0.099,0.5151515151515151,2.0,0.075,Automated microwave synthesis,250.0,"Centrifuged; washed with reaction organic solvent, then acetone; dried overnight at 60 °C (DMF additionally used when needed).",2,Crystalline Al-PMOF,7.0,,Article-defined PXRD scale: 1=no powder; 2-5=amorphous/poor crystallinity; 6-10=crystalline Al-PMOF.,,,,True,False,PXRD qualitative categorical score,"Supporting Table S4: G1S10, article-assigned crystallinity score 7/10.",manual_primary_supplementary_table,"Direct transcription of Table S4; precursor quantities/volume resolved through Table S3, concentration code 1.",FULL_PROTOCOL,Formula and hydration explicitly reported in Table S3.,1.0,COND-0cdf105b3dd8054f,1,45,0.4444444444444444,1.0,0.4444444444444444,11.0-foundation-tranche-03,SAFE-GROUP-002
V11-ALPMOF-G1S11,TRAINING_CANDIDATE,True,DOI::10.1038/s42004-022-00785-2,PAIR::al::meso-tetra(4-carboxyphenyl)porphine (h2tcpp),peer_reviewed_literature,V11-ALPMOF-G1S11,10.1038/s42004-022-00785-2,10.5281/zenodo.7186602,https://doi.org/10.5281/zenodo.7186602,https://doi.org/10.1038/s42004-022-00785-2,Using genetic algorithms to systematically improve the synthesis conditions of Al-PMOF,Al-PMOF (Al2(OH)2TCPP),meso-tetra(4-carboxyphenyl)porphine (H2TCPP),,,Porphyrin tetracarboxylate,Al,AlCl3·6H2O,chloride,6.0,3,H2O/DMSO (80:20 v/v),H2O,1.6,DMSO,0.4,,,,,,,Nessuno,,190,0.3333333333333333,0.051,0.099,0.5151515151515151,2.0,0.075,Automated microwave synthesis,200.0,"Centrifuged; washed with reaction organic solvent, then acetone; dried overnight at 60 °C (DMF additionally used when needed).",2,Crystalline Al-PMOF,7.0,,Article-defined PXRD scale: 1=no powder; 2-5=amorphous/poor crystallinity; 6-10=crystalline Al-PMOF.,,,,True,False,PXRD qualitative categorical score,"Supporting Table S4: G1S11, article-assigned crystallinity score 7/10.",manual_primary_supplementary_table,"Direct transcription of Table S4; precursor quantities/volume resolved through Table S3, concentration code 1.",FULL_PROTOCOL,Formula and hydration explicitly reported in Table S3.,1.0,COND-cdb78668fcca1b5f,1,45,0.4444444444444444,1.0,0.4444444444444444,11.0-foundation-tranche-03,SAFE-GROUP-002
V11-ALPMOF-G1S12,TRAINING_CANDIDATE,True,DOI::10.1038/s42004-022-00785-2,PAIR::al::meso-tetra(4-carboxyphenyl)porphine (h2tcpp),peer_reviewed_literature,V11-ALPMOF-G1S12,10.1038/s42004-022-00785-2,10.5281/zenodo.7186602,https://doi.org/10.5281/zenodo.7186602,https://doi.org/10.1038/s42004-022-00785-2,Using genetic algorithms to systematically improve the synthesis conditions of Al-PMOF,Al-PMOF (Al2(OH)2TCPP),meso-tetra(4-carboxyphenyl)porphine (H2TCPP),,,Porphyrin tetracarboxylate,Al,AlCl3·6H2O,chloride,6.0,3,H2O/EtOH (80:20 v/v),H2O,3.2,EtOH,0.8,,,,,,,Nessuno,,200,0.5,0.025,0.05,0.5,4.0,0.01875,Automated microwave synthesis,300.0,"Centrifuged; washed with reaction organic solvent, then acetone; dried overnight at 60 °C (DMF additionally used when needed).",1,Amorphous or poorly crystalline product,2.0,,Article-defined PXRD scale: 1=no powder; 2-5=amorphous/poor crystallinity; 6-10=crystalline Al-PMOF.,,,,False,False,PXRD qualitative categorical score,"Supporting Table S4: G1S12, article-assigned crystallinity score 2/10.",manual_primary_supplementary_table,"Direct transcription of Table S4; precursor quantities/volume resolved through Table S3, concentration code 3.",FULL_PROTOCOL,Formula and hydration explicitly reported in Table S3.,1.0,COND-d207cba5f47ad32c,1,45,0.4444444444444444,1.0,0.4444444444444444,11.0-foundation-tranche-03,SAFE-GROUP-002
V11-ALPMOF-G1S13,TRAINING_CANDIDATE,True,DOI::10.1038/s42004-022-00785-2,PAIR::al::meso-tetra(4-carboxyphenyl)porphine (h2tcpp),peer_reviewed_literature,V11-ALPMOF-G1S13,10.1038/s42004-022-00785-2,10.5281/zenodo.7186602,https://doi.org/10.5281/zenodo.7186602,https://doi.org/10.1038/s42004-022-00785-2,Using genetic algorithms to systematically improve the synthesis conditions of Al-PMOF,Al-PMOF (Al2(OH)2TCPP),meso-tetra(4-carboxyphenyl)porphine (H2TCPP),,,Porphyrin tetracarboxylate,Al,AlCl3·6H2O,chloride,6.0,3,H2O/DMF (80:20 v/v),H2O,1.6,DMF,0.4,,,,,,,Nessuno,,175,0.5,0.025,0.05,0.5,2.0,0.0375,Automated microwave synthesis,300.0,"Centrifuged; washed with reaction organic solvent, then acetone; dried overnight at 60 °C (DMF additionally used when needed).",0,Failed / no isolated powder,1.0,,Article-defined PXRD scale: 1=no powder; 2-5=amorphous/poor crystallinity; 6-10=crystalline Al-PMOF.,,,,False,False,PXRD qualitative categorical score,"Supporting Table S4: G1S13, article-assigned crystallinity score 1/10.",manual_primary_supplementary_table,"Direct transcription of Table S4; precursor quantities/volume resolved through Table S3, concentration code 2.",FULL_PROTOCOL,Formula and hydration explicitly reported in Table S3.,1.0,COND-e47ef643a1b1244d,1,45,0.4444444444444444,1.0,0.4444444444444444,11.0-foundation-tranche-03,SAFE-GROUP-002
V11-ALPMOF-G1S14,TRAINING_CANDIDATE,True,DOI::10.1038/s42004-022-00785-2,PAIR::al::meso-tetra(4-carboxyphenyl)porphine (h2tcpp),peer_reviewed_literature,V11-ALPMOF-G1S14,10.1038/s42004-022-00785-2,10.5281/zenodo.7186602,https://doi.org/10.5281/zenodo.7186602,https://doi.org/10.1038/s42004-022-00785-2,Using genetic algorithms to systematically improve the synthesis conditions of Al-PMOF,Al-PMOF (Al2(OH)2TCPP),meso-tetra(4-carboxyphenyl)porphine (H2TCPP),,,Porphyrin tetracarboxylate,Al,AlCl3·6H2O,chloride,6.0,3,H2O/DMF (80:20 v/v),H2O,1.6,DMF,0.4,,,,,,,Nessuno,,190,1.0,0.025,0.05,0.5,2.0,0.0375,Automated microwave synthesis,300.0,"Centrifuged; washed with reaction organic solvent, then acetone; dried overnight at 60 °C (DMF additionally used when needed).",1,Amorphous or poorly crystalline product,3.0,,Article-defined PXRD scale: 1=no powder; 2-5=amorphous/poor crystallinity; 6-10=crystalline Al-PMOF.,,,,False,False,PXRD qualitative categorical score,"Supporting Table S4: G1S14, article-assigned crystallinity score 3/10.",manual_primary_supplementary_table,"Direct transcription of Table S4; precursor quantities/volume resolved through Table S3, concentration code 2.",FULL_PROTOCOL,Formula and hydration explicitly reported in Table S3.,1.0,COND-0b31d40852a1f47f,1,45,0.4444444444444444,1.0,0.4444444444444444,11.0-foundation-tranche-03,SAFE-GROUP-002
V11-ALPMOF-G1S15,TRAINING_CANDIDATE,True,DOI::10.1038/s42004-022-00785-2,PAIR::al::meso-tetra(4-carboxyphenyl)porphine (h2tcpp),peer_reviewed_literature,V11-ALPMOF-G1S15,10.1038/s42004-022-00785-2,10.5281/zenodo.7186602,https://doi.org/10.5281/zenodo.7186602,https://doi.org/10.1038/s42004-022-00785-2,Using genetic algorithms to systematically improve the synthesis conditions of Al-PMOF,Al-PMOF (Al2(OH)2TCPP),meso-tetra(4-carboxyphenyl)porphine (H2TCPP),,,Porphyrin tetracarboxylate,Al,AlCl3·6H2O,chloride,6.0,3,H2O/EtOH (80:20 v/v),H2O,1.6,EtOH,0.4,,,,,,,Nessuno,,200,0.3333333333333333,0.051,0.099,0.5151515151515151,2.0,0.075,Automated microwave synthesis,200.0,"Centrifuged; washed with reaction organic solvent, then acetone; dried overnight at 60 °C (DMF additionally used when needed).",1,Amorphous or poorly crystalline product,3.0,,Article-defined PXRD scale: 1=no powder; 2-5=amorphous/poor crystallinity; 6-10=crystalline Al-PMOF.,,,,False,False,PXRD qualitative categorical score,"Supporting Table S4: G1S15, article-assigned crystallinity score 3/10.",manual_primary_supplementary_table,"Direct transcription of Table S4; precursor quantities/volume resolved through Table S3, concentration code 1.",FULL_PROTOCOL,Formula and hydration explicitly reported in Table S3.,1.0,COND-b2c8b294c6595d86,1,45,0.4444444444444444,1.0,0.4444444444444444,11.0-foundation-tranche-03,SAFE-GROUP-002
V11-ALPMOF-G1S16,TRAINING_CANDIDATE,True,DOI::10.1038/s42004-022-00785-2,PAIR::al::meso-tetra(4-carboxyphenyl)porphine (h2tcpp),peer_reviewed_literature,V11-ALPMOF-G1S16,10.1038/s42004-022-00785-2,10.5281/zenodo.7186602,https://doi.org/10.5281/zenodo.7186602,https://doi.org/10.1038/s42004-022-00785-2,Using genetic algorithms to systematically improve the synthesis conditions of Al-PMOF,Al-PMOF (Al2(OH)2TCPP),meso-tetra(4-carboxyphenyl)porphine (H2TCPP),,,Porphyrin tetracarboxylate,Al,AlCl3·6H2O,chloride,6.0,3,H2O/DMSO (80:20 v/v),H2O,3.2,DMSO,0.8,,,,,,,Nessuno,,200,0.3333333333333333,0.025,0.05,0.5,4.0,0.01875,Automated microwave synthesis,200.0,"Centrifuged; washed with reaction organic solvent, then acetone; dried overnight at 60 °C (DMF additionally used when needed).",1,Amorphous or poorly crystalline product,3.0,,Article-defined PXRD scale: 1=no powder; 2-5=amorphous/poor crystallinity; 6-10=crystalline Al-PMOF.,,,,False,False,PXRD qualitative categorical score,"Supporting Table S4: G1S16, article-assigned crystallinity score 3/10.",manual_primary_supplementary_table,"Direct transcription of Table S4; precursor quantities/volume resolved through Table S3, concentration code 3.",FULL_PROTOCOL,Formula and hydration explicitly reported in Table S3.,1.0,COND-99f1ccb8ed003e42,1,45,0.4444444444444444,1.0,0.4444444444444444,11.0-foundation-tranche-03,SAFE-GROUP-002
V11-ALPMOF-G1S17,TRAINING_CANDIDATE,True,DOI::10.1038/s42004-022-00785-2,PAIR::al::meso-tetra(4-carboxyphenyl)porphine (h2tcpp),peer_reviewed_literature,V11-ALPMOF-G1S17,10.1038/s42004-022-00785-2,10.5281/zenodo.7186602,https://doi.org/10.5281/zenodo.7186602,https://doi.org/10.1038/s42004-022-00785-2,Using genetic algorithms to systematically improve the synthesis conditions of Al-PMOF,Al-PMOF (Al2(OH)2TCPP),meso-tetra(4-carboxyphenyl)porphine (H2TCPP),,,Porphyrin tetracarboxylate,Al,AlCl3·6H2O,chloride,6.0,3,H2O/DMF (80:20 v/v),H2O,3.2,DMF,0.8,,,,,,,Nessuno,,190,0.6666666666666666,0.025,0.05,0.5,4.0,0.01875,Automated microwave synthesis,200.0,"Centrifuged; washed with reaction organic solvent, then acetone; dried overnight at 60 °C (DMF additionally used when needed).",1,Amorphous or poorly crystalline product,2.0,,Article-defined PXRD scale: 1=no powder; 2-5=amorphous/poor crystallinity; 6-10=crystalline Al-PMOF.,,,,False,False,PXRD qualitative categorical score,"Supporting Table S4: G1S17, article-assigned crystallinity score 2/10.",manual_primary_supplementary_table,"Direct transcription of Table S4; precursor quantities/volume resolved through Table S3, concentration code 3.",FULL_PROTOCOL,Formula and hydration explicitly reported in Table S3.,1.0,COND-9fc4e39f4317bf82,1,45,0.4444444444444444,1.0,0.4444444444444444,11.0-foundation-tranche-03,SAFE-GROUP-002
V11-ALPMOF-G1S18,TRAINING_CANDIDATE,True,DOI::10.1038/s42004-022-00785-2,PAIR::al::meso-tetra(4-carboxyphenyl)porphine (h2tcpp),peer_reviewed_literature,V11-ALPMOF-G1S18,10.1038/s42004-022-00785-2,10.5281/zenodo.7186602,https://doi.org/10.5281/zenodo.7186602,https://doi.org/10.1038/s42004-022-00785-2,Using genetic algorithms to systematically improve the synthesis conditions of Al-PMOF,Al-PMOF (Al2(OH)2TCPP),meso-tetra(4-carboxyphenyl)porphine (H2TCPP),,,Porphyrin tetracarboxylate,Al,AlCl3·6H2O,chloride,6.0,3,H2O/DMF (80:20 v/v),H2O,1.6,DMF,0.4,,,,,,,Nessuno,,190,0.6666666666666666,0.051,0.099,0.5151515151515151,2.0,0.075,Automated microwave synthesis,200.0,"Centrifuged; washed with reaction organic solvent, then acetone; dried overnight at 60 °C (DMF additionally used when needed).",1,Amorphous or poorly crystalline product,2.0,,Article-defined PXRD scale: 1=no powder; 2-5=amorphous/poor crystallinity; 6-10=crystalline Al-PMOF.,,,,False,False,PXRD qualitative categorical score,"Supporting Table S4: G1S18, article-assigned crystallinity score 2/10.",manual_primary_supplementary_table,"Direct transcription of Table S4; precursor quantities/volume resolved through Table S3, concentration code 1.",FULL_PROTOCOL,Formula and hydration explicitly reported in Table S3.,1.0,COND-c09a30ff05afb9aa,1,45,0.4444444444444444,1.0,0.4444444444444444,11.0-foundation-tranche-03,SAFE-GROUP-002
V11-ALPMOF-G1S19,TRAINING_CANDIDATE,True,DOI::10.1038/s42004-022-00785-2,PAIR::al::meso-tetra(4-carboxyphenyl)porphine (h2tcpp),peer_reviewed_literature,V11-ALPMOF-G1S19,10.1038/s42004-022-00785-2,10.5281/zenodo.7186602,https://doi.org/10.5281/zenodo.7186602,https://doi.org/10.1038/s42004-022-00785-2,Using genetic algorithms to systematically improve the synthesis conditions of Al-PMOF,Al-PMOF (Al2(OH)2TCPP),meso-tetra(4-carboxyphenyl)porphine (H2TCPP),,,Porphyrin tetracarboxylate,Al,AlCl3·6H2O,chloride,6.0,3,H2O/EtOH (80:20 v/v),H2O,1.6,EtOH,0.4,,,,,,,Nessuno,,180,0.6666666666666666,0.025,0.05,0.5,2.0,0.0375,Automated microwave synthesis,250.0,"Centrifuged; washed with reaction organic solvent, then acetone; dried overnight at 60 °C (DMF additionally used when needed).",2,Crystalline Al-PMOF,8.0,,Article-defined PXRD scale: 1=no powder; 2-5=amorphous/poor crystallinity; 6-10=crystalline Al-PMOF.,,,,True,False,PXRD qualitative categorical score,"Supporting Table S4: G1S19, article-assigned crystallinity score 8/10.",manual_primary_supplementary_table,"Direct transcription of Table S4; precursor quantities/volume resolved through Table S3, concentration code 2.",FULL_PROTOCOL,Formula and hydration explicitly reported in Table S3.,1.0,COND-65da55d331ba92fa,1,45,0.4444444444444444,1.0,0.4444444444444444,11.0-foundation-tranche-03,SAFE-GROUP-002
V11-ALPMOF-G1S20,TRAINING_CANDIDATE,True,DOI::10.1038/s42004-022-00785-2,PAIR::al::meso-tetra(4-carboxyphenyl)porphine (h2tcpp),peer_reviewed_literature,V11-ALPMOF-G1S20,10.1038/s42004-022-00785-2,10.5281/zenodo.7186602,https://doi.org/10.5281/zenodo.7186602,https://doi.org/10.1038/s42004-022-00785-2,Using genetic algorithms to systematically improve the synthesis conditions of Al-PMOF,Al-PMOF (Al2(OH)2TCPP),meso-tetra(4-carboxyphenyl)porphine (H2TCPP),,,Porphyrin tetracarboxylate,Al,AlCl3·6H2O,chloride,6.0,3,H2O/DMSO (80:20 v/v),H2O,1.6,DMSO,0.4,,,,,,,Nessuno,,190,0.6666666666666666,0.025,0.05,0.5,2.0,0.0375,Automated microwave synthesis,200.0,"Centrifuged; washed with reaction organic solvent, then acetone; dried overnight at 60 °C (DMF additionally used when needed).",2,Crystalline Al-PMOF,8.0,,Article-defined PXRD scale: 1=no powder; 2-5=amorphous/poor crystallinity; 6-10=crystalline Al-PMOF.,,,,True,False,PXRD qualitative categorical score,"Supporting Table S4: G1S20, article-assigned crystallinity score 8/10.",manual_primary_supplementary_table,"Direct transcription of Table S4; precursor quantities/volume resolved through Table S3, concentration code 2.",FULL_PROTOCOL,Formula and hydration explicitly reported in Table S3.,1.0,COND-ac2d72b3e203b8db,1,45,0.4444444444444444,1.0,0.4444444444444444,11.0-foundation-tranche-03,SAFE-GROUP-002
V11-ALPMOF-G1S21,TRAINING_CANDIDATE,True,DOI::10.1038/s42004-022-00785-2,PAIR::al::meso-tetra(4-carboxyphenyl)porphine (h2tcpp),peer_reviewed_literature,V11-ALPMOF-G1S21,10.1038/s42004-022-00785-2,10.5281/zenodo.7186602,https://doi.org/10.5281/zenodo.7186602,https://doi.org/10.1038/s42004-022-00785-2,Using genetic algorithms to systematically improve the synthesis conditions of Al-PMOF,Al-PMOF (Al2(OH)2TCPP),meso-tetra(4-carboxyphenyl)porphine (H2TCPP),,,Porphyrin tetracarboxylate,Al,AlCl3·6H2O,chloride,6.0,3,H2O/1-propanol (80:20 v/v),H2O,3.2,1-propanol,0.8,,,,,,,Nessuno,,175,0.8333333333333334,0.025,0.05,0.5,4.0,0.01875,Automated microwave synthesis,300.0,"Centrifuged; washed with reaction organic solvent, then acetone; dried overnight at 60 °C (DMF additionally used when needed).",1,Amorphous or poorly crystalline product,3.0,,Article-defined PXRD scale: 1=no powder; 2-5=amorphous/poor crystallinity; 6-10=crystalline Al-PMOF.,,,,False,False,PXRD qualitative categorical score,"Supporting Table S4: G1S21, article-assigned crystallinity score 3/10.",manual_primary_supplementary_table,"Direct transcription of Table S4; precursor quantities/volume resolved through Table S3, concentration code 3.",FULL_PROTOCOL,Formula and hydration explicitly reported in Table S3.,1.0,COND-8448912970a78cbd,1,45,0.4444444444444444,1.0,0.4444444444444444,11.0-foundation-tranche-03,SAFE-GROUP-002
V11-ALPMOF-G1S22,TRAINING_CANDIDATE,True,DOI::10.1038/s42004-022-00785-2,PAIR::al::meso-tetra(4-carboxyphenyl)porphine (h2tcpp),peer_reviewed_literature,V11-ALPMOF-G1S22,10.1038/s42004-022-00785-2,10.5281/zenodo.7186602,https://doi.org/10.5281/zenodo.7186602,https://doi.org/10.1038/s42004-022-00785-2,Using genetic algorithms to systematically improve the synthesis conditions of Al-PMOF,Al-PMOF (Al2(OH)2TCPP),meso-tetra(4-carboxyphenyl)porphine (H2TCPP),,,Porphyrin tetracarboxylate,Al,AlCl3·6H2O,chloride,6.0,3,H2O/DMA (80:20 v/v),H2O,1.6,DMA,0.4,,,,,,,Nessuno,,175,0.3333333333333333,0.051,0.099,0.5151515151515151,2.0,0.075,Automated microwave synthesis,200.0,"Centrifuged; washed with reaction organic solvent, then acetone; dried overnight at 60 °C (DMF additionally used when needed).",1,Amorphous or poorly crystalline product,5.0,,Article-defined PXRD scale: 1=no powder; 2-5=amorphous/poor crystallinity; 6-10=crystalline Al-PMOF.,,,,False,False,PXRD qualitative categorical score,"Supporting Table S4: G1S22, article-assigned crystallinity score 5/10.",manual_primary_supplementary_table,"Direct transcription of Table S4; precursor quantities/volume resolved through Table S3, concentration code 1.",FULL_PROTOCOL,Formula and hydration explicitly reported in Table S3.,1.0,COND-957cbe87dd873f9b,1,45,0.4444444444444444,1.0,0.4444444444444444,11.0-foundation-tranche-03,SAFE-GROUP-002
V11-ALPMOF-G1S23,TRAINING_CANDIDATE,True,DOI::10.1038/s42004-022-00785-2,PAIR::al::meso-tetra(4-carboxyphenyl)porphine (h2tcpp),peer_reviewed_literature,V11-ALPMOF-G1S23,10.1038/s42004-022-00785-2,10.5281/zenodo.7186602,https://doi.org/10.5281/zenodo.7186602,https://doi.org/10.1038/s42004-022-00785-2,Using genetic algorithms to systematically improve the synthesis conditions of Al-PMOF,Al-PMOF (Al2(OH)2TCPP),meso-tetra(4-carboxyphenyl)porphine (H2TCPP),,,Porphyrin tetracarboxylate,Al,AlCl3·6H2O,chloride,6.0,3,H2O/DMA (80:20 v/v),H2O,1.6,DMA,0.4,,,,,,,Nessuno,,175,1.0,0.051,0.099,0.5151515151515151,2.0,0.075,Automated microwave synthesis,200.0,"Centrifuged; washed with reaction organic solvent, then acetone; dried overnight at 60 °C (DMF additionally used when needed).",1,Amorphous or poorly crystalline product,5.0,,Article-defined PXRD scale: 1=no powder; 2-5=amorphous/poor crystallinity; 6-10=crystalline Al-PMOF.,,,,False,False,PXRD qualitative categorical score,"Supporting Table S4: G1S23, article-assigned crystallinity score 5/10.",manual_primary_supplementary_table,"Direct transcription of Table S4; precursor quantities/volume resolved through Table S3, concentration code 1.",FULL_PROTOCOL,Formula and hydration explicitly reported in Table S3.,1.0,COND-0e7e19df438f203a,1,45,0.4444444444444444,1.0,0.4444444444444444,11.0-foundation-tranche-03,SAFE-GROUP-002
V11-ALPMOF-G1S24,TRAINING_CANDIDATE,True,DOI::10.1038/s42004-022-00785-2,PAIR::al::meso-tetra(4-carboxyphenyl)porphine (h2tcpp),peer_reviewed_literature,V11-ALPMOF-G1S24,10.1038/s42004-022-00785-2,10.5281/zenodo.7186602,https://doi.org/10.5281/zenodo.7186602,https://doi.org/10.1038/s42004-022-00785-2,Using genetic algorithms to systematically improve the synthesis conditions of Al-PMOF,Al-PMOF (Al2(OH)2TCPP),meso-tetra(4-carboxyphenyl)porphine (H2TCPP),,,Porphyrin tetracarboxylate,Al,AlCl3·6H2O,chloride,6.0,3,H2O/1-propanol (80:20 v/v),H2O,1.6,1-propanol,0.4,,,,,,,Nessuno,,190,0.3333333333333333,0.051,0.099,0.5151515151515151,2.0,0.075,Automated microwave synthesis,300.0,"Centrifuged; washed with reaction organic solvent, then acetone; dried overnight at 60 °C (DMF additionally used when needed).",1,Amorphous or poorly crystalline product,5.0,,Article-defined PXRD scale: 1=no powder; 2-5=amorphous/poor crystallinity; 6-10=crystalline Al-PMOF.,,,,False,False,PXRD qualitative categorical score,"Supporting Table S4: G1S24, article-assigned crystallinity score 5/10.",manual_primary_supplementary_table,"Direct transcription of Table S4; precursor quantities/volume resolved through Table S3, concentration code 1.",FULL_PROTOCOL,Formula and hydration explicitly reported in Table S3.,1.0,COND-3457dfee3c5d1a13,1,45,0.4444444444444444,1.0,0.4444444444444444,11.0-foundation-tranche-03,SAFE-GROUP-002
V11-ALPMOF-G1S25,TRAINING_CANDIDATE,True,DOI::10.1038/s42004-022-00785-2,PAIR::al::meso-tetra(4-carboxyphenyl)porphine (h2tcpp),peer_reviewed_literature,V11-ALPMOF-G1S25,10.1038/s42004-022-00785-2,10.5281/zenodo.7186602,https://doi.org/10.5281/zenodo.7186602,https://doi.org/10.1038/s42004-022-00785-2,Using genetic algorithms to systematically improve the synthesis conditions of Al-PMOF,Al-PMOF (Al2(OH)2TCPP),meso-tetra(4-carboxyphenyl)porphine (H2TCPP),,,Porphyrin tetracarboxylate,Al,AlCl3·6H2O,chloride,6.0,3,H2O/DMA (80:20 v/v),H2O,3.2,DMA,0.8,,,,,,,Nessuno,,190,0.3333333333333333,0.025,0.05,0.5,4.0,0.01875,Automated microwave synthesis,300.0,"Centrifuged; washed with reaction organic solvent, then acetone; dried overnight at 60 °C (DMF additionally used when needed).",1,Amorphous or poorly crystalline product,2.0,,Article-defined PXRD scale: 1=no powder; 2-5=amorphous/poor crystallinity; 6-10=crystalline Al-PMOF.,,,,False,False,PXRD qualitative categorical score,"Supporting Table S4: G1S25, article-assigned crystallinity score 2/10.",manual_primary_supplementary_table,"Direct transcription of Table S4; precursor quantities/volume resolved through Table S3, concentration code 3.",FULL_PROTOCOL,Formula and hydration explicitly reported in Table S3.,1.0,COND-fbfe5d6916490a6b,1,45,0.4444444444444444,1.0,0.4444444444444444,11.0-foundation-tranche-03,SAFE-GROUP-002
V11-ALPMOF-G2S1,TRAINING_CANDIDATE,True,DOI::10.1038/s42004-022-00785-2,PAIR::al::meso-tetra(4-carboxyphenyl)porphine (h2tcpp),peer_reviewed_literature,V11-ALPMOF-G2S1,10.1038/s42004-022-00785-2,10.5281/zenodo.7186602,https://doi.org/10.5281/zenodo.7186602,https://doi.org/10.1038/s42004-022-00785-2,Using genetic algorithms to systematically improve the synthesis conditions of Al-PMOF,Al-PMOF (Al2(OH)2TCPP),meso-tetra(4-carboxyphenyl)porphine (H2TCPP),,,Porphyrin tetracarboxylate,Al,AlCl3·6H2O,chloride,6.0,3,H2O/1-propanol (80:20 v/v),H2O,1.6,1-propanol,0.4,,,,,,,Nessuno,,190,0.75,0.025,0.05,0.5,2.0,0.0375,Automated microwave synthesis,200.0,"Centrifuged; washed with reaction organic solvent, then acetone; dried overnight at 60 °C (DMF additionally used when needed).",2,Crystalline Al-PMOF,8.0,,Article-defined PXRD scale: 1=no powder; 2-5=amorphous/poor crystallinity; 6-10=crystalline Al-PMOF.,,38.0,,True,False,PXRD qualitative categorical score,"Supporting Table S5: G2S1, article-assigned crystallinity score 8/10.",manual_primary_supplementary_table,"Direct transcription of Table S5; precursor quantities/volume resolved through Table S3, concentration code 2.",FULL_PROTOCOL,Formula and hydration explicitly reported in Table S3.,2.0,COND-afc999e82698247f,1,45,0.4444444444444444,1.0,0.4444444444444444,11.0-foundation-tranche-03,SAFE-GROUP-002
V11-ALPMOF-G2S2,TRAINING_CANDIDATE,True,DOI::10.1038/s42004-022-00785-2,PAIR::al::meso-tetra(4-carboxyphenyl)porphine (h2tcpp),peer_reviewed_literature,V11-ALPMOF-G2S2,10.1038/s42004-022-00785-2,10.5281/zenodo.7186602,https://doi.org/10.5281/zenodo.7186602,https://doi.org/10.1038/s42004-022-00785-2,Using genetic algorithms to systematically improve the synthesis conditions of Al-PMOF,Al-PMOF (Al2(OH)2TCPP),meso-tetra(4-carboxyphenyl)porphine (H2TCPP),,,Porphyrin tetracarboxylate,Al,AlCl3·6H2O,chloride,6.0,3,H2O/DMSO (80:20 v/v),H2O,1.6,DMSO,0.4,,,,,,,Nessuno,,200,0.8333333333333334,0.025,0.05,0.5,2.0,0.0375,Automated microwave synthesis,220.0,"Centrifuged; washed with reaction organic solvent, then acetone; dried overnight at 60 °C (DMF additionally used when needed).",2,Crystalline Al-PMOF,10.0,,Article-defined PXRD scale: 1=no powder; 2-5=amorphous/poor crystallinity; 6-10=crystalline Al-PMOF.,,15.0,,True,False,PXRD qualitative categorical score,"Supporting Table S5: G2S2, article-assigned crystallinity score 10/10.",manual_primary_supplementary_table,"Direct transcription of Table S5; precursor quantities/volume resolved through Table S3, concentration code 2.",FULL_PROTOCOL,Formula and hydration explicitly reported in Table S3.,2.0,COND-743a28bc79faddbf,1,45,0.4444444444444444,1.0,0.4444444444444444,11.0-foundation-tranche-03,SAFE-GROUP-002
V11-ALPMOF-G2S3,TRAINING_CANDIDATE,True,DOI::10.1038/s42004-022-00785-2,PAIR::al::meso-tetra(4-carboxyphenyl)porphine (h2tcpp),peer_reviewed_literature,V11-ALPMOF-G2S3,10.1038/s42004-022-00785-2,10.5281/zenodo.7186602,https://doi.org/10.5281/zenodo.7186602,https://doi.org/10.1038/s42004-022-00785-2,Using genetic algorithms to systematically improve the synthesis conditions of Al-PMOF,Al-PMOF (Al2(OH)2TCPP),meso-tetra(4-carboxyphenyl)porphine (H2TCPP),,,Porphyrin tetracarboxylate,Al,AlCl3·6H2O,chloride,6.0,3,H2O/1-propanol (80:20 v/v),H2O,1.6,1-propanol,0.4,,,,,,,Nessuno,,180,0.9166666666666666,0.025,0.05,0.5,2.0,0.0375,Automated microwave synthesis,290.0,"Centrifuged; washed with reaction organic solvent, then acetone; dried overnight at 60 °C (DMF additionally used when needed).",2,Crystalline Al-PMOF,8.0,,Article-defined PXRD scale: 1=no powder; 2-5=amorphous/poor crystallinity; 6-10=crystalline Al-PMOF.,,32.0,,True,False,PXRD qualitative categorical score,"Supporting Table S5: G2S3, article-assigned crystallinity score 8/10.",manual_primary_supplementary_table,"Direct transcription of Table S5; precursor quantities/volume resolved through Table S3, concentration code 2.",FULL_PROTOCOL,Formula and hydration explicitly reported in Table S3.,2.0,COND-b1a94b04b6b05947,1,45,0.4444444444444444,1.0,0.4444444444444444,11.0-foundation-tranche-03,SAFE-GROUP-002
V11-ALPMOF-G2S4,TRAINING_CANDIDATE,True,DOI::10.1038/s42004-022-00785-2,PAIR::al::meso-tetra(4-carboxyphenyl)porphine (h2tcpp),peer_reviewed_literature,V11-ALPMOF-G2S4,10.1038/s42004-022-00785-2,10.5281/zenodo.7186602,https://doi.org/10.5281/zenodo.7186602,https://doi.org/10.1038/s42004-022-00785-2,Using genetic algorithms to systematically improve the synthesis conditions of Al-PMOF,Al-PMOF (Al2(OH)2TCPP),meso-tetra(4-carboxyphenyl)porphine (H2TCPP),,,Porphyrin tetracarboxylate,Al,AlCl3·6H2O,chloride,6.0,3,H2O/EtOH (80:20 v/v),H2O,1.6,EtOH,0.4,,,,,,,Nessuno,,190,0.8333333333333334,0.051,0.099,0.5151515151515151,2.0,0.075,Automated microwave synthesis,250.0,"Centrifuged; washed with reaction organic solvent, then acetone; dried overnight at 60 °C (DMF additionally used when needed).",2,Crystalline Al-PMOF,8.0,,Article-defined PXRD scale: 1=no powder; 2-5=amorphous/poor crystallinity; 6-10=crystalline Al-PMOF.,,75.0,,True,False,PXRD qualitative categorical score,"Supporting Table S5: G2S4, article-assigned crystallinity score 8/10.",manual_primary_supplementary_table,"Direct transcription of Table S5; precursor quantities/volume resolved through Table S3, concentration code 1.",FULL_PROTOCOL,Formula and hydration explicitly reported in Table S3.,2.0,COND-2be1195970427cc4,1,45,0.4444444444444444,1.0,0.4444444444444444,11.0-foundation-tranche-03,SAFE-GROUP-002
V11-ALPMOF-G2S5,TRAINING_CANDIDATE,True,DOI::10.1038/s42004-022-00785-2,PAIR::al::meso-tetra(4-carboxyphenyl)porphine (h2tcpp),peer_reviewed_literature,V11-ALPMOF-G2S5,10.1038/s42004-022-00785-2,10.5281/zenodo.7186602,https://doi.org/10.5281/zenodo.7186602,https://doi.org/10.1038/s42004-022-00785-2,Using genetic algorithms to systematically improve the synthesis conditions of Al-PMOF,Al-PMOF (Al2(OH)2TCPP),meso-tetra(4-carboxyphenyl)porphine (H2TCPP),,,Porphyrin tetracarboxylate,Al,AlCl3·6H2O,chloride,6.0,3,H2O/EtOH (80:20 v/v),H2O,1.6,EtOH,0.4,,,,,,,Nessuno,,190,0.6666666666666666,0.051,0.099,0.5151515151515151,2.0,0.075,Automated microwave synthesis,300.0,"Centrifuged; washed with reaction organic solvent, then acetone; dried overnight at 60 °C (DMF additionally used when needed).",2,Crystalline Al-PMOF,8.0,,Article-defined PXRD scale: 1=no powder; 2-5=amorphous/poor crystallinity; 6-10=crystalline Al-PMOF.,,56.0,,True,False,PXRD qualitative categorical score,"Supporting Table S5: G2S5, article-assigned crystallinity score 8/10.",manual_primary_supplementary_table,"Direct transcription of Table S5; precursor quantities/volume resolved through Table S3, concentration code 1.",FULL_PROTOCOL,Formula and hydration explicitly reported in Table S3.,2.0,COND-220b4aeadd8eb27c,1,45,0.4444444444444444,1.0,0.4444444444444444,11.0-foundation-tranche-03,SAFE-GROUP-002
V11-ALPMOF-G2S6,TRAINING_CANDIDATE,True,DOI::10.1038/s42004-022-00785-2,PAIR::al::meso-tetra(4-carboxyphenyl)porphine (h2tcpp),peer_reviewed_literature,V11-ALPMOF-G2S6,10.1038/s42004-022-00785-2,10.5281/zenodo.7186602,https://doi.org/10.5281/zenodo.7186602,https://doi.org/10.1038/s42004-022-00785-2,Using genetic algorithms to systematically improve the synthesis conditions of Al-PMOF,Al-PMOF (Al2(OH)2TCPP),meso-tetra(4-carboxyphenyl)porphine (H2TCPP),,,Porphyrin tetracarboxylate,Al,AlCl3·6H2O,chloride,6.0,3,H2O/1-propanol (80:20 v/v),H2O,1.6,1-propanol,0.4,,,,,,,Nessuno,,185,0.5,0.025,0.05,0.5,2.0,0.0375,Automated microwave synthesis,200.0,"Centrifuged; washed with reaction organic solvent, then acetone; dried overnight at 60 °C (DMF additionally used when needed).",2,Crystalline Al-PMOF,7.0,,Article-defined PXRD scale: 1=no powder; 2-5=amorphous/poor crystallinity; 6-10=crystalline Al-PMOF.,,34.0,,True,False,PXRD qualitative categorical score,"Supporting Table S5: G2S6, article-assigned crystallinity score 7/10.",manual_primary_supplementary_table,"Direct transcription of Table S5; precursor quantities/volume resolved through Table S3, concentration code 2.",FULL_PROTOCOL,Formula and hydration explicitly reported in Table S3.,2.0,COND-3452897b7cd7881b,1,45,0.4444444444444444,1.0,0.4444444444444444,11.0-foundation-tranche-03,SAFE-GROUP-002
V11-ALPMOF-G2S7,TRAINING_CANDIDATE,True,DOI::10.1038/s42004-022-00785-2,PAIR::al::meso-tetra(4-carboxyphenyl)porphine (h2tcpp),peer_reviewed_literature,V11-ALPMOF-G2S7,10.1038/s42004-022-00785-2,10.5281/zenodo.7186602,https://doi.org/10.5281/zenodo.7186602,https://doi.org/10.1038/s42004-022-00785-2,Using genetic algorithms to systematically improve the synthesis conditions of Al-PMOF,Al-PMOF (Al2(OH)2TCPP),meso-tetra(4-carboxyphenyl)porphine (H2TCPP),,,Porphyrin tetracarboxylate,Al,AlCl3·6H2O,chloride,6.0,3,H2O/EtOH (80:20 v/v),H2O,1.6,EtOH,0.4,,,,,,,Nessuno,,195,0.6666666666666666,0.025,0.05,0.5,2.0,0.0375,Automated microwave synthesis,200.0,"Centrifuged; washed with reaction organic solvent, then acetone; dried overnight at 60 °C (DMF additionally used when needed).",2,Crystalline Al-PMOF,10.0,,Article-defined PXRD scale: 1=no powder; 2-5=amorphous/poor crystallinity; 6-10=crystalline Al-PMOF.,,10.0,,True,False,PXRD qualitative categorical score,"Supporting Table S5: G2S7, article-assigned crystallinity score 10/10.",manual_primary_supplementary_table,"Direct transcription of Table S5; precursor quantities/volume resolved through Table S3, concentration code 2.",FULL_PROTOCOL,Formula and hydration explicitly reported in Table S3.,2.0,COND-cd8a91d37adeea4e,1,45,0.4444444444444444,1.0,0.4444444444444444,11.0-foundation-tranche-03,SAFE-GROUP-002
V11-ALPMOF-G2S8,TRAINING_CANDIDATE,True,DOI::10.1038/s42004-022-00785-2,PAIR::al::meso-tetra(4-carboxyphenyl)porphine (h2tcpp),peer_reviewed_literature,V11-ALPMOF-G2S8,10.1038/s42004-022-00785-2,10.5281/zenodo.7186602,https://doi.org/10.5281/zenodo.7186602,https://doi.org/10.1038/s42004-022-00785-2,Using genetic algorithms to systematically improve the synthesis conditions of Al-PMOF,Al-PMOF (Al2(OH)2TCPP),meso-tetra(4-carboxyphenyl)porphine (H2TCPP),,,Porphyrin tetracarboxylate,Al,AlCl3·6H2O,chloride,6.0,3,H2O/EtOH (80:20 v/v),H2O,1.6,EtOH,0.4,,,,,,,Nessuno,,185,0.8333333333333334,0.025,0.05,0.5,2.0,0.0375,Automated microwave synthesis,250.0,"Centrifuged; washed with reaction organic solvent, then acetone; dried overnight at 60 °C (DMF additionally used when needed).",2,Crystalline Al-PMOF,8.0,,Article-defined PXRD scale: 1=no powder; 2-5=amorphous/poor crystallinity; 6-10=crystalline Al-PMOF.,,40.0,,True,False,PXRD qualitative categorical score,"Supporting Table S5: G2S8, article-assigned crystallinity score 8/10.",manual_primary_supplementary_table,"Direct transcription of Table S5; precursor quantities/volume resolved through Table S3, concentration code 2.",FULL_PROTOCOL,Formula and hydration explicitly reported in Table S3.,2.0,COND-5b601771368e2f25,1,45,0.4444444444444444,1.0,0.4444444444444444,11.0-foundation-tranche-03,SAFE-GROUP-002
V11-ALPMOF-G2S9,TRAINING_CANDIDATE,True,DOI::10.1038/s42004-022-00785-2,PAIR::al::meso-tetra(4-carboxyphenyl)porphine (h2tcpp),peer_reviewed_literature,V11-ALPMOF-G2S9,10.1038/s42004-022-00785-2,10.5281/zenodo.7186602,https://doi.org/10.5281/zenodo.7186602,https://doi.org/10.1038/s42004-022-00785-2,Using genetic algorithms to systematically improve the synthesis conditions of Al-PMOF,Al-PMOF (Al2(OH)2TCPP),meso-tetra(4-carboxyphenyl)porphine (H2TCPP),,,Porphyrin tetracarboxylate,Al,AlCl3·6H2O,chloride,6.0,3,H2O/1-propanol (80:20 v/v),H2O,1.6,1-propanol,0.4,,,,,,,Nessuno,,200,0.5,0.025,0.05,0.5,2.0,0.0375,Automated microwave synthesis,300.0,"Centrifuged; washed with reaction organic solvent, then acetone; dried overnight at 60 °C (DMF additionally used when needed).",2,Crystalline Al-PMOF,8.0,,Article-defined PXRD scale: 1=no powder; 2-5=amorphous/poor crystallinity; 6-10=crystalline Al-PMOF.,,50.0,,True,False,PXRD qualitative categorical score,"Supporting Table S5: G2S9, article-assigned crystallinity score 8/10.",manual_primary_supplementary_table,"Direct transcription of Table S5; precursor quantities/volume resolved through Table S3, concentration code 2.",FULL_PROTOCOL,Formula and hydration explicitly reported in Table S3.,2.0,COND-841b3e7f8660a790,1,45,0.4444444444444444,1.0,0.4444444444444444,11.0-foundation-tranche-03,SAFE-GROUP-002
V11-ALPMOF-G2S10,TRAINING_CANDIDATE,True,DOI::10.1038/s42004-022-00785-2,PAIR::al::meso-tetra(4-carboxyphenyl)porphine (h2tcpp),peer_reviewed_literature,V11-ALPMOF-G2S10,10.1038/s42004-022-00785-2,10.5281/zenodo.7186602,https://doi.org/10.5281/zenodo.7186602,https://doi.org/10.1038/s42004-022-00785-2,Using genetic algorithms to systematically improve the synthesis conditions of Al-PMOF,Al-PMOF (Al2(OH)2TCPP),meso-tetra(4-carboxyphenyl)porphine (H2TCPP),,,Porphyrin tetracarboxylate,Al,AlCl3·6H2O,chloride,6.0,3,H2O/1-propanol (80:20 v/v),H2O,1.6,1-propanol,0.4,,,,,,,Nessuno,,180,0.8333333333333334,0.025,0.05,0.5,2.0,0.0375,Automated microwave synthesis,250.0,"Centrifuged; washed with reaction organic solvent, then acetone; dried overnight at 60 °C (DMF additionally used when needed).",2,Crystalline Al-PMOF,8.0,,Article-defined PXRD scale: 1=no powder; 2-5=amorphous/poor crystallinity; 6-10=crystalline Al-PMOF.,,33.0,,True,False,PXRD qualitative categorical score,"Supporting Table S5: G2S10, article-assigned crystallinity score 8/10.",manual_primary_supplementary_table,"Direct transcription of Table S5; precursor quantities/volume resolved through Table S3, concentration code 2.",FULL_PROTOCOL,Formula and hydration explicitly reported in Table S3.,2.0,COND-d98a1a6ef86bb806,1,45,0.4444444444444444,1.0,0.4444444444444444,11.0-foundation-tranche-03,SAFE-GROUP-002
V11-ALPMOF-G2S11,TRAINING_CANDIDATE,True,DOI::10.1038/s42004-022-00785-2,PAIR::al::meso-tetra(4-carboxyphenyl)porphine (h2tcpp),peer_reviewed_literature,V11-ALPMOF-G2S11,10.1038/s42004-022-00785-2,10.5281/zenodo.7186602,https://doi.org/10.5281/zenodo.7186602,https://doi.org/10.1038/s42004-022-00785-2,Using genetic algorithms to systematically improve the synthesis conditions of Al-PMOF,Al-PMOF (Al2(OH)2TCPP),meso-tetra(4-carboxyphenyl)porphine (H2TCPP),,,Porphyrin tetracarboxylate,Al,AlCl3·6H2O,chloride,6.0,3,H2O/1-propanol (80:20 v/v),H2O,1.6,1-propanol,0.4,,,,,,,Nessuno,,200,0.8333333333333334,0.025,0.05,0.5,2.0,0.0375,Automated microwave synthesis,240.0,"Centrifuged; washed with reaction organic solvent, then acetone; dried overnight at 60 °C (DMF additionally used when needed).",2,Crystalline Al-PMOF,7.0,,Article-defined PXRD scale: 1=no powder; 2-5=amorphous/poor crystallinity; 6-10=crystalline Al-PMOF.,,20.0,,True,False,PXRD qualitative categorical score,"Supporting Table S5: G2S11, article-assigned crystallinity score 7/10.",manual_primary_supplementary_table,"Direct transcription of Table S5; precursor quantities/volume resolved through Table S3, concentration code 2.",FULL_PROTOCOL,Formula and hydration explicitly reported in Table S3.,2.0,COND-880bfb4084f08dc8,1,45,0.4444444444444444,1.0,0.4444444444444444,11.0-foundation-tranche-03,SAFE-GROUP-002
V11-ALPMOF-G2S12,TRAINING_CANDIDATE,True,DOI::10.1038/s42004-022-00785-2,PAIR::al::meso-tetra(4-carboxyphenyl)porphine (h2tcpp),peer_reviewed_literature,V11-ALPMOF-G2S12,10.1038/s42004-022-00785-2,10.5281/zenodo.7186602,https://doi.org/10.5281/zenodo.7186602,https://doi.org/10.1038/s42004-022-00785-2,Using genetic algorithms to systematically improve the synthesis conditions of Al-PMOF,Al-PMOF (Al2(OH)2TCPP),meso-tetra(4-carboxyphenyl)porphine (H2TCPP),,,Porphyrin tetracarboxylate,Al,AlCl3·6H2O,chloride,6.0,3,H2O/DMSO (80:20 v/v),H2O,1.6,DMSO,0.4,,,,,,,Nessuno,,190,0.8333333333333334,0.025,0.05,0.5,2.0,0.0375,Automated microwave synthesis,200.0,"Centrifuged; washed with reaction organic solvent, then acetone; dried overnight at 60 °C (DMF additionally used when needed).",2,Crystalline Al-PMOF,7.0,,Article-defined PXRD scale: 1=no powder; 2-5=amorphous/poor crystallinity; 6-10=crystalline Al-PMOF.,,1.0,,True,False,PXRD qualitative categorical score,"Supporting Table S5: G2S12, article-assigned crystallinity score 7/10.",manual_primary_supplementary_table,"Direct transcription of Table S5; precursor quantities/volume resolved through Table S3, concentration code 2.",FULL_PROTOCOL,Formula and hydration explicitly reported in Table S3.,2.0,COND-c44f56d61493231e,1,45,0.4444444444444444,1.0,0.4444444444444444,11.0-foundation-tranche-03,SAFE-GROUP-002
V11-ALPMOF-G2S13,TRAINING_CANDIDATE,True,DOI::10.1038/s42004-022-00785-2,PAIR::al::meso-tetra(4-carboxyphenyl)porphine (h2tcpp),peer_reviewed_literature,V11-ALPMOF-G2S13,10.1038/s42004-022-00785-2,10.5281/zenodo.7186602,https://doi.org/10.5281/zenodo.7186602,https://doi.org/10.1038/s42004-022-00785-2,Using genetic algorithms to systematically improve the synthesis conditions of Al-PMOF,Al-PMOF (Al2(OH)2TCPP),meso-tetra(4-carboxyphenyl)porphine (H2TCPP),,,Porphyrin tetracarboxylate,Al,AlCl3·6H2O,chloride,6.0,3,H2O/DMSO (80:20 v/v),H2O,1.6,DMSO,0.4,,,,,,,Nessuno,,180,0.6666666666666666,0.025,0.05,0.5,2.0,0.0375,Automated microwave synthesis,200.0,"Centrifuged; washed with reaction organic solvent, then acetone; dried overnight at 60 °C (DMF additionally used when needed).",2,Crystalline Al-PMOF,9.0,,Article-defined PXRD scale: 1=no powder; 2-5=amorphous/poor crystallinity; 6-10=crystalline Al-PMOF.,,3.5,,True,False,PXRD qualitative categorical score,"Supporting Table S5: G2S13, article-assigned crystallinity score 9/10.",manual_primary_supplementary_table,"Direct transcription of Table S5; precursor quantities/volume resolved through Table S3, concentration code 2.",FULL_PROTOCOL,Formula and hydration explicitly reported in Table S3.,2.0,COND-3d856a5561e8e561,1,45,0.4444444444444444,1.0,0.4444444444444444,11.0-foundation-tranche-03,SAFE-GROUP-002
V11-ALPMOF-G2S14,TRAINING_CANDIDATE,True,DOI::10.1038/s42004-022-00785-2,PAIR::al::meso-tetra(4-carboxyphenyl)porphine (h2tcpp),peer_reviewed_literature,V11-ALPMOF-G2S14,10.1038/s42004-022-00785-2,10.5281/zenodo.7186602,https://doi.org/10.5281/zenodo.7186602,https://doi.org/10.1038/s42004-022-00785-2,Using genetic algorithms to systematically improve the synthesis conditions of Al-PMOF,Al-PMOF (Al2(OH)2TCPP),meso-tetra(4-carboxyphenyl)porphine (H2TCPP),,,Porphyrin tetracarboxylate,Al,AlCl3·6H2O,chloride,6.0,3,H2O/DMSO (80:20 v/v),H2O,1.6,DMSO,0.4,,,,,,,Nessuno,,195,0.8333333333333334,0.051,0.099,0.5151515151515151,2.0,0.075,Automated microwave synthesis,200.0,"Centrifuged; washed with reaction organic solvent, then acetone; dried overnight at 60 °C (DMF additionally used when needed).",2,Crystalline Al-PMOF,10.0,,Article-defined PXRD scale: 1=no powder; 2-5=amorphous/poor crystallinity; 6-10=crystalline Al-PMOF.,,12.0,,True,False,PXRD qualitative categorical score,"Supporting Table S5: G2S14, article-assigned crystallinity score 10/10.",manual_primary_supplementary_table,"Direct transcription of Table S5; precursor quantities/volume resolved through Table S3, concentration code 1.",FULL_PROTOCOL,Formula and hydration explicitly reported in Table S3.,2.0,COND-fb37a2a08c306e93,1,45,0.4444444444444444,1.0,0.4444444444444444,11.0-foundation-tranche-03,SAFE-GROUP-002
V11-ALPMOF-G2S15,TRAINING_CANDIDATE,True,DOI::10.1038/s42004-022-00785-2,PAIR::al::meso-tetra(4-carboxyphenyl)porphine (h2tcpp),peer_reviewed_literature,V11-ALPMOF-G2S15,10.1038/s42004-022-00785-2,10.5281/zenodo.7186602,https://doi.org/10.5281/zenodo.7186602,https://doi.org/10.1038/s42004-022-00785-2,Using genetic algorithms to systematically improve the synthesis conditions of Al-PMOF,Al-PMOF (Al2(OH)2TCPP),meso-tetra(4-carboxyphenyl)porphine (H2TCPP),,,Porphyrin tetracarboxylate,Al,AlCl3·6H2O,chloride,6.0,3,H2O/EtOH (80:20 v/v),H2O,1.6,EtOH,0.4,,,,,,,Nessuno,,195,1.0,0.051,0.099,0.5151515151515151,2.0,0.075,Automated microwave synthesis,250.0,"Centrifuged; washed with reaction organic solvent, then acetone; dried overnight at 60 °C (DMF additionally used when needed).",2,Crystalline Al-PMOF,9.0,,Article-defined PXRD scale: 1=no powder; 2-5=amorphous/poor crystallinity; 6-10=crystalline Al-PMOF.,,65.0,,True,False,PXRD qualitative categorical score,"Supporting Table S5: G2S15, article-assigned crystallinity score 9/10.",manual_primary_supplementary_table,"Direct transcription of Table S5; precursor quantities/volume resolved through Table S3, concentration code 1.",FULL_PROTOCOL,Formula and hydration explicitly reported in Table S3.,2.0,COND-c83df525fbb94242,1,45,0.4444444444444444,1.0,0.4444444444444444,11.0-foundation-tranche-03,SAFE-GROUP-002
V11-ALPMOF-G2S16,TRAINING_CANDIDATE,True,DOI::10.1038/s42004-022-00785-2,PAIR::al::meso-tetra(4-carboxyphenyl)porphine (h2tcpp),peer_reviewed_literature,V11-ALPMOF-G2S16,10.1038/s42004-022-00785-2,10.5281/zenodo.7186602,https://doi.org/10.5281/zenodo.7186602,https://doi.org/10.1038/s42004-022-00785-2,Using genetic algorithms to systematically improve the synthesis conditions of Al-PMOF,Al-PMOF (Al2(OH)2TCPP),meso-tetra(4-carboxyphenyl)porphine (H2TCPP),,,Porphyrin tetracarboxylate,Al,AlCl3·6H2O,chloride,6.0,3,H2O/DMSO (80:20 v/v),H2O,1.6,DMSO,0.4,,,,,,,Nessuno,,185,0.6666666666666666,0.025,0.05,0.5,2.0,0.0375,Automated microwave synthesis,200.0,"Centrifuged; washed with reaction organic solvent, then acetone; dried overnight at 60 °C (DMF additionally used when needed).",2,Crystalline Al-PMOF,10.0,,Article-defined PXRD scale: 1=no powder; 2-5=amorphous/poor crystallinity; 6-10=crystalline Al-PMOF.,,11.0,,True,False,PXRD qualitative categorical score,"Supporting Table S5: G2S16, article-assigned crystallinity score 10/10.",manual_primary_supplementary_table,"Direct transcription of Table S5; precursor quantities/volume resolved through Table S3, concentration code 2.",FULL_PROTOCOL,Formula and hydration explicitly reported in Table S3.,2.0,COND-7522dd00b8a717af,1,45,0.4444444444444444,1.0,0.4444444444444444,11.0-foundation-tranche-03,SAFE-GROUP-002
V11-ALPMOF-G2S17,TRAINING_CANDIDATE,True,DOI::10.1038/s42004-022-00785-2,PAIR::al::meso-tetra(4-carboxyphenyl)porphine (h2tcpp),peer_reviewed_literature,V11-ALPMOF-G2S17,10.1038/s42004-022-00785-2,10.5281/zenodo.7186602,https://doi.org/10.5281/zenodo.7186602,https://doi.org/10.1038/s42004-022-00785-2,Using genetic algorithms to systematically improve the synthesis conditions of Al-PMOF,Al-PMOF (Al2(OH)2TCPP),meso-tetra(4-carboxyphenyl)porphine (H2TCPP),,,Porphyrin tetracarboxylate,Al,AlCl3·6H2O,chloride,6.0,3,H2O/DMSO (80:20 v/v),H2O,1.6,DMSO,0.4,,,,,,,Nessuno,,190,0.4166666666666667,0.051,0.099,0.5151515151515151,2.0,0.075,Automated microwave synthesis,200.0,"Centrifuged; washed with reaction organic solvent, then acetone; dried overnight at 60 °C (DMF additionally used when needed).",2,Crystalline Al-PMOF,10.0,,Article-defined PXRD scale: 1=no powder; 2-5=amorphous/poor crystallinity; 6-10=crystalline Al-PMOF.,,4.0,,True,False,PXRD qualitative categorical score,"Supporting Table S5: G2S17, article-assigned crystallinity score 10/10.",manual_primary_supplementary_table,"Direct transcription of Table S5; precursor quantities/volume resolved through Table S3, concentration code 1.",FULL_PROTOCOL,Formula and hydration explicitly reported in Table S3.,2.0,COND-72ce97e262f0a6ec,1,45,0.4444444444444444,1.0,0.4444444444444444,11.0-foundation-tranche-03,SAFE-GROUP-002
V11-ALPMOF-G2S18,TRAINING_CANDIDATE,True,DOI::10.1038/s42004-022-00785-2,PAIR::al::meso-tetra(4-carboxyphenyl)porphine (h2tcpp),peer_reviewed_literature,V11-ALPMOF-G2S18,10.1038/s42004-022-00785-2,10.5281/zenodo.7186602,https://doi.org/10.5281/zenodo.7186602,https://doi.org/10.1038/s42004-022-00785-2,Using genetic algorithms to systematically improve the synthesis conditions of Al-PMOF,Al-PMOF (Al2(OH)2TCPP),meso-tetra(4-carboxyphenyl)porphine (H2TCPP),,,Porphyrin tetracarboxylate,Al,AlCl3·6H2O,chloride,6.0,3,H2O/EtOH (80:20 v/v),H2O,1.6,EtOH,0.4,,,,,,,Nessuno,,190,0.6666666666666666,0.025,0.05,0.5,2.0,0.0375,Automated microwave synthesis,230.0,"Centrifuged; washed with reaction organic solvent, then acetone; dried overnight at 60 °C (DMF additionally used when needed).",2,Crystalline Al-PMOF,8.0,,Article-defined PXRD scale: 1=no powder; 2-5=amorphous/poor crystallinity; 6-10=crystalline Al-PMOF.,,51.0,,True,False,PXRD qualitative categorical score,"Supporting Table S5: G2S18, article-assigned crystallinity score 8/10.",manual_primary_supplementary_table,"Direct transcription of Table S5; precursor quantities/volume resolved through Table S3, concentration code 2.",FULL_PROTOCOL,Formula and hydration explicitly reported in Table S3.,2.0,COND-f84bf13624ef1bfb,1,45,0.4444444444444444,1.0,0.4444444444444444,11.0-foundation-tranche-03,SAFE-GROUP-002
V11-ALPMOF-G2S19,TRAINING_CANDIDATE,True,DOI::10.1038/s42004-022-00785-2,PAIR::al::meso-tetra(4-carboxyphenyl)porphine (h2tcpp),peer_reviewed_literature,V11-ALPMOF-G2S19,10.1038/s42004-022-00785-2,10.5281/zenodo.7186602,https://doi.org/10.5281/zenodo.7186602,https://doi.org/10.1038/s42004-022-00785-2,Using genetic algorithms to systematically improve the synthesis conditions of Al-PMOF,Al-PMOF (Al2(OH)2TCPP),meso-tetra(4-carboxyphenyl)porphine (H2TCPP),,,Porphyrin tetracarboxylate,Al,AlCl3·6H2O,chloride,6.0,3,H2O/DMSO (80:20 v/v),H2O,1.6,DMSO,0.4,,,,,,,Nessuno,,180,0.75,0.025,0.05,0.5,2.0,0.0375,Automated microwave synthesis,200.0,"Centrifuged; washed with reaction organic solvent, then acetone; dried overnight at 60 °C (DMF additionally used when needed).",2,Crystalline Al-PMOF,10.0,,Article-defined PXRD scale: 1=no powder; 2-5=amorphous/poor crystallinity; 6-10=crystalline Al-PMOF.,,3.0,,True,False,PXRD qualitative categorical score,"Supporting Table S5: G2S19, article-assigned crystallinity score 10/10.",manual_primary_supplementary_table,"Direct transcription of Table S5; precursor quantities/volume resolved through Table S3, concentration code 2.",FULL_PROTOCOL,Formula and hydration explicitly reported in Table S3.,2.0,COND-347ccdde44c8328d,1,45,0.4444444444444444,1.0,0.4444444444444444,11.0-foundation-tranche-03,SAFE-GROUP-002
V11-ALPMOF-G2S20,TRAINING_CANDIDATE,True,DOI::10.1038/s42004-022-00785-2,PAIR::al::meso-tetra(4-carboxyphenyl)porphine (h2tcpp),peer_reviewed_literature,V11-ALPMOF-G2S20,10.1038/s42004-022-00785-2,10.5281/zenodo.7186602,https://doi.org/10.5281/zenodo.7186602,https://doi.org/10.1038/s42004-022-00785-2,Using genetic algorithms to systematically improve the synthesis conditions of Al-PMOF,Al-PMOF (Al2(OH)2TCPP),meso-tetra(4-carboxyphenyl)porphine (H2TCPP),,,Porphyrin tetracarboxylate,Al,AlCl3·6H2O,chloride,6.0,3,H2O/EtOH (80:20 v/v),H2O,1.6,EtOH,0.4,,,,,,,Nessuno,,180,0.5,0.025,0.05,0.5,2.0,0.0375,Automated microwave synthesis,200.0,"Centrifuged; washed with reaction organic solvent, then acetone; dried overnight at 60 °C (DMF additionally used when needed).",2,Crystalline Al-PMOF,8.0,,Article-defined PXRD scale: 1=no powder; 2-5=amorphous/poor crystallinity; 6-10=crystalline Al-PMOF.,,45.0,,True,False,PXRD qualitative categorical score,"Supporting Table S5: G2S20, article-assigned crystallinity score 8/10.",manual_primary_supplementary_table,"Direct transcription of Table S5; precursor quantities/volume resolved through Table S3, concentration code 2.",FULL_PROTOCOL,Formula and hydration explicitly reported in Table S3.,2.0,COND-7779e157f343d32b,1,45,0.4444444444444444,1.0,0.4444444444444444,11.0-foundation-tranche-03,SAFE-GROUP-002
V11-HKUST-G1-01,TRAINING_CANDIDATE,True,DOI::10.1038/s41467-019-08483-9,"PAIR::cu::benzene-1,3,5-tricarboxylic acid (h3btc)",peer_reviewed_literature,V11-HKUST-G1-01,10.1038/s41467-019-08483-9,10.24435/materialscloud:2018.0011/v3,https://doi.org/10.24435/materialscloud:2018.0011/v3,https://doi.org/10.1038/s41467-019-08483-9,Capturing chemical intuition in synthesis of metal-organic frameworks,HKUST-1 / Cu-BTC,"benzene-1,3,5-tricarboxylic acid (H3BTC)",O=C(O)c1cc(C(=O)O)cc(C(=O)O)c1,,Aromatic tricarboxylate,Cu,Cu nitrate (hydration not stated in Supplementary Data 1),nitrate,,2,H2O 0.5 mL / EtOH 5 mL / iPrOH 1 mL,H2O,0.5,DMF,0.0,EtOH,5.0,MeOH,0.0,iPrOH,1.0,Nessuno,,120,0.9666666666666668,,,1.1111111111111112,6.5,,Automated microwave synthesis,174.0,Not encoded in the published Supplementary Data 1 table.,2,High-crystallinity target MOF,0.8,Normalized PXRD crystallinity and phase-purity fitness (0-1),Preregistered curation thresholds: <=0.30 class 0; 0.35-0.75 class 1; >=0.80 class 2. The continuous source score is retained.,V11-PXRD-NORMALIZED-0.30-0.80-v1,,367.0,True,False,PXRD FWHM plus phase-purity fitness,Published Supplementary Data 1 record G1-01; normalized crystallinity/phase-purity score 0.8.,direct_machine_readable_supplementary_csv,All nine experimental variables and the source outcome score were copied from the authors' CSV; absolute precursor amounts were not invented.,COMPLETE_CONDITIONS_RELATIVE_STOICHIOMETRY,Copper nitrate identity stated; hydration/absolute amount absent from shared CSV.,1.0,COND-d7215ff5e3bb8253,1,90,0.2222222222222222,0.85,0.1888888888888888,11.0-foundation-tranche-03,SAFE-GROUP-003
V11-HKUST-G1-02,TRAINING_CANDIDATE,True,DOI::10.1038/s41467-019-08483-9,"PAIR::cu::benzene-1,3,5-tricarboxylic acid (h3btc)",peer_reviewed_literature,V11-HKUST-G1-02,10.1038/s41467-019-08483-9,10.24435/materialscloud:2018.0011/v3,https://doi.org/10.24435/materialscloud:2018.0011/v3,https://doi.org/10.1038/s41467-019-08483-9,Capturing chemical intuition in synthesis of metal-organic frameworks,HKUST-1 / Cu-BTC,"benzene-1,3,5-tricarboxylic acid (H3BTC)",O=C(O)c1cc(C(=O)O)cc(C(=O)O)c1,,Aromatic tricarboxylate,Cu,Cu nitrate (hydration not stated in Supplementary Data 1),nitrate,,2,H2O 5.5 mL / EtOH 0.5 mL,H2O,5.5,DMF,0.0,EtOH,0.5,MeOH,0.0,iPrOH,0.0,Nessuno,,182,0.95,,,0.5882352941176471,6.0,,Automated microwave synthesis,248.0,Not encoded in the published Supplementary Data 1 table.,1,Partially successful / poor target crystallinity,0.55,Normalized PXRD crystallinity and phase-purity fitness (0-1),Preregistered curation thresholds: <=0.30 class 0; 0.35-0.75 class 1; >=0.80 class 2. The continuous source score is retained.,V11-PXRD-NORMALIZED-0.30-0.80-v1,,0.0,False,False,PXRD FWHM plus phase-purity fitness,Published Supplementary Data 1 record G1-02; normalized crystallinity/phase-purity score 0.55.,direct_machine_readable_supplementary_csv,All nine experimental variables and the source outcome score were copied from the authors' CSV; absolute precursor amounts were not invented.,COMPLETE_CONDITIONS_RELATIVE_STOICHIOMETRY,Copper nitrate identity stated; hydration/absolute amount absent from shared CSV.,1.0,COND-ee7dbff5e9dd283d,1,90,0.2222222222222222,0.85,0.1888888888888888,11.0-foundation-tranche-03,SAFE-GROUP-003
V11-HKUST-G1-03,TRAINING_CANDIDATE,True,DOI::10.1038/s41467-019-08483-9,"PAIR::cu::benzene-1,3,5-tricarboxylic acid (h3btc)",peer_reviewed_literature,V11-HKUST-G1-03,10.1038/s41467-019-08483-9,10.24435/materialscloud:2018.0011/v3,https://doi.org/10.24435/materialscloud:2018.0011/v3,https://doi.org/10.1038/s41467-019-08483-9,Capturing chemical intuition in synthesis of metal-organic frameworks,HKUST-1 / Cu-BTC,"benzene-1,3,5-tricarboxylic acid (H3BTC)",O=C(O)c1cc(C(=O)O)cc(C(=O)O)c1,,Aromatic tricarboxylate,Cu,Cu nitrate (hydration not stated in Supplementary Data 1),nitrate,,2,DMF 5.5 mL / EtOH 0.5 mL,H2O,0.0,DMF,5.5,EtOH,0.5,MeOH,0.0,iPrOH,0.0,Nessuno,,114,0.1166666666666666,,,0.5555555555555556,6.0,,Automated microwave synthesis,155.0,Not encoded in the published Supplementary Data 1 table.,1,Partially successful / poor target crystallinity,0.7,Normalized PXRD crystallinity and phase-purity fitness (0-1),Preregistered curation thresholds: <=0.30 class 0; 0.35-0.75 class 1; >=0.80 class 2. The continuous source score is retained.,V11-PXRD-NORMALIZED-0.30-0.80-v1,,0.0,False,False,PXRD FWHM plus phase-purity fitness,Published Supplementary Data 1 record G1-03; normalized crystallinity/phase-purity score 0.7.,direct_machine_readable_supplementary_csv,All nine experimental variables and the source outcome score were copied from the authors' CSV; absolute precursor amounts were not invented.,COMPLETE_CONDITIONS_RELATIVE_STOICHIOMETRY,Copper nitrate identity stated; hydration/absolute amount absent from shared CSV.,1.0,COND-de4a8c0c666808f3,1,90,0.2222222222222222,0.85,0.1888888888888888,11.0-foundation-tranche-03,SAFE-GROUP-003
V11-HKUST-G1-04,TRAINING_CANDIDATE,True,DOI::10.1038/s41467-019-08483-9,"PAIR::cu::benzene-1,3,5-tricarboxylic acid (h3btc)",peer_reviewed_literature,V11-HKUST-G1-04,10.1038/s41467-019-08483-9,10.24435/materialscloud:2018.0011/v3,https://doi.org/10.24435/materialscloud:2018.0011/v3,https://doi.org/10.1038/s41467-019-08483-9,Capturing chemical intuition in synthesis of metal-organic frameworks,HKUST-1 / Cu-BTC,"benzene-1,3,5-tricarboxylic acid (H3BTC)",O=C(O)c1cc(C(=O)O)cc(C(=O)O)c1,,Aromatic tricarboxylate,Cu,Cu nitrate (hydration not stated in Supplementary Data 1),nitrate,,2,EtOH 5 mL,H2O,0.0,DMF,0.0,EtOH,5.0,MeOH,0.0,iPrOH,0.0,Nessuno,,198,0.0666666666666666,,,0.5882352941176471,5.0,,Automated microwave synthesis,226.0,Not encoded in the published Supplementary Data 1 table.,1,Partially successful / poor target crystallinity,0.75,Normalized PXRD crystallinity and phase-purity fitness (0-1),Preregistered curation thresholds: <=0.30 class 0; 0.35-0.75 class 1; >=0.80 class 2. The continuous source score is retained.,V11-PXRD-NORMALIZED-0.30-0.80-v1,,0.0,False,False,PXRD FWHM plus phase-purity fitness,Published Supplementary Data 1 record G1-04; normalized crystallinity/phase-purity score 0.75.,direct_machine_readable_supplementary_csv,All nine experimental variables and the source outcome score were copied from the authors' CSV; absolute precursor amounts were not invented.,COMPLETE_CONDITIONS_RELATIVE_STOICHIOMETRY,Copper nitrate identity stated; hydration/absolute amount absent from shared CSV.,1.0,COND-940e39b9dd9a8c51,1,90,0.2222222222222222,0.85,0.1888888888888888,11.0-foundation-tranche-03,SAFE-GROUP-003
V11-HKUST-G1-05,TRAINING_CANDIDATE,True,DOI::10.1038/s41467-019-08483-9,"PAIR::cu::benzene-1,3,5-tricarboxylic acid (h3btc)",peer_reviewed_literature,V11-HKUST-G1-05,10.1038/s41467-019-08483-9,10.24435/materialscloud:2018.0011/v3,https://doi.org/10.24435/materialscloud:2018.0011/v3,https://doi.org/10.1038/s41467-019-08483-9,Capturing chemical intuition in synthesis of metal-organic frameworks,HKUST-1 / Cu-BTC,"benzene-1,3,5-tricarboxylic acid (H3BTC)",O=C(O)c1cc(C(=O)O)cc(C(=O)O)c1,,Aromatic tricarboxylate,Cu,Cu nitrate (hydration not stated in Supplementary Data 1),nitrate,,2,H2O 0.5 mL / DMF 4.5 mL,H2O,0.5,DMF,4.5,EtOH,0.0,MeOH,0.0,iPrOH,0.0,Nessuno,,108,0.8333333333333334,,,1.1111111111111112,5.0,,Automated microwave synthesis,250.0,Not encoded in the published Supplementary Data 1 table.,1,Partially successful / poor target crystallinity,0.75,Normalized PXRD crystallinity and phase-purity fitness (0-1),Preregistered curation thresholds: <=0.30 class 0; 0.35-0.75 class 1; >=0.80 class 2. The continuous source score is retained.,V11-PXRD-NORMALIZED-0.30-0.80-v1,,0.0,False,False,PXRD FWHM plus phase-purity fitness,Published Supplementary Data 1 record G1-05; normalized crystallinity/phase-purity score 0.75.,direct_machine_readable_supplementary_csv,All nine experimental variables and the source outcome score were copied from the authors' CSV; absolute precursor amounts were not invented.,COMPLETE_CONDITIONS_RELATIVE_STOICHIOMETRY,Copper nitrate identity stated; hydration/absolute amount absent from shared CSV.,1.0,COND-ce375566e2b27a80,1,90,0.2222222222222222,0.85,0.1888888888888888,11.0-foundation-tranche-03,SAFE-GROUP-003
V11-HKUST-G1-06,TRAINING_CANDIDATE,True,DOI::10.1038/s41467-019-08483-9,"PAIR::cu::benzene-1,3,5-tricarboxylic acid (h3btc)",peer_reviewed_literature,V11-HKUST-G1-06,10.1038/s41467-019-08483-9,10.24435/materialscloud:2018.0011/v3,https://doi.org/10.24435/materialscloud:2018.0011/v3,https://doi.org/10.1038/s41467-019-08483-9,Capturing chemical intuition in synthesis of metal-organic frameworks,HKUST-1 / Cu-BTC,"benzene-1,3,5-tricarboxylic acid (H3BTC)",O=C(O)c1cc(C(=O)O)cc(C(=O)O)c1,,Aromatic tricarboxylate,Cu,Cu nitrate (hydration not stated in Supplementary Data 1),nitrate,,2,H2O 5 mL / DMF 0.5 mL,H2O,5.0,DMF,0.5,EtOH,0.0,MeOH,0.0,iPrOH,0.0,Nessuno,,101,0.1,,,1.1111111111111112,5.5,,Automated microwave synthesis,176.0,Not encoded in the published Supplementary Data 1 table.,1,Partially successful / poor target crystallinity,0.35,Normalized PXRD crystallinity and phase-purity fitness (0-1),Preregistered curation thresholds: <=0.30 class 0; 0.35-0.75 class 1; >=0.80 class 2. The continuous source score is retained.,V11-PXRD-NORMALIZED-0.30-0.80-v1,,0.0,False,False,PXRD FWHM plus phase-purity fitness,Published Supplementary Data 1 record G1-06; normalized crystallinity/phase-purity score 0.35.,direct_machine_readable_supplementary_csv,All nine experimental variables and the source outcome score were copied from the authors' CSV; absolute precursor amounts were not invented.,COMPLETE_CONDITIONS_RELATIVE_STOICHIOMETRY,Copper nitrate identity stated; hydration/absolute amount absent from shared CSV.,1.0,COND-0281a8db002131c3,1,90,0.2222222222222222,0.85,0.1888888888888888,11.0-foundation-tranche-03,SAFE-GROUP-003
V11-HKUST-G1-07,TRAINING_CANDIDATE,True,DOI::10.1038/s41467-019-08483-9,"PAIR::cu::benzene-1,3,5-tricarboxylic acid (h3btc)",peer_reviewed_literature,V11-HKUST-G1-07,10.1038/s41467-019-08483-9,10.24435/materialscloud:2018.0011/v3,https://doi.org/10.24435/materialscloud:2018.0011/v3,https://doi.org/10.1038/s41467-019-08483-9,Capturing chemical intuition in synthesis of metal-organic frameworks,HKUST-1 / Cu-BTC,"benzene-1,3,5-tricarboxylic acid (H3BTC)",O=C(O)c1cc(C(=O)O)cc(C(=O)O)c1,,Aromatic tricarboxylate,Cu,Cu nitrate (hydration not stated in Supplementary Data 1),nitrate,,2,DMF 0.5 mL / MeOH 1 mL / iPrOH 4 mL,H2O,0.0,DMF,0.5,EtOH,0.0,MeOH,1.0,iPrOH,4.0,Nessuno,,107,1.0,,,0.5555555555555556,5.5,,Automated microwave synthesis,232.0,Not encoded in the published Supplementary Data 1 table.,1,Partially successful / poor target crystallinity,0.65,Normalized PXRD crystallinity and phase-purity fitness (0-1),Preregistered curation thresholds: <=0.30 class 0; 0.35-0.75 class 1; >=0.80 class 2. The continuous source score is retained.,V11-PXRD-NORMALIZED-0.30-0.80-v1,,0.0,False,False,PXRD FWHM plus phase-purity fitness,Published Supplementary Data 1 record G1-07; normalized crystallinity/phase-purity score 0.65.,direct_machine_readable_supplementary_csv,All nine experimental variables and the source outcome score were copied from the authors' CSV; absolute precursor amounts were not invented.,COMPLETE_CONDITIONS_RELATIVE_STOICHIOMETRY,Copper nitrate identity stated; hydration/absolute amount absent from shared CSV.,1.0,COND-c63d32c74450d835,1,90,0.2222222222222222,0.85,0.1888888888888888,11.0-foundation-tranche-03,SAFE-GROUP-003
V11-HKUST-G1-08,TRAINING_CANDIDATE,True,DOI::10.1038/s41467-019-08483-9,"PAIR::cu::benzene-1,3,5-tricarboxylic acid (h3btc)",peer_reviewed_literature,V11-HKUST-G1-08,10.1038/s41467-019-08483-9,10.24435/materialscloud:2018.0011/v3,https://doi.org/10.24435/materialscloud:2018.0011/v3,https://doi.org/10.1038/s41467-019-08483-9,Capturing chemical intuition in synthesis of metal-organic frameworks,HKUST-1 / Cu-BTC,"benzene-1,3,5-tricarboxylic acid (H3BTC)",O=C(O)c1cc(C(=O)O)cc(C(=O)O)c1,,Aromatic tricarboxylate,Cu,Cu nitrate (hydration not stated in Supplementary Data 1),nitrate,,2,H2O 1 mL / iPrOH 4.5 mL,H2O,1.0,DMF,0.0,EtOH,0.0,MeOH,0.0,iPrOH,4.5,Nessuno,,158,0.1,,,1.0,5.5,,Automated microwave synthesis,249.0,Not encoded in the published Supplementary Data 1 table.,1,Partially successful / poor target crystallinity,0.4,Normalized PXRD crystallinity and phase-purity fitness (0-1),Preregistered curation thresholds: <=0.30 class 0; 0.35-0.75 class 1; >=0.80 class 2. The continuous source score is retained.,V11-PXRD-NORMALIZED-0.30-0.80-v1,,0.0,False,False,PXRD FWHM plus phase-purity fitness,Published Supplementary Data 1 record G1-08; normalized crystallinity/phase-purity score 0.4.,direct_machine_readable_supplementary_csv,All nine experimental variables and the source outcome score were copied from the authors' CSV; absolute precursor amounts were not invented.,COMPLETE_CONDITIONS_RELATIVE_STOICHIOMETRY,Copper nitrate identity stated; hydration/absolute amount absent from shared CSV.,1.0,COND-3e9d31539ed27365,1,90,0.2222222222222222,0.85,0.1888888888888888,11.0-foundation-tranche-03,SAFE-GROUP-003
V11-HKUST-G1-09,TRAINING_CANDIDATE,True,DOI::10.1038/s41467-019-08483-9,"PAIR::cu::benzene-1,3,5-tricarboxylic acid (h3btc)",peer_reviewed_literature,V11-HKUST-G1-09,10.1038/s41467-019-08483-9,10.24435/materialscloud:2018.0011/v3,https://doi.org/10.24435/materialscloud:2018.0011/v3,https://doi.org/10.1038/s41467-019-08483-9,Capturing chemical intuition in synthesis of metal-organic frameworks,HKUST-1 / Cu-BTC,"benzene-1,3,5-tricarboxylic acid (H3BTC)",O=C(O)c1cc(C(=O)O)cc(C(=O)O)c1,,Aromatic tricarboxylate,Cu,Cu nitrate (hydration not stated in Supplementary Data 1),nitrate,,2,MeOH 5.5 mL,H2O,0.0,DMF,0.0,EtOH,0.0,MeOH,5.5,iPrOH,0.0,Nessuno,,138,0.3333333333333333,,,0.6666666666666666,5.5,,Automated microwave synthesis,211.0,Not encoded in the published Supplementary Data 1 table.,2,High-crystallinity target MOF,0.8,Normalized PXRD crystallinity and phase-purity fitness (0-1),Preregistered curation thresholds: <=0.30 class 0; 0.35-0.75 class 1; >=0.80 class 2. The continuous source score is retained.,V11-PXRD-NORMALIZED-0.30-0.80-v1,,0.0,True,False,PXRD FWHM plus phase-purity fitness,Published Supplementary Data 1 record G1-09; normalized crystallinity/phase-purity score 0.8.,direct_machine_readable_supplementary_csv,All nine experimental variables and the source outcome score were copied from the authors' CSV; absolute precursor amounts were not invented.,COMPLETE_CONDITIONS_RELATIVE_STOICHIOMETRY,Copper nitrate identity stated; hydration/absolute amount absent from shared CSV.,1.0,COND-fe580a575c9fd60e,1,90,0.2222222222222222,0.85,0.1888888888888888,11.0-foundation-tranche-03,SAFE-GROUP-003
V11-HKUST-G1-10,TRAINING_CANDIDATE,True,DOI::10.1038/s41467-019-08483-9,"PAIR::cu::benzene-1,3,5-tricarboxylic acid (h3btc)",peer_reviewed_literature,V11-HKUST-G1-10,10.1038/s41467-019-08483-9,10.24435/materialscloud:2018.0011/v3,https://doi.org/10.24435/materialscloud:2018.0011/v3,https://doi.org/10.1038/s41467-019-08483-9,Capturing chemical intuition in synthesis of metal-organic frameworks,HKUST-1 / Cu-BTC,"benzene-1,3,5-tricarboxylic acid (H3BTC)",O=C(O)c1cc(C(=O)O)cc(C(=O)O)c1,,Aromatic tricarboxylate,Cu,Cu nitrate (hydration not stated in Supplementary Data 1),nitrate,,2,H2O 4 mL / MeOH 0.5 mL,H2O,4.0,DMF,0.0,EtOH,0.0,MeOH,0.5,iPrOH,0.0,Nessuno,,200,0.0666666666666666,,,0.5882352941176471,4.5,,Automated microwave synthesis,154.0,Not encoded in the published Supplementary Data 1 table.,0,Very low target crystallinity / failed target synthesis,0.1,Normalized PXRD crystallinity and phase-purity fitness (0-1),Preregistered curation thresholds: <=0.30 class 0; 0.35-0.75 class 1; >=0.80 class 2. The continuous source score is retained.,V11-PXRD-NORMALIZED-0.30-0.80-v1,,0.0,False,False,PXRD FWHM plus phase-purity fitness,Published Supplementary Data 1 record G1-10; normalized crystallinity/phase-purity score 0.1.,direct_machine_readable_supplementary_csv,All nine experimental variables and the source outcome score were copied from the authors' CSV; absolute precursor amounts were not invented.,COMPLETE_CONDITIONS_RELATIVE_STOICHIOMETRY,Copper nitrate identity stated; hydration/absolute amount absent from shared CSV.,1.0,COND-86b9c7f81fc71c72,1,90,0.2222222222222222,0.85,0.1888888888888888,11.0-foundation-tranche-03,SAFE-GROUP-003
V11-HKUST-G1-11,TRAINING_CANDIDATE,True,DOI::10.1038/s41467-019-08483-9,"PAIR::cu::benzene-1,3,5-tricarboxylic acid (h3btc)",peer_reviewed_literature,V11-HKUST-G1-11,10.1038/s41467-019-08483-9,10.24435/materialscloud:2018.0011/v3,https://doi.org/10.24435/materialscloud:2018.0011/v3,https://doi.org/10.1038/s41467-019-08483-9,Capturing chemical intuition in synthesis of metal-organic frameworks,HKUST-1 / Cu-BTC,"benzene-1,3,5-tricarboxylic acid (H3BTC)",O=C(O)c1cc(C(=O)O)cc(C(=O)O)c1,,Aromatic tricarboxylate,Cu,Cu nitrate (hydration not stated in Supplementary Data 1),nitrate,,2,DMF 5 mL / MeOH 0.5 mL / iPrOH 0.5 mL,H2O,0.0,DMF,5.0,EtOH,0.0,MeOH,0.5,iPrOH,0.5,Nessuno,,198,0.8833333333333333,,,1.1111111111111112,6.0,,Automated microwave synthesis,165.0,Not encoded in the published Supplementary Data 1 table.,1,Partially successful / poor target crystallinity,0.6,Normalized PXRD crystallinity and phase-purity fitness (0-1),Preregistered curation thresholds: <=0.30 class 0; 0.35-0.75 class 1; >=0.80 class 2. The continuous source score is retained.,V11-PXRD-NORMALIZED-0.30-0.80-v1,,0.0,False,False,PXRD FWHM plus phase-purity fitness,Published Supplementary Data 1 record G1-11; normalized crystallinity/phase-purity score 0.6.,direct_machine_readable_supplementary_csv,All nine experimental variables and the source outcome score were copied from the authors' CSV; absolute precursor amounts were not invented.,COMPLETE_CONDITIONS_RELATIVE_STOICHIOMETRY,Copper nitrate identity stated; hydration/absolute amount absent from shared CSV.,1.0,COND-5498be4f486d71d7,1,90,0.2222222222222222,0.85,0.1888888888888888,11.0-foundation-tranche-03,SAFE-GROUP-003
V11-HKUST-G1-12,TRAINING_CANDIDATE,True,DOI::10.1038/s41467-019-08483-9,"PAIR::cu::benzene-1,3,5-tricarboxylic acid (h3btc)",peer_reviewed_literature,V11-HKUST-G1-12,10.1038/s41467-019-08483-9,10.24435/materialscloud:2018.0011/v3,https://doi.org/10.24435/materialscloud:2018.0011/v3,https://doi.org/10.1038/s41467-019-08483-9,Capturing chemical intuition in synthesis of metal-organic frameworks,HKUST-1 / Cu-BTC,"benzene-1,3,5-tricarboxylic acid (H3BTC)",O=C(O)c1cc(C(=O)O)cc(C(=O)O)c1,,Aromatic tricarboxylate,Cu,Cu nitrate (hydration not stated in Supplementary Data 1),nitrate,,2,EtOH 0.5 mL / MeOH 5 mL,H2O,0.0,DMF,0.0,EtOH,0.5,MeOH,5.0,iPrOH,0.0,Nessuno,,174,0.9,,,1.25,5.5,,Automated microwave synthesis,248.0,Not encoded in the published Supplementary Data 1 table.,1,Partially successful / poor target crystallinity,0.6,Normalized PXRD crystallinity and phase-purity fitness (0-1),Preregistered curation thresholds: <=0.30 class 0; 0.35-0.75 class 1; >=0.80 class 2. The continuous source score is retained.,V11-PXRD-NORMALIZED-0.30-0.80-v1,,0.0,False,False,PXRD FWHM plus phase-purity fitness,Published Supplementary Data 1 record G1-12; normalized crystallinity/phase-purity score 0.6.,direct_machine_readable_supplementary_csv,All nine experimental variables and the source outcome score were copied from the authors' CSV; absolute precursor amounts were not invented.,COMPLETE_CONDITIONS_RELATIVE_STOICHIOMETRY,Copper nitrate identity stated; hydration/absolute amount absent from shared CSV.,1.0,COND-c213e13cb2f4cbfe,1,90,0.2222222222222222,0.85,0.1888888888888888,11.0-foundation-tranche-03,SAFE-GROUP-003
V11-HKUST-G1-13,TRAINING_CANDIDATE,True,DOI::10.1038/s41467-019-08483-9,"PAIR::cu::benzene-1,3,5-tricarboxylic acid (h3btc)",peer_reviewed_literature,V11-HKUST-G1-13,10.1038/s41467-019-08483-9,10.24435/materialscloud:2018.0011/v3,https://doi.org/10.24435/materialscloud:2018.0011/v3,https://doi.org/10.1038/s41467-019-08483-9,Capturing chemical intuition in synthesis of metal-organic frameworks,HKUST-1 / Cu-BTC,"benzene-1,3,5-tricarboxylic acid (H3BTC)",O=C(O)c1cc(C(=O)O)cc(C(=O)O)c1,,Aromatic tricarboxylate,Cu,Cu nitrate (hydration not stated in Supplementary Data 1),nitrate,,2,H2O 0.5 mL / DMF 0.5 mL / MeOH 5 mL,H2O,0.5,DMF,0.5,EtOH,0.0,MeOH,5.0,iPrOH,0.0,Nessuno,,132,0.7333333333333333,,,0.5882352941176471,6.0,,Automated microwave synthesis,152.0,Not encoded in the published Supplementary Data 1 table.,1,Partially successful / poor target crystallinity,0.7,Normalized PXRD crystallinity and phase-purity fitness (0-1),Preregistered curation thresholds: <=0.30 class 0; 0.35-0.75 class 1; >=0.80 class 2. The continuous source score is retained.,V11-PXRD-NORMALIZED-0.30-0.80-v1,,0.0,False,False,PXRD FWHM plus phase-purity fitness,Published Supplementary Data 1 record G1-13; normalized crystallinity/phase-purity score 0.7.,direct_machine_readable_supplementary_csv,All nine experimental variables and the source outcome score were copied from the authors' CSV; absolute precursor amounts were not invented.,COMPLETE_CONDITIONS_RELATIVE_STOICHIOMETRY,Copper nitrate identity stated; hydration/absolute amount absent from shared CSV.,1.0,COND-ea4572cdd4da0354,1,90,0.2222222222222222,0.85,0.1888888888888888,11.0-foundation-tranche-03,SAFE-GROUP-003
V11-HKUST-G1-14,TRAINING_CANDIDATE,True,DOI::10.1038/s41467-019-08483-9,"PAIR::cu::benzene-1,3,5-tricarboxylic acid (h3btc)",peer_reviewed_literature,V11-HKUST-G1-14,10.1038/s41467-019-08483-9,10.24435/materialscloud:2018.0011/v3,https://doi.org/10.24435/materialscloud:2018.0011/v3,https://doi.org/10.1038/s41467-019-08483-9,Capturing chemical intuition in synthesis of metal-organic frameworks,HKUST-1 / Cu-BTC,"benzene-1,3,5-tricarboxylic acid (H3BTC)",O=C(O)c1cc(C(=O)O)cc(C(=O)O)c1,,Aromatic tricarboxylate,Cu,Cu nitrate (hydration not stated in Supplementary Data 1),nitrate,,2,EtOH 5 mL,H2O,0.0,DMF,0.0,EtOH,5.0,MeOH,0.0,iPrOH,0.0,Nessuno,,129,0.5666666666666667,,,1.25,5.0,,Automated microwave synthesis,250.0,Not encoded in the published Supplementary Data 1 table.,1,Partially successful / poor target crystallinity,0.7,Normalized PXRD crystallinity and phase-purity fitness (0-1),Preregistered curation thresholds: <=0.30 class 0; 0.35-0.75 class 1; >=0.80 class 2. The continuous source score is retained.,V11-PXRD-NORMALIZED-0.30-0.80-v1,,0.0,False,False,PXRD FWHM plus phase-purity fitness,Published Supplementary Data 1 record G1-14; normalized crystallinity/phase-purity score 0.7.,direct_machine_readable_supplementary_csv,All nine experimental variables and the source outcome score were copied from the authors' CSV; absolute precursor amounts were not invented.,COMPLETE_CONDITIONS_RELATIVE_STOICHIOMETRY,Copper nitrate identity stated; hydration/absolute amount absent from shared CSV.,1.0,COND-ce8ac48b1691ded7,1,90,0.2222222222222222,0.85,0.1888888888888888,11.0-foundation-tranche-03,SAFE-GROUP-003
V11-HKUST-G1-15,TRAINING_CANDIDATE,True,DOI::10.1038/s41467-019-08483-9,"PAIR::cu::benzene-1,3,5-tricarboxylic acid (h3btc)",peer_reviewed_literature,V11-HKUST-G1-15,10.1038/s41467-019-08483-9,10.24435/materialscloud:2018.0011/v3,https://doi.org/10.24435/materialscloud:2018.0011/v3,https://doi.org/10.1038/s41467-019-08483-9,Capturing chemical intuition in synthesis of metal-organic frameworks,HKUST-1 / Cu-BTC,"benzene-1,3,5-tricarboxylic acid (H3BTC)",O=C(O)c1cc(C(=O)O)cc(C(=O)O)c1,,Aromatic tricarboxylate,Cu,Cu nitrate (hydration not stated in Supplementary Data 1),nitrate,,2,iPrOH 5.5 mL,H2O,0.0,DMF,0.0,EtOH,0.0,MeOH,0.0,iPrOH,5.5,Nessuno,,191,0.5,,,0.5555555555555556,5.5,,Automated microwave synthesis,172.0,Not encoded in the published Supplementary Data 1 table.,1,Partially successful / poor target crystallinity,0.55,Normalized PXRD crystallinity and phase-purity fitness (0-1),Preregistered curation thresholds: <=0.30 class 0; 0.35-0.75 class 1; >=0.80 class 2. The continuous source score is retained.,V11-PXRD-NORMALIZED-0.30-0.80-v1,,0.0,False,False,PXRD FWHM plus phase-purity fitness,Published Supplementary Data 1 record G1-15; normalized crystallinity/phase-purity score 0.55.,direct_machine_readable_supplementary_csv,All nine experimental variables and the source outcome score were copied from the authors' CSV; absolute precursor amounts were not invented.,COMPLETE_CONDITIONS_RELATIVE_STOICHIOMETRY,Copper nitrate identity stated; hydration/absolute amount absent from shared CSV.,1.0,COND-1d9de3ebc89e9bd0,1,90,0.2222222222222222,0.85,0.1888888888888888,11.0-foundation-tranche-03,SAFE-GROUP-003
V11-HKUST-G1-16,TRAINING_CANDIDATE,True,DOI::10.1038/s41467-019-08483-9,"PAIR::cu::benzene-1,3,5-tricarboxylic acid (h3btc)",peer_reviewed_literature,V11-HKUST-G1-16,10.1038/s41467-019-08483-9,10.24435/materialscloud:2018.0011/v3,https://doi.org/10.24435/materialscloud:2018.0011/v3,https://doi.org/10.1038/s41467-019-08483-9,Capturing chemical intuition in synthesis of metal-organic frameworks,HKUST-1 / Cu-BTC,"benzene-1,3,5-tricarboxylic acid (H3BTC)",O=C(O)c1cc(C(=O)O)cc(C(=O)O)c1,,Aromatic tricarboxylate,Cu,Cu nitrate (hydration not stated in Supplementary Data 1),nitrate,,2,H2O 0.5 mL / DMF 4.5 mL / iPrOH 0.5 mL,H2O,0.5,DMF,4.5,EtOH,0.0,MeOH,0.0,iPrOH,0.5,Nessuno,,194,0.1333333333333333,,,1.25,5.5,,Automated microwave synthesis,206.0,Not encoded in the published Supplementary Data 1 table.,1,Partially successful / poor target crystallinity,0.7,Normalized PXRD crystallinity and phase-purity fitness (0-1),Preregistered curation thresholds: <=0.30 class 0; 0.35-0.75 class 1; >=0.80 class 2. The continuous source score is retained.,V11-PXRD-NORMALIZED-0.30-0.80-v1,,0.0,False,False,PXRD FWHM plus phase-purity fitness,Published Supplementary Data 1 record G1-16; normalized crystallinity/phase-purity score 0.7.,direct_machine_readable_supplementary_csv,All nine experimental variables and the source outcome score were copied from the authors' CSV; absolute precursor amounts were not invented.,COMPLETE_CONDITIONS_RELATIVE_STOICHIOMETRY,Copper nitrate identity stated; hydration/absolute amount absent from shared CSV.,1.0,COND-46ca7b7b03df5b43,1,90,0.2222222222222222,0.85,0.1888888888888888,11.0-foundation-tranche-03,SAFE-GROUP-003
V11-HKUST-G1-17,TRAINING_CANDIDATE,True,DOI::10.1038/s41467-019-08483-9,"PAIR::cu::benzene-1,3,5-tricarboxylic acid (h3btc)",peer_reviewed_literature,V11-HKUST-G1-17,10.1038/s41467-019-08483-9,10.24435/materialscloud:2018.0011/v3,https://doi.org/10.24435/materialscloud:2018.0011/v3,https://doi.org/10.1038/s41467-019-08483-9,Capturing chemical intuition in synthesis of metal-organic frameworks,HKUST-1 / Cu-BTC,"benzene-1,3,5-tricarboxylic acid (H3BTC)",O=C(O)c1cc(C(=O)O)cc(C(=O)O)c1,,Aromatic tricarboxylate,Cu,Cu nitrate (hydration not stated in Supplementary Data 1),nitrate,,2,H2O 5 mL / EtOH 0.5 mL / iPrOH 0.5 mL,H2O,5.0,DMF,0.0,EtOH,0.5,MeOH,0.0,iPrOH,0.5,Nessuno,,100,0.9833333333333332,,,0.5882352941176471,6.0,,Automated microwave synthesis,150.0,Not encoded in the published Supplementary Data 1 table.,0,Very low target crystallinity / failed target synthesis,0.2,Normalized PXRD crystallinity and phase-purity fitness (0-1),Preregistered curation thresholds: <=0.30 class 0; 0.35-0.75 class 1; >=0.80 class 2. The continuous source score is retained.,V11-PXRD-NORMALIZED-0.30-0.80-v1,,0.0,False,False,PXRD FWHM plus phase-purity fitness,Published Supplementary Data 1 record G1-17; normalized crystallinity/phase-purity score 0.2.,direct_machine_readable_supplementary_csv,All nine experimental variables and the source outcome score were copied from the authors' CSV; absolute precursor amounts were not invented.,COMPLETE_CONDITIONS_RELATIVE_STOICHIOMETRY,Copper nitrate identity stated; hydration/absolute amount absent from shared CSV.,1.0,COND-dc1719cdbf92cd41,1,90,0.2222222222222222,0.85,0.1888888888888888,11.0-foundation-tranche-03,SAFE-GROUP-003
V11-HKUST-G1-18,TRAINING_CANDIDATE,True,DOI::10.1038/s41467-019-08483-9,"PAIR::cu::benzene-1,3,5-tricarboxylic acid (h3btc)",peer_reviewed_literature,V11-HKUST-G1-18,10.1038/s41467-019-08483-9,10.24435/materialscloud:2018.0011/v3,https://doi.org/10.24435/materialscloud:2018.0011/v3,https://doi.org/10.1038/s41467-019-08483-9,Capturing chemical intuition in synthesis of metal-organic frameworks,HKUST-1 / Cu-BTC,"benzene-1,3,5-tricarboxylic acid (H3BTC)",O=C(O)c1cc(C(=O)O)cc(C(=O)O)c1,,Aromatic tricarboxylate,Cu,Cu nitrate (hydration not stated in Supplementary Data 1),nitrate,,2,H2O 4.5 mL / DMF 0.5 mL,H2O,4.5,DMF,0.5,EtOH,0.0,MeOH,0.0,iPrOH,0.0,Nessuno,,126,0.0333333333333333,,,0.5882352941176471,5.0,,Automated microwave synthesis,244.0,Not encoded in the published Supplementary Data 1 table.,1,Partially successful / poor target crystallinity,0.5,Normalized PXRD crystallinity and phase-purity fitness (0-1),Preregistered curation thresholds: <=0.30 class 0; 0.35-0.75 class 1; >=0.80 class 2. The continuous source score is retained.,V11-PXRD-NORMALIZED-0.30-0.80-v1,,0.0,False,False,PXRD FWHM plus phase-purity fitness,Published Supplementary Data 1 record G1-18; normalized crystallinity/phase-purity score 0.5.,direct_machine_readable_supplementary_csv,All nine experimental variables and the source outcome score were copied from the authors' CSV; absolute precursor amounts were not invented.,COMPLETE_CONDITIONS_RELATIVE_STOICHIOMETRY,Copper nitrate identity stated; hydration/absolute amount absent from shared CSV.,1.0,COND-4c3fbd3d3719595f,1,90,0.2222222222222222,0.85,0.1888888888888888,11.0-foundation-tranche-03,SAFE-GROUP-003
V11-HKUST-G1-19,TRAINING_CANDIDATE,True,DOI::10.1038/s41467-019-08483-9,"PAIR::cu::benzene-1,3,5-tricarboxylic acid (h3btc)",peer_reviewed_literature,V11-HKUST-G1-19,10.1038/s41467-019-08483-9,10.24435/materialscloud:2018.0011/v3,https://doi.org/10.24435/materialscloud:2018.0011/v3,https://doi.org/10.1038/s41467-019-08483-9,Capturing chemical intuition in synthesis of metal-organic frameworks,HKUST-1 / Cu-BTC,"benzene-1,3,5-tricarboxylic acid (H3BTC)",O=C(O)c1cc(C(=O)O)cc(C(=O)O)c1,,Aromatic tricarboxylate,Cu,Cu nitrate (hydration not stated in Supplementary Data 1),nitrate,,2,DMF 0.5 mL / EtOH 1 mL / MeOH 0.5 mL / iPrOH 3.5 mL,H2O,0.0,DMF,0.5,EtOH,1.0,MeOH,0.5,iPrOH,3.5,Nessuno,,110,0.05,,,0.7692307692307692,5.5,,Automated microwave synthesis,154.0,Not encoded in the published Supplementary Data 1 table.,1,Partially successful / poor target crystallinity,0.5,Normalized PXRD crystallinity and phase-purity fitness (0-1),Preregistered curation thresholds: <=0.30 class 0; 0.35-0.75 class 1; >=0.80 class 2. The continuous source score is retained.,V11-PXRD-NORMALIZED-0.30-0.80-v1,,0.0,False,False,PXRD FWHM plus phase-purity fitness,Published Supplementary Data 1 record G1-19; normalized crystallinity/phase-purity score 0.5.,direct_machine_readable_supplementary_csv,All nine experimental variables and the source outcome score were copied from the authors' CSV; absolute precursor amounts were not invented.,COMPLETE_CONDITIONS_RELATIVE_STOICHIOMETRY,Copper nitrate identity stated; hydration/absolute amount absent from shared CSV.,1.0,COND-c49e41612ec60f1f,1,90,0.2222222222222222,0.85,0.1888888888888888,11.0-foundation-tranche-03,SAFE-GROUP-003
V11-HKUST-G1-20,TRAINING_CANDIDATE,True,DOI::10.1038/s41467-019-08483-9,"PAIR::cu::benzene-1,3,5-tricarboxylic acid (h3btc)",peer_reviewed_literature,V11-HKUST-G1-20,10.1038/s41467-019-08483-9,10.24435/materialscloud:2018.0011/v3,https://doi.org/10.24435/materialscloud:2018.0011/v3,https://doi.org/10.1038/s41467-019-08483-9,Capturing chemical intuition in synthesis of metal-organic frameworks,HKUST-1 / Cu-BTC,"benzene-1,3,5-tricarboxylic acid (H3BTC)",O=C(O)c1cc(C(=O)O)cc(C(=O)O)c1,,Aromatic tricarboxylate,Cu,Cu nitrate (hydration not stated in Supplementary Data 1),nitrate,,2,MeOH 6 mL,H2O,0.0,DMF,0.0,EtOH,0.0,MeOH,6.0,iPrOH,0.0,Nessuno,,143,0.3666666666666666,,,0.6666666666666666,6.0,,Automated microwave synthesis,183.0,Not encoded in the published Supplementary Data 1 table.,1,Partially successful / poor target crystallinity,0.75,Normalized PXRD crystallinity and phase-purity fitness (0-1),Preregistered curation thresholds: <=0.30 class 0; 0.35-0.75 class 1; >=0.80 class 2. The continuous source score is retained.,V11-PXRD-NORMALIZED-0.30-0.80-v1,,0.0,False,False,PXRD FWHM plus phase-purity fitness,Published Supplementary Data 1 record G1-20; normalized crystallinity/phase-purity score 0.75.,direct_machine_readable_supplementary_csv,All nine experimental variables and the source outcome score were copied from the authors' CSV; absolute precursor amounts were not invented.,COMPLETE_CONDITIONS_RELATIVE_STOICHIOMETRY,Copper nitrate identity stated; hydration/absolute amount absent from shared CSV.,1.0,COND-1836d19c5f093cdc,1,90,0.2222222222222222,0.85,0.1888888888888888,11.0-foundation-tranche-03,SAFE-GROUP-003
V11-HKUST-G1-21,TRAINING_CANDIDATE,True,DOI::10.1038/s41467-019-08483-9,"PAIR::cu::benzene-1,3,5-tricarboxylic acid (h3btc)",peer_reviewed_literature,V11-HKUST-G1-21,10.1038/s41467-019-08483-9,10.24435/materialscloud:2018.0011/v3,https://doi.org/10.24435/materialscloud:2018.0011/v3,https://doi.org/10.1038/s41467-019-08483-9,Capturing chemical intuition in synthesis of metal-organic frameworks,HKUST-1 / Cu-BTC,"benzene-1,3,5-tricarboxylic acid (H3BTC)",O=C(O)c1cc(C(=O)O)cc(C(=O)O)c1,,Aromatic tricarboxylate,Cu,Cu nitrate (hydration not stated in Supplementary Data 1),nitrate,,2,H2O 0.5 mL / DMF 1.5 mL / iPrOH 4 mL,H2O,0.5,DMF,1.5,EtOH,0.0,MeOH,0.0,iPrOH,4.0,Nessuno,,200,1.0,,,0.7692307692307692,6.0,,Automated microwave synthesis,248.0,Not encoded in the published Supplementary Data 1 table.,2,High-crystallinity target MOF,0.8,Normalized PXRD crystallinity and phase-purity fitness (0-1),Preregistered curation thresholds: <=0.30 class 0; 0.35-0.75 class 1; >=0.80 class 2. The continuous source score is retained.,V11-PXRD-NORMALIZED-0.30-0.80-v1,,0.0,True,False,PXRD FWHM plus phase-purity fitness,Published Supplementary Data 1 record G1-21; normalized crystallinity/phase-purity score 0.8.,direct_machine_readable_supplementary_csv,All nine experimental variables and the source outcome score were copied from the authors' CSV; absolute precursor amounts were not invented.,COMPLETE_CONDITIONS_RELATIVE_STOICHIOMETRY,Copper nitrate identity stated; hydration/absolute amount absent from shared CSV.,1.0,COND-b1d4bb575c05d23a,1,90,0.2222222222222222,0.85,0.1888888888888888,11.0-foundation-tranche-03,SAFE-GROUP-003
V11-HKUST-G1-22,TRAINING_CANDIDATE,True,DOI::10.1038/s41467-019-08483-9,"PAIR::cu::benzene-1,3,5-tricarboxylic acid (h3btc)",peer_reviewed_literature,V11-HKUST-G1-22,10.1038/s41467-019-08483-9,10.24435/materialscloud:2018.0011/v3,https://doi.org/10.24435/materialscloud:2018.0011/v3,https://doi.org/10.1038/s41467-019-08483-9,Capturing chemical intuition in synthesis of metal-organic frameworks,HKUST-1 / Cu-BTC,"benzene-1,3,5-tricarboxylic acid (H3BTC)",O=C(O)c1cc(C(=O)O)cc(C(=O)O)c1,,Aromatic tricarboxylate,Cu,Cu nitrate (hydration not stated in Supplementary Data 1),nitrate,,2,H2O 5 mL / DMF 0.5 mL / MeOH 0.5 mL,H2O,5.0,DMF,0.5,EtOH,0.0,MeOH,0.5,iPrOH,0.0,Nessuno,,196,0.4,,,1.1111111111111112,6.0,,Automated microwave synthesis,206.0,Not encoded in the published Supplementary Data 1 table.,0,Very low target crystallinity / failed target synthesis,0.3,Normalized PXRD crystallinity and phase-purity fitness (0-1),Preregistered curation thresholds: <=0.30 class 0; 0.35-0.75 class 1; >=0.80 class 2. The continuous source score is retained.,V11-PXRD-NORMALIZED-0.30-0.80-v1,,0.0,False,False,PXRD FWHM plus phase-purity fitness,Published Supplementary Data 1 record G1-22; normalized crystallinity/phase-purity score 0.3.,direct_machine_readable_supplementary_csv,All nine experimental variables and the source outcome score were copied from the authors' CSV; absolute precursor amounts were not invented.,COMPLETE_CONDITIONS_RELATIVE_STOICHIOMETRY,Copper nitrate identity stated; hydration/absolute amount absent from shared CSV.,1.0,COND-e9eb8053d69bc7d6,1,90,0.2222222222222222,0.85,0.1888888888888888,11.0-foundation-tranche-03,SAFE-GROUP-003
V11-HKUST-G1-23,TRAINING_CANDIDATE,True,DOI::10.1038/s41467-019-08483-9,"PAIR::cu::benzene-1,3,5-tricarboxylic acid (h3btc)",peer_reviewed_literature,V11-HKUST-G1-23,10.1038/s41467-019-08483-9,10.24435/materialscloud:2018.0011/v3,https://doi.org/10.24435/materialscloud:2018.0011/v3,https://doi.org/10.1038/s41467-019-08483-9,Capturing chemical intuition in synthesis of metal-organic frameworks,HKUST-1 / Cu-BTC,"benzene-1,3,5-tricarboxylic acid (H3BTC)",O=C(O)c1cc(C(=O)O)cc(C(=O)O)c1,,Aromatic tricarboxylate,Cu,Cu nitrate (hydration not stated in Supplementary Data 1),nitrate,,2,DMF 4.5 mL / MeOH 0.5 mL,H2O,0.0,DMF,4.5,EtOH,0.0,MeOH,0.5,iPrOH,0.0,Nessuno,,168,0.05,,,0.5555555555555556,5.0,,Automated microwave synthesis,246.0,Not encoded in the published Supplementary Data 1 table.,1,Partially successful / poor target crystallinity,0.65,Normalized PXRD crystallinity and phase-purity fitness (0-1),Preregistered curation thresholds: <=0.30 class 0; 0.35-0.75 class 1; >=0.80 class 2. The continuous source score is retained.,V11-PXRD-NORMALIZED-0.30-0.80-v1,,0.0,False,False,PXRD FWHM plus phase-purity fitness,Published Supplementary Data 1 record G1-23; normalized crystallinity/phase-purity score 0.65.,direct_machine_readable_supplementary_csv,All nine experimental variables and the source outcome score were copied from the authors' CSV; absolute precursor amounts were not invented.,COMPLETE_CONDITIONS_RELATIVE_STOICHIOMETRY,Copper nitrate identity stated; hydration/absolute amount absent from shared CSV.,1.0,COND-a2765005384f085d,1,90,0.2222222222222222,0.85,0.1888888888888888,11.0-foundation-tranche-03,SAFE-GROUP-003
V11-HKUST-G1-24,TRAINING_CANDIDATE,True,DOI::10.1038/s41467-019-08483-9,"PAIR::cu::benzene-1,3,5-tricarboxylic acid (h3btc)",peer_reviewed_literature,V11-HKUST-G1-24,10.1038/s41467-019-08483-9,10.24435/materialscloud:2018.0011/v3,https://doi.org/10.24435/materialscloud:2018.0011/v3,https://doi.org/10.1038/s41467-019-08483-9,Capturing chemical intuition in synthesis of metal-organic frameworks,HKUST-1 / Cu-BTC,"benzene-1,3,5-tricarboxylic acid (H3BTC)",O=C(O)c1cc(C(=O)O)cc(C(=O)O)c1,,Aromatic tricarboxylate,Cu,Cu nitrate (hydration not stated in Supplementary Data 1),nitrate,,2,H2O 0.5 mL / DMF 4.5 mL / MeOH 0.5 mL / iPrOH 0.5 mL,H2O,0.5,DMF,4.5,EtOH,0.0,MeOH,0.5,iPrOH,0.5,Nessuno,,114,0.9666666666666668,,,0.7692307692307692,6.0,,Automated microwave synthesis,151.0,Not encoded in the published Supplementary Data 1 table.,1,Partially successful / poor target crystallinity,0.75,Normalized PXRD crystallinity and phase-purity fitness (0-1),Preregistered curation thresholds: <=0.30 class 0; 0.35-0.75 class 1; >=0.80 class 2. The continuous source score is retained.,V11-PXRD-NORMALIZED-0.30-0.80-v1,,0.0,False,False,PXRD FWHM plus phase-purity fitness,Published Supplementary Data 1 record G1-24; normalized crystallinity/phase-purity score 0.75.,direct_machine_readable_supplementary_csv,All nine experimental variables and the source outcome score were copied from the authors' CSV; absolute precursor amounts were not invented.,COMPLETE_CONDITIONS_RELATIVE_STOICHIOMETRY,Copper nitrate identity stated; hydration/absolute amount absent from shared CSV.,1.0,COND-c66e712d579197aa,1,90,0.2222222222222222,0.85,0.1888888888888888,11.0-foundation-tranche-03,SAFE-GROUP-003
V11-HKUST-G1-25,TRAINING_CANDIDATE,True,DOI::10.1038/s41467-019-08483-9,"PAIR::cu::benzene-1,3,5-tricarboxylic acid (h3btc)",peer_reviewed_literature,V11-HKUST-G1-25,10.1038/s41467-019-08483-9,10.24435/materialscloud:2018.0011/v3,https://doi.org/10.24435/materialscloud:2018.0011/v3,https://doi.org/10.1038/s41467-019-08483-9,Capturing chemical intuition in synthesis of metal-organic frameworks,HKUST-1 / Cu-BTC,"benzene-1,3,5-tricarboxylic acid (H3BTC)",O=C(O)c1cc(C(=O)O)cc(C(=O)O)c1,,Aromatic tricarboxylate,Cu,Cu nitrate (hydration not stated in Supplementary Data 1),nitrate,,2,H2O 0.5 mL / MeOH 1.5 mL / iPrOH 3.5 mL,H2O,0.5,DMF,0.0,EtOH,0.0,MeOH,1.5,iPrOH,3.5,Nessuno,,100,0.95,,,1.25,5.5,,Automated microwave synthesis,157.0,Not encoded in the published Supplementary Data 1 table.,0,Very low target crystallinity / failed target synthesis,0.2,Normalized PXRD crystallinity and phase-purity fitness (0-1),Preregistered curation thresholds: <=0.30 class 0; 0.35-0.75 class 1; >=0.80 class 2. The continuous source score is retained.,V11-PXRD-NORMALIZED-0.30-0.80-v1,,0.0,False,False,PXRD FWHM plus phase-purity fitness,Published Supplementary Data 1 record G1-25; normalized crystallinity/phase-purity score 0.2.,direct_machine_readable_supplementary_csv,All nine experimental variables and the source outcome score were copied from the authors' CSV; absolute precursor amounts were not invented.,COMPLETE_CONDITIONS_RELATIVE_STOICHIOMETRY,Copper nitrate identity stated; hydration/absolute amount absent from shared CSV.,1.0,COND-6a2c78495acd7676,1,90,0.2222222222222222,0.85,0.1888888888888888,11.0-foundation-tranche-03,SAFE-GROUP-003
V11-HKUST-G1-26,TRAINING_CANDIDATE,True,DOI::10.1038/s41467-019-08483-9,"PAIR::cu::benzene-1,3,5-tricarboxylic acid (h3btc)",peer_reviewed_literature,V11-HKUST-G1-26,10.1038/s41467-019-08483-9,10.24435/materialscloud:2018.0011/v3,https://doi.org/10.24435/materialscloud:2018.0011/v3,https://doi.org/10.1038/s41467-019-08483-9,Capturing chemical intuition in synthesis of metal-organic frameworks,HKUST-1 / Cu-BTC,"benzene-1,3,5-tricarboxylic acid (H3BTC)",O=C(O)c1cc(C(=O)O)cc(C(=O)O)c1,,Aromatic tricarboxylate,Cu,Cu nitrate (hydration not stated in Supplementary Data 1),nitrate,,2,H2O 3 mL / EtOH 3 mL,H2O,3.0,DMF,0.0,EtOH,3.0,MeOH,0.0,iPrOH,0.0,Nessuno,,129,0.2833333333333333,,,1.25,6.0,,Automated microwave synthesis,150.0,Not encoded in the published Supplementary Data 1 table.,1,Partially successful / poor target crystallinity,0.6,Normalized PXRD crystallinity and phase-purity fitness (0-1),Preregistered curation thresholds: <=0.30 class 0; 0.35-0.75 class 1; >=0.80 class 2. The continuous source score is retained.,V11-PXRD-NORMALIZED-0.30-0.80-v1,,0.0,False,False,PXRD FWHM plus phase-purity fitness,Published Supplementary Data 1 record G1-26; normalized crystallinity/phase-purity score 0.6.,direct_machine_readable_supplementary_csv,All nine experimental variables and the source outcome score were copied from the authors' CSV; absolute precursor amounts were not invented.,COMPLETE_CONDITIONS_RELATIVE_STOICHIOMETRY,Copper nitrate identity stated; hydration/absolute amount absent from shared CSV.,1.0,COND-71eb4a9599bce402,1,90,0.2222222222222222,0.85,0.1888888888888888,11.0-foundation-tranche-03,SAFE-GROUP-003
V11-HKUST-G1-27,TRAINING_CANDIDATE,True,DOI::10.1038/s41467-019-08483-9,"PAIR::cu::benzene-1,3,5-tricarboxylic acid (h3btc)",peer_reviewed_literature,V11-HKUST-G1-27,10.1038/s41467-019-08483-9,10.24435/materialscloud:2018.0011/v3,https://doi.org/10.24435/materialscloud:2018.0011/v3,https://doi.org/10.1038/s41467-019-08483-9,Capturing chemical intuition in synthesis of metal-organic frameworks,HKUST-1 / Cu-BTC,"benzene-1,3,5-tricarboxylic acid (H3BTC)",O=C(O)c1cc(C(=O)O)cc(C(=O)O)c1,,Aromatic tricarboxylate,Cu,Cu nitrate (hydration not stated in Supplementary Data 1),nitrate,,2,H2O 0.5 mL / DMF 1 mL / MeOH 4 mL,H2O,0.5,DMF,1.0,EtOH,0.0,MeOH,4.0,iPrOH,0.0,Nessuno,,176,0.7333333333333333,,,0.5555555555555556,5.5,,Automated microwave synthesis,246.0,Not encoded in the published Supplementary Data 1 table.,2,High-crystallinity target MOF,0.8,Normalized PXRD crystallinity and phase-purity fitness (0-1),Preregistered curation thresholds: <=0.30 class 0; 0.35-0.75 class 1; >=0.80 class 2. The continuous source score is retained.,V11-PXRD-NORMALIZED-0.30-0.80-v1,,526.0,True,False,PXRD FWHM plus phase-purity fitness,Published Supplementary Data 1 record G1-27; normalized crystallinity/phase-purity score 0.8.,direct_machine_readable_supplementary_csv,All nine experimental variables and the source outcome score were copied from the authors' CSV; absolute precursor amounts were not invented.,COMPLETE_CONDITIONS_RELATIVE_STOICHIOMETRY,Copper nitrate identity stated; hydration/absolute amount absent from shared CSV.,1.0,COND-f497425b0c7df868,1,90,0.2222222222222222,0.85,0.1888888888888888,11.0-foundation-tranche-03,SAFE-GROUP-003
V11-HKUST-G1-28,TRAINING_CANDIDATE,True,DOI::10.1038/s41467-019-08483-9,"PAIR::cu::benzene-1,3,5-tricarboxylic acid (h3btc)",peer_reviewed_literature,V11-HKUST-G1-28,10.1038/s41467-019-08483-9,10.24435/materialscloud:2018.0011/v3,https://doi.org/10.24435/materialscloud:2018.0011/v3,https://doi.org/10.1038/s41467-019-08483-9,Capturing chemical intuition in synthesis of metal-organic frameworks,HKUST-1 / Cu-BTC,"benzene-1,3,5-tricarboxylic acid (H3BTC)",O=C(O)c1cc(C(=O)O)cc(C(=O)O)c1,,Aromatic tricarboxylate,Cu,Cu nitrate (hydration not stated in Supplementary Data 1),nitrate,,2,H2O 1 mL / EtOH 3.5 mL,H2O,1.0,DMF,0.0,EtOH,3.5,MeOH,0.0,iPrOH,0.0,Nessuno,,199,0.7666666666666667,,,0.5882352941176471,4.5,,Automated microwave synthesis,151.0,Not encoded in the published Supplementary Data 1 table.,1,Partially successful / poor target crystallinity,0.65,Normalized PXRD crystallinity and phase-purity fitness (0-1),Preregistered curation thresholds: <=0.30 class 0; 0.35-0.75 class 1; >=0.80 class 2. The continuous source score is retained.,V11-PXRD-NORMALIZED-0.30-0.80-v1,,0.0,False,False,PXRD FWHM plus phase-purity fitness,Published Supplementary Data 1 record G1-28; normalized crystallinity/phase-purity score 0.65.,direct_machine_readable_supplementary_csv,All nine experimental variables and the source outcome score were copied from the authors' CSV; absolute precursor amounts were not invented.,COMPLETE_CONDITIONS_RELATIVE_STOICHIOMETRY,Copper nitrate identity stated; hydration/absolute amount absent from shared CSV.,1.0,COND-e243b3667e8b8319,1,90,0.2222222222222222,0.85,0.1888888888888888,11.0-foundation-tranche-03,SAFE-GROUP-003
V11-HKUST-G1-29,TRAINING_CANDIDATE,True,DOI::10.1038/s41467-019-08483-9,"PAIR::cu::benzene-1,3,5-tricarboxylic acid (h3btc)",peer_reviewed_literature,V11-HKUST-G1-29,10.1038/s41467-019-08483-9,10.24435/materialscloud:2018.0011/v3,https://doi.org/10.24435/materialscloud:2018.0011/v3,https://doi.org/10.1038/s41467-019-08483-9,Capturing chemical intuition in synthesis of metal-organic frameworks,HKUST-1 / Cu-BTC,"benzene-1,3,5-tricarboxylic acid (H3BTC)",O=C(O)c1cc(C(=O)O)cc(C(=O)O)c1,,Aromatic tricarboxylate,Cu,Cu nitrate (hydration not stated in Supplementary Data 1),nitrate,,2,DMF 0.5 mL / EtOH 5 mL,H2O,0.0,DMF,0.5,EtOH,5.0,MeOH,0.0,iPrOH,0.0,Nessuno,,125,0.0333333333333333,,,1.1111111111111112,5.5,,Automated microwave synthesis,164.0,Not encoded in the published Supplementary Data 1 table.,1,Partially successful / poor target crystallinity,0.75,Normalized PXRD crystallinity and phase-purity fitness (0-1),Preregistered curation thresholds: <=0.30 class 0; 0.35-0.75 class 1; >=0.80 class 2. The continuous source score is retained.,V11-PXRD-NORMALIZED-0.30-0.80-v1,,0.0,False,False,PXRD FWHM plus phase-purity fitness,Published Supplementary Data 1 record G1-29; normalized crystallinity/phase-purity score 0.75.,direct_machine_readable_supplementary_csv,All nine experimental variables and the source outcome score were copied from the authors' CSV; absolute precursor amounts were not invented.,COMPLETE_CONDITIONS_RELATIVE_STOICHIOMETRY,Copper nitrate identity stated; hydration/absolute amount absent from shared CSV.,1.0,COND-3458e287d5477265,1,90,0.2222222222222222,0.85,0.1888888888888888,11.0-foundation-tranche-03,SAFE-GROUP-003
V11-HKUST-G1-30,TRAINING_CANDIDATE,True,DOI::10.1038/s41467-019-08483-9,"PAIR::cu::benzene-1,3,5-tricarboxylic acid (h3btc)",peer_reviewed_literature,V11-HKUST-G1-30,10.1038/s41467-019-08483-9,10.24435/materialscloud:2018.0011/v3,https://doi.org/10.24435/materialscloud:2018.0011/v3,https://doi.org/10.1038/s41467-019-08483-9,Capturing chemical intuition in synthesis of metal-organic frameworks,HKUST-1 / Cu-BTC,"benzene-1,3,5-tricarboxylic acid (H3BTC)",O=C(O)c1cc(C(=O)O)cc(C(=O)O)c1,,Aromatic tricarboxylate,Cu,Cu nitrate (hydration not stated in Supplementary Data 1),nitrate,,2,EtOH 3.5 mL / iPrOH 2 mL,H2O,0.0,DMF,0.0,EtOH,3.5,MeOH,0.0,iPrOH,2.0,Nessuno,,102,0.1833333333333333,,,0.625,5.5,,Automated microwave synthesis,238.0,Not encoded in the published Supplementary Data 1 table.,1,Partially successful / poor target crystallinity,0.6,Normalized PXRD crystallinity and phase-purity fitness (0-1),Preregistered curation thresholds: <=0.30 class 0; 0.35-0.75 class 1; >=0.80 class 2. The continuous source score is retained.,V11-PXRD-NORMALIZED-0.30-0.80-v1,,0.0,False,False,PXRD FWHM plus phase-purity fitness,Published Supplementary Data 1 record G1-30; normalized crystallinity/phase-purity score 0.6.,direct_machine_readable_supplementary_csv,All nine experimental variables and the source outcome score were copied from the authors' CSV; absolute precursor amounts were not invented.,COMPLETE_CONDITIONS_RELATIVE_STOICHIOMETRY,Copper nitrate identity stated; hydration/absolute amount absent from shared CSV.,1.0,COND-a710b0ecc412965d,1,90,0.2222222222222222,0.85,0.1888888888888888,11.0-foundation-tranche-03,SAFE-GROUP-003
V11-HKUST-G2-01,TRAINING_CANDIDATE,True,DOI::10.1038/s41467-019-08483-9,"PAIR::cu::benzene-1,3,5-tricarboxylic acid (h3btc)",peer_reviewed_literature,V11-HKUST-G2-01,10.1038/s41467-019-08483-9,10.24435/materialscloud:2018.0011/v3,https://doi.org/10.24435/materialscloud:2018.0011/v3,https://doi.org/10.1038/s41467-019-08483-9,Capturing chemical intuition in synthesis of metal-organic frameworks,HKUST-1 / Cu-BTC,"benzene-1,3,5-tricarboxylic acid (H3BTC)",O=C(O)c1cc(C(=O)O)cc(C(=O)O)c1,,Aromatic tricarboxylate,Cu,Cu nitrate (hydration not stated in Supplementary Data 1),nitrate,,2,DMF 2.5 mL / EtOH 2.5 mL,H2O,0.0,DMF,2.5,EtOH,2.5,MeOH,0.0,iPrOH,0.0,Nessuno,,140,0.3333333333333333,,,0.6666666666666666,5.0,,Automated microwave synthesis,200.0,Not encoded in the published Supplementary Data 1 table.,1,Partially successful / poor target crystallinity,0.7,Normalized PXRD crystallinity and phase-purity fitness (0-1),Preregistered curation thresholds: <=0.30 class 0; 0.35-0.75 class 1; >=0.80 class 2. The continuous source score is retained.,V11-PXRD-NORMALIZED-0.30-0.80-v1,,0.0,False,False,PXRD FWHM plus phase-purity fitness,Published Supplementary Data 1 record G2-01; normalized crystallinity/phase-purity score 0.7.,direct_machine_readable_supplementary_csv,All nine experimental variables and the source outcome score were copied from the authors' CSV; absolute precursor amounts were not invented.,COMPLETE_CONDITIONS_RELATIVE_STOICHIOMETRY,Copper nitrate identity stated; hydration/absolute amount absent from shared CSV.,2.0,COND-d590f2dc01fd8c96,2,90,0.2222222222222222,0.85,0.0944444444444444,11.0-foundation-tranche-03,SAFE-GROUP-003
V11-HKUST-G2-02,TRAINING_CANDIDATE,True,DOI::10.1038/s41467-019-08483-9,"PAIR::cu::benzene-1,3,5-tricarboxylic acid (h3btc)",peer_reviewed_literature,V11-HKUST-G2-02,10.1038/s41467-019-08483-9,10.24435/materialscloud:2018.0011/v3,https://doi.org/10.24435/materialscloud:2018.0011/v3,https://doi.org/10.1038/s41467-019-08483-9,Capturing chemical intuition in synthesis of metal-organic frameworks,HKUST-1 / Cu-BTC,"benzene-1,3,5-tricarboxylic acid (H3BTC)",O=C(O)c1cc(C(=O)O)cc(C(=O)O)c1,,Aromatic tricarboxylate,Cu,Cu nitrate (hydration not stated in Supplementary Data 1),nitrate,,2,H2O 1 mL / EtOH 3.5 mL,H2O,1.0,DMF,0.0,EtOH,3.5,MeOH,0.0,iPrOH,0.0,Nessuno,,199,0.7666666666666667,,,0.5882352941176471,4.5,,Automated microwave synthesis,200.0,Not encoded in the published Supplementary Data 1 table.,2,High-crystallinity target MOF,0.9,Normalized PXRD crystallinity and phase-purity fitness (0-1),Preregistered curation thresholds: <=0.30 class 0; 0.35-0.75 class 1; >=0.80 class 2. The continuous source score is retained.,V11-PXRD-NORMALIZED-0.30-0.80-v1,,536.0,True,False,PXRD FWHM plus phase-purity fitness,Published Supplementary Data 1 record G2-02; normalized crystallinity/phase-purity score 0.9.,direct_machine_readable_supplementary_csv,All nine experimental variables and the source outcome score were copied from the authors' CSV; absolute precursor amounts were not invented.,COMPLETE_CONDITIONS_RELATIVE_STOICHIOMETRY,Copper nitrate identity stated; hydration/absolute amount absent from shared CSV.,2.0,COND-fdf3b7b7ca5393f7,1,90,0.2222222222222222,0.85,0.1888888888888888,11.0-foundation-tranche-03,SAFE-GROUP-003
V11-HKUST-G2-03,TRAINING_CANDIDATE,True,DOI::10.1038/s41467-019-08483-9,"PAIR::cu::benzene-1,3,5-tricarboxylic acid (h3btc)",peer_reviewed_literature,V11-HKUST-G2-03,10.1038/s41467-019-08483-9,10.24435/materialscloud:2018.0011/v3,https://doi.org/10.24435/materialscloud:2018.0011/v3,https://doi.org/10.1038/s41467-019-08483-9,Capturing chemical intuition in synthesis of metal-organic frameworks,HKUST-1 / Cu-BTC,"benzene-1,3,5-tricarboxylic acid (H3BTC)",O=C(O)c1cc(C(=O)O)cc(C(=O)O)c1,,Aromatic tricarboxylate,Cu,Cu nitrate (hydration not stated in Supplementary Data 1),nitrate,,2,H2O 0.5 mL / EtOH 2 mL / iPrOH 2 mL,H2O,0.5,DMF,0.0,EtOH,2.0,MeOH,0.0,iPrOH,2.0,Nessuno,,196,0.6666666666666666,,,0.5747126436781609,4.5,,Automated microwave synthesis,210.0,Not encoded in the published Supplementary Data 1 table.,1,Partially successful / poor target crystallinity,0.7,Normalized PXRD crystallinity and phase-purity fitness (0-1),Preregistered curation thresholds: <=0.30 class 0; 0.35-0.75 class 1; >=0.80 class 2. The continuous source score is retained.,V11-PXRD-NORMALIZED-0.30-0.80-v1,,0.0,False,False,PXRD FWHM plus phase-purity fitness,Published Supplementary Data 1 record G2-03; normalized crystallinity/phase-purity score 0.7.,direct_machine_readable_supplementary_csv,All nine experimental variables and the source outcome score were copied from the authors' CSV; absolute precursor amounts were not invented.,COMPLETE_CONDITIONS_RELATIVE_STOICHIOMETRY,Copper nitrate identity stated; hydration/absolute amount absent from shared CSV.,2.0,COND-834d3040ba160fc3,1,90,0.2222222222222222,0.85,0.1888888888888888,11.0-foundation-tranche-03,SAFE-GROUP-003
V11-HKUST-G2-04,TRAINING_CANDIDATE,True,DOI::10.1038/s41467-019-08483-9,"PAIR::cu::benzene-1,3,5-tricarboxylic acid (h3btc)",peer_reviewed_literature,V11-HKUST-G2-04,10.1038/s41467-019-08483-9,10.24435/materialscloud:2018.0011/v3,https://doi.org/10.24435/materialscloud:2018.0011/v3,https://doi.org/10.1038/s41467-019-08483-9,Capturing chemical intuition in synthesis of metal-organic frameworks,HKUST-1 / Cu-BTC,"benzene-1,3,5-tricarboxylic acid (H3BTC)",O=C(O)c1cc(C(=O)O)cc(C(=O)O)c1,,Aromatic tricarboxylate,Cu,Cu nitrate (hydration not stated in Supplementary Data 1),nitrate,,2,DMF 5 mL / EtOH 0.5 mL / iPrOH 0.5 mL,H2O,0.0,DMF,5.0,EtOH,0.5,MeOH,0.0,iPrOH,0.5,Nessuno,,140,0.4666666666666667,,,0.625,6.0,,Automated microwave synthesis,210.0,Not encoded in the published Supplementary Data 1 table.,2,High-crystallinity target MOF,0.95,Normalized PXRD crystallinity and phase-purity fitness (0-1),Preregistered curation thresholds: <=0.30 class 0; 0.35-0.75 class 1; >=0.80 class 2. The continuous source score is retained.,V11-PXRD-NORMALIZED-0.30-0.80-v1,,1888.0,True,False,PXRD FWHM plus phase-purity fitness,Published Supplementary Data 1 record G2-04; normalized crystallinity/phase-purity score 0.95.,direct_machine_readable_supplementary_csv,All nine experimental variables and the source outcome score were copied from the authors' CSV; absolute precursor amounts were not invented.,COMPLETE_CONDITIONS_RELATIVE_STOICHIOMETRY,Copper nitrate identity stated; hydration/absolute amount absent from shared CSV.,2.0,COND-380476060bd2b321,1,90,0.2222222222222222,0.85,0.1888888888888888,11.0-foundation-tranche-03,SAFE-GROUP-003
V11-HKUST-G2-05,TRAINING_CANDIDATE,True,DOI::10.1038/s41467-019-08483-9,"PAIR::cu::benzene-1,3,5-tricarboxylic acid (h3btc)",peer_reviewed_literature,V11-HKUST-G2-05,10.1038/s41467-019-08483-9,10.24435/materialscloud:2018.0011/v3,https://doi.org/10.24435/materialscloud:2018.0011/v3,https://doi.org/10.1038/s41467-019-08483-9,Capturing chemical intuition in synthesis of metal-organic frameworks,HKUST-1 / Cu-BTC,"benzene-1,3,5-tricarboxylic acid (H3BTC)",O=C(O)c1cc(C(=O)O)cc(C(=O)O)c1,,Aromatic tricarboxylate,Cu,Cu nitrate (hydration not stated in Supplementary Data 1),nitrate,,2,H2O 0.15 mL / DMF 3.25 mL / EtOH 0.05 mL / MeOH 2.1 mL / iPrOH 0.1 mL,H2O,0.15,DMF,3.25,EtOH,0.05,MeOH,2.1,iPrOH,0.1,Nessuno,,103,0.8666666666666667,,,0.7692307692307692,5.65,,Automated microwave synthesis,176.0,Not encoded in the published Supplementary Data 1 table.,2,High-crystallinity target MOF,0.85,Normalized PXRD crystallinity and phase-purity fitness (0-1),Preregistered curation thresholds: <=0.30 class 0; 0.35-0.75 class 1; >=0.80 class 2. The continuous source score is retained.,V11-PXRD-NORMALIZED-0.30-0.80-v1,,0.0,True,False,PXRD FWHM plus phase-purity fitness,Published Supplementary Data 1 record G2-05; normalized crystallinity/phase-purity score 0.85.,direct_machine_readable_supplementary_csv,All nine experimental variables and the source outcome score were copied from the authors' CSV; absolute precursor amounts were not invented.,COMPLETE_CONDITIONS_RELATIVE_STOICHIOMETRY,Copper nitrate identity stated; hydration/absolute amount absent from shared CSV.,2.0,COND-aba37f2b54b28f0f,1,90,0.2222222222222222,0.85,0.1888888888888888,11.0-foundation-tranche-03,SAFE-GROUP-003
V11-HKUST-G2-06,TRAINING_CANDIDATE,True,DOI::10.1038/s41467-019-08483-9,"PAIR::cu::benzene-1,3,5-tricarboxylic acid (h3btc)",peer_reviewed_literature,V11-HKUST-G2-06,10.1038/s41467-019-08483-9,10.24435/materialscloud:2018.0011/v3,https://doi.org/10.24435/materialscloud:2018.0011/v3,https://doi.org/10.1038/s41467-019-08483-9,Capturing chemical intuition in synthesis of metal-organic frameworks,HKUST-1 / Cu-BTC,"benzene-1,3,5-tricarboxylic acid (H3BTC)",O=C(O)c1cc(C(=O)O)cc(C(=O)O)c1,,Aromatic tricarboxylate,Cu,Cu nitrate (hydration not stated in Supplementary Data 1),nitrate,,2,H2O 1.5 mL / DMF 1 mL / EtOH 3 mL,H2O,1.5,DMF,1.0,EtOH,3.0,MeOH,0.0,iPrOH,0.0,Nessuno,,140,0.3333333333333333,,,0.641025641025641,5.5,,Automated microwave synthesis,200.0,Not encoded in the published Supplementary Data 1 table.,2,High-crystallinity target MOF,0.9,Normalized PXRD crystallinity and phase-purity fitness (0-1),Preregistered curation thresholds: <=0.30 class 0; 0.35-0.75 class 1; >=0.80 class 2. The continuous source score is retained.,V11-PXRD-NORMALIZED-0.30-0.80-v1,,0.0,True,False,PXRD FWHM plus phase-purity fitness,Published Supplementary Data 1 record G2-06; normalized crystallinity/phase-purity score 0.9.,direct_machine_readable_supplementary_csv,All nine experimental variables and the source outcome score were copied from the authors' CSV; absolute precursor amounts were not invented.,COMPLETE_CONDITIONS_RELATIVE_STOICHIOMETRY,Copper nitrate identity stated; hydration/absolute amount absent from shared CSV.,2.0,COND-e529136765b4b3dd,1,90,0.2222222222222222,0.85,0.1888888888888888,11.0-foundation-tranche-03,SAFE-GROUP-003
V11-HKUST-G2-07,TRAINING_CANDIDATE,True,DOI::10.1038/s41467-019-08483-9,"PAIR::cu::benzene-1,3,5-tricarboxylic acid (h3btc)",peer_reviewed_literature,V11-HKUST-G2-07,10.1038/s41467-019-08483-9,10.24435/materialscloud:2018.0011/v3,https://doi.org/10.24435/materialscloud:2018.0011/v3,https://doi.org/10.1038/s41467-019-08483-9,Capturing chemical intuition in synthesis of metal-organic frameworks,HKUST-1 / Cu-BTC,"benzene-1,3,5-tricarboxylic acid (H3BTC)",O=C(O)c1cc(C(=O)O)cc(C(=O)O)c1,,Aromatic tricarboxylate,Cu,Cu nitrate (hydration not stated in Supplementary Data 1),nitrate,,2,DMF 3.5 mL / iPrOH 0.5 mL,H2O,0.0,DMF,3.5,EtOH,0.0,MeOH,0.0,iPrOH,0.5,Nessuno,,198,0.6833333333333333,,,1.1363636363636365,4.0,,Automated microwave synthesis,200.0,Not encoded in the published Supplementary Data 1 table.,1,Partially successful / poor target crystallinity,0.75,Normalized PXRD crystallinity and phase-purity fitness (0-1),Preregistered curation thresholds: <=0.30 class 0; 0.35-0.75 class 1; >=0.80 class 2. The continuous source score is retained.,V11-PXRD-NORMALIZED-0.30-0.80-v1,,0.0,False,False,PXRD FWHM plus phase-purity fitness,Published Supplementary Data 1 record G2-07; normalized crystallinity/phase-purity score 0.75.,direct_machine_readable_supplementary_csv,All nine experimental variables and the source outcome score were copied from the authors' CSV; absolute precursor amounts were not invented.,COMPLETE_CONDITIONS_RELATIVE_STOICHIOMETRY,Copper nitrate identity stated; hydration/absolute amount absent from shared CSV.,2.0,COND-d8c1220ac13f5fb3,1,90,0.2222222222222222,0.85,0.1888888888888888,11.0-foundation-tranche-03,SAFE-GROUP-003
V11-HKUST-G2-08,TRAINING_CANDIDATE,True,DOI::10.1038/s41467-019-08483-9,"PAIR::cu::benzene-1,3,5-tricarboxylic acid (h3btc)",peer_reviewed_literature,V11-HKUST-G2-08,10.1038/s41467-019-08483-9,10.24435/materialscloud:2018.0011/v3,https://doi.org/10.24435/materialscloud:2018.0011/v3,https://doi.org/10.1038/s41467-019-08483-9,Capturing chemical intuition in synthesis of metal-organic frameworks,HKUST-1 / Cu-BTC,"benzene-1,3,5-tricarboxylic acid (H3BTC)",O=C(O)c1cc(C(=O)O)cc(C(=O)O)c1,,Aromatic tricarboxylate,Cu,Cu nitrate (hydration not stated in Supplementary Data 1),nitrate,,2,EtOH 5 mL,H2O,0.0,DMF,0.0,EtOH,5.0,MeOH,0.0,iPrOH,0.0,Nessuno,,113,0.3166666666666666,,,0.7874015748031495,5.0,,Automated microwave synthesis,210.0,Not encoded in the published Supplementary Data 1 table.,1,Partially successful / poor target crystallinity,0.75,Normalized PXRD crystallinity and phase-purity fitness (0-1),Preregistered curation thresholds: <=0.30 class 0; 0.35-0.75 class 1; >=0.80 class 2. The continuous source score is retained.,V11-PXRD-NORMALIZED-0.30-0.80-v1,,0.0,False,False,PXRD FWHM plus phase-purity fitness,Published Supplementary Data 1 record G2-08; normalized crystallinity/phase-purity score 0.75.,direct_machine_readable_supplementary_csv,All nine experimental variables and the source outcome score were copied from the authors' CSV; absolute precursor amounts were not invented.,COMPLETE_CONDITIONS_RELATIVE_STOICHIOMETRY,Copper nitrate identity stated; hydration/absolute amount absent from shared CSV.,2.0,COND-278db0116bbf53c5,1,90,0.2222222222222222,0.85,0.1888888888888888,11.0-foundation-tranche-03,SAFE-GROUP-003
V11-HKUST-G2-09,TRAINING_CANDIDATE,True,DOI::10.1038/s41467-019-08483-9,"PAIR::cu::benzene-1,3,5-tricarboxylic acid (h3btc)",peer_reviewed_literature,V11-HKUST-G2-09,10.1038/s41467-019-08483-9,10.24435/materialscloud:2018.0011/v3,https://doi.org/10.24435/materialscloud:2018.0011/v3,https://doi.org/10.1038/s41467-019-08483-9,Capturing chemical intuition in synthesis of metal-organic frameworks,HKUST-1 / Cu-BTC,"benzene-1,3,5-tricarboxylic acid (H3BTC)",O=C(O)c1cc(C(=O)O)cc(C(=O)O)c1,,Aromatic tricarboxylate,Cu,Cu nitrate (hydration not stated in Supplementary Data 1),nitrate,,2,DMF 4.5 mL,H2O,0.0,DMF,4.5,EtOH,0.0,MeOH,0.0,iPrOH,0.0,Nessuno,,123,0.1166666666666666,,,0.5586592178770949,4.5,,Automated microwave synthesis,200.0,Not encoded in the published Supplementary Data 1 table.,2,High-crystallinity target MOF,0.95,Normalized PXRD crystallinity and phase-purity fitness (0-1),Preregistered curation thresholds: <=0.30 class 0; 0.35-0.75 class 1; >=0.80 class 2. The continuous source score is retained.,V11-PXRD-NORMALIZED-0.30-0.80-v1,,935.0,True,False,PXRD FWHM plus phase-purity fitness,Published Supplementary Data 1 record G2-09; normalized crystallinity/phase-purity score 0.95.,direct_machine_readable_supplementary_csv,All nine experimental variables and the source outcome score were copied from the authors' CSV; absolute precursor amounts were not invented.,COMPLETE_CONDITIONS_RELATIVE_STOICHIOMETRY,Copper nitrate identity stated; hydration/absolute amount absent from shared CSV.,2.0,COND-9a5433fc0a736254,1,90,0.2222222222222222,0.85,0.1888888888888888,11.0-foundation-tranche-03,SAFE-GROUP-003
V11-HKUST-G2-10,TRAINING_CANDIDATE,True,DOI::10.1038/s41467-019-08483-9,"PAIR::cu::benzene-1,3,5-tricarboxylic acid (h3btc)",peer_reviewed_literature,V11-HKUST-G2-10,10.1038/s41467-019-08483-9,10.24435/materialscloud:2018.0011/v3,https://doi.org/10.24435/materialscloud:2018.0011/v3,https://doi.org/10.1038/s41467-019-08483-9,Capturing chemical intuition in synthesis of metal-organic frameworks,HKUST-1 / Cu-BTC,"benzene-1,3,5-tricarboxylic acid (H3BTC)",O=C(O)c1cc(C(=O)O)cc(C(=O)O)c1,,Aromatic tricarboxylate,Cu,Cu nitrate (hydration not stated in Supplementary Data 1),nitrate,,2,H2O 1.5 mL / DMF 1.5 mL / iPrOH 1.5 mL,H2O,1.5,DMF,1.5,EtOH,0.0,MeOH,0.0,iPrOH,1.5,Nessuno,,143,0.3333333333333333,,,0.625,4.5,,Automated microwave synthesis,200.0,Not encoded in the published Supplementary Data 1 table.,2,High-crystallinity target MOF,0.8,Normalized PXRD crystallinity and phase-purity fitness (0-1),Preregistered curation thresholds: <=0.30 class 0; 0.35-0.75 class 1; >=0.80 class 2. The continuous source score is retained.,V11-PXRD-NORMALIZED-0.30-0.80-v1,,1771.0,True,False,PXRD FWHM plus phase-purity fitness,Published Supplementary Data 1 record G2-10; normalized crystallinity/phase-purity score 0.8.,direct_machine_readable_supplementary_csv,All nine experimental variables and the source outcome score were copied from the authors' CSV; absolute precursor amounts were not invented.,COMPLETE_CONDITIONS_RELATIVE_STOICHIOMETRY,Copper nitrate identity stated; hydration/absolute amount absent from shared CSV.,2.0,COND-0bd850561512ca97,1,90,0.2222222222222222,0.85,0.1888888888888888,11.0-foundation-tranche-03,SAFE-GROUP-003
V11-HKUST-G2-11,TRAINING_CANDIDATE,True,DOI::10.1038/s41467-019-08483-9,"PAIR::cu::benzene-1,3,5-tricarboxylic acid (h3btc)",peer_reviewed_literature,V11-HKUST-G2-11,10.1038/s41467-019-08483-9,10.24435/materialscloud:2018.0011/v3,https://doi.org/10.24435/materialscloud:2018.0011/v3,https://doi.org/10.1038/s41467-019-08483-9,Capturing chemical intuition in synthesis of metal-organic frameworks,HKUST-1 / Cu-BTC,"benzene-1,3,5-tricarboxylic acid (H3BTC)",O=C(O)c1cc(C(=O)O)cc(C(=O)O)c1,,Aromatic tricarboxylate,Cu,Cu nitrate (hydration not stated in Supplementary Data 1),nitrate,,2,H2O 1.5 mL / DMF 1 mL / EtOH 3 mL,H2O,1.5,DMF,1.0,EtOH,3.0,MeOH,0.0,iPrOH,0.0,Nessuno,,140,0.3333333333333333,,,0.625,5.5,,Automated microwave synthesis,200.0,Not encoded in the published Supplementary Data 1 table.,2,High-crystallinity target MOF,0.85,Normalized PXRD crystallinity and phase-purity fitness (0-1),Preregistered curation thresholds: <=0.30 class 0; 0.35-0.75 class 1; >=0.80 class 2. The continuous source score is retained.,V11-PXRD-NORMALIZED-0.30-0.80-v1,,1295.0,True,False,PXRD FWHM plus phase-purity fitness,Published Supplementary Data 1 record G2-11; normalized crystallinity/phase-purity score 0.85.,direct_machine_readable_supplementary_csv,All nine experimental variables and the source outcome score were copied from the authors' CSV; absolute precursor amounts were not invented.,COMPLETE_CONDITIONS_RELATIVE_STOICHIOMETRY,Copper nitrate identity stated; hydration/absolute amount absent from shared CSV.,2.0,COND-ff018b4dd80ad851,1,90,0.2222222222222222,0.85,0.1888888888888888,11.0-foundation-tranche-03,SAFE-GROUP-003
V11-HKUST-G2-12,TRAINING_CANDIDATE,True,DOI::10.1038/s41467-019-08483-9,"PAIR::cu::benzene-1,3,5-tricarboxylic acid (h3btc)",peer_reviewed_literature,V11-HKUST-G2-12,10.1038/s41467-019-08483-9,10.24435/materialscloud:2018.0011/v3,https://doi.org/10.24435/materialscloud:2018.0011/v3,https://doi.org/10.1038/s41467-019-08483-9,Capturing chemical intuition in synthesis of metal-organic frameworks,HKUST-1 / Cu-BTC,"benzene-1,3,5-tricarboxylic acid (H3BTC)",O=C(O)c1cc(C(=O)O)cc(C(=O)O)c1,,Aromatic tricarboxylate,Cu,Cu nitrate (hydration not stated in Supplementary Data 1),nitrate,,2,MeOH 2.5 mL / iPrOH 2.5 mL,H2O,0.0,DMF,0.0,EtOH,0.0,MeOH,2.5,iPrOH,2.5,Nessuno,,100,0.6833333333333333,,,1.25,5.0,,Automated microwave synthesis,190.0,Not encoded in the published Supplementary Data 1 table.,1,Partially successful / poor target crystallinity,0.4,Normalized PXRD crystallinity and phase-purity fitness (0-1),Preregistered curation thresholds: <=0.30 class 0; 0.35-0.75 class 1; >=0.80 class 2. The continuous source score is retained.,V11-PXRD-NORMALIZED-0.30-0.80-v1,,0.0,False,False,PXRD FWHM plus phase-purity fitness,Published Supplementary Data 1 record G2-12; normalized crystallinity/phase-purity score 0.4.,direct_machine_readable_supplementary_csv,All nine experimental variables and the source outcome score were copied from the authors' CSV; absolute precursor amounts were not invented.,COMPLETE_CONDITIONS_RELATIVE_STOICHIOMETRY,Copper nitrate identity stated; hydration/absolute amount absent from shared CSV.,2.0,COND-d0c07594e53b3484,1,90,0.2222222222222222,0.85,0.1888888888888888,11.0-foundation-tranche-03,SAFE-GROUP-003
V11-HKUST-G2-13,TRAINING_CANDIDATE,True,DOI::10.1038/s41467-019-08483-9,"PAIR::cu::benzene-1,3,5-tricarboxylic acid (h3btc)",peer_reviewed_literature,V11-HKUST-G2-13,10.1038/s41467-019-08483-9,10.24435/materialscloud:2018.0011/v3,https://doi.org/10.24435/materialscloud:2018.0011/v3,https://doi.org/10.1038/s41467-019-08483-9,Capturing chemical intuition in synthesis of metal-organic frameworks,HKUST-1 / Cu-BTC,"benzene-1,3,5-tricarboxylic acid (H3BTC)",O=C(O)c1cc(C(=O)O)cc(C(=O)O)c1,,Aromatic tricarboxylate,Cu,Cu nitrate (hydration not stated in Supplementary Data 1),nitrate,,2,EtOH 2 mL / iPrOH 2.5 mL,H2O,0.0,DMF,0.0,EtOH,2.0,MeOH,0.0,iPrOH,2.5,Nessuno,,106,0.05,,,0.8928571428571428,4.5,,Automated microwave synthesis,180.0,Not encoded in the published Supplementary Data 1 table.,1,Partially successful / poor target crystallinity,0.5,Normalized PXRD crystallinity and phase-purity fitness (0-1),Preregistered curation thresholds: <=0.30 class 0; 0.35-0.75 class 1; >=0.80 class 2. The continuous source score is retained.,V11-PXRD-NORMALIZED-0.30-0.80-v1,,0.0,False,False,PXRD FWHM plus phase-purity fitness,Published Supplementary Data 1 record G2-13; normalized crystallinity/phase-purity score 0.5.,direct_machine_readable_supplementary_csv,All nine experimental variables and the source outcome score were copied from the authors' CSV; absolute precursor amounts were not invented.,COMPLETE_CONDITIONS_RELATIVE_STOICHIOMETRY,Copper nitrate identity stated; hydration/absolute amount absent from shared CSV.,2.0,COND-4202c430cb1d9188,1,90,0.2222222222222222,0.85,0.1888888888888888,11.0-foundation-tranche-03,SAFE-GROUP-003
V11-HKUST-G2-14,TRAINING_CANDIDATE,True,DOI::10.1038/s41467-019-08483-9,"PAIR::cu::benzene-1,3,5-tricarboxylic acid (h3btc)",peer_reviewed_literature,V11-HKUST-G2-14,10.1038/s41467-019-08483-9,10.24435/materialscloud:2018.0011/v3,https://doi.org/10.24435/materialscloud:2018.0011/v3,https://doi.org/10.1038/s41467-019-08483-9,Capturing chemical intuition in synthesis of metal-organic frameworks,HKUST-1 / Cu-BTC,"benzene-1,3,5-tricarboxylic acid (H3BTC)",O=C(O)c1cc(C(=O)O)cc(C(=O)O)c1,,Aromatic tricarboxylate,Cu,Cu nitrate (hydration not stated in Supplementary Data 1),nitrate,,2,H2O 3 mL / EtOH 2.5 mL,H2O,3.0,DMF,0.0,EtOH,2.5,MeOH,0.0,iPrOH,0.0,Nessuno,,139,0.3333333333333333,,,0.6666666666666666,5.5,,Automated microwave synthesis,200.0,Not encoded in the published Supplementary Data 1 table.,1,Partially successful / poor target crystallinity,0.75,Normalized PXRD crystallinity and phase-purity fitness (0-1),Preregistered curation thresholds: <=0.30 class 0; 0.35-0.75 class 1; >=0.80 class 2. The continuous source score is retained.,V11-PXRD-NORMALIZED-0.30-0.80-v1,,1790.0,False,False,PXRD FWHM plus phase-purity fitness,Published Supplementary Data 1 record G2-14; normalized crystallinity/phase-purity score 0.75.,direct_machine_readable_supplementary_csv,All nine experimental variables and the source outcome score were copied from the authors' CSV; absolute precursor amounts were not invented.,COMPLETE_CONDITIONS_RELATIVE_STOICHIOMETRY,Copper nitrate identity stated; hydration/absolute amount absent from shared CSV.,2.0,COND-fdac4c4985f84b5d,1,90,0.2222222222222222,0.85,0.1888888888888888,11.0-foundation-tranche-03,SAFE-GROUP-003
V11-HKUST-G2-15,TRAINING_CANDIDATE,True,DOI::10.1038/s41467-019-08483-9,"PAIR::cu::benzene-1,3,5-tricarboxylic acid (h3btc)",peer_reviewed_literature,V11-HKUST-G2-15,10.1038/s41467-019-08483-9,10.24435/materialscloud:2018.0011/v3,https://doi.org/10.24435/materialscloud:2018.0011/v3,https://doi.org/10.1038/s41467-019-08483-9,Capturing chemical intuition in synthesis of metal-organic frameworks,HKUST-1 / Cu-BTC,"benzene-1,3,5-tricarboxylic acid (H3BTC)",O=C(O)c1cc(C(=O)O)cc(C(=O)O)c1,,Aromatic tricarboxylate,Cu,Cu nitrate (hydration not stated in Supplementary Data 1),nitrate,,2,H2O 0.5 mL / DMF 2 mL / EtOH 2 mL,H2O,0.5,DMF,2.0,EtOH,2.0,MeOH,0.0,iPrOH,0.0,Nessuno,,140,0.3333333333333333,,,0.6666666666666666,4.5,,Automated microwave synthesis,200.0,Not encoded in the published Supplementary Data 1 table.,2,High-crystallinity target MOF,0.8,Normalized PXRD crystallinity and phase-purity fitness (0-1),Preregistered curation thresholds: <=0.30 class 0; 0.35-0.75 class 1; >=0.80 class 2. The continuous source score is retained.,V11-PXRD-NORMALIZED-0.30-0.80-v1,,1397.0,True,False,PXRD FWHM plus phase-purity fitness,Published Supplementary Data 1 record G2-15; normalized crystallinity/phase-purity score 0.8.,direct_machine_readable_supplementary_csv,All nine experimental variables and the source outcome score were copied from the authors' CSV; absolute precursor amounts were not invented.,COMPLETE_CONDITIONS_RELATIVE_STOICHIOMETRY,Copper nitrate identity stated; hydration/absolute amount absent from shared CSV.,2.0,COND-8b47ef83ad6ac4dd,1,90,0.2222222222222222,0.85,0.1888888888888888,11.0-foundation-tranche-03,SAFE-GROUP-003
V11-HKUST-G2-16,TRAINING_CANDIDATE,True,DOI::10.1038/s41467-019-08483-9,"PAIR::cu::benzene-1,3,5-tricarboxylic acid (h3btc)",peer_reviewed_literature,V11-HKUST-G2-16,10.1038/s41467-019-08483-9,10.24435/materialscloud:2018.0011/v3,https://doi.org/10.24435/materialscloud:2018.0011/v3,https://doi.org/10.1038/s41467-019-08483-9,Capturing chemical intuition in synthesis of metal-organic frameworks,HKUST-1 / Cu-BTC,"benzene-1,3,5-tricarboxylic acid (H3BTC)",O=C(O)c1cc(C(=O)O)cc(C(=O)O)c1,,Aromatic tricarboxylate,Cu,Cu nitrate (hydration not stated in Supplementary Data 1),nitrate,,2,H2O 3 mL / EtOH 1.5 mL,H2O,3.0,DMF,0.0,EtOH,1.5,MeOH,0.0,iPrOH,0.0,Nessuno,,150,0.4333333333333333,,,0.7692307692307692,4.5,,Automated microwave synthesis,210.0,Not encoded in the published Supplementary Data 1 table.,0,Very low target crystallinity / failed target synthesis,0.2,Normalized PXRD crystallinity and phase-purity fitness (0-1),Preregistered curation thresholds: <=0.30 class 0; 0.35-0.75 class 1; >=0.80 class 2. The continuous source score is retained.,V11-PXRD-NORMALIZED-0.30-0.80-v1,,0.0,False,False,PXRD FWHM plus phase-purity fitness,Published Supplementary Data 1 record G2-16; normalized crystallinity/phase-purity score 0.2.,direct_machine_readable_supplementary_csv,All nine experimental variables and the source outcome score were copied from the authors' CSV; absolute precursor amounts were not invented.,COMPLETE_CONDITIONS_RELATIVE_STOICHIOMETRY,Copper nitrate identity stated; hydration/absolute amount absent from shared CSV.,2.0,COND-947c7c33113b4015,1,90,0.2222222222222222,0.85,0.1888888888888888,11.0-foundation-tranche-03,SAFE-GROUP-003
V11-HKUST-G2-17,TRAINING_CANDIDATE,True,DOI::10.1038/s41467-019-08483-9,"PAIR::cu::benzene-1,3,5-tricarboxylic acid (h3btc)",peer_reviewed_literature,V11-HKUST-G2-17,10.1038/s41467-019-08483-9,10.24435/materialscloud:2018.0011/v3,https://doi.org/10.24435/materialscloud:2018.0011/v3,https://doi.org/10.1038/s41467-019-08483-9,Capturing chemical intuition in synthesis of metal-organic frameworks,HKUST-1 / Cu-BTC,"benzene-1,3,5-tricarboxylic acid (H3BTC)",O=C(O)c1cc(C(=O)O)cc(C(=O)O)c1,,Aromatic tricarboxylate,Cu,Cu nitrate (hydration not stated in Supplementary Data 1),nitrate,,2,DMF 0.5 mL / EtOH 2 mL / MeOH 2.5 mL,H2O,0.0,DMF,0.5,EtOH,2.0,MeOH,2.5,iPrOH,0.0,Nessuno,,129,0.4166666666666667,,,0.7462686567164178,5.0,,Automated microwave synthesis,210.0,Not encoded in the published Supplementary Data 1 table.,2,High-crystallinity target MOF,0.9,Normalized PXRD crystallinity and phase-purity fitness (0-1),Preregistered curation thresholds: <=0.30 class 0; 0.35-0.75 class 1; >=0.80 class 2. The continuous source score is retained.,V11-PXRD-NORMALIZED-0.30-0.80-v1,,1208.0,True,False,PXRD FWHM plus phase-purity fitness,Published Supplementary Data 1 record G2-17; normalized crystallinity/phase-purity score 0.9.,direct_machine_readable_supplementary_csv,All nine experimental variables and the source outcome score were copied from the authors' CSV; absolute precursor amounts were not invented.,COMPLETE_CONDITIONS_RELATIVE_STOICHIOMETRY,Copper nitrate identity stated; hydration/absolute amount absent from shared CSV.,2.0,COND-0b2a2ffd37254bd0,1,90,0.2222222222222222,0.85,0.1888888888888888,11.0-foundation-tranche-03,SAFE-GROUP-003
V11-HKUST-G2-18,TRAINING_CANDIDATE,True,DOI::10.1038/s41467-019-08483-9,"PAIR::cu::benzene-1,3,5-tricarboxylic acid (h3btc)",peer_reviewed_literature,V11-HKUST-G2-18,10.1038/s41467-019-08483-9,10.24435/materialscloud:2018.0011/v3,https://doi.org/10.24435/materialscloud:2018.0011/v3,https://doi.org/10.1038/s41467-019-08483-9,Capturing chemical intuition in synthesis of metal-organic frameworks,HKUST-1 / Cu-BTC,"benzene-1,3,5-tricarboxylic acid (H3BTC)",O=C(O)c1cc(C(=O)O)cc(C(=O)O)c1,,Aromatic tricarboxylate,Cu,Cu nitrate (hydration not stated in Supplementary Data 1),nitrate,,2,DMF 3 mL / EtOH 1.5 mL,H2O,0.0,DMF,3.0,EtOH,1.5,MeOH,0.0,iPrOH,0.0,Nessuno,,118,0.6166666666666667,,,0.8695652173913044,4.5,,Automated microwave synthesis,210.0,Not encoded in the published Supplementary Data 1 table.,1,Partially successful / poor target crystallinity,0.75,Normalized PXRD crystallinity and phase-purity fitness (0-1),Preregistered curation thresholds: <=0.30 class 0; 0.35-0.75 class 1; >=0.80 class 2. The continuous source score is retained.,V11-PXRD-NORMALIZED-0.30-0.80-v1,,0.0,False,False,PXRD FWHM plus phase-purity fitness,Published Supplementary Data 1 record G2-18; normalized crystallinity/phase-purity score 0.75.,direct_machine_readable_supplementary_csv,All nine experimental variables and the source outcome score were copied from the authors' CSV; absolute precursor amounts were not invented.,COMPLETE_CONDITIONS_RELATIVE_STOICHIOMETRY,Copper nitrate identity stated; hydration/absolute amount absent from shared CSV.,2.0,COND-b96d52f0a0ce50d3,1,90,0.2222222222222222,0.85,0.1888888888888888,11.0-foundation-tranche-03,SAFE-GROUP-003
V11-HKUST-G2-19,TRAINING_CANDIDATE,True,DOI::10.1038/s41467-019-08483-9,"PAIR::cu::benzene-1,3,5-tricarboxylic acid (h3btc)",peer_reviewed_literature,V11-HKUST-G2-19,10.1038/s41467-019-08483-9,10.24435/materialscloud:2018.0011/v3,https://doi.org/10.24435/materialscloud:2018.0011/v3,https://doi.org/10.1038/s41467-019-08483-9,Capturing chemical intuition in synthesis of metal-organic frameworks,HKUST-1 / Cu-BTC,"benzene-1,3,5-tricarboxylic acid (H3BTC)",O=C(O)c1cc(C(=O)O)cc(C(=O)O)c1,,Aromatic tricarboxylate,Cu,Cu nitrate (hydration not stated in Supplementary Data 1),nitrate,,2,DMF 4.5 mL,H2O,0.0,DMF,4.5,EtOH,0.0,MeOH,0.0,iPrOH,0.0,Nessuno,,114,0.7666666666666667,,,0.7092198581560284,4.5,,Automated microwave synthesis,200.0,Not encoded in the published Supplementary Data 1 table.,1,Partially successful / poor target crystallinity,0.75,Normalized PXRD crystallinity and phase-purity fitness (0-1),Preregistered curation thresholds: <=0.30 class 0; 0.35-0.75 class 1; >=0.80 class 2. The continuous source score is retained.,V11-PXRD-NORMALIZED-0.30-0.80-v1,,0.0,False,False,PXRD FWHM plus phase-purity fitness,Published Supplementary Data 1 record G2-19; normalized crystallinity/phase-purity score 0.75.,direct_machine_readable_supplementary_csv,All nine experimental variables and the source outcome score were copied from the authors' CSV; absolute precursor amounts were not invented.,COMPLETE_CONDITIONS_RELATIVE_STOICHIOMETRY,Copper nitrate identity stated; hydration/absolute amount absent from shared CSV.,2.0,COND-55e7c7157bca7347,1,90,0.2222222222222222,0.85,0.1888888888888888,11.0-foundation-tranche-03,SAFE-GROUP-003
V11-HKUST-G2-20,TRAINING_CANDIDATE,True,DOI::10.1038/s41467-019-08483-9,"PAIR::cu::benzene-1,3,5-tricarboxylic acid (h3btc)",peer_reviewed_literature,V11-HKUST-G2-20,10.1038/s41467-019-08483-9,10.24435/materialscloud:2018.0011/v3,https://doi.org/10.24435/materialscloud:2018.0011/v3,https://doi.org/10.1038/s41467-019-08483-9,Capturing chemical intuition in synthesis of metal-organic frameworks,HKUST-1 / Cu-BTC,"benzene-1,3,5-tricarboxylic acid (H3BTC)",O=C(O)c1cc(C(=O)O)cc(C(=O)O)c1,,Aromatic tricarboxylate,Cu,Cu nitrate (hydration not stated in Supplementary Data 1),nitrate,,2,H2O 0.5 mL / DMF 1.5 mL / EtOH 2 mL,H2O,0.5,DMF,1.5,EtOH,2.0,MeOH,0.0,iPrOH,0.0,Nessuno,,164,0.5166666666666667,,,0.7194244604316548,4.0,,Automated microwave synthesis,180.0,Not encoded in the published Supplementary Data 1 table.,2,High-crystallinity target MOF,0.85,Normalized PXRD crystallinity and phase-purity fitness (0-1),Preregistered curation thresholds: <=0.30 class 0; 0.35-0.75 class 1; >=0.80 class 2. The continuous source score is retained.,V11-PXRD-NORMALIZED-0.30-0.80-v1,,830.0,True,False,PXRD FWHM plus phase-purity fitness,Published Supplementary Data 1 record G2-20; normalized crystallinity/phase-purity score 0.85.,direct_machine_readable_supplementary_csv,All nine experimental variables and the source outcome score were copied from the authors' CSV; absolute precursor amounts were not invented.,COMPLETE_CONDITIONS_RELATIVE_STOICHIOMETRY,Copper nitrate identity stated; hydration/absolute amount absent from shared CSV.,2.0,COND-a556946cc6c4743b,1,90,0.2222222222222222,0.85,0.1888888888888888,11.0-foundation-tranche-03,SAFE-GROUP-003
V11-HKUST-G2-21,TRAINING_CANDIDATE,True,DOI::10.1038/s41467-019-08483-9,"PAIR::cu::benzene-1,3,5-tricarboxylic acid (h3btc)",peer_reviewed_literature,V11-HKUST-G2-21,10.1038/s41467-019-08483-9,10.24435/materialscloud:2018.0011/v3,https://doi.org/10.24435/materialscloud:2018.0011/v3,https://doi.org/10.1038/s41467-019-08483-9,Capturing chemical intuition in synthesis of metal-organic frameworks,HKUST-1 / Cu-BTC,"benzene-1,3,5-tricarboxylic acid (H3BTC)",O=C(O)c1cc(C(=O)O)cc(C(=O)O)c1,,Aromatic tricarboxylate,Cu,Cu nitrate (hydration not stated in Supplementary Data 1),nitrate,,2,iPrOH 1 mL,H2O,0.0,DMF,0.0,EtOH,0.0,MeOH,0.0,iPrOH,1.0,Nessuno,,179,0.0333333333333333,,,1.1111111111111112,1.0,,Automated microwave synthesis,150.0,Not encoded in the published Supplementary Data 1 table.,1,Partially successful / poor target crystallinity,0.4,Normalized PXRD crystallinity and phase-purity fitness (0-1),Preregistered curation thresholds: <=0.30 class 0; 0.35-0.75 class 1; >=0.80 class 2. The continuous source score is retained.,V11-PXRD-NORMALIZED-0.30-0.80-v1,,0.0,False,False,PXRD FWHM plus phase-purity fitness,Published Supplementary Data 1 record G2-21; normalized crystallinity/phase-purity score 0.4.,direct_machine_readable_supplementary_csv,All nine experimental variables and the source outcome score were copied from the authors' CSV; absolute precursor amounts were not invented.,COMPLETE_CONDITIONS_RELATIVE_STOICHIOMETRY,Copper nitrate identity stated; hydration/absolute amount absent from shared CSV.,2.0,COND-0d3de8cbf5f7ded4,1,90,0.2222222222222222,0.85,0.1888888888888888,11.0-foundation-tranche-03,SAFE-GROUP-003
V11-HKUST-G2-22,TRAINING_CANDIDATE,True,DOI::10.1038/s41467-019-08483-9,"PAIR::cu::benzene-1,3,5-tricarboxylic acid (h3btc)",peer_reviewed_literature,V11-HKUST-G2-22,10.1038/s41467-019-08483-9,10.24435/materialscloud:2018.0011/v3,https://doi.org/10.24435/materialscloud:2018.0011/v3,https://doi.org/10.1038/s41467-019-08483-9,Capturing chemical intuition in synthesis of metal-organic frameworks,HKUST-1 / Cu-BTC,"benzene-1,3,5-tricarboxylic acid (H3BTC)",O=C(O)c1cc(C(=O)O)cc(C(=O)O)c1,,Aromatic tricarboxylate,Cu,Cu nitrate (hydration not stated in Supplementary Data 1),nitrate,,2,H2O 0.5 mL / iPrOH 2.5 mL,H2O,0.5,DMF,0.0,EtOH,0.0,MeOH,0.0,iPrOH,2.5,Nessuno,,173,0.2166666666666666,,,0.8474576271186441,3.0,,Automated microwave synthesis,180.0,Not encoded in the published Supplementary Data 1 table.,0,Very low target crystallinity / failed target synthesis,0.2,Normalized PXRD crystallinity and phase-purity fitness (0-1),Preregistered curation thresholds: <=0.30 class 0; 0.35-0.75 class 1; >=0.80 class 2. The continuous source score is retained.,V11-PXRD-NORMALIZED-0.30-0.80-v1,,0.0,False,False,PXRD FWHM plus phase-purity fitness,Published Supplementary Data 1 record G2-22; normalized crystallinity/phase-purity score 0.2.,direct_machine_readable_supplementary_csv,All nine experimental variables and the source outcome score were copied from the authors' CSV; absolute precursor amounts were not invented.,COMPLETE_CONDITIONS_RELATIVE_STOICHIOMETRY,Copper nitrate identity stated; hydration/absolute amount absent from shared CSV.,2.0,COND-8781221a90fa8b93,1,90,0.2222222222222222,0.85,0.1888888888888888,11.0-foundation-tranche-03,SAFE-GROUP-003
V11-HKUST-G2-23,TRAINING_CANDIDATE,True,DOI::10.1038/s41467-019-08483-9,"PAIR::cu::benzene-1,3,5-tricarboxylic acid (h3btc)",peer_reviewed_literature,V11-HKUST-G2-23,10.1038/s41467-019-08483-9,10.24435/materialscloud:2018.0011/v3,https://doi.org/10.24435/materialscloud:2018.0011/v3,https://doi.org/10.1038/s41467-019-08483-9,Capturing chemical intuition in synthesis of metal-organic frameworks,HKUST-1 / Cu-BTC,"benzene-1,3,5-tricarboxylic acid (H3BTC)",O=C(O)c1cc(C(=O)O)cc(C(=O)O)c1,,Aromatic tricarboxylate,Cu,Cu nitrate (hydration not stated in Supplementary Data 1),nitrate,,2,H2O 0.5 mL / EtOH 4.5 mL / MeOH 0.55 mL / iPrOH 0.15 mL,H2O,0.5,DMF,0.0,EtOH,4.5,MeOH,0.55,iPrOH,0.15,Nessuno,,157,0.75,,,0.9090909090909092,5.7,,Automated microwave synthesis,172.0,Not encoded in the published Supplementary Data 1 table.,1,Partially successful / poor target crystallinity,0.65,Normalized PXRD crystallinity and phase-purity fitness (0-1),Preregistered curation thresholds: <=0.30 class 0; 0.35-0.75 class 1; >=0.80 class 2. The continuous source score is retained.,V11-PXRD-NORMALIZED-0.30-0.80-v1,,0.0,False,False,PXRD FWHM plus phase-purity fitness,Published Supplementary Data 1 record G2-23; normalized crystallinity/phase-purity score 0.65.,direct_machine_readable_supplementary_csv,All nine experimental variables and the source outcome score were copied from the authors' CSV; absolute precursor amounts were not invented.,COMPLETE_CONDITIONS_RELATIVE_STOICHIOMETRY,Copper nitrate identity stated; hydration/absolute amount absent from shared CSV.,2.0,COND-f69fa402e1c8aba2,1,90,0.2222222222222222,0.85,0.1888888888888888,11.0-foundation-tranche-03,SAFE-GROUP-003
V11-HKUST-G2-24,TRAINING_CANDIDATE,True,DOI::10.1038/s41467-019-08483-9,"PAIR::cu::benzene-1,3,5-tricarboxylic acid (h3btc)",peer_reviewed_literature,V11-HKUST-G2-24,10.1038/s41467-019-08483-9,10.24435/materialscloud:2018.0011/v3,https://doi.org/10.24435/materialscloud:2018.0011/v3,https://doi.org/10.1038/s41467-019-08483-9,Capturing chemical intuition in synthesis of metal-organic frameworks,HKUST-1 / Cu-BTC,"benzene-1,3,5-tricarboxylic acid (H3BTC)",O=C(O)c1cc(C(=O)O)cc(C(=O)O)c1,,Aromatic tricarboxylate,Cu,Cu nitrate (hydration not stated in Supplementary Data 1),nitrate,,2,H2O 0.5 mL / MeOH 4 mL,H2O,0.5,DMF,0.0,EtOH,0.0,MeOH,4.0,iPrOH,0.0,Nessuno,,127,0.6333333333333333,,,0.6289308176100629,4.5,,Automated microwave synthesis,190.0,Not encoded in the published Supplementary Data 1 table.,2,High-crystallinity target MOF,0.85,Normalized PXRD crystallinity and phase-purity fitness (0-1),Preregistered curation thresholds: <=0.30 class 0; 0.35-0.75 class 1; >=0.80 class 2. The continuous source score is retained.,V11-PXRD-NORMALIZED-0.30-0.80-v1,,1357.0,True,False,PXRD FWHM plus phase-purity fitness,Published Supplementary Data 1 record G2-24; normalized crystallinity/phase-purity score 0.85.,direct_machine_readable_supplementary_csv,All nine experimental variables and the source outcome score were copied from the authors' CSV; absolute precursor amounts were not invented.,COMPLETE_CONDITIONS_RELATIVE_STOICHIOMETRY,Copper nitrate identity stated; hydration/absolute amount absent from shared CSV.,2.0,COND-105cf565e5b7694c,1,90,0.2222222222222222,0.85,0.1888888888888888,11.0-foundation-tranche-03,SAFE-GROUP-003
V11-HKUST-G2-25,TRAINING_CANDIDATE,True,DOI::10.1038/s41467-019-08483-9,"PAIR::cu::benzene-1,3,5-tricarboxylic acid (h3btc)",peer_reviewed_literature,V11-HKUST-G2-25,10.1038/s41467-019-08483-9,10.24435/materialscloud:2018.0011/v3,https://doi.org/10.24435/materialscloud:2018.0011/v3,https://doi.org/10.1038/s41467-019-08483-9,Capturing chemical intuition in synthesis of metal-organic frameworks,HKUST-1 / Cu-BTC,"benzene-1,3,5-tricarboxylic acid (H3BTC)",O=C(O)c1cc(C(=O)O)cc(C(=O)O)c1,,Aromatic tricarboxylate,Cu,Cu nitrate (hydration not stated in Supplementary Data 1),nitrate,,2,H2O 4.5 mL / EtOH 0.5 mL / iPrOH 0.5 mL,H2O,4.5,DMF,0.0,EtOH,0.5,MeOH,0.0,iPrOH,0.5,Nessuno,,101,0.9,,,0.5988023952095809,5.5,,Automated microwave synthesis,200.0,Not encoded in the published Supplementary Data 1 table.,1,Partially successful / poor target crystallinity,0.65,Normalized PXRD crystallinity and phase-purity fitness (0-1),Preregistered curation thresholds: <=0.30 class 0; 0.35-0.75 class 1; >=0.80 class 2. The continuous source score is retained.,V11-PXRD-NORMALIZED-0.30-0.80-v1,,0.0,False,False,PXRD FWHM plus phase-purity fitness,Published Supplementary Data 1 record G2-25; normalized crystallinity/phase-purity score 0.65.,direct_machine_readable_supplementary_csv,All nine experimental variables and the source outcome score were copied from the authors' CSV; absolute precursor amounts were not invented.,COMPLETE_CONDITIONS_RELATIVE_STOICHIOMETRY,Copper nitrate identity stated; hydration/absolute amount absent from shared CSV.,2.0,COND-3969ef369b3e8889,1,90,0.2222222222222222,0.85,0.1888888888888888,11.0-foundation-tranche-03,SAFE-GROUP-003
V11-HKUST-G2-26,TRAINING_CANDIDATE,True,DOI::10.1038/s41467-019-08483-9,"PAIR::cu::benzene-1,3,5-tricarboxylic acid (h3btc)",peer_reviewed_literature,V11-HKUST-G2-26,10.1038/s41467-019-08483-9,10.24435/materialscloud:2018.0011/v3,https://doi.org/10.24435/materialscloud:2018.0011/v3,https://doi.org/10.1038/s41467-019-08483-9,Capturing chemical intuition in synthesis of metal-organic frameworks,HKUST-1 / Cu-BTC,"benzene-1,3,5-tricarboxylic acid (H3BTC)",O=C(O)c1cc(C(=O)O)cc(C(=O)O)c1,,Aromatic tricarboxylate,Cu,Cu nitrate (hydration not stated in Supplementary Data 1),nitrate,,2,H2O 0.15 mL / DMF 4.65 mL / EtOH 0.1 mL / iPrOH 1 mL,H2O,0.15,DMF,4.65,EtOH,0.1,MeOH,0.0,iPrOH,1.0,Nessuno,,116,0.9833333333333332,,,1.25,5.9,,Automated microwave synthesis,241.0,Not encoded in the published Supplementary Data 1 table.,1,Partially successful / poor target crystallinity,0.7,Normalized PXRD crystallinity and phase-purity fitness (0-1),Preregistered curation thresholds: <=0.30 class 0; 0.35-0.75 class 1; >=0.80 class 2. The continuous source score is retained.,V11-PXRD-NORMALIZED-0.30-0.80-v1,,0.0,False,False,PXRD FWHM plus phase-purity fitness,Published Supplementary Data 1 record G2-26; normalized crystallinity/phase-purity score 0.7.,direct_machine_readable_supplementary_csv,All nine experimental variables and the source outcome score were copied from the authors' CSV; absolute precursor amounts were not invented.,COMPLETE_CONDITIONS_RELATIVE_STOICHIOMETRY,Copper nitrate identity stated; hydration/absolute amount absent from shared CSV.,2.0,COND-992b20dab27462fe,1,90,0.2222222222222222,0.85,0.1888888888888888,11.0-foundation-tranche-03,SAFE-GROUP-003
V11-HKUST-G2-27,TRAINING_CANDIDATE,True,DOI::10.1038/s41467-019-08483-9,"PAIR::cu::benzene-1,3,5-tricarboxylic acid (h3btc)",peer_reviewed_literature,V11-HKUST-G2-27,10.1038/s41467-019-08483-9,10.24435/materialscloud:2018.0011/v3,https://doi.org/10.24435/materialscloud:2018.0011/v3,https://doi.org/10.1038/s41467-019-08483-9,Capturing chemical intuition in synthesis of metal-organic frameworks,HKUST-1 / Cu-BTC,"benzene-1,3,5-tricarboxylic acid (H3BTC)",O=C(O)c1cc(C(=O)O)cc(C(=O)O)c1,,Aromatic tricarboxylate,Cu,Cu nitrate (hydration not stated in Supplementary Data 1),nitrate,,2,H2O 1.5 mL / DMF 1.5 mL / EtOH 1.5 mL / MeOH 1.5 mL / iPrOH 2 mL,H2O,1.5,DMF,1.5,EtOH,1.5,MeOH,1.5,iPrOH,2.0,Nessuno,,143,0.0333333333333333,,,1.25,8.0,,Automated microwave synthesis,200.0,Not encoded in the published Supplementary Data 1 table.,1,Partially successful / poor target crystallinity,0.7,Normalized PXRD crystallinity and phase-purity fitness (0-1),Preregistered curation thresholds: <=0.30 class 0; 0.35-0.75 class 1; >=0.80 class 2. The continuous source score is retained.,V11-PXRD-NORMALIZED-0.30-0.80-v1,,0.0,False,False,PXRD FWHM plus phase-purity fitness,Published Supplementary Data 1 record G2-27; normalized crystallinity/phase-purity score 0.7.,direct_machine_readable_supplementary_csv,All nine experimental variables and the source outcome score were copied from the authors' CSV; absolute precursor amounts were not invented.,COMPLETE_CONDITIONS_RELATIVE_STOICHIOMETRY,Copper nitrate identity stated; hydration/absolute amount absent from shared CSV.,2.0,COND-72af6dea28c25921,1,90,0.2222222222222222,0.85,0.1888888888888888,11.0-foundation-tranche-03,SAFE-GROUP-003
V11-HKUST-G2-28,TRAINING_CANDIDATE,True,DOI::10.1038/s41467-019-08483-9,"PAIR::cu::benzene-1,3,5-tricarboxylic acid (h3btc)",peer_reviewed_literature,V11-HKUST-G2-28,10.1038/s41467-019-08483-9,10.24435/materialscloud:2018.0011/v3,https://doi.org/10.24435/materialscloud:2018.0011/v3,https://doi.org/10.1038/s41467-019-08483-9,Capturing chemical intuition in synthesis of metal-organic frameworks,HKUST-1 / Cu-BTC,"benzene-1,3,5-tricarboxylic acid (H3BTC)",O=C(O)c1cc(C(=O)O)cc(C(=O)O)c1,,Aromatic tricarboxylate,Cu,Cu nitrate (hydration not stated in Supplementary Data 1),nitrate,,2,DMF 3 mL / EtOH 4.5 mL,H2O,0.0,DMF,3.0,EtOH,4.5,MeOH,0.0,iPrOH,0.0,Nessuno,,140,0.05,,,1.162790697674419,7.5,,Automated microwave synthesis,210.0,Not encoded in the published Supplementary Data 1 table.,1,Partially successful / poor target crystallinity,0.75,Normalized PXRD crystallinity and phase-purity fitness (0-1),Preregistered curation thresholds: <=0.30 class 0; 0.35-0.75 class 1; >=0.80 class 2. The continuous source score is retained.,V11-PXRD-NORMALIZED-0.30-0.80-v1,,0.0,False,False,PXRD FWHM plus phase-purity fitness,Published Supplementary Data 1 record G2-28; normalized crystallinity/phase-purity score 0.75.,direct_machine_readable_supplementary_csv,All nine experimental variables and the source outcome score were copied from the authors' CSV; absolute precursor amounts were not invented.,COMPLETE_CONDITIONS_RELATIVE_STOICHIOMETRY,Copper nitrate identity stated; hydration/absolute amount absent from shared CSV.,2.0,COND-1addcc1933667d71,1,90,0.2222222222222222,0.85,0.1888888888888888,11.0-foundation-tranche-03,SAFE-GROUP-003
V11-HKUST-G2-29,TRAINING_CANDIDATE,True,DOI::10.1038/s41467-019-08483-9,"PAIR::cu::benzene-1,3,5-tricarboxylic acid (h3btc)",peer_reviewed_literature,V11-HKUST-G2-29,10.1038/s41467-019-08483-9,10.24435/materialscloud:2018.0011/v3,https://doi.org/10.24435/materialscloud:2018.0011/v3,https://doi.org/10.1038/s41467-019-08483-9,Capturing chemical intuition in synthesis of metal-organic frameworks,HKUST-1 / Cu-BTC,"benzene-1,3,5-tricarboxylic acid (H3BTC)",O=C(O)c1cc(C(=O)O)cc(C(=O)O)c1,,Aromatic tricarboxylate,Cu,Cu nitrate (hydration not stated in Supplementary Data 1),nitrate,,2,EtOH 3.5 mL / iPrOH 0.5 mL,H2O,0.0,DMF,0.0,EtOH,3.5,MeOH,0.0,iPrOH,0.5,Nessuno,,128,0.0333333333333333,,,1.020408163265306,4.0,,Automated microwave synthesis,220.0,Not encoded in the published Supplementary Data 1 table.,1,Partially successful / poor target crystallinity,0.5,Normalized PXRD crystallinity and phase-purity fitness (0-1),Preregistered curation thresholds: <=0.30 class 0; 0.35-0.75 class 1; >=0.80 class 2. The continuous source score is retained.,V11-PXRD-NORMALIZED-0.30-0.80-v1,,0.0,False,False,PXRD FWHM plus phase-purity fitness,Published Supplementary Data 1 record G2-29; normalized crystallinity/phase-purity score 0.5.,direct_machine_readable_supplementary_csv,All nine experimental variables and the source outcome score were copied from the authors' CSV; absolute precursor amounts were not invented.,COMPLETE_CONDITIONS_RELATIVE_STOICHIOMETRY,Copper nitrate identity stated; hydration/absolute amount absent from shared CSV.,2.0,COND-169976c705897a7f,1,90,0.2222222222222222,0.85,0.1888888888888888,11.0-foundation-tranche-03,SAFE-GROUP-003
V11-HKUST-G2-30,TRAINING_CANDIDATE,True,DOI::10.1038/s41467-019-08483-9,"PAIR::cu::benzene-1,3,5-tricarboxylic acid (h3btc)",peer_reviewed_literature,V11-HKUST-G2-30,10.1038/s41467-019-08483-9,10.24435/materialscloud:2018.0011/v3,https://doi.org/10.24435/materialscloud:2018.0011/v3,https://doi.org/10.1038/s41467-019-08483-9,Capturing chemical intuition in synthesis of metal-organic frameworks,HKUST-1 / Cu-BTC,"benzene-1,3,5-tricarboxylic acid (H3BTC)",O=C(O)c1cc(C(=O)O)cc(C(=O)O)c1,,Aromatic tricarboxylate,Cu,Cu nitrate (hydration not stated in Supplementary Data 1),nitrate,,2,DMF 4.5 mL / iPrOH 2 mL,H2O,0.0,DMF,4.5,EtOH,0.0,MeOH,0.0,iPrOH,2.0,Nessuno,,200,1.0,,,1.25,6.5,,Automated microwave synthesis,240.0,Not encoded in the published Supplementary Data 1 table.,2,High-crystallinity target MOF,0.85,Normalized PXRD crystallinity and phase-purity fitness (0-1),Preregistered curation thresholds: <=0.30 class 0; 0.35-0.75 class 1; >=0.80 class 2. The continuous source score is retained.,V11-PXRD-NORMALIZED-0.30-0.80-v1,,1607.0,True,False,PXRD FWHM plus phase-purity fitness,Published Supplementary Data 1 record G2-30; normalized crystallinity/phase-purity score 0.85.,direct_machine_readable_supplementary_csv,All nine experimental variables and the source outcome score were copied from the authors' CSV; absolute precursor amounts were not invented.,COMPLETE_CONDITIONS_RELATIVE_STOICHIOMETRY,Copper nitrate identity stated; hydration/absolute amount absent from shared CSV.,2.0,COND-3cff18fd3485a039,1,90,0.2222222222222222,0.85,0.1888888888888888,11.0-foundation-tranche-03,SAFE-GROUP-003
V11-HKUST-G3-01,TRAINING_CANDIDATE,True,DOI::10.1038/s41467-019-08483-9,"PAIR::cu::benzene-1,3,5-tricarboxylic acid (h3btc)",peer_reviewed_literature,V11-HKUST-G3-01,10.1038/s41467-019-08483-9,10.24435/materialscloud:2018.0011/v3,https://doi.org/10.24435/materialscloud:2018.0011/v3,https://doi.org/10.1038/s41467-019-08483-9,Capturing chemical intuition in synthesis of metal-organic frameworks,HKUST-1 / Cu-BTC,"benzene-1,3,5-tricarboxylic acid (H3BTC)",O=C(O)c1cc(C(=O)O)cc(C(=O)O)c1,,Aromatic tricarboxylate,Cu,Cu nitrate (hydration not stated in Supplementary Data 1),nitrate,,2,MeOH 4.5 mL / iPrOH 0.5 mL,H2O,0.0,DMF,0.0,EtOH,0.0,MeOH,4.5,iPrOH,0.5,Nessuno,,169,0.5333333333333333,,,1.1111111111111112,5.0,,Automated microwave synthesis,236.0,Not encoded in the published Supplementary Data 1 table.,2,High-crystallinity target MOF,0.8,Normalized PXRD crystallinity and phase-purity fitness (0-1),Preregistered curation thresholds: <=0.30 class 0; 0.35-0.75 class 1; >=0.80 class 2. The continuous source score is retained.,V11-PXRD-NORMALIZED-0.30-0.80-v1,,0.0,True,False,PXRD FWHM plus phase-purity fitness,Published Supplementary Data 1 record G3-01; normalized crystallinity/phase-purity score 0.8.,direct_machine_readable_supplementary_csv,All nine experimental variables and the source outcome score were copied from the authors' CSV; absolute precursor amounts were not invented.,COMPLETE_CONDITIONS_RELATIVE_STOICHIOMETRY,Copper nitrate identity stated; hydration/absolute amount absent from shared CSV.,3.0,COND-b247140f4ba0c804,1,90,0.2222222222222222,0.85,0.1888888888888888,11.0-foundation-tranche-03,SAFE-GROUP-003
V11-HKUST-G3-02,TRAINING_CANDIDATE,True,DOI::10.1038/s41467-019-08483-9,"PAIR::cu::benzene-1,3,5-tricarboxylic acid (h3btc)",peer_reviewed_literature,V11-HKUST-G3-02,10.1038/s41467-019-08483-9,10.24435/materialscloud:2018.0011/v3,https://doi.org/10.24435/materialscloud:2018.0011/v3,https://doi.org/10.1038/s41467-019-08483-9,Capturing chemical intuition in synthesis of metal-organic frameworks,HKUST-1 / Cu-BTC,"benzene-1,3,5-tricarboxylic acid (H3BTC)",O=C(O)c1cc(C(=O)O)cc(C(=O)O)c1,,Aromatic tricarboxylate,Cu,Cu nitrate (hydration not stated in Supplementary Data 1),nitrate,,2,DMF 3 mL / MeOH 0.5 mL,H2O,0.0,DMF,3.0,EtOH,0.0,MeOH,0.5,iPrOH,0.0,Nessuno,,108,0.0833333333333333,,,0.7299270072992701,3.5,,Automated microwave synthesis,210.0,Not encoded in the published Supplementary Data 1 table.,1,Partially successful / poor target crystallinity,0.7,Normalized PXRD crystallinity and phase-purity fitness (0-1),Preregistered curation thresholds: <=0.30 class 0; 0.35-0.75 class 1; >=0.80 class 2. The continuous source score is retained.,V11-PXRD-NORMALIZED-0.30-0.80-v1,,0.0,False,False,PXRD FWHM plus phase-purity fitness,Published Supplementary Data 1 record G3-02; normalized crystallinity/phase-purity score 0.7.,direct_machine_readable_supplementary_csv,All nine experimental variables and the source outcome score were copied from the authors' CSV; absolute precursor amounts were not invented.,COMPLETE_CONDITIONS_RELATIVE_STOICHIOMETRY,Copper nitrate identity stated; hydration/absolute amount absent from shared CSV.,3.0,COND-e902c280eda0e213,1,90,0.2222222222222222,0.85,0.1888888888888888,11.0-foundation-tranche-03,SAFE-GROUP-003
V11-HKUST-G3-03,TRAINING_CANDIDATE,True,DOI::10.1038/s41467-019-08483-9,"PAIR::cu::benzene-1,3,5-tricarboxylic acid (h3btc)",peer_reviewed_literature,V11-HKUST-G3-03,10.1038/s41467-019-08483-9,10.24435/materialscloud:2018.0011/v3,https://doi.org/10.24435/materialscloud:2018.0011/v3,https://doi.org/10.1038/s41467-019-08483-9,Capturing chemical intuition in synthesis of metal-organic frameworks,HKUST-1 / Cu-BTC,"benzene-1,3,5-tricarboxylic acid (H3BTC)",O=C(O)c1cc(C(=O)O)cc(C(=O)O)c1,,Aromatic tricarboxylate,Cu,Cu nitrate (hydration not stated in Supplementary Data 1),nitrate,,2,MeOH 0.5 mL / iPrOH 0.5 mL,H2O,0.0,DMF,0.0,EtOH,0.0,MeOH,0.5,iPrOH,0.5,Nessuno,,101,0.1,,,0.5586592178770949,1.0,,Automated microwave synthesis,150.0,Not encoded in the published Supplementary Data 1 table.,1,Partially successful / poor target crystallinity,0.65,Normalized PXRD crystallinity and phase-purity fitness (0-1),Preregistered curation thresholds: <=0.30 class 0; 0.35-0.75 class 1; >=0.80 class 2. The continuous source score is retained.,V11-PXRD-NORMALIZED-0.30-0.80-v1,,0.0,False,False,PXRD FWHM plus phase-purity fitness,Published Supplementary Data 1 record G3-03; normalized crystallinity/phase-purity score 0.65.,direct_machine_readable_supplementary_csv,All nine experimental variables and the source outcome score were copied from the authors' CSV; absolute precursor amounts were not invented.,COMPLETE_CONDITIONS_RELATIVE_STOICHIOMETRY,Copper nitrate identity stated; hydration/absolute amount absent from shared CSV.,3.0,COND-367245693fec8090,1,90,0.2222222222222222,0.85,0.1888888888888888,11.0-foundation-tranche-03,SAFE-GROUP-003
V11-HKUST-G3-04,TRAINING_CANDIDATE,True,DOI::10.1038/s41467-019-08483-9,"PAIR::cu::benzene-1,3,5-tricarboxylic acid (h3btc)",peer_reviewed_literature,V11-HKUST-G3-04,10.1038/s41467-019-08483-9,10.24435/materialscloud:2018.0011/v3,https://doi.org/10.24435/materialscloud:2018.0011/v3,https://doi.org/10.1038/s41467-019-08483-9,Capturing chemical intuition in synthesis of metal-organic frameworks,HKUST-1 / Cu-BTC,"benzene-1,3,5-tricarboxylic acid (H3BTC)",O=C(O)c1cc(C(=O)O)cc(C(=O)O)c1,,Aromatic tricarboxylate,Cu,Cu nitrate (hydration not stated in Supplementary Data 1),nitrate,,2,DMF 0.5 mL / EtOH 5 mL,H2O,0.0,DMF,0.5,EtOH,5.0,MeOH,0.0,iPrOH,0.0,Nessuno,,125,0.0333333333333333,,,1.1111111111111112,5.5,,Automated microwave synthesis,210.0,Not encoded in the published Supplementary Data 1 table.,2,High-crystallinity target MOF,0.85,Normalized PXRD crystallinity and phase-purity fitness (0-1),Preregistered curation thresholds: <=0.30 class 0; 0.35-0.75 class 1; >=0.80 class 2. The continuous source score is retained.,V11-PXRD-NORMALIZED-0.30-0.80-v1,,0.0,True,False,PXRD FWHM plus phase-purity fitness,Published Supplementary Data 1 record G3-04; normalized crystallinity/phase-purity score 0.85.,direct_machine_readable_supplementary_csv,All nine experimental variables and the source outcome score were copied from the authors' CSV; absolute precursor amounts were not invented.,COMPLETE_CONDITIONS_RELATIVE_STOICHIOMETRY,Copper nitrate identity stated; hydration/absolute amount absent from shared CSV.,3.0,COND-fcbfee9cf3873df9,1,90,0.2222222222222222,0.85,0.1888888888888888,11.0-foundation-tranche-03,SAFE-GROUP-003
V11-HKUST-G3-05,TRAINING_CANDIDATE,True,DOI::10.1038/s41467-019-08483-9,"PAIR::cu::benzene-1,3,5-tricarboxylic acid (h3btc)",peer_reviewed_literature,V11-HKUST-G3-05,10.1038/s41467-019-08483-9,10.24435/materialscloud:2018.0011/v3,https://doi.org/10.24435/materialscloud:2018.0011/v3,https://doi.org/10.1038/s41467-019-08483-9,Capturing chemical intuition in synthesis of metal-organic frameworks,HKUST-1 / Cu-BTC,"benzene-1,3,5-tricarboxylic acid (H3BTC)",O=C(O)c1cc(C(=O)O)cc(C(=O)O)c1,,Aromatic tricarboxylate,Cu,Cu nitrate (hydration not stated in Supplementary Data 1),nitrate,,2,H2O 0.5 mL / DMF 0.5 mL / EtOH 0.5 mL / iPrOH 3.5 mL,H2O,0.5,DMF,0.5,EtOH,0.5,MeOH,0.0,iPrOH,3.5,Nessuno,,140,0.3333333333333333,,,0.6666666666666666,5.0,,Automated microwave synthesis,200.0,Not encoded in the published Supplementary Data 1 table.,2,High-crystallinity target MOF,0.85,Normalized PXRD crystallinity and phase-purity fitness (0-1),Preregistered curation thresholds: <=0.30 class 0; 0.35-0.75 class 1; >=0.80 class 2. The continuous source score is retained.,V11-PXRD-NORMALIZED-0.30-0.80-v1,,1201.0,True,False,PXRD FWHM plus phase-purity fitness,Published Supplementary Data 1 record G3-05; normalized crystallinity/phase-purity score 0.85.,direct_machine_readable_supplementary_csv,All nine experimental variables and the source outcome score were copied from the authors' CSV; absolute precursor amounts were not invented.,COMPLETE_CONDITIONS_RELATIVE_STOICHIOMETRY,Copper nitrate identity stated; hydration/absolute amount absent from shared CSV.,3.0,COND-99e815b3aa6eda07,1,90,0.2222222222222222,0.85,0.1888888888888888,11.0-foundation-tranche-03,SAFE-GROUP-003
V11-HKUST-G3-06,TRAINING_CANDIDATE,True,DOI::10.1038/s41467-019-08483-9,"PAIR::cu::benzene-1,3,5-tricarboxylic acid (h3btc)",peer_reviewed_literature,V11-HKUST-G3-06,10.1038/s41467-019-08483-9,10.24435/materialscloud:2018.0011/v3,https://doi.org/10.24435/materialscloud:2018.0011/v3,https://doi.org/10.1038/s41467-019-08483-9,Capturing chemical intuition in synthesis of metal-organic frameworks,HKUST-1 / Cu-BTC,"benzene-1,3,5-tricarboxylic acid (H3BTC)",O=C(O)c1cc(C(=O)O)cc(C(=O)O)c1,,Aromatic tricarboxylate,Cu,Cu nitrate (hydration not stated in Supplementary Data 1),nitrate,,2,H2O 3 mL / EtOH 3 mL,H2O,3.0,DMF,0.0,EtOH,3.0,MeOH,0.0,iPrOH,0.0,Nessuno,,140,0.5,,,0.6666666666666666,6.0,,Automated microwave synthesis,150.0,Not encoded in the published Supplementary Data 1 table.,1,Partially successful / poor target crystallinity,0.6,Normalized PXRD crystallinity and phase-purity fitness (0-1),Preregistered curation thresholds: <=0.30 class 0; 0.35-0.75 class 1; >=0.80 class 2. The continuous source score is retained.,V11-PXRD-NORMALIZED-0.30-0.80-v1,,1107.0,False,False,PXRD FWHM plus phase-purity fitness,Published Supplementary Data 1 record G3-06; normalized crystallinity/phase-purity score 0.6.,direct_machine_readable_supplementary_csv,All nine experimental variables and the source outcome score were copied from the authors' CSV; absolute precursor amounts were not invented.,COMPLETE_CONDITIONS_RELATIVE_STOICHIOMETRY,Copper nitrate identity stated; hydration/absolute amount absent from shared CSV.,3.0,COND-857d5cc36e8c9c13,1,90,0.2222222222222222,0.85,0.1888888888888888,11.0-foundation-tranche-03,SAFE-GROUP-003
V11-HKUST-G3-07,TRAINING_CANDIDATE,True,DOI::10.1038/s41467-019-08483-9,"PAIR::cu::benzene-1,3,5-tricarboxylic acid (h3btc)",peer_reviewed_literature,V11-HKUST-G3-07,10.1038/s41467-019-08483-9,10.24435/materialscloud:2018.0011/v3,https://doi.org/10.24435/materialscloud:2018.0011/v3,https://doi.org/10.1038/s41467-019-08483-9,Capturing chemical intuition in synthesis of metal-organic frameworks,HKUST-1 / Cu-BTC,"benzene-1,3,5-tricarboxylic acid (H3BTC)",O=C(O)c1cc(C(=O)O)cc(C(=O)O)c1,,Aromatic tricarboxylate,Cu,Cu nitrate (hydration not stated in Supplementary Data 1),nitrate,,2,H2O 3 mL / EtOH 3 mL,H2O,3.0,DMF,0.0,EtOH,3.0,MeOH,0.0,iPrOH,0.0,Nessuno,,140,0.6666666666666666,,,0.6666666666666666,6.0,,Automated microwave synthesis,150.0,Not encoded in the published Supplementary Data 1 table.,1,Partially successful / poor target crystallinity,0.55,Normalized PXRD crystallinity and phase-purity fitness (0-1),Preregistered curation thresholds: <=0.30 class 0; 0.35-0.75 class 1; >=0.80 class 2. The continuous source score is retained.,V11-PXRD-NORMALIZED-0.30-0.80-v1,,1028.0,False,False,PXRD FWHM plus phase-purity fitness,Published Supplementary Data 1 record G3-07; normalized crystallinity/phase-purity score 0.55.,direct_machine_readable_supplementary_csv,All nine experimental variables and the source outcome score were copied from the authors' CSV; absolute precursor amounts were not invented.,COMPLETE_CONDITIONS_RELATIVE_STOICHIOMETRY,Copper nitrate identity stated; hydration/absolute amount absent from shared CSV.,3.0,COND-507a17fcc100730e,1,90,0.2222222222222222,0.85,0.1888888888888888,11.0-foundation-tranche-03,SAFE-GROUP-003
V11-HKUST-G3-08,TRAINING_CANDIDATE,True,DOI::10.1038/s41467-019-08483-9,"PAIR::cu::benzene-1,3,5-tricarboxylic acid (h3btc)",peer_reviewed_literature,V11-HKUST-G3-08,10.1038/s41467-019-08483-9,10.24435/materialscloud:2018.0011/v3,https://doi.org/10.24435/materialscloud:2018.0011/v3,https://doi.org/10.1038/s41467-019-08483-9,Capturing chemical intuition in synthesis of metal-organic frameworks,HKUST-1 / Cu-BTC,"benzene-1,3,5-tricarboxylic acid (H3BTC)",O=C(O)c1cc(C(=O)O)cc(C(=O)O)c1,,Aromatic tricarboxylate,Cu,Cu nitrate (hydration not stated in Supplementary Data 1),nitrate,,2,H2O 2 mL / DMF 1 mL / EtOH 2 mL,H2O,2.0,DMF,1.0,EtOH,2.0,MeOH,0.0,iPrOH,0.0,Nessuno,,140,0.2833333333333333,,,0.6666666666666666,5.0,,Automated microwave synthesis,180.0,Not encoded in the published Supplementary Data 1 table.,2,High-crystallinity target MOF,0.8,Normalized PXRD crystallinity and phase-purity fitness (0-1),Preregistered curation thresholds: <=0.30 class 0; 0.35-0.75 class 1; >=0.80 class 2. The continuous source score is retained.,V11-PXRD-NORMALIZED-0.30-0.80-v1,,931.0,True,False,PXRD FWHM plus phase-purity fitness,Published Supplementary Data 1 record G3-08; normalized crystallinity/phase-purity score 0.8.,direct_machine_readable_supplementary_csv,All nine experimental variables and the source outcome score were copied from the authors' CSV; absolute precursor amounts were not invented.,COMPLETE_CONDITIONS_RELATIVE_STOICHIOMETRY,Copper nitrate identity stated; hydration/absolute amount absent from shared CSV.,3.0,COND-30f965d5236440cf,1,90,0.2222222222222222,0.85,0.1888888888888888,11.0-foundation-tranche-03,SAFE-GROUP-003
V11-HKUST-G3-09,TRAINING_CANDIDATE,True,DOI::10.1038/s41467-019-08483-9,"PAIR::cu::benzene-1,3,5-tricarboxylic acid (h3btc)",peer_reviewed_literature,V11-HKUST-G3-09,10.1038/s41467-019-08483-9,10.24435/materialscloud:2018.0011/v3,https://doi.org/10.24435/materialscloud:2018.0011/v3,https://doi.org/10.1038/s41467-019-08483-9,Capturing chemical intuition in synthesis of metal-organic frameworks,HKUST-1 / Cu-BTC,"benzene-1,3,5-tricarboxylic acid (H3BTC)",O=C(O)c1cc(C(=O)O)cc(C(=O)O)c1,,Aromatic tricarboxylate,Cu,Cu nitrate (hydration not stated in Supplementary Data 1),nitrate,,2,H2O 2 mL / DMF 2 mL / EtOH 1.5 mL,H2O,2.0,DMF,2.0,EtOH,1.5,MeOH,0.0,iPrOH,0.0,Nessuno,,140,0.3333333333333333,,,0.6666666666666666,5.5,,Automated microwave synthesis,200.0,Not encoded in the published Supplementary Data 1 table.,2,High-crystallinity target MOF,0.9,Normalized PXRD crystallinity and phase-purity fitness (0-1),Preregistered curation thresholds: <=0.30 class 0; 0.35-0.75 class 1; >=0.80 class 2. The continuous source score is retained.,V11-PXRD-NORMALIZED-0.30-0.80-v1,,748.0,True,False,PXRD FWHM plus phase-purity fitness,Published Supplementary Data 1 record G3-09; normalized crystallinity/phase-purity score 0.9.,direct_machine_readable_supplementary_csv,All nine experimental variables and the source outcome score were copied from the authors' CSV; absolute precursor amounts were not invented.,COMPLETE_CONDITIONS_RELATIVE_STOICHIOMETRY,Copper nitrate identity stated; hydration/absolute amount absent from shared CSV.,3.0,COND-7bd5b5020aa2b8ac,1,90,0.2222222222222222,0.85,0.1888888888888888,11.0-foundation-tranche-03,SAFE-GROUP-003
V11-HKUST-G3-10,TRAINING_CANDIDATE,True,DOI::10.1038/s41467-019-08483-9,"PAIR::cu::benzene-1,3,5-tricarboxylic acid (h3btc)",peer_reviewed_literature,V11-HKUST-G3-10,10.1038/s41467-019-08483-9,10.24435/materialscloud:2018.0011/v3,https://doi.org/10.24435/materialscloud:2018.0011/v3,https://doi.org/10.1038/s41467-019-08483-9,Capturing chemical intuition in synthesis of metal-organic frameworks,HKUST-1 / Cu-BTC,"benzene-1,3,5-tricarboxylic acid (H3BTC)",O=C(O)c1cc(C(=O)O)cc(C(=O)O)c1,,Aromatic tricarboxylate,Cu,Cu nitrate (hydration not stated in Supplementary Data 1),nitrate,,2,H2O 1 mL / DMF 1 mL / EtOH 1.5 mL / MeOH 1 mL,H2O,1.0,DMF,1.0,EtOH,1.5,MeOH,1.0,iPrOH,0.0,Nessuno,,140,0.3333333333333333,,,0.6666666666666666,4.5,,Automated microwave synthesis,200.0,Not encoded in the published Supplementary Data 1 table.,2,High-crystallinity target MOF,0.9,Normalized PXRD crystallinity and phase-purity fitness (0-1),Preregistered curation thresholds: <=0.30 class 0; 0.35-0.75 class 1; >=0.80 class 2. The continuous source score is retained.,V11-PXRD-NORMALIZED-0.30-0.80-v1,,666.0,True,False,PXRD FWHM plus phase-purity fitness,Published Supplementary Data 1 record G3-10; normalized crystallinity/phase-purity score 0.9.,direct_machine_readable_supplementary_csv,All nine experimental variables and the source outcome score were copied from the authors' CSV; absolute precursor amounts were not invented.,COMPLETE_CONDITIONS_RELATIVE_STOICHIOMETRY,Copper nitrate identity stated; hydration/absolute amount absent from shared CSV.,3.0,COND-09fb511aa18cf778,1,90,0.2222222222222222,0.85,0.1888888888888888,11.0-foundation-tranche-03,SAFE-GROUP-003
V11-HKUST-G3-11,TRAINING_CANDIDATE,True,DOI::10.1038/s41467-019-08483-9,"PAIR::cu::benzene-1,3,5-tricarboxylic acid (h3btc)",peer_reviewed_literature,V11-HKUST-G3-11,10.1038/s41467-019-08483-9,10.24435/materialscloud:2018.0011/v3,https://doi.org/10.24435/materialscloud:2018.0011/v3,https://doi.org/10.1038/s41467-019-08483-9,Capturing chemical intuition in synthesis of metal-organic frameworks,HKUST-1 / Cu-BTC,"benzene-1,3,5-tricarboxylic acid (H3BTC)",O=C(O)c1cc(C(=O)O)cc(C(=O)O)c1,,Aromatic tricarboxylate,Cu,Cu nitrate (hydration not stated in Supplementary Data 1),nitrate,,2,H2O 3 mL / EtOH 2 mL / MeOH 0.5 mL,H2O,3.0,DMF,0.0,EtOH,2.0,MeOH,0.5,iPrOH,0.0,Nessuno,,140,0.4666666666666667,,,0.6666666666666666,5.5,,Automated microwave synthesis,240.0,Not encoded in the published Supplementary Data 1 table.,1,Partially successful / poor target crystallinity,0.75,Normalized PXRD crystallinity and phase-purity fitness (0-1),Preregistered curation thresholds: <=0.30 class 0; 0.35-0.75 class 1; >=0.80 class 2. The continuous source score is retained.,V11-PXRD-NORMALIZED-0.30-0.80-v1,,288.0,False,False,PXRD FWHM plus phase-purity fitness,Published Supplementary Data 1 record G3-11; normalized crystallinity/phase-purity score 0.75.,direct_machine_readable_supplementary_csv,All nine experimental variables and the source outcome score were copied from the authors' CSV; absolute precursor amounts were not invented.,COMPLETE_CONDITIONS_RELATIVE_STOICHIOMETRY,Copper nitrate identity stated; hydration/absolute amount absent from shared CSV.,3.0,COND-f3794bc2c60adfb4,1,90,0.2222222222222222,0.85,0.1888888888888888,11.0-foundation-tranche-03,SAFE-GROUP-003
V11-HKUST-G3-12,TRAINING_CANDIDATE,True,DOI::10.1038/s41467-019-08483-9,"PAIR::cu::benzene-1,3,5-tricarboxylic acid (h3btc)",peer_reviewed_literature,V11-HKUST-G3-12,10.1038/s41467-019-08483-9,10.24435/materialscloud:2018.0011/v3,https://doi.org/10.24435/materialscloud:2018.0011/v3,https://doi.org/10.1038/s41467-019-08483-9,Capturing chemical intuition in synthesis of metal-organic frameworks,HKUST-1 / Cu-BTC,"benzene-1,3,5-tricarboxylic acid (H3BTC)",O=C(O)c1cc(C(=O)O)cc(C(=O)O)c1,,Aromatic tricarboxylate,Cu,Cu nitrate (hydration not stated in Supplementary Data 1),nitrate,,2,H2O 2 mL / DMF 2 mL / EtOH 2 mL,H2O,2.0,DMF,2.0,EtOH,2.0,MeOH,0.0,iPrOH,0.0,Nessuno,,140,0.3333333333333333,,,0.6666666666666666,6.0,,Automated microwave synthesis,200.0,Not encoded in the published Supplementary Data 1 table.,2,High-crystallinity target MOF,0.85,Normalized PXRD crystallinity and phase-purity fitness (0-1),Preregistered curation thresholds: <=0.30 class 0; 0.35-0.75 class 1; >=0.80 class 2. The continuous source score is retained.,V11-PXRD-NORMALIZED-0.30-0.80-v1,,1299.0,True,False,PXRD FWHM plus phase-purity fitness,Published Supplementary Data 1 record G3-12; normalized crystallinity/phase-purity score 0.85.,direct_machine_readable_supplementary_csv,All nine experimental variables and the source outcome score were copied from the authors' CSV; absolute precursor amounts were not invented.,COMPLETE_CONDITIONS_RELATIVE_STOICHIOMETRY,Copper nitrate identity stated; hydration/absolute amount absent from shared CSV.,3.0,COND-bb2748c0ccb30c81,1,90,0.2222222222222222,0.85,0.1888888888888888,11.0-foundation-tranche-03,SAFE-GROUP-003
V11-HKUST-G3-13,TRAINING_CANDIDATE,True,DOI::10.1038/s41467-019-08483-9,"PAIR::cu::benzene-1,3,5-tricarboxylic acid (h3btc)",peer_reviewed_literature,V11-HKUST-G3-13,10.1038/s41467-019-08483-9,10.24435/materialscloud:2018.0011/v3,https://doi.org/10.24435/materialscloud:2018.0011/v3,https://doi.org/10.1038/s41467-019-08483-9,Capturing chemical intuition in synthesis of metal-organic frameworks,HKUST-1 / Cu-BTC,"benzene-1,3,5-tricarboxylic acid (H3BTC)",O=C(O)c1cc(C(=O)O)cc(C(=O)O)c1,,Aromatic tricarboxylate,Cu,Cu nitrate (hydration not stated in Supplementary Data 1),nitrate,,2,H2O 0.5 mL / DMF 2.5 mL / EtOH 2 mL,H2O,0.5,DMF,2.5,EtOH,2.0,MeOH,0.0,iPrOH,0.0,Nessuno,,140,0.3333333333333333,,,0.6666666666666666,5.0,,Automated microwave synthesis,200.0,Not encoded in the published Supplementary Data 1 table.,2,High-crystallinity target MOF,0.85,Normalized PXRD crystallinity and phase-purity fitness (0-1),Preregistered curation thresholds: <=0.30 class 0; 0.35-0.75 class 1; >=0.80 class 2. The continuous source score is retained.,V11-PXRD-NORMALIZED-0.30-0.80-v1,,2121.0,True,False,PXRD FWHM plus phase-purity fitness,Published Supplementary Data 1 record G3-13; normalized crystallinity/phase-purity score 0.85.,direct_machine_readable_supplementary_csv,All nine experimental variables and the source outcome score were copied from the authors' CSV; absolute precursor amounts were not invented.,COMPLETE_CONDITIONS_RELATIVE_STOICHIOMETRY,Copper nitrate identity stated; hydration/absolute amount absent from shared CSV.,3.0,COND-256695c37190e8da,1,90,0.2222222222222222,0.85,0.1888888888888888,11.0-foundation-tranche-03,SAFE-GROUP-003
V11-HKUST-G3-14,TRAINING_CANDIDATE,True,DOI::10.1038/s41467-019-08483-9,"PAIR::cu::benzene-1,3,5-tricarboxylic acid (h3btc)",peer_reviewed_literature,V11-HKUST-G3-14,10.1038/s41467-019-08483-9,10.24435/materialscloud:2018.0011/v3,https://doi.org/10.24435/materialscloud:2018.0011/v3,https://doi.org/10.1038/s41467-019-08483-9,Capturing chemical intuition in synthesis of metal-organic frameworks,HKUST-1 / Cu-BTC,"benzene-1,3,5-tricarboxylic acid (H3BTC)",O=C(O)c1cc(C(=O)O)cc(C(=O)O)c1,,Aromatic tricarboxylate,Cu,Cu nitrate (hydration not stated in Supplementary Data 1),nitrate,,2,DMF 2 mL / EtOH 2 mL,H2O,0.0,DMF,2.0,EtOH,2.0,MeOH,0.0,iPrOH,0.0,Nessuno,,140,0.3333333333333333,,,0.6666666666666666,4.0,,Automated microwave synthesis,200.0,Not encoded in the published Supplementary Data 1 table.,2,High-crystallinity target MOF,0.9,Normalized PXRD crystallinity and phase-purity fitness (0-1),Preregistered curation thresholds: <=0.30 class 0; 0.35-0.75 class 1; >=0.80 class 2. The continuous source score is retained.,V11-PXRD-NORMALIZED-0.30-0.80-v1,,1927.0,True,False,PXRD FWHM plus phase-purity fitness,Published Supplementary Data 1 record G3-14; normalized crystallinity/phase-purity score 0.9.,direct_machine_readable_supplementary_csv,All nine experimental variables and the source outcome score were copied from the authors' CSV; absolute precursor amounts were not invented.,COMPLETE_CONDITIONS_RELATIVE_STOICHIOMETRY,Copper nitrate identity stated; hydration/absolute amount absent from shared CSV.,3.0,COND-4ccbc5a21df92038,1,90,0.2222222222222222,0.85,0.1888888888888888,11.0-foundation-tranche-03,SAFE-GROUP-003
V11-HKUST-G3-15,TRAINING_CANDIDATE,True,DOI::10.1038/s41467-019-08483-9,"PAIR::cu::benzene-1,3,5-tricarboxylic acid (h3btc)",peer_reviewed_literature,V11-HKUST-G3-15,10.1038/s41467-019-08483-9,10.24435/materialscloud:2018.0011/v3,https://doi.org/10.24435/materialscloud:2018.0011/v3,https://doi.org/10.1038/s41467-019-08483-9,Capturing chemical intuition in synthesis of metal-organic frameworks,HKUST-1 / Cu-BTC,"benzene-1,3,5-tricarboxylic acid (H3BTC)",O=C(O)c1cc(C(=O)O)cc(C(=O)O)c1,,Aromatic tricarboxylate,Cu,Cu nitrate (hydration not stated in Supplementary Data 1),nitrate,,2,DMF 2.5 mL / EtOH 2.5 mL,H2O,0.0,DMF,2.5,EtOH,2.5,MeOH,0.0,iPrOH,0.0,Nessuno,,140,0.3333333333333333,,,0.6666666666666666,5.0,,Automated microwave synthesis,200.0,Not encoded in the published Supplementary Data 1 table.,2,High-crystallinity target MOF,0.9,Normalized PXRD crystallinity and phase-purity fitness (0-1),Preregistered curation thresholds: <=0.30 class 0; 0.35-0.75 class 1; >=0.80 class 2. The continuous source score is retained.,V11-PXRD-NORMALIZED-0.30-0.80-v1,,1676.0,True,False,PXRD FWHM plus phase-purity fitness,Published Supplementary Data 1 record G3-15; normalized crystallinity/phase-purity score 0.9.,direct_machine_readable_supplementary_csv,All nine experimental variables and the source outcome score were copied from the authors' CSV; absolute precursor amounts were not invented.,COMPLETE_CONDITIONS_RELATIVE_STOICHIOMETRY,Copper nitrate identity stated; hydration/absolute amount absent from shared CSV.,3.0,COND-d590f2dc01fd8c96,2,90,0.2222222222222222,0.85,0.0944444444444444,11.0-foundation-tranche-03,SAFE-GROUP-003
V11-HKUST-G3-16,TRAINING_CANDIDATE,True,DOI::10.1038/s41467-019-08483-9,"PAIR::cu::benzene-1,3,5-tricarboxylic acid (h3btc)",peer_reviewed_literature,V11-HKUST-G3-16,10.1038/s41467-019-08483-9,10.24435/materialscloud:2018.0011/v3,https://doi.org/10.24435/materialscloud:2018.0011/v3,https://doi.org/10.1038/s41467-019-08483-9,Capturing chemical intuition in synthesis of metal-organic frameworks,HKUST-1 / Cu-BTC,"benzene-1,3,5-tricarboxylic acid (H3BTC)",O=C(O)c1cc(C(=O)O)cc(C(=O)O)c1,,Aromatic tricarboxylate,Cu,Cu nitrate (hydration not stated in Supplementary Data 1),nitrate,,2,H2O 1 mL / DMF 1 mL / MeOH 1.5 mL,H2O,1.0,DMF,1.0,EtOH,0.0,MeOH,1.5,iPrOH,0.0,Nessuno,,139,0.3333333333333333,,,0.6666666666666666,3.5,,Automated microwave synthesis,200.0,Not encoded in the published Supplementary Data 1 table.,2,High-crystallinity target MOF,0.8,Normalized PXRD crystallinity and phase-purity fitness (0-1),Preregistered curation thresholds: <=0.30 class 0; 0.35-0.75 class 1; >=0.80 class 2. The continuous source score is retained.,V11-PXRD-NORMALIZED-0.30-0.80-v1,,1570.0,True,False,PXRD FWHM plus phase-purity fitness,Published Supplementary Data 1 record G3-16; normalized crystallinity/phase-purity score 0.8.,direct_machine_readable_supplementary_csv,All nine experimental variables and the source outcome score were copied from the authors' CSV; absolute precursor amounts were not invented.,COMPLETE_CONDITIONS_RELATIVE_STOICHIOMETRY,Copper nitrate identity stated; hydration/absolute amount absent from shared CSV.,3.0,COND-0db4e8b8e6a5e343,1,90,0.2222222222222222,0.85,0.1888888888888888,11.0-foundation-tranche-03,SAFE-GROUP-003
V11-HKUST-G3-17,TRAINING_CANDIDATE,True,DOI::10.1038/s41467-019-08483-9,"PAIR::cu::benzene-1,3,5-tricarboxylic acid (h3btc)",peer_reviewed_literature,V11-HKUST-G3-17,10.1038/s41467-019-08483-9,10.24435/materialscloud:2018.0011/v3,https://doi.org/10.24435/materialscloud:2018.0011/v3,https://doi.org/10.1038/s41467-019-08483-9,Capturing chemical intuition in synthesis of metal-organic frameworks,HKUST-1 / Cu-BTC,"benzene-1,3,5-tricarboxylic acid (H3BTC)",O=C(O)c1cc(C(=O)O)cc(C(=O)O)c1,,Aromatic tricarboxylate,Cu,Cu nitrate (hydration not stated in Supplementary Data 1),nitrate,,2,DMF 3 mL,H2O,0.0,DMF,3.0,EtOH,0.0,MeOH,0.0,iPrOH,0.0,Nessuno,,146,0.9666666666666668,,,0.8333333333333334,3.0,,Automated microwave synthesis,230.0,Not encoded in the published Supplementary Data 1 table.,2,High-crystallinity target MOF,0.85,Normalized PXRD crystallinity and phase-purity fitness (0-1),Preregistered curation thresholds: <=0.30 class 0; 0.35-0.75 class 1; >=0.80 class 2. The continuous source score is retained.,V11-PXRD-NORMALIZED-0.30-0.80-v1,,0.0,True,False,PXRD FWHM plus phase-purity fitness,Published Supplementary Data 1 record G3-17; normalized crystallinity/phase-purity score 0.85.,direct_machine_readable_supplementary_csv,All nine experimental variables and the source outcome score were copied from the authors' CSV; absolute precursor amounts were not invented.,COMPLETE_CONDITIONS_RELATIVE_STOICHIOMETRY,Copper nitrate identity stated; hydration/absolute amount absent from shared CSV.,3.0,COND-6002c9df53b67b53,1,90,0.2222222222222222,0.85,0.1888888888888888,11.0-foundation-tranche-03,SAFE-GROUP-003
V11-HKUST-G3-18,TRAINING_CANDIDATE,True,DOI::10.1038/s41467-019-08483-9,"PAIR::cu::benzene-1,3,5-tricarboxylic acid (h3btc)",peer_reviewed_literature,V11-HKUST-G3-18,10.1038/s41467-019-08483-9,10.24435/materialscloud:2018.0011/v3,https://doi.org/10.24435/materialscloud:2018.0011/v3,https://doi.org/10.1038/s41467-019-08483-9,Capturing chemical intuition in synthesis of metal-organic frameworks,HKUST-1 / Cu-BTC,"benzene-1,3,5-tricarboxylic acid (H3BTC)",O=C(O)c1cc(C(=O)O)cc(C(=O)O)c1,,Aromatic tricarboxylate,Cu,Cu nitrate (hydration not stated in Supplementary Data 1),nitrate,,2,H2O 1.3 mL / DMF 0.3 mL / EtOH 0.6 mL / iPrOH 3.4 mL,H2O,1.3,DMF,0.3,EtOH,0.6,MeOH,0.0,iPrOH,3.4,Nessuno,,200,0.8833333333333333,,,0.9090909090909092,5.6,,Automated microwave synthesis,240.0,Not encoded in the published Supplementary Data 1 table.,1,Partially successful / poor target crystallinity,0.4,Normalized PXRD crystallinity and phase-purity fitness (0-1),Preregistered curation thresholds: <=0.30 class 0; 0.35-0.75 class 1; >=0.80 class 2. The continuous source score is retained.,V11-PXRD-NORMALIZED-0.30-0.80-v1,,0.0,False,False,PXRD FWHM plus phase-purity fitness,Published Supplementary Data 1 record G3-18; normalized crystallinity/phase-purity score 0.4.,direct_machine_readable_supplementary_csv,All nine experimental variables and the source outcome score were copied from the authors' CSV; absolute precursor amounts were not invented.,COMPLETE_CONDITIONS_RELATIVE_STOICHIOMETRY,Copper nitrate identity stated; hydration/absolute amount absent from shared CSV.,3.0,COND-d3c2623923995bc0,1,90,0.2222222222222222,0.85,0.1888888888888888,11.0-foundation-tranche-03,SAFE-GROUP-003
V11-HKUST-G3-19,TRAINING_CANDIDATE,True,DOI::10.1038/s41467-019-08483-9,"PAIR::cu::benzene-1,3,5-tricarboxylic acid (h3btc)",peer_reviewed_literature,V11-HKUST-G3-19,10.1038/s41467-019-08483-9,10.24435/materialscloud:2018.0011/v3,https://doi.org/10.24435/materialscloud:2018.0011/v3,https://doi.org/10.1038/s41467-019-08483-9,Capturing chemical intuition in synthesis of metal-organic frameworks,HKUST-1 / Cu-BTC,"benzene-1,3,5-tricarboxylic acid (H3BTC)",O=C(O)c1cc(C(=O)O)cc(C(=O)O)c1,,Aromatic tricarboxylate,Cu,Cu nitrate (hydration not stated in Supplementary Data 1),nitrate,,2,H2O 2.5 mL / EtOH 2.5 mL / MeOH 0.5 mL,H2O,2.5,DMF,0.0,EtOH,2.5,MeOH,0.5,iPrOH,0.0,Nessuno,,166,0.4833333333333333,,,0.6666666666666666,5.5,,Automated microwave synthesis,160.0,Not encoded in the published Supplementary Data 1 table.,2,High-crystallinity target MOF,0.8,Normalized PXRD crystallinity and phase-purity fitness (0-1),Preregistered curation thresholds: <=0.30 class 0; 0.35-0.75 class 1; >=0.80 class 2. The continuous source score is retained.,V11-PXRD-NORMALIZED-0.30-0.80-v1,,1348.0,True,False,PXRD FWHM plus phase-purity fitness,Published Supplementary Data 1 record G3-19; normalized crystallinity/phase-purity score 0.8.,direct_machine_readable_supplementary_csv,All nine experimental variables and the source outcome score were copied from the authors' CSV; absolute precursor amounts were not invented.,COMPLETE_CONDITIONS_RELATIVE_STOICHIOMETRY,Copper nitrate identity stated; hydration/absolute amount absent from shared CSV.,3.0,COND-0dd182a89667162f,2,90,0.2222222222222222,0.85,0.0944444444444444,11.0-foundation-tranche-03,SAFE-GROUP-003
V11-HKUST-G3-20,TRAINING_CANDIDATE,True,DOI::10.1038/s41467-019-08483-9,"PAIR::cu::benzene-1,3,5-tricarboxylic acid (h3btc)",peer_reviewed_literature,V11-HKUST-G3-20,10.1038/s41467-019-08483-9,10.24435/materialscloud:2018.0011/v3,https://doi.org/10.24435/materialscloud:2018.0011/v3,https://doi.org/10.1038/s41467-019-08483-9,Capturing chemical intuition in synthesis of metal-organic frameworks,HKUST-1 / Cu-BTC,"benzene-1,3,5-tricarboxylic acid (H3BTC)",O=C(O)c1cc(C(=O)O)cc(C(=O)O)c1,,Aromatic tricarboxylate,Cu,Cu nitrate (hydration not stated in Supplementary Data 1),nitrate,,2,H2O 1.5 mL / DMF 1.5 mL / EtOH 1.5 mL,H2O,1.5,DMF,1.5,EtOH,1.5,MeOH,0.0,iPrOH,0.0,Nessuno,,148,0.3666666666666666,,,0.6666666666666666,4.5,,Automated microwave synthesis,200.0,Not encoded in the published Supplementary Data 1 table.,2,High-crystallinity target MOF,0.8,Normalized PXRD crystallinity and phase-purity fitness (0-1),Preregistered curation thresholds: <=0.30 class 0; 0.35-0.75 class 1; >=0.80 class 2. The continuous source score is retained.,V11-PXRD-NORMALIZED-0.30-0.80-v1,,1183.0,True,False,PXRD FWHM plus phase-purity fitness,Published Supplementary Data 1 record G3-20; normalized crystallinity/phase-purity score 0.8.,direct_machine_readable_supplementary_csv,All nine experimental variables and the source outcome score were copied from the authors' CSV; absolute precursor amounts were not invented.,COMPLETE_CONDITIONS_RELATIVE_STOICHIOMETRY,Copper nitrate identity stated; hydration/absolute amount absent from shared CSV.,3.0,COND-b8cd73c132ed765f,1,90,0.2222222222222222,0.85,0.1888888888888888,11.0-foundation-tranche-03,SAFE-GROUP-003
V11-HKUST-G3-21,TRAINING_CANDIDATE,True,DOI::10.1038/s41467-019-08483-9,"PAIR::cu::benzene-1,3,5-tricarboxylic acid (h3btc)",peer_reviewed_literature,V11-HKUST-G3-21,10.1038/s41467-019-08483-9,10.24435/materialscloud:2018.0011/v3,https://doi.org/10.24435/materialscloud:2018.0011/v3,https://doi.org/10.1038/s41467-019-08483-9,Capturing chemical intuition in synthesis of metal-organic frameworks,HKUST-1 / Cu-BTC,"benzene-1,3,5-tricarboxylic acid (H3BTC)",O=C(O)c1cc(C(=O)O)cc(C(=O)O)c1,,Aromatic tricarboxylate,Cu,Cu nitrate (hydration not stated in Supplementary Data 1),nitrate,,2,H2O 1.5 mL / DMF 1 mL / EtOH 2.5 mL,H2O,1.5,DMF,1.0,EtOH,2.5,MeOH,0.0,iPrOH,0.0,Nessuno,,141,0.7166666666666667,,,0.6666666666666666,5.0,,Automated microwave synthesis,200.0,Not encoded in the published Supplementary Data 1 table.,2,High-crystallinity target MOF,0.85,Normalized PXRD crystallinity and phase-purity fitness (0-1),Preregistered curation thresholds: <=0.30 class 0; 0.35-0.75 class 1; >=0.80 class 2. The continuous source score is retained.,V11-PXRD-NORMALIZED-0.30-0.80-v1,,1091.0,True,False,PXRD FWHM plus phase-purity fitness,Published Supplementary Data 1 record G3-21; normalized crystallinity/phase-purity score 0.85.,direct_machine_readable_supplementary_csv,All nine experimental variables and the source outcome score were copied from the authors' CSV; absolute precursor amounts were not invented.,COMPLETE_CONDITIONS_RELATIVE_STOICHIOMETRY,Copper nitrate identity stated; hydration/absolute amount absent from shared CSV.,3.0,COND-f554e929baa0b3ac,1,90,0.2222222222222222,0.85,0.1888888888888888,11.0-foundation-tranche-03,SAFE-GROUP-003
V11-HKUST-G3-22,TRAINING_CANDIDATE,True,DOI::10.1038/s41467-019-08483-9,"PAIR::cu::benzene-1,3,5-tricarboxylic acid (h3btc)",peer_reviewed_literature,V11-HKUST-G3-22,10.1038/s41467-019-08483-9,10.24435/materialscloud:2018.0011/v3,https://doi.org/10.24435/materialscloud:2018.0011/v3,https://doi.org/10.1038/s41467-019-08483-9,Capturing chemical intuition in synthesis of metal-organic frameworks,HKUST-1 / Cu-BTC,"benzene-1,3,5-tricarboxylic acid (H3BTC)",O=C(O)c1cc(C(=O)O)cc(C(=O)O)c1,,Aromatic tricarboxylate,Cu,Cu nitrate (hydration not stated in Supplementary Data 1),nitrate,,2,H2O 2.5 mL / EtOH 2.5 mL,H2O,2.5,DMF,0.0,EtOH,2.5,MeOH,0.0,iPrOH,0.0,Nessuno,,140,0.3333333333333333,,,0.8130081300813008,5.0,,Automated microwave synthesis,200.0,Not encoded in the published Supplementary Data 1 table.,2,High-crystallinity target MOF,0.9,Normalized PXRD crystallinity and phase-purity fitness (0-1),Preregistered curation thresholds: <=0.30 class 0; 0.35-0.75 class 1; >=0.80 class 2. The continuous source score is retained.,V11-PXRD-NORMALIZED-0.30-0.80-v1,,0.0,True,False,PXRD FWHM plus phase-purity fitness,Published Supplementary Data 1 record G3-22; normalized crystallinity/phase-purity score 0.9.,direct_machine_readable_supplementary_csv,All nine experimental variables and the source outcome score were copied from the authors' CSV; absolute precursor amounts were not invented.,COMPLETE_CONDITIONS_RELATIVE_STOICHIOMETRY,Copper nitrate identity stated; hydration/absolute amount absent from shared CSV.,3.0,COND-816b60685810f34e,1,90,0.2222222222222222,0.85,0.1888888888888888,11.0-foundation-tranche-03,SAFE-GROUP-003
V11-HKUST-G3-23,TRAINING_CANDIDATE,True,DOI::10.1038/s41467-019-08483-9,"PAIR::cu::benzene-1,3,5-tricarboxylic acid (h3btc)",peer_reviewed_literature,V11-HKUST-G3-23,10.1038/s41467-019-08483-9,10.24435/materialscloud:2018.0011/v3,https://doi.org/10.24435/materialscloud:2018.0011/v3,https://doi.org/10.1038/s41467-019-08483-9,Capturing chemical intuition in synthesis of metal-organic frameworks,HKUST-1 / Cu-BTC,"benzene-1,3,5-tricarboxylic acid (H3BTC)",O=C(O)c1cc(C(=O)O)cc(C(=O)O)c1,,Aromatic tricarboxylate,Cu,Cu nitrate (hydration not stated in Supplementary Data 1),nitrate,,2,H2O 1.5 mL / EtOH 1.5 mL,H2O,1.5,DMF,0.0,EtOH,1.5,MeOH,0.0,iPrOH,0.0,Nessuno,,140,0.2666666666666666,,,0.6666666666666666,3.0,,Automated microwave synthesis,180.0,Not encoded in the published Supplementary Data 1 table.,1,Partially successful / poor target crystallinity,0.7,Normalized PXRD crystallinity and phase-purity fitness (0-1),Preregistered curation thresholds: <=0.30 class 0; 0.35-0.75 class 1; >=0.80 class 2. The continuous source score is retained.,V11-PXRD-NORMALIZED-0.30-0.80-v1,,0.0,False,False,PXRD FWHM plus phase-purity fitness,Published Supplementary Data 1 record G3-23; normalized crystallinity/phase-purity score 0.7.,direct_machine_readable_supplementary_csv,All nine experimental variables and the source outcome score were copied from the authors' CSV; absolute precursor amounts were not invented.,COMPLETE_CONDITIONS_RELATIVE_STOICHIOMETRY,Copper nitrate identity stated; hydration/absolute amount absent from shared CSV.,3.0,COND-868ec04a088b19ba,1,90,0.2222222222222222,0.85,0.1888888888888888,11.0-foundation-tranche-03,SAFE-GROUP-003
V11-HKUST-G3-24,TRAINING_CANDIDATE,True,DOI::10.1038/s41467-019-08483-9,"PAIR::cu::benzene-1,3,5-tricarboxylic acid (h3btc)",peer_reviewed_literature,V11-HKUST-G3-24,10.1038/s41467-019-08483-9,10.24435/materialscloud:2018.0011/v3,https://doi.org/10.24435/materialscloud:2018.0011/v3,https://doi.org/10.1038/s41467-019-08483-9,Capturing chemical intuition in synthesis of metal-organic frameworks,HKUST-1 / Cu-BTC,"benzene-1,3,5-tricarboxylic acid (H3BTC)",O=C(O)c1cc(C(=O)O)cc(C(=O)O)c1,,Aromatic tricarboxylate,Cu,Cu nitrate (hydration not stated in Supplementary Data 1),nitrate,,2,MeOH 0.5 mL / iPrOH 0.5 mL,H2O,0.0,DMF,0.0,EtOH,0.0,MeOH,0.5,iPrOH,0.5,Nessuno,,115,0.15,,,0.5586592178770949,1.0,,Automated microwave synthesis,160.0,Not encoded in the published Supplementary Data 1 table.,2,High-crystallinity target MOF,0.8,Normalized PXRD crystallinity and phase-purity fitness (0-1),Preregistered curation thresholds: <=0.30 class 0; 0.35-0.75 class 1; >=0.80 class 2. The continuous source score is retained.,V11-PXRD-NORMALIZED-0.30-0.80-v1,,0.0,True,False,PXRD FWHM plus phase-purity fitness,Published Supplementary Data 1 record G3-24; normalized crystallinity/phase-purity score 0.8.,direct_machine_readable_supplementary_csv,All nine experimental variables and the source outcome score were copied from the authors' CSV; absolute precursor amounts were not invented.,COMPLETE_CONDITIONS_RELATIVE_STOICHIOMETRY,Copper nitrate identity stated; hydration/absolute amount absent from shared CSV.,3.0,COND-db392472e0c5d3db,1,90,0.2222222222222222,0.85,0.1888888888888888,11.0-foundation-tranche-03,SAFE-GROUP-003
V11-HKUST-G3-25,TRAINING_CANDIDATE,True,DOI::10.1038/s41467-019-08483-9,"PAIR::cu::benzene-1,3,5-tricarboxylic acid (h3btc)",peer_reviewed_literature,V11-HKUST-G3-25,10.1038/s41467-019-08483-9,10.24435/materialscloud:2018.0011/v3,https://doi.org/10.24435/materialscloud:2018.0011/v3,https://doi.org/10.1038/s41467-019-08483-9,Capturing chemical intuition in synthesis of metal-organic frameworks,HKUST-1 / Cu-BTC,"benzene-1,3,5-tricarboxylic acid (H3BTC)",O=C(O)c1cc(C(=O)O)cc(C(=O)O)c1,,Aromatic tricarboxylate,Cu,Cu nitrate (hydration not stated in Supplementary Data 1),nitrate,,2,H2O 2 mL / DMF 2 mL / EtOH 2 mL,H2O,2.0,DMF,2.0,EtOH,2.0,MeOH,0.0,iPrOH,0.0,Nessuno,,140,0.3333333333333333,,,1.0,6.0,,Automated microwave synthesis,160.0,Not encoded in the published Supplementary Data 1 table.,1,Partially successful / poor target crystallinity,0.75,Normalized PXRD crystallinity and phase-purity fitness (0-1),Preregistered curation thresholds: <=0.30 class 0; 0.35-0.75 class 1; >=0.80 class 2. The continuous source score is retained.,V11-PXRD-NORMALIZED-0.30-0.80-v1,,0.0,False,False,PXRD FWHM plus phase-purity fitness,Published Supplementary Data 1 record G3-25; normalized crystallinity/phase-purity score 0.75.,direct_machine_readable_supplementary_csv,All nine experimental variables and the source outcome score were copied from the authors' CSV; absolute precursor amounts were not invented.,COMPLETE_CONDITIONS_RELATIVE_STOICHIOMETRY,Copper nitrate identity stated; hydration/absolute amount absent from shared CSV.,3.0,COND-2e0473f27b94e6de,1,90,0.2222222222222222,0.85,0.1888888888888888,11.0-foundation-tranche-03,SAFE-GROUP-003
V11-HKUST-G3-26,TRAINING_CANDIDATE,True,DOI::10.1038/s41467-019-08483-9,"PAIR::cu::benzene-1,3,5-tricarboxylic acid (h3btc)",peer_reviewed_literature,V11-HKUST-G3-26,10.1038/s41467-019-08483-9,10.24435/materialscloud:2018.0011/v3,https://doi.org/10.24435/materialscloud:2018.0011/v3,https://doi.org/10.1038/s41467-019-08483-9,Capturing chemical intuition in synthesis of metal-organic frameworks,HKUST-1 / Cu-BTC,"benzene-1,3,5-tricarboxylic acid (H3BTC)",O=C(O)c1cc(C(=O)O)cc(C(=O)O)c1,,Aromatic tricarboxylate,Cu,Cu nitrate (hydration not stated in Supplementary Data 1),nitrate,,2,H2O 3 mL / EtOH 2.5 mL,H2O,3.0,DMF,0.0,EtOH,2.5,MeOH,0.0,iPrOH,0.0,Nessuno,,128,0.4833333333333333,,,0.6666666666666666,5.5,,Automated microwave synthesis,220.0,Not encoded in the published Supplementary Data 1 table.,2,High-crystallinity target MOF,0.8,Normalized PXRD crystallinity and phase-purity fitness (0-1),Preregistered curation thresholds: <=0.30 class 0; 0.35-0.75 class 1; >=0.80 class 2. The continuous source score is retained.,V11-PXRD-NORMALIZED-0.30-0.80-v1,,0.0,True,False,PXRD FWHM plus phase-purity fitness,Published Supplementary Data 1 record G3-26; normalized crystallinity/phase-purity score 0.8.,direct_machine_readable_supplementary_csv,All nine experimental variables and the source outcome score were copied from the authors' CSV; absolute precursor amounts were not invented.,COMPLETE_CONDITIONS_RELATIVE_STOICHIOMETRY,Copper nitrate identity stated; hydration/absolute amount absent from shared CSV.,3.0,COND-1a95cc0649ea7693,1,90,0.2222222222222222,0.85,0.1888888888888888,11.0-foundation-tranche-03,SAFE-GROUP-003
V11-HKUST-G3-27,TRAINING_CANDIDATE,True,DOI::10.1038/s41467-019-08483-9,"PAIR::cu::benzene-1,3,5-tricarboxylic acid (h3btc)",peer_reviewed_literature,V11-HKUST-G3-27,10.1038/s41467-019-08483-9,10.24435/materialscloud:2018.0011/v3,https://doi.org/10.24435/materialscloud:2018.0011/v3,https://doi.org/10.1038/s41467-019-08483-9,Capturing chemical intuition in synthesis of metal-organic frameworks,HKUST-1 / Cu-BTC,"benzene-1,3,5-tricarboxylic acid (H3BTC)",O=C(O)c1cc(C(=O)O)cc(C(=O)O)c1,,Aromatic tricarboxylate,Cu,Cu nitrate (hydration not stated in Supplementary Data 1),nitrate,,2,H2O 2.5 mL / EtOH 3 mL,H2O,2.5,DMF,0.0,EtOH,3.0,MeOH,0.0,iPrOH,0.0,Nessuno,,125,0.4666666666666667,,,0.625,5.5,,Automated microwave synthesis,170.0,Not encoded in the published Supplementary Data 1 table.,1,Partially successful / poor target crystallinity,0.4,Normalized PXRD crystallinity and phase-purity fitness (0-1),Preregistered curation thresholds: <=0.30 class 0; 0.35-0.75 class 1; >=0.80 class 2. The continuous source score is retained.,V11-PXRD-NORMALIZED-0.30-0.80-v1,,0.0,False,False,PXRD FWHM plus phase-purity fitness,Published Supplementary Data 1 record G3-27; normalized crystallinity/phase-purity score 0.4.,direct_machine_readable_supplementary_csv,All nine experimental variables and the source outcome score were copied from the authors' CSV; absolute precursor amounts were not invented.,COMPLETE_CONDITIONS_RELATIVE_STOICHIOMETRY,Copper nitrate identity stated; hydration/absolute amount absent from shared CSV.,3.0,COND-6349acff50fc846d,1,90,0.2222222222222222,0.85,0.1888888888888888,11.0-foundation-tranche-03,SAFE-GROUP-003
V11-HKUST-G3-28,TRAINING_CANDIDATE,True,DOI::10.1038/s41467-019-08483-9,"PAIR::cu::benzene-1,3,5-tricarboxylic acid (h3btc)",peer_reviewed_literature,V11-HKUST-G3-28,10.1038/s41467-019-08483-9,10.24435/materialscloud:2018.0011/v3,https://doi.org/10.24435/materialscloud:2018.0011/v3,https://doi.org/10.1038/s41467-019-08483-9,Capturing chemical intuition in synthesis of metal-organic frameworks,HKUST-1 / Cu-BTC,"benzene-1,3,5-tricarboxylic acid (H3BTC)",O=C(O)c1cc(C(=O)O)cc(C(=O)O)c1,,Aromatic tricarboxylate,Cu,Cu nitrate (hydration not stated in Supplementary Data 1),nitrate,,2,H2O 0.5 mL / DMF 4 mL / EtOH 0.5 mL,H2O,0.5,DMF,4.0,EtOH,0.5,MeOH,0.0,iPrOH,0.0,Nessuno,,175,0.4333333333333333,,,0.6666666666666666,5.0,,Automated microwave synthesis,200.0,Not encoded in the published Supplementary Data 1 table.,2,High-crystallinity target MOF,0.8,Normalized PXRD crystallinity and phase-purity fitness (0-1),Preregistered curation thresholds: <=0.30 class 0; 0.35-0.75 class 1; >=0.80 class 2. The continuous source score is retained.,V11-PXRD-NORMALIZED-0.30-0.80-v1,,0.0,True,False,PXRD FWHM plus phase-purity fitness,Published Supplementary Data 1 record G3-28; normalized crystallinity/phase-purity score 0.8.,direct_machine_readable_supplementary_csv,All nine experimental variables and the source outcome score were copied from the authors' CSV; absolute precursor amounts were not invented.,COMPLETE_CONDITIONS_RELATIVE_STOICHIOMETRY,Copper nitrate identity stated; hydration/absolute amount absent from shared CSV.,3.0,COND-8f2fb7fa19b0155f,1,90,0.2222222222222222,0.85,0.1888888888888888,11.0-foundation-tranche-03,SAFE-GROUP-003
V11-HKUST-G3-29,TRAINING_CANDIDATE,True,DOI::10.1038/s41467-019-08483-9,"PAIR::cu::benzene-1,3,5-tricarboxylic acid (h3btc)",peer_reviewed_literature,V11-HKUST-G3-29,10.1038/s41467-019-08483-9,10.24435/materialscloud:2018.0011/v3,https://doi.org/10.24435/materialscloud:2018.0011/v3,https://doi.org/10.1038/s41467-019-08483-9,Capturing chemical intuition in synthesis of metal-organic frameworks,HKUST-1 / Cu-BTC,"benzene-1,3,5-tricarboxylic acid (H3BTC)",O=C(O)c1cc(C(=O)O)cc(C(=O)O)c1,,Aromatic tricarboxylate,Cu,Cu nitrate (hydration not stated in Supplementary Data 1),nitrate,,2,H2O 2.5 mL / EtOH 2.5 mL / MeOH 0.5 mL,H2O,2.5,DMF,0.0,EtOH,2.5,MeOH,0.5,iPrOH,0.0,Nessuno,,166,0.4833333333333333,,,0.6666666666666666,5.5,,Automated microwave synthesis,160.0,Not encoded in the published Supplementary Data 1 table.,2,High-crystallinity target MOF,0.8,Normalized PXRD crystallinity and phase-purity fitness (0-1),Preregistered curation thresholds: <=0.30 class 0; 0.35-0.75 class 1; >=0.80 class 2. The continuous source score is retained.,V11-PXRD-NORMALIZED-0.30-0.80-v1,,0.0,True,False,PXRD FWHM plus phase-purity fitness,Published Supplementary Data 1 record G3-29; normalized crystallinity/phase-purity score 0.8.,direct_machine_readable_supplementary_csv,All nine experimental variables and the source outcome score were copied from the authors' CSV; absolute precursor amounts were not invented.,COMPLETE_CONDITIONS_RELATIVE_STOICHIOMETRY,Copper nitrate identity stated; hydration/absolute amount absent from shared CSV.,3.0,COND-0dd182a89667162f,2,90,0.2222222222222222,0.85,0.0944444444444444,11.0-foundation-tranche-03,SAFE-GROUP-003
V11-HKUST-G3-30,TRAINING_CANDIDATE,True,DOI::10.1038/s41467-019-08483-9,"PAIR::cu::benzene-1,3,5-tricarboxylic acid (h3btc)",peer_reviewed_literature,V11-HKUST-G3-30,10.1038/s41467-019-08483-9,10.24435/materialscloud:2018.0011/v3,https://doi.org/10.24435/materialscloud:2018.0011/v3,https://doi.org/10.1038/s41467-019-08483-9,Capturing chemical intuition in synthesis of metal-organic frameworks,HKUST-1 / Cu-BTC,"benzene-1,3,5-tricarboxylic acid (H3BTC)",O=C(O)c1cc(C(=O)O)cc(C(=O)O)c1,,Aromatic tricarboxylate,Cu,Cu nitrate (hydration not stated in Supplementary Data 1),nitrate,,2,H2O 3 mL / DMF 1.5 mL / EtOH 1 mL,H2O,3.0,DMF,1.5,EtOH,1.0,MeOH,0.0,iPrOH,0.0,Nessuno,,155,0.4,,,0.6666666666666666,5.5,,Automated microwave synthesis,200.0,Not encoded in the published Supplementary Data 1 table.,1,Partially successful / poor target crystallinity,0.75,Normalized PXRD crystallinity and phase-purity fitness (0-1),Preregistered curation thresholds: <=0.30 class 0; 0.35-0.75 class 1; >=0.80 class 2. The continuous source score is retained.,V11-PXRD-NORMALIZED-0.30-0.80-v1,,0.0,False,False,PXRD FWHM plus phase-purity fitness,Published Supplementary Data 1 record G3-30; normalized crystallinity/phase-purity score 0.75.,direct_machine_readable_supplementary_csv,All nine experimental variables and the source outcome score were copied from the authors' CSV; absolute precursor amounts were not invented.,COMPLETE_CONDITIONS_RELATIVE_STOICHIOMETRY,Copper nitrate identity stated; hydration/absolute amount absent from shared CSV.,3.0,COND-a8f3863c1e5adf9c,1,90,0.2222222222222222,0.85,0.1888888888888888,11.0-foundation-tranche-03,SAFE-GROUP-003
V11-MOF321-EXP084,TRAINING_CANDIDATE,True,DOI::10.1021/acscentsci.3c01087,PAIR::al::h2pzvdc,peer_reviewed_literature,V11-MOF321-EXP084,10.1021/acscentsci.3c01087,,,https://doi.org/10.1021/acscentsci.3c01087,ChatGPT Research Group for Optimizing the Crystallinity of MOFs and COFs,MOF-321,H2PZVDC,,,Pyrazine vinyl dicarboxylate,Al,AlCl3·6H2O,chloride,6.0,3,H2O 4.7 mL,H2O,4.7,,,,,,,,,NaOH,1.75,125,1.0,1.0,0.75,1.3333333333333333,4.7,0.3723404255319149,Microwave synthesis,300.0,"See primary article supporting information, Section S4.",2,Representative high-crystallinity MOF-321,,Article-designated representative high crystallinity,Direct article designation; no numerical threshold inferred.,DIRECT-HIGH-CRYSTALLINITY-TABLE-v1,,,True,False,PXRD; representative high-crystallinity condition,"Primary article Table 1, experiment 84.",manual_primary_article_table,Direct transcription from main-article Table 1 or Table 2.,FULL_PROTOCOL,AlCl3·6H2O stock and NaOH stock explicitly reported in Section S4.,,COND-3cc796e0d9692555,1,10,1.0,1.0,1.0,11.0-foundation-tranche-03,SAFE-GROUP-004
V11-MOF321-EXP096,TRAINING_CANDIDATE,True,DOI::10.1021/acscentsci.3c01087,PAIR::al::h2pzvdc,peer_reviewed_literature,V11-MOF321-EXP096,10.1021/acscentsci.3c01087,,,https://doi.org/10.1021/acscentsci.3c01087,ChatGPT Research Group for Optimizing the Crystallinity of MOFs and COFs,MOF-321,H2PZVDC,,,Pyrazine vinyl dicarboxylate,Al,AlCl3·6H2O,chloride,6.0,3,H2O 4 mL,H2O,4.0,,,,,,,,,NaOH,1.5,105,1.0,1.0,0.7,1.4285714285714286,4.0,0.425,Microwave synthesis,300.0,"See primary article supporting information, Section S4.",2,Representative high-crystallinity MOF-321,,Article-designated representative high crystallinity,Direct article designation; no numerical threshold inferred.,DIRECT-HIGH-CRYSTALLINITY-TABLE-v1,,,True,False,PXRD; representative high-crystallinity condition,"Primary article Table 1, experiment 96.",manual_primary_article_table,Direct transcription from main-article Table 1 or Table 2.,FULL_PROTOCOL,AlCl3·6H2O stock and NaOH stock explicitly reported in Section S4.,,COND-f2cc298024e7cf24,1,10,1.0,1.0,1.0,11.0-foundation-tranche-03,SAFE-GROUP-004
V11-MOF321-EXP101,TRAINING_CANDIDATE,True,DOI::10.1021/acscentsci.3c01087,PAIR::al::h2pzvdc,peer_reviewed_literature,V11-MOF321-EXP101,10.1021/acscentsci.3c01087,,,https://doi.org/10.1021/acscentsci.3c01087,ChatGPT Research Group for Optimizing the Crystallinity of MOFs and COFs,MOF-321,H2PZVDC,,,Pyrazine vinyl dicarboxylate,Al,AlCl3·6H2O,chloride,6.0,3,H2O 3.6 mL,H2O,3.6,,,,,,,,,NaOH,1.75,120,1.0,1.0,0.46,2.1739130434782608,3.6,0.4055555555555555,Microwave synthesis,300.0,"See primary article supporting information, Section S4.",2,Representative high-crystallinity MOF-321,,Article-designated representative high crystallinity,Direct article designation; no numerical threshold inferred.,DIRECT-HIGH-CRYSTALLINITY-TABLE-v1,,,True,False,PXRD; representative high-crystallinity condition,"Primary article Table 1, experiment 101.",manual_primary_article_table,Direct transcription from main-article Table 1 or Table 2.,FULL_PROTOCOL,AlCl3·6H2O stock and NaOH stock explicitly reported in Section S4.,,COND-a1ff53c432ed3b2d,1,10,1.0,1.0,1.0,11.0-foundation-tranche-03,SAFE-GROUP-004
V11-MOF321-EXP114,TRAINING_CANDIDATE,True,DOI::10.1021/acscentsci.3c01087,PAIR::al::h2pzvdc,peer_reviewed_literature,V11-MOF321-EXP114,10.1021/acscentsci.3c01087,,,https://doi.org/10.1021/acscentsci.3c01087,ChatGPT Research Group for Optimizing the Crystallinity of MOFs and COFs,MOF-321,H2PZVDC,,,Pyrazine vinyl dicarboxylate,Al,AlCl3·6H2O,chloride,6.0,3,H2O 4.3 mL,H2O,4.3,,,,,,,,,NaOH,1.75,120,0.75,1.0,0.66,1.5151515151515151,4.3,0.386046511627907,Microwave synthesis,300.0,"See primary article supporting information, Section S4.",2,Representative high-crystallinity MOF-321,,Article-designated representative high crystallinity,Direct article designation; no numerical threshold inferred.,DIRECT-HIGH-CRYSTALLINITY-TABLE-v1,,,True,False,PXRD; representative high-crystallinity condition,"Primary article Table 1, experiment 114.",manual_primary_article_table,Direct transcription from main-article Table 1 or Table 2.,FULL_PROTOCOL,AlCl3·6H2O stock and NaOH stock explicitly reported in Section S4.,,COND-fe7c69a112d5e5c0,1,10,1.0,1.0,1.0,11.0-foundation-tranche-03,SAFE-GROUP-004
V11-MOF321-EXP120,TRAINING_CANDIDATE,True,DOI::10.1021/acscentsci.3c01087,PAIR::al::h2pzvdc,peer_reviewed_literature,V11-MOF321-EXP120,10.1021/acscentsci.3c01087,,,https://doi.org/10.1021/acscentsci.3c01087,ChatGPT Research Group for Optimizing the Crystallinity of MOFs and COFs,MOF-321,H2PZVDC,,,Pyrazine vinyl dicarboxylate,Al,AlCl3·6H2O,chloride,6.0,3,H2O 4 mL,H2O,4.0,,,,,,,,,NaOH,1.5,135,0.9166666666666666,1.0,0.66,1.5151515151515151,4.0,0.415,Microwave synthesis,300.0,"See primary article supporting information, Section S4.",2,Representative high-crystallinity MOF-321,,Article-designated representative high crystallinity,Direct article designation; no numerical threshold inferred.,DIRECT-HIGH-CRYSTALLINITY-TABLE-v1,,,True,False,PXRD; representative high-crystallinity condition,"Primary article Table 1, experiment 120.",manual_primary_article_table,Direct transcription from main-article Table 1 or Table 2.,FULL_PROTOCOL,AlCl3·6H2O stock and NaOH stock explicitly reported in Section S4.,,COND-ad66c00188d8a364,1,10,1.0,1.0,1.0,11.0-foundation-tranche-03,SAFE-GROUP-004
V11-MOF322-EXP022,TRAINING_CANDIDATE,True,DOI::10.1021/acscentsci.3c01087,PAIR::al::h2tvdc,peer_reviewed_literature,V11-MOF322-EXP022,10.1021/acscentsci.3c01087,,,https://doi.org/10.1021/acscentsci.3c01087,ChatGPT Research Group for Optimizing the Crystallinity of MOFs and COFs,MOF-322,H2TVDC,,,Thiophene vinyl dicarboxylate,Al,AlCl3·6H2O,chloride,6.0,3,H2O 3.6 mL,H2O,3.6,,,,,,,,,NaOH,2.0,145,0.6666666666666666,1.0,0.46,2.1739130434782608,3.6,0.4055555555555555,Microwave synthesis,300.0,"See primary article supporting information, Section S4.",2,Representative high-crystallinity MOF-322,,Article-designated representative high crystallinity,Direct article designation; no numerical threshold inferred.,DIRECT-HIGH-CRYSTALLINITY-TABLE-v1,,,True,False,PXRD; representative high-crystallinity condition,"Primary article Table 2, experiment 22.",manual_primary_article_table,Direct transcription from main-article Table 1 or Table 2.,FULL_PROTOCOL,AlCl3·6H2O stock and NaOH stock explicitly reported in Section S4.,,COND-a57b3fe25b8dbdb1,1,10,1.0,1.0,1.0,11.0-foundation-tranche-03,SAFE-GROUP-004
V11-MOF322-EXP068,TRAINING_CANDIDATE,True,DOI::10.1021/acscentsci.3c01087,PAIR::al::h2tvdc,peer_reviewed_literature,V11-MOF322-EXP068,10.1021/acscentsci.3c01087,,,https://doi.org/10.1021/acscentsci.3c01087,ChatGPT Research Group for Optimizing the Crystallinity of MOFs and COFs,MOF-322,H2TVDC,,,Thiophene vinyl dicarboxylate,Al,AlCl3·6H2O,chloride,6.0,3,H2O 1.5 mL,H2O,1.5,,,,,,,,,NaOH,1.75,145,0.5833333333333334,1.0,0.21,4.761904761904762,1.5,0.8066666666666666,Microwave synthesis,300.0,"See primary article supporting information, Section S4.",2,Representative high-crystallinity MOF-322,,Article-designated representative high crystallinity,Direct article designation; no numerical threshold inferred.,DIRECT-HIGH-CRYSTALLINITY-TABLE-v1,,,True,False,PXRD; representative high-crystallinity condition,"Primary article Table 2, experiment 68.",manual_primary_article_table,Direct transcription from main-article Table 1 or Table 2.,FULL_PROTOCOL,AlCl3·6H2O stock and NaOH stock explicitly reported in Section S4.,,COND-84e2c0ed40612e15,1,10,1.0,1.0,1.0,11.0-foundation-tranche-03,SAFE-GROUP-004
V11-MOF322-EXP086,TRAINING_CANDIDATE,True,DOI::10.1021/acscentsci.3c01087,PAIR::al::h2tvdc,peer_reviewed_literature,V11-MOF322-EXP086,10.1021/acscentsci.3c01087,,,https://doi.org/10.1021/acscentsci.3c01087,ChatGPT Research Group for Optimizing the Crystallinity of MOFs and COFs,MOF-322,H2TVDC,,,Thiophene vinyl dicarboxylate,Al,AlCl3·6H2O,chloride,6.0,3,H2O 4.3 mL,H2O,4.3,,,,,,,,,NaOH,1.5,150,0.6666666666666666,1.0,0.41,2.4390243902439024,4.3,0.327906976744186,Microwave synthesis,300.0,"See primary article supporting information, Section S4.",2,Representative high-crystallinity MOF-322,,Article-designated representative high crystallinity,Direct article designation; no numerical threshold inferred.,DIRECT-HIGH-CRYSTALLINITY-TABLE-v1,,,True,False,PXRD; representative high-crystallinity condition,"Primary article Table 2, experiment 86.",manual_primary_article_table,Direct transcription from main-article Table 1 or Table 2.,FULL_PROTOCOL,AlCl3·6H2O stock and NaOH stock explicitly reported in Section S4.,,COND-196a6a4f10c928aa,1,10,1.0,1.0,1.0,11.0-foundation-tranche-03,SAFE-GROUP-004
V11-MOF322-EXP103,TRAINING_CANDIDATE,True,DOI::10.1021/acscentsci.3c01087,PAIR::al::h2tvdc,peer_reviewed_literature,V11-MOF322-EXP103,10.1021/acscentsci.3c01087,,,https://doi.org/10.1021/acscentsci.3c01087,ChatGPT Research Group for Optimizing the Crystallinity of MOFs and COFs,MOF-322,H2TVDC,,,Thiophene vinyl dicarboxylate,Al,AlCl3·6H2O,chloride,6.0,3,H2O 3.4 mL,H2O,3.4,,,,,,,,,NaOH,2.0,140,1.0,1.0,0.46,2.1739130434782608,3.4,0.4294117647058823,Microwave synthesis,300.0,"See primary article supporting information, Section S4.",2,Representative high-crystallinity MOF-322,,Article-designated representative high crystallinity,Direct article designation; no numerical threshold inferred.,DIRECT-HIGH-CRYSTALLINITY-TABLE-v1,,,True,False,PXRD; representative high-crystallinity condition,"Primary article Table 2, experiment 103.",manual_primary_article_table,Direct transcription from main-article Table 1 or Table 2.,FULL_PROTOCOL,AlCl3·6H2O stock and NaOH stock explicitly reported in Section S4.,,COND-549a1628906480fa,1,10,1.0,1.0,1.0,11.0-foundation-tranche-03,SAFE-GROUP-004
V11-MOF322-EXP109,TRAINING_CANDIDATE,True,DOI::10.1021/acscentsci.3c01087,PAIR::al::h2tvdc,peer_reviewed_literature,V11-MOF322-EXP109,10.1021/acscentsci.3c01087,,,https://doi.org/10.1021/acscentsci.3c01087,ChatGPT Research Group for Optimizing the Crystallinity of MOFs and COFs,MOF-322,H2TVDC,,,Thiophene vinyl dicarboxylate,Al,AlCl3·6H2O,chloride,6.0,3,H2O 3.5 mL,H2O,3.5,,,,,,,,,NaOH,2.0,150,0.8333333333333334,1.0,0.99,1.0101010101010102,3.5,0.5685714285714286,Microwave synthesis,300.0,"See primary article supporting information, Section S4.",2,Representative high-crystallinity MOF-322,,Article-designated representative high crystallinity,Direct article designation; no numerical threshold inferred.,DIRECT-HIGH-CRYSTALLINITY-TABLE-v1,,,True,False,PXRD; representative high-crystallinity condition,"Primary article Table 2, experiment 109.",manual_primary_article_table,Direct transcription from main-article Table 1 or Table 2.,FULL_PROTOCOL,AlCl3·6H2O stock and NaOH stock explicitly reported in Section S4.,,COND-97f34cf6a3a2f44f,1,10,1.0,1.0,1.0,11.0-foundation-tranche-03,SAFE-GROUP-004
