Record_ID,Source_Record_ID,Source_DOI,Source_Data_DOI,Source_URL,Source_Data_URL,Article_Title,Metal_Ligand_Group,MOF,Legante,Ligand_SMILES,Ligand_InChIKey,Famiglia_Legante,Metallo,Sale_Metallico,Counterion_Class,Hydration_Number,Oxidation_State,Solvente,Solvent_Fractions,Additivo_Colinker,Acetic_Acid_Concentration_M,Temperatura_C,Tempo_ore,mmol_Legante,mmol_Sale,Rapporto_LM,Volume_solvente_mL,Total_Precursor_Concentration_M,Synthetic_Method,Vessel_Type,First_Heterogeneous_Phase_h,First_Solid_h,First_Heterogeneous_or_Solid_h,Primary_Phase_Raw,Secondary_Phase_Raw,Source_Type,Evidence_Type,Extraction_Method,Supporting_File,Independent_Review_Status,Training_Eligibility,Exclusion_Reason,Outcome_Class,Outcome_Label,Outcome_Raw_Text,Outcome_Mapping_Rule,PXRD_Confirmed,SCXRD_Confirmed,Target_Phase_Match,Evidence_Statement
V13-REHT-0001,MG2-75-01,10.1039/d5sc09992g,10.5281/zenodo.17902549,https://doi.org/10.1039/d5sc09992g,https://doi.org/10.5281/zenodo.17902549,"Mapping the crystallization landscape of rare earth MOFs: a high-throughput investigation of structure, kinetics, and selectivity","PAIR::sc::terephthalic acid (1,4-bdc)",,"terephthalic acid (1,4-BDC)",,,Aromatic dicarboxylate,Sc,rare-earth nitrate salt(s); hydration not encoded in campaign key,nitrate,,3,EtOH/H2O (fractions not encoded in campaign key),,Nessuno,0.0,80.0,18.0,,,,,,Automated solvothermal synthesis,Automated vial; exact geometry in source SI,0.0,0.0,0.0,no solid product,,peer_reviewed_high_throughput_literature,Author-assigned HT-PXRD/CV campaign outcome,direct_machine_readable_campaign_key,v13_source_rare_earth_landscape.csv,SOURCE_VERIFIED_SINGLE_CURATION_PASS,False,"Evidence-only: absolute precursor amounts, ligand:metal ratio, and solvent volume are not encoded in the public campaign key.",0,Failed / no solid product,no solid product,Exact author label 'no solid product' -> class 0,False,False,False,Campaign key explicitly reports no solid product.
V13-REHT-0002,MG2-75-02,10.1039/d5sc09992g,10.5281/zenodo.17902549,https://doi.org/10.1039/d5sc09992g,https://doi.org/10.5281/zenodo.17902549,"Mapping the crystallization landscape of rare earth MOFs: a high-throughput investigation of structure, kinetics, and selectivity","PAIR::sc::phthalic acid (1,2-bdc)",,"phthalic acid (1,2-BDC)",,,Aromatic dicarboxylate,Sc,rare-earth nitrate salt(s); hydration not encoded in campaign key,nitrate,,3,EtOH/H2O (fractions not encoded in campaign key),,Nessuno,0.0,80.0,18.0,,,,,,Automated solvothermal synthesis,Automated vial; exact geometry in source SI,,,,no solid product,,peer_reviewed_high_throughput_literature,Author-assigned HT-PXRD/CV campaign outcome,direct_machine_readable_campaign_key,v13_source_rare_earth_landscape.csv,SOURCE_VERIFIED_SINGLE_CURATION_PASS,False,"Evidence-only: absolute precursor amounts, ligand:metal ratio, and solvent volume are not encoded in the public campaign key.",0,Failed / no solid product,no solid product,Exact author label 'no solid product' -> class 0,False,False,False,Campaign key explicitly reports no solid product.
V13-REHT-0003,MG2-75-03,10.1039/d5sc09992g,10.5281/zenodo.17902549,https://doi.org/10.1039/d5sc09992g,https://doi.org/10.5281/zenodo.17902549,"Mapping the crystallization landscape of rare earth MOFs: a high-throughput investigation of structure, kinetics, and selectivity","PAIR::sc::isophthalic acid (1,3-bdc)",,"isophthalic acid (1,3-BDC)",,,Aromatic dicarboxylate,Sc,rare-earth nitrate salt(s); hydration not encoded in campaign key,nitrate,,3,EtOH/H2O (fractions not encoded in campaign key),,Nessuno,0.0,80.0,18.0,,,,,,Automated solvothermal synthesis,Automated vial; exact geometry in source SI,,,,no solid product,,peer_reviewed_high_throughput_literature,Author-assigned HT-PXRD/CV campaign outcome,direct_machine_readable_campaign_key,v13_source_rare_earth_landscape.csv,SOURCE_VERIFIED_SINGLE_CURATION_PASS,False,"Evidence-only: absolute precursor amounts, ligand:metal ratio, and solvent volume are not encoded in the public campaign key.",0,Failed / no solid product,no solid product,Exact author label 'no solid product' -> class 0,False,False,False,Campaign key explicitly reports no solid product.
V13-REHT-0004,MG2-75-04,10.1039/d5sc09992g,10.5281/zenodo.17902549,https://doi.org/10.1039/d5sc09992g,https://doi.org/10.5281/zenodo.17902549,"Mapping the crystallization landscape of rare earth MOFs: a high-throughput investigation of structure, kinetics, and selectivity","PAIR::sc::benzene-1,3,5-tricarboxylic acid (h3btc)",,"benzene-1,3,5-tricarboxylic acid (H3BTC)",,,Aromatic tricarboxylate,Sc,rare-earth nitrate salt(s); hydration not encoded in campaign key,nitrate,,3,EtOH/H2O (fractions not encoded in campaign key),,Nessuno,0.0,80.0,18.0,,,,,,Automated solvothermal synthesis,Automated vial; exact geometry in source SI,0.019,0.019,0.019,no crystalline product,,peer_reviewed_high_throughput_literature,Author-assigned HT-PXRD/CV campaign outcome,direct_machine_readable_campaign_key,v13_source_rare_earth_landscape.csv,SOURCE_VERIFIED_SINGLE_CURATION_PASS,False,"Evidence-only: absolute precursor amounts, ligand:metal ratio, and solvent volume are not encoded in the public campaign key.",1,Amorphous / no crystalline product,no crystalline product,Exact author label 'no crystalline product' -> class 1,True,False,False,HT-PXRD campaign key explicitly reports no crystalline product.
V13-REHT-0005,MG2-75-05,10.1039/d5sc09992g,10.5281/zenodo.17902549,https://doi.org/10.1039/d5sc09992g,https://doi.org/10.5281/zenodo.17902549,"Mapping the crystallization landscape of rare earth MOFs: a high-throughput investigation of structure, kinetics, and selectivity",PAIR::sc::trimellitic acid,,trimellitic acid,,,Aromatic tricarboxylate,Sc,rare-earth nitrate salt(s); hydration not encoded in campaign key,nitrate,,3,EtOH/H2O (fractions not encoded in campaign key),,Nessuno,0.0,80.0,18.0,,,,,,Automated solvothermal synthesis,Automated vial; exact geometry in source SI,0.026,0.026,0.026,no crystalline product,,peer_reviewed_high_throughput_literature,Author-assigned HT-PXRD/CV campaign outcome,direct_machine_readable_campaign_key,v13_source_rare_earth_landscape.csv,SOURCE_VERIFIED_SINGLE_CURATION_PASS,False,"Evidence-only: absolute precursor amounts, ligand:metal ratio, and solvent volume are not encoded in the public campaign key.",1,Amorphous / no crystalline product,no crystalline product,Exact author label 'no crystalline product' -> class 1,True,False,False,HT-PXRD campaign key explicitly reports no crystalline product.
V13-REHT-0007,MG2-75-07,10.1039/d5sc09992g,10.5281/zenodo.17902549,https://doi.org/10.1039/d5sc09992g,https://doi.org/10.5281/zenodo.17902549,"Mapping the crystallization landscape of rare earth MOFs: a high-throughput investigation of structure, kinetics, and selectivity",PAIR::sc::mellitic acid,,mellitic acid,,,Aromatic hexacarboxylate,Sc,rare-earth nitrate salt(s); hydration not encoded in campaign key,nitrate,,3,EtOH/H2O (fractions not encoded in campaign key),,Nessuno,0.0,80.0,18.0,,,,,,Automated solvothermal synthesis,Automated vial; exact geometry in source SI,0.039,0.039,0.039,no crystalline product,NCP,peer_reviewed_high_throughput_literature,Author-assigned HT-PXRD/CV campaign outcome,direct_machine_readable_campaign_key,v13_source_rare_earth_landscape.csv,SOURCE_VERIFIED_SINGLE_CURATION_PASS,False,"Evidence-only: absolute precursor amounts, ligand:metal ratio, and solvent volume are not encoded in the public campaign key.",1,Amorphous / no crystalline product,no crystalline product,Exact author label 'no crystalline product' -> class 1,True,False,False,HT-PXRD campaign key explicitly reports no crystalline product.
V13-REHT-0008,MG2-75-08,10.1039/d5sc09992g,10.5281/zenodo.17902549,https://doi.org/10.1039/d5sc09992g,https://doi.org/10.5281/zenodo.17902549,"Mapping the crystallization landscape of rare earth MOFs: a high-throughput investigation of structure, kinetics, and selectivity","PAIR::sc::terephthalic acid (1,4-bdc)",,"terephthalic acid (1,4-BDC)",,,Aromatic dicarboxylate,Sc,rare-earth nitrate salt(s); hydration not encoded in campaign key,nitrate,,3,EtOH/H2O (fractions not encoded in campaign key),,Acido acetico,2.0,80.0,18.0,,,,,,Automated solvothermal synthesis,Automated vial; exact geometry in source SI,,,,no solid product,,peer_reviewed_high_throughput_literature,Author-assigned HT-PXRD/CV campaign outcome,direct_machine_readable_campaign_key,v13_source_rare_earth_landscape.csv,SOURCE_VERIFIED_SINGLE_CURATION_PASS,False,"Evidence-only: absolute precursor amounts, ligand:metal ratio, and solvent volume are not encoded in the public campaign key.",0,Failed / no solid product,no solid product,Exact author label 'no solid product' -> class 0,False,False,False,Campaign key explicitly reports no solid product.
V13-REHT-0009,MG2-75-09,10.1039/d5sc09992g,10.5281/zenodo.17902549,https://doi.org/10.1039/d5sc09992g,https://doi.org/10.5281/zenodo.17902549,"Mapping the crystallization landscape of rare earth MOFs: a high-throughput investigation of structure, kinetics, and selectivity","PAIR::sc::phthalic acid (1,2-bdc)",,"phthalic acid (1,2-BDC)",,,Aromatic dicarboxylate,Sc,rare-earth nitrate salt(s); hydration not encoded in campaign key,nitrate,,3,EtOH/H2O (fractions not encoded in campaign key),,Acido acetico,2.0,80.0,18.0,,,,,,Automated solvothermal synthesis,Automated vial; exact geometry in source SI,,,,no solid product,,peer_reviewed_high_throughput_literature,Author-assigned HT-PXRD/CV campaign outcome,direct_machine_readable_campaign_key,v13_source_rare_earth_landscape.csv,SOURCE_VERIFIED_SINGLE_CURATION_PASS,False,"Evidence-only: absolute precursor amounts, ligand:metal ratio, and solvent volume are not encoded in the public campaign key.",0,Failed / no solid product,no solid product,Exact author label 'no solid product' -> class 0,False,False,False,Campaign key explicitly reports no solid product.
V13-REHT-0010,MG2-75-10,10.1039/d5sc09992g,10.5281/zenodo.17902549,https://doi.org/10.1039/d5sc09992g,https://doi.org/10.5281/zenodo.17902549,"Mapping the crystallization landscape of rare earth MOFs: a high-throughput investigation of structure, kinetics, and selectivity","PAIR::sc::isophthalic acid (1,3-bdc)",,"isophthalic acid (1,3-BDC)",,,Aromatic dicarboxylate,Sc,rare-earth nitrate salt(s); hydration not encoded in campaign key,nitrate,,3,EtOH/H2O (fractions not encoded in campaign key),,Acido acetico,2.0,80.0,18.0,,,,,,Automated solvothermal synthesis,Automated vial; exact geometry in source SI,,,,no solid product,,peer_reviewed_high_throughput_literature,Author-assigned HT-PXRD/CV campaign outcome,direct_machine_readable_campaign_key,v13_source_rare_earth_landscape.csv,SOURCE_VERIFIED_SINGLE_CURATION_PASS,False,"Evidence-only: absolute precursor amounts, ligand:metal ratio, and solvent volume are not encoded in the public campaign key.",0,Failed / no solid product,no solid product,Exact author label 'no solid product' -> class 0,False,False,False,Campaign key explicitly reports no solid product.
V13-REHT-0012,MG2-75-12,10.1039/d5sc09992g,10.5281/zenodo.17902549,https://doi.org/10.1039/d5sc09992g,https://doi.org/10.5281/zenodo.17902549,"Mapping the crystallization landscape of rare earth MOFs: a high-throughput investigation of structure, kinetics, and selectivity",PAIR::sc::trimellitic acid,,trimellitic acid,,,Aromatic tricarboxylate,Sc,rare-earth nitrate salt(s); hydration not encoded in campaign key,nitrate,,3,EtOH/H2O (fractions not encoded in campaign key),,Acido acetico,2.0,80.0,18.0,,,,,,Automated solvothermal synthesis,Automated vial; exact geometry in source SI,,,,no solid product,,peer_reviewed_high_throughput_literature,Author-assigned HT-PXRD/CV campaign outcome,direct_machine_readable_campaign_key,v13_source_rare_earth_landscape.csv,SOURCE_VERIFIED_SINGLE_CURATION_PASS,False,"Evidence-only: absolute precursor amounts, ligand:metal ratio, and solvent volume are not encoded in the public campaign key.",0,Failed / no solid product,no solid product,Exact author label 'no solid product' -> class 0,False,False,False,Campaign key explicitly reports no solid product.
V13-REHT-0014,MG2-75-14,10.1039/d5sc09992g,10.5281/zenodo.17902549,https://doi.org/10.1039/d5sc09992g,https://doi.org/10.5281/zenodo.17902549,"Mapping the crystallization landscape of rare earth MOFs: a high-throughput investigation of structure, kinetics, and selectivity",PAIR::sc::mellitic acid,,mellitic acid,,,Aromatic hexacarboxylate,Sc,rare-earth nitrate salt(s); hydration not encoded in campaign key,nitrate,,3,EtOH/H2O (fractions not encoded in campaign key),,Acido acetico,2.0,80.0,18.0,,,,,,Automated solvothermal synthesis,Automated vial; exact geometry in source SI,0.083,0.083,0.083,no crystalline product,NCP,peer_reviewed_high_throughput_literature,Author-assigned HT-PXRD/CV campaign outcome,direct_machine_readable_campaign_key,v13_source_rare_earth_landscape.csv,SOURCE_VERIFIED_SINGLE_CURATION_PASS,False,"Evidence-only: absolute precursor amounts, ligand:metal ratio, and solvent volume are not encoded in the public campaign key.",1,Amorphous / no crystalline product,no crystalline product,Exact author label 'no crystalline product' -> class 1,True,False,False,HT-PXRD campaign key explicitly reports no crystalline product.
V13-REHT-0015,MG2-75-15,10.1039/d5sc09992g,10.5281/zenodo.17902549,https://doi.org/10.1039/d5sc09992g,https://doi.org/10.5281/zenodo.17902549,"Mapping the crystallization landscape of rare earth MOFs: a high-throughput investigation of structure, kinetics, and selectivity","PAIR::sc::terephthalic acid (1,4-bdc)",,"terephthalic acid (1,4-BDC)",,,Aromatic dicarboxylate,Sc,rare-earth nitrate salt(s); hydration not encoded in campaign key,nitrate,,3,EtOH/H2O (fractions not encoded in campaign key),,Acido acetico,5.0,80.0,18.0,,,,,,Automated solvothermal synthesis,Automated vial; exact geometry in source SI,19.088,,19.088,no solid product,,peer_reviewed_high_throughput_literature,Author-assigned HT-PXRD/CV campaign outcome,direct_machine_readable_campaign_key,v13_source_rare_earth_landscape.csv,SOURCE_VERIFIED_SINGLE_CURATION_PASS,False,"Evidence-only: absolute precursor amounts, ligand:metal ratio, and solvent volume are not encoded in the public campaign key.",0,Failed / no solid product,no solid product,Exact author label 'no solid product' -> class 0,False,False,False,Campaign key explicitly reports no solid product.
V13-REHT-0016,MG2-75-16,10.1039/d5sc09992g,10.5281/zenodo.17902549,https://doi.org/10.1039/d5sc09992g,https://doi.org/10.5281/zenodo.17902549,"Mapping the crystallization landscape of rare earth MOFs: a high-throughput investigation of structure, kinetics, and selectivity","PAIR::sc::phthalic acid (1,2-bdc)",,"phthalic acid (1,2-BDC)",,,Aromatic dicarboxylate,Sc,rare-earth nitrate salt(s); hydration not encoded in campaign key,nitrate,,3,EtOH/H2O (fractions not encoded in campaign key),,Acido acetico,5.0,80.0,18.0,,,,,,Automated solvothermal synthesis,Automated vial; exact geometry in source SI,19.094,,19.094,no solid product,,peer_reviewed_high_throughput_literature,Author-assigned HT-PXRD/CV campaign outcome,direct_machine_readable_campaign_key,v13_source_rare_earth_landscape.csv,SOURCE_VERIFIED_SINGLE_CURATION_PASS,False,"Evidence-only: absolute precursor amounts, ligand:metal ratio, and solvent volume are not encoded in the public campaign key.",0,Failed / no solid product,no solid product,Exact author label 'no solid product' -> class 0,False,False,False,Campaign key explicitly reports no solid product.
V13-REHT-0017,MG2-75-17,10.1039/d5sc09992g,10.5281/zenodo.17902549,https://doi.org/10.1039/d5sc09992g,https://doi.org/10.5281/zenodo.17902549,"Mapping the crystallization landscape of rare earth MOFs: a high-throughput investigation of structure, kinetics, and selectivity","PAIR::sc::isophthalic acid (1,3-bdc)",,"isophthalic acid (1,3-BDC)",,,Aromatic dicarboxylate,Sc,rare-earth nitrate salt(s); hydration not encoded in campaign key,nitrate,,3,EtOH/H2O (fractions not encoded in campaign key),,Acido acetico,5.0,80.0,18.0,,,,,,Automated solvothermal synthesis,Automated vial; exact geometry in source SI,19.1,,19.1,no solid product,,peer_reviewed_high_throughput_literature,Author-assigned HT-PXRD/CV campaign outcome,direct_machine_readable_campaign_key,v13_source_rare_earth_landscape.csv,SOURCE_VERIFIED_SINGLE_CURATION_PASS,False,"Evidence-only: absolute precursor amounts, ligand:metal ratio, and solvent volume are not encoded in the public campaign key.",0,Failed / no solid product,no solid product,Exact author label 'no solid product' -> class 0,False,False,False,Campaign key explicitly reports no solid product.
V13-REHT-0019,MG2-75-19,10.1039/d5sc09992g,10.5281/zenodo.17902549,https://doi.org/10.1039/d5sc09992g,https://doi.org/10.5281/zenodo.17902549,"Mapping the crystallization landscape of rare earth MOFs: a high-throughput investigation of structure, kinetics, and selectivity",PAIR::sc::trimellitic acid,,trimellitic acid,,,Aromatic tricarboxylate,Sc,rare-earth nitrate salt(s); hydration not encoded in campaign key,nitrate,,3,EtOH/H2O (fractions not encoded in campaign key),,Acido acetico,5.0,80.0,18.0,,,,,,Automated solvothermal synthesis,Automated vial; exact geometry in source SI,19.112,,19.112,no solid product,,peer_reviewed_high_throughput_literature,Author-assigned HT-PXRD/CV campaign outcome,direct_machine_readable_campaign_key,v13_source_rare_earth_landscape.csv,SOURCE_VERIFIED_SINGLE_CURATION_PASS,False,"Evidence-only: absolute precursor amounts, ligand:metal ratio, and solvent volume are not encoded in the public campaign key.",0,Failed / no solid product,no solid product,Exact author label 'no solid product' -> class 0,False,False,False,Campaign key explicitly reports no solid product.
V13-REHT-0021,MG2-75-21,10.1039/d5sc09992g,10.5281/zenodo.17902549,https://doi.org/10.1039/d5sc09992g,https://doi.org/10.5281/zenodo.17902549,"Mapping the crystallization landscape of rare earth MOFs: a high-throughput investigation of structure, kinetics, and selectivity",PAIR::sc::mellitic acid,,mellitic acid,,,Aromatic hexacarboxylate,Sc,rare-earth nitrate salt(s); hydration not encoded in campaign key,nitrate,,3,EtOH/H2O (fractions not encoded in campaign key),,Acido acetico,5.0,80.0,18.0,,,,,,Automated solvothermal synthesis,Automated vial; exact geometry in source SI,0.128,0.676,0.128,no crystalline product,NCP,peer_reviewed_high_throughput_literature,Author-assigned HT-PXRD/CV campaign outcome,direct_machine_readable_campaign_key,v13_source_rare_earth_landscape.csv,SOURCE_VERIFIED_SINGLE_CURATION_PASS,False,"Evidence-only: absolute precursor amounts, ligand:metal ratio, and solvent volume are not encoded in the public campaign key.",1,Amorphous / no crystalline product,no crystalline product,Exact author label 'no crystalline product' -> class 1,True,False,False,HT-PXRD campaign key explicitly reports no crystalline product.
V13-REHT-0022,MG2-75-22,10.1039/d5sc09992g,10.5281/zenodo.17902549,https://doi.org/10.1039/d5sc09992g,https://doi.org/10.5281/zenodo.17902549,"Mapping the crystallization landscape of rare earth MOFs: a high-throughput investigation of structure, kinetics, and selectivity","PAIR::sc::terephthalic acid (1,4-bdc)",,"terephthalic acid (1,4-BDC)",,,Aromatic dicarboxylate,Sc,rare-earth nitrate salt(s); hydration not encoded in campaign key,nitrate,,3,EtOH/H2O (fractions not encoded in campaign key),,Acido acetico,10.0,80.0,18.0,,,,,,Automated solvothermal synthesis,Automated vial; exact geometry in source SI,19.131,,19.131,no solid product,,peer_reviewed_high_throughput_literature,Author-assigned HT-PXRD/CV campaign outcome,direct_machine_readable_campaign_key,v13_source_rare_earth_landscape.csv,SOURCE_VERIFIED_SINGLE_CURATION_PASS,False,"Evidence-only: absolute precursor amounts, ligand:metal ratio, and solvent volume are not encoded in the public campaign key.",0,Failed / no solid product,no solid product,Exact author label 'no solid product' -> class 0,False,False,False,Campaign key explicitly reports no solid product.
V13-REHT-0023,MG2-75-23,10.1039/d5sc09992g,10.5281/zenodo.17902549,https://doi.org/10.1039/d5sc09992g,https://doi.org/10.5281/zenodo.17902549,"Mapping the crystallization landscape of rare earth MOFs: a high-throughput investigation of structure, kinetics, and selectivity","PAIR::sc::phthalic acid (1,2-bdc)",,"phthalic acid (1,2-BDC)",,,Aromatic dicarboxylate,Sc,rare-earth nitrate salt(s); hydration not encoded in campaign key,nitrate,,3,EtOH/H2O (fractions not encoded in campaign key),,Acido acetico,10.0,80.0,18.0,,,,,,Automated solvothermal synthesis,Automated vial; exact geometry in source SI,19.138,,19.138,no solid product,,peer_reviewed_high_throughput_literature,Author-assigned HT-PXRD/CV campaign outcome,direct_machine_readable_campaign_key,v13_source_rare_earth_landscape.csv,SOURCE_VERIFIED_SINGLE_CURATION_PASS,False,"Evidence-only: absolute precursor amounts, ligand:metal ratio, and solvent volume are not encoded in the public campaign key.",0,Failed / no solid product,no solid product,Exact author label 'no solid product' -> class 0,False,False,False,Campaign key explicitly reports no solid product.
V13-REHT-0024,MG2-75-24,10.1039/d5sc09992g,10.5281/zenodo.17902549,https://doi.org/10.1039/d5sc09992g,https://doi.org/10.5281/zenodo.17902549,"Mapping the crystallization landscape of rare earth MOFs: a high-throughput investigation of structure, kinetics, and selectivity","PAIR::sc::isophthalic acid (1,3-bdc)",,"isophthalic acid (1,3-BDC)",,,Aromatic dicarboxylate,Sc,rare-earth nitrate salt(s); hydration not encoded in campaign key,nitrate,,3,EtOH/H2O (fractions not encoded in campaign key),,Acido acetico,10.0,80.0,18.0,,,,,,Automated solvothermal synthesis,Automated vial; exact geometry in source SI,19.144,,19.144,no solid product,,peer_reviewed_high_throughput_literature,Author-assigned HT-PXRD/CV campaign outcome,direct_machine_readable_campaign_key,v13_source_rare_earth_landscape.csv,SOURCE_VERIFIED_SINGLE_CURATION_PASS,False,"Evidence-only: absolute precursor amounts, ligand:metal ratio, and solvent volume are not encoded in the public campaign key.",0,Failed / no solid product,no solid product,Exact author label 'no solid product' -> class 0,False,False,False,Campaign key explicitly reports no solid product.
V13-REHT-0026,MG2-75-26,10.1039/d5sc09992g,10.5281/zenodo.17902549,https://doi.org/10.1039/d5sc09992g,https://doi.org/10.5281/zenodo.17902549,"Mapping the crystallization landscape of rare earth MOFs: a high-throughput investigation of structure, kinetics, and selectivity",PAIR::sc::trimellitic acid,,trimellitic acid,,,Aromatic tricarboxylate,Sc,rare-earth nitrate salt(s); hydration not encoded in campaign key,nitrate,,3,EtOH/H2O (fractions not encoded in campaign key),,Acido acetico,10.0,80.0,18.0,,,,,,Automated solvothermal synthesis,Automated vial; exact geometry in source SI,19.158,,19.158,no solid product,,peer_reviewed_high_throughput_literature,Author-assigned HT-PXRD/CV campaign outcome,direct_machine_readable_campaign_key,v13_source_rare_earth_landscape.csv,SOURCE_VERIFIED_SINGLE_CURATION_PASS,False,"Evidence-only: absolute precursor amounts, ligand:metal ratio, and solvent volume are not encoded in the public campaign key.",0,Failed / no solid product,no solid product,Exact author label 'no solid product' -> class 0,False,False,False,Campaign key explicitly reports no solid product.
V13-REHT-0028,MG2-75-28,10.1039/d5sc09992g,10.5281/zenodo.17902549,https://doi.org/10.1039/d5sc09992g,https://doi.org/10.5281/zenodo.17902549,"Mapping the crystallization landscape of rare earth MOFs: a high-throughput investigation of structure, kinetics, and selectivity",PAIR::sc::mellitic acid,,mellitic acid,,,Aromatic hexacarboxylate,Sc,rare-earth nitrate salt(s); hydration not encoded in campaign key,nitrate,,3,EtOH/H2O (fractions not encoded in campaign key),,Acido acetico,10.0,80.0,18.0,,,,,,Automated solvothermal synthesis,Automated vial; exact geometry in source SI,0.173,0.173,0.173,no crystalline product,NCP,peer_reviewed_high_throughput_literature,Author-assigned HT-PXRD/CV campaign outcome,direct_machine_readable_campaign_key,v13_source_rare_earth_landscape.csv,SOURCE_VERIFIED_SINGLE_CURATION_PASS,False,"Evidence-only: absolute precursor amounts, ligand:metal ratio, and solvent volume are not encoded in the public campaign key.",1,Amorphous / no crystalline product,no crystalline product,Exact author label 'no crystalline product' -> class 1,True,False,False,HT-PXRD campaign key explicitly reports no crystalline product.
V13-REHT-0029,MG2-75-29,10.1039/d5sc09992g,10.5281/zenodo.17902549,https://doi.org/10.1039/d5sc09992g,https://doi.org/10.5281/zenodo.17902549,"Mapping the crystallization landscape of rare earth MOFs: a high-throughput investigation of structure, kinetics, and selectivity","PAIR::y::terephthalic acid (1,4-bdc)",,"terephthalic acid (1,4-BDC)",,,Aromatic dicarboxylate,Y,rare-earth nitrate salt(s); hydration not encoded in campaign key,nitrate,,3,EtOH/H2O (fractions not encoded in campaign key),,Nessuno,0.0,80.0,18.0,,,,,,Automated solvothermal synthesis,Automated vial; exact geometry in source SI,,,,no solid product,,peer_reviewed_high_throughput_literature,Author-assigned HT-PXRD/CV campaign outcome,direct_machine_readable_campaign_key,v13_source_rare_earth_landscape.csv,SOURCE_VERIFIED_SINGLE_CURATION_PASS,False,"Evidence-only: absolute precursor amounts, ligand:metal ratio, and solvent volume are not encoded in the public campaign key.",0,Failed / no solid product,no solid product,Exact author label 'no solid product' -> class 0,False,False,False,Campaign key explicitly reports no solid product.
V13-REHT-0030,MG2-75-30,10.1039/d5sc09992g,10.5281/zenodo.17902549,https://doi.org/10.1039/d5sc09992g,https://doi.org/10.5281/zenodo.17902549,"Mapping the crystallization landscape of rare earth MOFs: a high-throughput investigation of structure, kinetics, and selectivity","PAIR::y::phthalic acid (1,2-bdc)",,"phthalic acid (1,2-BDC)",,,Aromatic dicarboxylate,Y,rare-earth nitrate salt(s); hydration not encoded in campaign key,nitrate,,3,EtOH/H2O (fractions not encoded in campaign key),,Nessuno,0.0,80.0,18.0,,,,,,Automated solvothermal synthesis,Automated vial; exact geometry in source SI,,,,no solid product,,peer_reviewed_high_throughput_literature,Author-assigned HT-PXRD/CV campaign outcome,direct_machine_readable_campaign_key,v13_source_rare_earth_landscape.csv,SOURCE_VERIFIED_SINGLE_CURATION_PASS,False,"Evidence-only: absolute precursor amounts, ligand:metal ratio, and solvent volume are not encoded in the public campaign key.",0,Failed / no solid product,no solid product,Exact author label 'no solid product' -> class 0,False,False,False,Campaign key explicitly reports no solid product.
V13-REHT-0031,MG2-75-31,10.1039/d5sc09992g,10.5281/zenodo.17902549,https://doi.org/10.1039/d5sc09992g,https://doi.org/10.5281/zenodo.17902549,"Mapping the crystallization landscape of rare earth MOFs: a high-throughput investigation of structure, kinetics, and selectivity","PAIR::y::isophthalic acid (1,3-bdc)",,"isophthalic acid (1,3-BDC)",,,Aromatic dicarboxylate,Y,rare-earth nitrate salt(s); hydration not encoded in campaign key,nitrate,,3,EtOH/H2O (fractions not encoded in campaign key),,Nessuno,0.0,80.0,18.0,,,,,,Automated solvothermal synthesis,Automated vial; exact geometry in source SI,,,,no solid product,,peer_reviewed_high_throughput_literature,Author-assigned HT-PXRD/CV campaign outcome,direct_machine_readable_campaign_key,v13_source_rare_earth_landscape.csv,SOURCE_VERIFIED_SINGLE_CURATION_PASS,False,"Evidence-only: absolute precursor amounts, ligand:metal ratio, and solvent volume are not encoded in the public campaign key.",0,Failed / no solid product,no solid product,Exact author label 'no solid product' -> class 0,False,False,False,Campaign key explicitly reports no solid product.
V13-REHT-0036,MG2-75-36,10.1039/d5sc09992g,10.5281/zenodo.17902549,https://doi.org/10.1039/d5sc09992g,https://doi.org/10.5281/zenodo.17902549,"Mapping the crystallization landscape of rare earth MOFs: a high-throughput investigation of structure, kinetics, and selectivity","PAIR::y::terephthalic acid (1,4-bdc)",,"terephthalic acid (1,4-BDC)",,,Aromatic dicarboxylate,Y,rare-earth nitrate salt(s); hydration not encoded in campaign key,nitrate,,3,EtOH/H2O (fractions not encoded in campaign key),,Acido acetico,2.0,80.0,18.0,,,,,,Automated solvothermal synthesis,Automated vial; exact geometry in source SI,,,,no solid product,,peer_reviewed_high_throughput_literature,Author-assigned HT-PXRD/CV campaign outcome,direct_machine_readable_campaign_key,v13_source_rare_earth_landscape.csv,SOURCE_VERIFIED_SINGLE_CURATION_PASS,False,"Evidence-only: absolute precursor amounts, ligand:metal ratio, and solvent volume are not encoded in the public campaign key.",0,Failed / no solid product,no solid product,Exact author label 'no solid product' -> class 0,False,False,False,Campaign key explicitly reports no solid product.
V13-REHT-0037,MG2-75-37,10.1039/d5sc09992g,10.5281/zenodo.17902549,https://doi.org/10.1039/d5sc09992g,https://doi.org/10.5281/zenodo.17902549,"Mapping the crystallization landscape of rare earth MOFs: a high-throughput investigation of structure, kinetics, and selectivity","PAIR::y::phthalic acid (1,2-bdc)",,"phthalic acid (1,2-BDC)",,,Aromatic dicarboxylate,Y,rare-earth nitrate salt(s); hydration not encoded in campaign key,nitrate,,3,EtOH/H2O (fractions not encoded in campaign key),,Acido acetico,2.0,80.0,18.0,,,,,,Automated solvothermal synthesis,Automated vial; exact geometry in source SI,19.229,,19.229,no solid product,,peer_reviewed_high_throughput_literature,Author-assigned HT-PXRD/CV campaign outcome,direct_machine_readable_campaign_key,v13_source_rare_earth_landscape.csv,SOURCE_VERIFIED_SINGLE_CURATION_PASS,False,"Evidence-only: absolute precursor amounts, ligand:metal ratio, and solvent volume are not encoded in the public campaign key.",0,Failed / no solid product,no solid product,Exact author label 'no solid product' -> class 0,False,False,False,Campaign key explicitly reports no solid product.
V13-REHT-0038,MG2-75-38,10.1039/d5sc09992g,10.5281/zenodo.17902549,https://doi.org/10.1039/d5sc09992g,https://doi.org/10.5281/zenodo.17902549,"Mapping the crystallization landscape of rare earth MOFs: a high-throughput investigation of structure, kinetics, and selectivity","PAIR::y::isophthalic acid (1,3-bdc)",,"isophthalic acid (1,3-BDC)",,,Aromatic dicarboxylate,Y,rare-earth nitrate salt(s); hydration not encoded in campaign key,nitrate,,3,EtOH/H2O (fractions not encoded in campaign key),,Acido acetico,2.0,80.0,18.0,,,,,,Automated solvothermal synthesis,Automated vial; exact geometry in source SI,,,,no solid product,,peer_reviewed_high_throughput_literature,Author-assigned HT-PXRD/CV campaign outcome,direct_machine_readable_campaign_key,v13_source_rare_earth_landscape.csv,SOURCE_VERIFIED_SINGLE_CURATION_PASS,False,"Evidence-only: absolute precursor amounts, ligand:metal ratio, and solvent volume are not encoded in the public campaign key.",0,Failed / no solid product,no solid product,Exact author label 'no solid product' -> class 0,False,False,False,Campaign key explicitly reports no solid product.
V13-REHT-0043,MG2-75-43,10.1039/d5sc09992g,10.5281/zenodo.17902549,https://doi.org/10.1039/d5sc09992g,https://doi.org/10.5281/zenodo.17902549,"Mapping the crystallization landscape of rare earth MOFs: a high-throughput investigation of structure, kinetics, and selectivity","PAIR::y::terephthalic acid (1,4-bdc)",,"terephthalic acid (1,4-BDC)",,,Aromatic dicarboxylate,Y,rare-earth nitrate salt(s); hydration not encoded in campaign key,nitrate,,3,EtOH/H2O (fractions not encoded in campaign key),,Acido acetico,5.0,80.0,18.0,,,,,,Automated solvothermal synthesis,Automated vial; exact geometry in source SI,19.268,,19.268,no solid product,,peer_reviewed_high_throughput_literature,Author-assigned HT-PXRD/CV campaign outcome,direct_machine_readable_campaign_key,v13_source_rare_earth_landscape.csv,SOURCE_VERIFIED_SINGLE_CURATION_PASS,False,"Evidence-only: absolute precursor amounts, ligand:metal ratio, and solvent volume are not encoded in the public campaign key.",0,Failed / no solid product,no solid product,Exact author label 'no solid product' -> class 0,False,False,False,Campaign key explicitly reports no solid product.
V13-REHT-0044,MG2-75-44,10.1039/d5sc09992g,10.5281/zenodo.17902549,https://doi.org/10.1039/d5sc09992g,https://doi.org/10.5281/zenodo.17902549,"Mapping the crystallization landscape of rare earth MOFs: a high-throughput investigation of structure, kinetics, and selectivity","PAIR::y::phthalic acid (1,2-bdc)",,"phthalic acid (1,2-BDC)",,,Aromatic dicarboxylate,Y,rare-earth nitrate salt(s); hydration not encoded in campaign key,nitrate,,3,EtOH/H2O (fractions not encoded in campaign key),,Acido acetico,5.0,80.0,18.0,,,,,,Automated solvothermal synthesis,Automated vial; exact geometry in source SI,19.274,,19.274,no solid product,,peer_reviewed_high_throughput_literature,Author-assigned HT-PXRD/CV campaign outcome,direct_machine_readable_campaign_key,v13_source_rare_earth_landscape.csv,SOURCE_VERIFIED_SINGLE_CURATION_PASS,False,"Evidence-only: absolute precursor amounts, ligand:metal ratio, and solvent volume are not encoded in the public campaign key.",0,Failed / no solid product,no solid product,Exact author label 'no solid product' -> class 0,False,False,False,Campaign key explicitly reports no solid product.
V13-REHT-0045,MG2-75-45,10.1039/d5sc09992g,10.5281/zenodo.17902549,https://doi.org/10.1039/d5sc09992g,https://doi.org/10.5281/zenodo.17902549,"Mapping the crystallization landscape of rare earth MOFs: a high-throughput investigation of structure, kinetics, and selectivity","PAIR::y::isophthalic acid (1,3-bdc)",,"isophthalic acid (1,3-BDC)",,,Aromatic dicarboxylate,Y,rare-earth nitrate salt(s); hydration not encoded in campaign key,nitrate,,3,EtOH/H2O (fractions not encoded in campaign key),,Acido acetico,5.0,80.0,18.0,,,,,,Automated solvothermal synthesis,Automated vial; exact geometry in source SI,19.281,,19.281,no solid product,,peer_reviewed_high_throughput_literature,Author-assigned HT-PXRD/CV campaign outcome,direct_machine_readable_campaign_key,v13_source_rare_earth_landscape.csv,SOURCE_VERIFIED_SINGLE_CURATION_PASS,False,"Evidence-only: absolute precursor amounts, ligand:metal ratio, and solvent volume are not encoded in the public campaign key.",0,Failed / no solid product,no solid product,Exact author label 'no solid product' -> class 0,False,False,False,Campaign key explicitly reports no solid product.
V13-REHT-0050,MG2-75-50,10.1039/d5sc09992g,10.5281/zenodo.17902549,https://doi.org/10.1039/d5sc09992g,https://doi.org/10.5281/zenodo.17902549,"Mapping the crystallization landscape of rare earth MOFs: a high-throughput investigation of structure, kinetics, and selectivity","PAIR::y::terephthalic acid (1,4-bdc)",,"terephthalic acid (1,4-BDC)",,,Aromatic dicarboxylate,Y,rare-earth nitrate salt(s); hydration not encoded in campaign key,nitrate,,3,EtOH/H2O (fractions not encoded in campaign key),,Acido acetico,10.0,80.0,18.0,,,,,,Automated solvothermal synthesis,Automated vial; exact geometry in source SI,,,,no solid product,,peer_reviewed_high_throughput_literature,Author-assigned HT-PXRD/CV campaign outcome,direct_machine_readable_campaign_key,v13_source_rare_earth_landscape.csv,SOURCE_VERIFIED_SINGLE_CURATION_PASS,False,"Evidence-only: absolute precursor amounts, ligand:metal ratio, and solvent volume are not encoded in the public campaign key.",0,Failed / no solid product,no solid product,Exact author label 'no solid product' -> class 0,False,False,False,Campaign key explicitly reports no solid product.
V13-REHT-0051,MG2-75-51,10.1039/d5sc09992g,10.5281/zenodo.17902549,https://doi.org/10.1039/d5sc09992g,https://doi.org/10.5281/zenodo.17902549,"Mapping the crystallization landscape of rare earth MOFs: a high-throughput investigation of structure, kinetics, and selectivity","PAIR::y::phthalic acid (1,2-bdc)",,"phthalic acid (1,2-BDC)",,,Aromatic dicarboxylate,Y,rare-earth nitrate salt(s); hydration not encoded in campaign key,nitrate,,3,EtOH/H2O (fractions not encoded in campaign key),,Acido acetico,10.0,80.0,18.0,,,,,,Automated solvothermal synthesis,Automated vial; exact geometry in source SI,19.319,,19.319,no solid product,,peer_reviewed_high_throughput_literature,Author-assigned HT-PXRD/CV campaign outcome,direct_machine_readable_campaign_key,v13_source_rare_earth_landscape.csv,SOURCE_VERIFIED_SINGLE_CURATION_PASS,False,"Evidence-only: absolute precursor amounts, ligand:metal ratio, and solvent volume are not encoded in the public campaign key.",0,Failed / no solid product,no solid product,Exact author label 'no solid product' -> class 0,False,False,False,Campaign key explicitly reports no solid product.
V13-REHT-0052,MG2-75-52,10.1039/d5sc09992g,10.5281/zenodo.17902549,https://doi.org/10.1039/d5sc09992g,https://doi.org/10.5281/zenodo.17902549,"Mapping the crystallization landscape of rare earth MOFs: a high-throughput investigation of structure, kinetics, and selectivity","PAIR::y::isophthalic acid (1,3-bdc)",,"isophthalic acid (1,3-BDC)",,,Aromatic dicarboxylate,Y,rare-earth nitrate salt(s); hydration not encoded in campaign key,nitrate,,3,EtOH/H2O (fractions not encoded in campaign key),,Acido acetico,10.0,80.0,18.0,,,,,,Automated solvothermal synthesis,Automated vial; exact geometry in source SI,19.326,,19.326,no solid product,,peer_reviewed_high_throughput_literature,Author-assigned HT-PXRD/CV campaign outcome,direct_machine_readable_campaign_key,v13_source_rare_earth_landscape.csv,SOURCE_VERIFIED_SINGLE_CURATION_PASS,False,"Evidence-only: absolute precursor amounts, ligand:metal ratio, and solvent volume are not encoded in the public campaign key.",0,Failed / no solid product,no solid product,Exact author label 'no solid product' -> class 0,False,False,False,Campaign key explicitly reports no solid product.
V13-REHT-0057,MG2-75-57,10.1039/d5sc09992g,10.5281/zenodo.17902549,https://doi.org/10.1039/d5sc09992g,https://doi.org/10.5281/zenodo.17902549,"Mapping the crystallization landscape of rare earth MOFs: a high-throughput investigation of structure, kinetics, and selectivity","PAIR::la::terephthalic acid (1,4-bdc)",,"terephthalic acid (1,4-BDC)",,,Aromatic dicarboxylate,La,rare-earth nitrate salt(s); hydration not encoded in campaign key,nitrate,,3,EtOH/H2O (fractions not encoded in campaign key),,Nessuno,0.0,80.0,18.0,,,,,,Automated solvothermal synthesis,Automated vial; exact geometry in source SI,,,,no solid product,,peer_reviewed_high_throughput_literature,Author-assigned HT-PXRD/CV campaign outcome,direct_machine_readable_campaign_key,v13_source_rare_earth_landscape.csv,SOURCE_VERIFIED_SINGLE_CURATION_PASS,False,"Evidence-only: absolute precursor amounts, ligand:metal ratio, and solvent volume are not encoded in the public campaign key.",0,Failed / no solid product,no solid product,Exact author label 'no solid product' -> class 0,False,False,False,Campaign key explicitly reports no solid product.
V13-REHT-0058,MG2-75-58,10.1039/d5sc09992g,10.5281/zenodo.17902549,https://doi.org/10.1039/d5sc09992g,https://doi.org/10.5281/zenodo.17902549,"Mapping the crystallization landscape of rare earth MOFs: a high-throughput investigation of structure, kinetics, and selectivity","PAIR::la::phthalic acid (1,2-bdc)",,"phthalic acid (1,2-BDC)",,,Aromatic dicarboxylate,La,rare-earth nitrate salt(s); hydration not encoded in campaign key,nitrate,,3,EtOH/H2O (fractions not encoded in campaign key),,Nessuno,0.0,80.0,18.0,,,,,,Automated solvothermal synthesis,Automated vial; exact geometry in source SI,,,,no solid product,,peer_reviewed_high_throughput_literature,Author-assigned HT-PXRD/CV campaign outcome,direct_machine_readable_campaign_key,v13_source_rare_earth_landscape.csv,SOURCE_VERIFIED_SINGLE_CURATION_PASS,False,"Evidence-only: absolute precursor amounts, ligand:metal ratio, and solvent volume are not encoded in the public campaign key.",0,Failed / no solid product,no solid product,Exact author label 'no solid product' -> class 0,False,False,False,Campaign key explicitly reports no solid product.
V13-REHT-0059,MG2-75-59,10.1039/d5sc09992g,10.5281/zenodo.17902549,https://doi.org/10.1039/d5sc09992g,https://doi.org/10.5281/zenodo.17902549,"Mapping the crystallization landscape of rare earth MOFs: a high-throughput investigation of structure, kinetics, and selectivity","PAIR::la::isophthalic acid (1,3-bdc)",,"isophthalic acid (1,3-BDC)",,,Aromatic dicarboxylate,La,rare-earth nitrate salt(s); hydration not encoded in campaign key,nitrate,,3,EtOH/H2O (fractions not encoded in campaign key),,Nessuno,0.0,80.0,18.0,,,,,,Automated solvothermal synthesis,Automated vial; exact geometry in source SI,,,,no solid product,,peer_reviewed_high_throughput_literature,Author-assigned HT-PXRD/CV campaign outcome,direct_machine_readable_campaign_key,v13_source_rare_earth_landscape.csv,SOURCE_VERIFIED_SINGLE_CURATION_PASS,False,"Evidence-only: absolute precursor amounts, ligand:metal ratio, and solvent volume are not encoded in the public campaign key.",0,Failed / no solid product,no solid product,Exact author label 'no solid product' -> class 0,False,False,False,Campaign key explicitly reports no solid product.
V13-REHT-0064,MG2-75-64,10.1039/d5sc09992g,10.5281/zenodo.17902549,https://doi.org/10.1039/d5sc09992g,https://doi.org/10.5281/zenodo.17902549,"Mapping the crystallization landscape of rare earth MOFs: a high-throughput investigation of structure, kinetics, and selectivity","PAIR::la::terephthalic acid (1,4-bdc)",,"terephthalic acid (1,4-BDC)",,,Aromatic dicarboxylate,La,rare-earth nitrate salt(s); hydration not encoded in campaign key,nitrate,,3,EtOH/H2O (fractions not encoded in campaign key),,Acido acetico,2.0,80.0,18.0,,,,,,Automated solvothermal synthesis,Automated vial; exact geometry in source SI,,,,no solid product,,peer_reviewed_high_throughput_literature,Author-assigned HT-PXRD/CV campaign outcome,direct_machine_readable_campaign_key,v13_source_rare_earth_landscape.csv,SOURCE_VERIFIED_SINGLE_CURATION_PASS,False,"Evidence-only: absolute precursor amounts, ligand:metal ratio, and solvent volume are not encoded in the public campaign key.",0,Failed / no solid product,no solid product,Exact author label 'no solid product' -> class 0,False,False,False,Campaign key explicitly reports no solid product.
V13-REHT-0065,MG2-75-65,10.1039/d5sc09992g,10.5281/zenodo.17902549,https://doi.org/10.1039/d5sc09992g,https://doi.org/10.5281/zenodo.17902549,"Mapping the crystallization landscape of rare earth MOFs: a high-throughput investigation of structure, kinetics, and selectivity","PAIR::la::phthalic acid (1,2-bdc)",,"phthalic acid (1,2-BDC)",,,Aromatic dicarboxylate,La,rare-earth nitrate salt(s); hydration not encoded in campaign key,nitrate,,3,EtOH/H2O (fractions not encoded in campaign key),,Acido acetico,2.0,80.0,18.0,,,,,,Automated solvothermal synthesis,Automated vial; exact geometry in source SI,,,,no solid product,,peer_reviewed_high_throughput_literature,Author-assigned HT-PXRD/CV campaign outcome,direct_machine_readable_campaign_key,v13_source_rare_earth_landscape.csv,SOURCE_VERIFIED_SINGLE_CURATION_PASS,False,"Evidence-only: absolute precursor amounts, ligand:metal ratio, and solvent volume are not encoded in the public campaign key.",0,Failed / no solid product,no solid product,Exact author label 'no solid product' -> class 0,False,False,False,Campaign key explicitly reports no solid product.
V13-REHT-0066,MG2-75-66,10.1039/d5sc09992g,10.5281/zenodo.17902549,https://doi.org/10.1039/d5sc09992g,https://doi.org/10.5281/zenodo.17902549,"Mapping the crystallization landscape of rare earth MOFs: a high-throughput investigation of structure, kinetics, and selectivity","PAIR::la::isophthalic acid (1,3-bdc)",,"isophthalic acid (1,3-BDC)",,,Aromatic dicarboxylate,La,rare-earth nitrate salt(s); hydration not encoded in campaign key,nitrate,,3,EtOH/H2O (fractions not encoded in campaign key),,Acido acetico,2.0,80.0,18.0,,,,,,Automated solvothermal synthesis,Automated vial; exact geometry in source SI,,,,no solid product,,peer_reviewed_high_throughput_literature,Author-assigned HT-PXRD/CV campaign outcome,direct_machine_readable_campaign_key,v13_source_rare_earth_landscape.csv,SOURCE_VERIFIED_SINGLE_CURATION_PASS,False,"Evidence-only: absolute precursor amounts, ligand:metal ratio, and solvent volume are not encoded in the public campaign key.",0,Failed / no solid product,no solid product,Exact author label 'no solid product' -> class 0,False,False,False,Campaign key explicitly reports no solid product.
V13-REHT-0071,MG2-75-71,10.1039/d5sc09992g,10.5281/zenodo.17902549,https://doi.org/10.1039/d5sc09992g,https://doi.org/10.5281/zenodo.17902549,"Mapping the crystallization landscape of rare earth MOFs: a high-throughput investigation of structure, kinetics, and selectivity","PAIR::la::terephthalic acid (1,4-bdc)",,"terephthalic acid (1,4-BDC)",,,Aromatic dicarboxylate,La,rare-earth nitrate salt(s); hydration not encoded in campaign key,nitrate,,3,EtOH/H2O (fractions not encoded in campaign key),,Acido acetico,5.0,80.0,18.0,,,,,,Automated solvothermal synthesis,Automated vial; exact geometry in source SI,,19.448,19.448,no solid product,,peer_reviewed_high_throughput_literature,Author-assigned HT-PXRD/CV campaign outcome,direct_machine_readable_campaign_key,v13_source_rare_earth_landscape.csv,SOURCE_VERIFIED_SINGLE_CURATION_PASS,False,"Evidence-only: absolute precursor amounts, ligand:metal ratio, and solvent volume are not encoded in the public campaign key.",0,Failed / no solid product,no solid product,Exact author label 'no solid product' -> class 0,False,False,False,Campaign key explicitly reports no solid product.
V13-REHT-0072,MG2-75-72,10.1039/d5sc09992g,10.5281/zenodo.17902549,https://doi.org/10.1039/d5sc09992g,https://doi.org/10.5281/zenodo.17902549,"Mapping the crystallization landscape of rare earth MOFs: a high-throughput investigation of structure, kinetics, and selectivity","PAIR::la::phthalic acid (1,2-bdc)",,"phthalic acid (1,2-BDC)",,,Aromatic dicarboxylate,La,rare-earth nitrate salt(s); hydration not encoded in campaign key,nitrate,,3,EtOH/H2O (fractions not encoded in campaign key),,Acido acetico,5.0,80.0,18.0,,,,,,Automated solvothermal synthesis,Automated vial; exact geometry in source SI,,,,no solid product,,peer_reviewed_high_throughput_literature,Author-assigned HT-PXRD/CV campaign outcome,direct_machine_readable_campaign_key,v13_source_rare_earth_landscape.csv,SOURCE_VERIFIED_SINGLE_CURATION_PASS,False,"Evidence-only: absolute precursor amounts, ligand:metal ratio, and solvent volume are not encoded in the public campaign key.",0,Failed / no solid product,no solid product,Exact author label 'no solid product' -> class 0,False,False,False,Campaign key explicitly reports no solid product.
V13-REHT-0073,MG2-75-73,10.1039/d5sc09992g,10.5281/zenodo.17902549,https://doi.org/10.1039/d5sc09992g,https://doi.org/10.5281/zenodo.17902549,"Mapping the crystallization landscape of rare earth MOFs: a high-throughput investigation of structure, kinetics, and selectivity","PAIR::la::isophthalic acid (1,3-bdc)",,"isophthalic acid (1,3-BDC)",,,Aromatic dicarboxylate,La,rare-earth nitrate salt(s); hydration not encoded in campaign key,nitrate,,3,EtOH/H2O (fractions not encoded in campaign key),,Acido acetico,5.0,80.0,18.0,,,,,,Automated solvothermal synthesis,Automated vial; exact geometry in source SI,19.46,,19.46,no solid product,,peer_reviewed_high_throughput_literature,Author-assigned HT-PXRD/CV campaign outcome,direct_machine_readable_campaign_key,v13_source_rare_earth_landscape.csv,SOURCE_VERIFIED_SINGLE_CURATION_PASS,False,"Evidence-only: absolute precursor amounts, ligand:metal ratio, and solvent volume are not encoded in the public campaign key.",0,Failed / no solid product,no solid product,Exact author label 'no solid product' -> class 0,False,False,False,Campaign key explicitly reports no solid product.
V13-REHT-0078,MG2-75-78,10.1039/d5sc09992g,10.5281/zenodo.17902549,https://doi.org/10.1039/d5sc09992g,https://doi.org/10.5281/zenodo.17902549,"Mapping the crystallization landscape of rare earth MOFs: a high-throughput investigation of structure, kinetics, and selectivity","PAIR::la::terephthalic acid (1,4-bdc)",,"terephthalic acid (1,4-BDC)",,,Aromatic dicarboxylate,La,rare-earth nitrate salt(s); hydration not encoded in campaign key,nitrate,,3,EtOH/H2O (fractions not encoded in campaign key),,Acido acetico,10.0,80.0,18.0,,,,,,Automated solvothermal synthesis,Automated vial; exact geometry in source SI,,,,no solid product,,peer_reviewed_high_throughput_literature,Author-assigned HT-PXRD/CV campaign outcome,direct_machine_readable_campaign_key,v13_source_rare_earth_landscape.csv,SOURCE_VERIFIED_SINGLE_CURATION_PASS,False,"Evidence-only: absolute precursor amounts, ligand:metal ratio, and solvent volume are not encoded in the public campaign key.",0,Failed / no solid product,no solid product,Exact author label 'no solid product' -> class 0,False,False,False,Campaign key explicitly reports no solid product.
V13-REHT-0079,MG2-75-79,10.1039/d5sc09992g,10.5281/zenodo.17902549,https://doi.org/10.1039/d5sc09992g,https://doi.org/10.5281/zenodo.17902549,"Mapping the crystallization landscape of rare earth MOFs: a high-throughput investigation of structure, kinetics, and selectivity","PAIR::la::phthalic acid (1,2-bdc)",,"phthalic acid (1,2-BDC)",,,Aromatic dicarboxylate,La,rare-earth nitrate salt(s); hydration not encoded in campaign key,nitrate,,3,EtOH/H2O (fractions not encoded in campaign key),,Acido acetico,10.0,80.0,18.0,,,,,,Automated solvothermal synthesis,Automated vial; exact geometry in source SI,19.499,19.499,19.499,no solid product,,peer_reviewed_high_throughput_literature,Author-assigned HT-PXRD/CV campaign outcome,direct_machine_readable_campaign_key,v13_source_rare_earth_landscape.csv,SOURCE_VERIFIED_SINGLE_CURATION_PASS,False,"Evidence-only: absolute precursor amounts, ligand:metal ratio, and solvent volume are not encoded in the public campaign key.",0,Failed / no solid product,no solid product,Exact author label 'no solid product' -> class 0,False,False,False,Campaign key explicitly reports no solid product.
V13-REHT-0080,MG2-75-80,10.1039/d5sc09992g,10.5281/zenodo.17902549,https://doi.org/10.1039/d5sc09992g,https://doi.org/10.5281/zenodo.17902549,"Mapping the crystallization landscape of rare earth MOFs: a high-throughput investigation of structure, kinetics, and selectivity","PAIR::la::isophthalic acid (1,3-bdc)",,"isophthalic acid (1,3-BDC)",,,Aromatic dicarboxylate,La,rare-earth nitrate salt(s); hydration not encoded in campaign key,nitrate,,3,EtOH/H2O (fractions not encoded in campaign key),,Acido acetico,10.0,80.0,18.0,,,,,,Automated solvothermal synthesis,Automated vial; exact geometry in source SI,19.505,,19.505,no solid product,,peer_reviewed_high_throughput_literature,Author-assigned HT-PXRD/CV campaign outcome,direct_machine_readable_campaign_key,v13_source_rare_earth_landscape.csv,SOURCE_VERIFIED_SINGLE_CURATION_PASS,False,"Evidence-only: absolute precursor amounts, ligand:metal ratio, and solvent volume are not encoded in the public campaign key.",0,Failed / no solid product,no solid product,Exact author label 'no solid product' -> class 0,False,False,False,Campaign key explicitly reports no solid product.
V13-REHT-0085,MG2-76-01,10.1039/d5sc09992g,10.5281/zenodo.17902549,https://doi.org/10.1039/d5sc09992g,https://doi.org/10.5281/zenodo.17902549,"Mapping the crystallization landscape of rare earth MOFs: a high-throughput investigation of structure, kinetics, and selectivity","PAIR::ce::terephthalic acid (1,4-bdc)",,"terephthalic acid (1,4-BDC)",,,Aromatic dicarboxylate,Ce,rare-earth nitrate salt(s); hydration not encoded in campaign key,nitrate,,3,EtOH/H2O (fractions not encoded in campaign key),,Nessuno,0.0,80.0,18.0,,,,,,Automated solvothermal synthesis,Automated vial; exact geometry in source SI,,18.997,18.997,no solid product,,peer_reviewed_high_throughput_literature,Author-assigned HT-PXRD/CV campaign outcome,direct_machine_readable_campaign_key,v13_source_rare_earth_landscape.csv,SOURCE_VERIFIED_SINGLE_CURATION_PASS,False,"Evidence-only: absolute precursor amounts, ligand:metal ratio, and solvent volume are not encoded in the public campaign key.",0,Failed / no solid product,no solid product,Exact author label 'no solid product' -> class 0,False,False,False,Campaign key explicitly reports no solid product.
V13-REHT-0086,MG2-76-02,10.1039/d5sc09992g,10.5281/zenodo.17902549,https://doi.org/10.1039/d5sc09992g,https://doi.org/10.5281/zenodo.17902549,"Mapping the crystallization landscape of rare earth MOFs: a high-throughput investigation of structure, kinetics, and selectivity","PAIR::ce::phthalic acid (1,2-bdc)",,"phthalic acid (1,2-BDC)",,,Aromatic dicarboxylate,Ce,rare-earth nitrate salt(s); hydration not encoded in campaign key,nitrate,,3,EtOH/H2O (fractions not encoded in campaign key),,Nessuno,0.0,80.0,18.0,,,,,,Automated solvothermal synthesis,Automated vial; exact geometry in source SI,,,,no solid product,,peer_reviewed_high_throughput_literature,Author-assigned HT-PXRD/CV campaign outcome,direct_machine_readable_campaign_key,v13_source_rare_earth_landscape.csv,SOURCE_VERIFIED_SINGLE_CURATION_PASS,False,"Evidence-only: absolute precursor amounts, ligand:metal ratio, and solvent volume are not encoded in the public campaign key.",0,Failed / no solid product,no solid product,Exact author label 'no solid product' -> class 0,False,False,False,Campaign key explicitly reports no solid product.
V13-REHT-0087,MG2-76-03,10.1039/d5sc09992g,10.5281/zenodo.17902549,https://doi.org/10.1039/d5sc09992g,https://doi.org/10.5281/zenodo.17902549,"Mapping the crystallization landscape of rare earth MOFs: a high-throughput investigation of structure, kinetics, and selectivity","PAIR::ce::isophthalic acid (1,3-bdc)",,"isophthalic acid (1,3-BDC)",,,Aromatic dicarboxylate,Ce,rare-earth nitrate salt(s); hydration not encoded in campaign key,nitrate,,3,EtOH/H2O (fractions not encoded in campaign key),,Nessuno,0.0,80.0,18.0,,,,,,Automated solvothermal synthesis,Automated vial; exact geometry in source SI,,,,no solid product,,peer_reviewed_high_throughput_literature,Author-assigned HT-PXRD/CV campaign outcome,direct_machine_readable_campaign_key,v13_source_rare_earth_landscape.csv,SOURCE_VERIFIED_SINGLE_CURATION_PASS,False,"Evidence-only: absolute precursor amounts, ligand:metal ratio, and solvent volume are not encoded in the public campaign key.",0,Failed / no solid product,no solid product,Exact author label 'no solid product' -> class 0,False,False,False,Campaign key explicitly reports no solid product.
V13-REHT-0092,MG2-76-08,10.1039/d5sc09992g,10.5281/zenodo.17902549,https://doi.org/10.1039/d5sc09992g,https://doi.org/10.5281/zenodo.17902549,"Mapping the crystallization landscape of rare earth MOFs: a high-throughput investigation of structure, kinetics, and selectivity","PAIR::ce::terephthalic acid (1,4-bdc)",,"terephthalic acid (1,4-BDC)",,,Aromatic dicarboxylate,Ce,rare-earth nitrate salt(s); hydration not encoded in campaign key,nitrate,,3,EtOH/H2O (fractions not encoded in campaign key),,Acido acetico,2.0,80.0,18.0,,,,,,Automated solvothermal synthesis,Automated vial; exact geometry in source SI,,,,no solid product,,peer_reviewed_high_throughput_literature,Author-assigned HT-PXRD/CV campaign outcome,direct_machine_readable_campaign_key,v13_source_rare_earth_landscape.csv,SOURCE_VERIFIED_SINGLE_CURATION_PASS,False,"Evidence-only: absolute precursor amounts, ligand:metal ratio, and solvent volume are not encoded in the public campaign key.",0,Failed / no solid product,no solid product,Exact author label 'no solid product' -> class 0,False,False,False,Campaign key explicitly reports no solid product.
V13-REHT-0093,MG2-76-09,10.1039/d5sc09992g,10.5281/zenodo.17902549,https://doi.org/10.1039/d5sc09992g,https://doi.org/10.5281/zenodo.17902549,"Mapping the crystallization landscape of rare earth MOFs: a high-throughput investigation of structure, kinetics, and selectivity","PAIR::ce::phthalic acid (1,2-bdc)",,"phthalic acid (1,2-BDC)",,,Aromatic dicarboxylate,Ce,rare-earth nitrate salt(s); hydration not encoded in campaign key,nitrate,,3,EtOH/H2O (fractions not encoded in campaign key),,Acido acetico,2.0,80.0,18.0,,,,,,Automated solvothermal synthesis,Automated vial; exact geometry in source SI,,,,no solid product,,peer_reviewed_high_throughput_literature,Author-assigned HT-PXRD/CV campaign outcome,direct_machine_readable_campaign_key,v13_source_rare_earth_landscape.csv,SOURCE_VERIFIED_SINGLE_CURATION_PASS,False,"Evidence-only: absolute precursor amounts, ligand:metal ratio, and solvent volume are not encoded in the public campaign key.",0,Failed / no solid product,no solid product,Exact author label 'no solid product' -> class 0,False,False,False,Campaign key explicitly reports no solid product.
V13-REHT-0094,MG2-76-10,10.1039/d5sc09992g,10.5281/zenodo.17902549,https://doi.org/10.1039/d5sc09992g,https://doi.org/10.5281/zenodo.17902549,"Mapping the crystallization landscape of rare earth MOFs: a high-throughput investigation of structure, kinetics, and selectivity","PAIR::ce::isophthalic acid (1,3-bdc)",,"isophthalic acid (1,3-BDC)",,,Aromatic dicarboxylate,Ce,rare-earth nitrate salt(s); hydration not encoded in campaign key,nitrate,,3,EtOH/H2O (fractions not encoded in campaign key),,Acido acetico,2.0,80.0,18.0,,,,,,Automated solvothermal synthesis,Automated vial; exact geometry in source SI,,0.059,0.059,no solid product,,peer_reviewed_high_throughput_literature,Author-assigned HT-PXRD/CV campaign outcome,direct_machine_readable_campaign_key,v13_source_rare_earth_landscape.csv,SOURCE_VERIFIED_SINGLE_CURATION_PASS,False,"Evidence-only: absolute precursor amounts, ligand:metal ratio, and solvent volume are not encoded in the public campaign key.",0,Failed / no solid product,no solid product,Exact author label 'no solid product' -> class 0,False,False,False,Campaign key explicitly reports no solid product.
V13-REHT-0099,MG2-76-15,10.1039/d5sc09992g,10.5281/zenodo.17902549,https://doi.org/10.1039/d5sc09992g,https://doi.org/10.5281/zenodo.17902549,"Mapping the crystallization landscape of rare earth MOFs: a high-throughput investigation of structure, kinetics, and selectivity","PAIR::ce::terephthalic acid (1,4-bdc)",,"terephthalic acid (1,4-BDC)",,,Aromatic dicarboxylate,Ce,rare-earth nitrate salt(s); hydration not encoded in campaign key,nitrate,,3,EtOH/H2O (fractions not encoded in campaign key),,Acido acetico,5.0,80.0,18.0,,,,,,Automated solvothermal synthesis,Automated vial; exact geometry in source SI,,,,no solid product,,peer_reviewed_high_throughput_literature,Author-assigned HT-PXRD/CV campaign outcome,direct_machine_readable_campaign_key,v13_source_rare_earth_landscape.csv,SOURCE_VERIFIED_SINGLE_CURATION_PASS,False,"Evidence-only: absolute precursor amounts, ligand:metal ratio, and solvent volume are not encoded in the public campaign key.",0,Failed / no solid product,no solid product,Exact author label 'no solid product' -> class 0,False,False,False,Campaign key explicitly reports no solid product.
V13-REHT-0100,MG2-76-16,10.1039/d5sc09992g,10.5281/zenodo.17902549,https://doi.org/10.1039/d5sc09992g,https://doi.org/10.5281/zenodo.17902549,"Mapping the crystallization landscape of rare earth MOFs: a high-throughput investigation of structure, kinetics, and selectivity","PAIR::ce::phthalic acid (1,2-bdc)",,"phthalic acid (1,2-BDC)",,,Aromatic dicarboxylate,Ce,rare-earth nitrate salt(s); hydration not encoded in campaign key,nitrate,,3,EtOH/H2O (fractions not encoded in campaign key),,Acido acetico,5.0,80.0,18.0,,,,,,Automated solvothermal synthesis,Automated vial; exact geometry in source SI,,,,no solid product,,peer_reviewed_high_throughput_literature,Author-assigned HT-PXRD/CV campaign outcome,direct_machine_readable_campaign_key,v13_source_rare_earth_landscape.csv,SOURCE_VERIFIED_SINGLE_CURATION_PASS,False,"Evidence-only: absolute precursor amounts, ligand:metal ratio, and solvent volume are not encoded in the public campaign key.",0,Failed / no solid product,no solid product,Exact author label 'no solid product' -> class 0,False,False,False,Campaign key explicitly reports no solid product.
V13-REHT-0101,MG2-76-17,10.1039/d5sc09992g,10.5281/zenodo.17902549,https://doi.org/10.1039/d5sc09992g,https://doi.org/10.5281/zenodo.17902549,"Mapping the crystallization landscape of rare earth MOFs: a high-throughput investigation of structure, kinetics, and selectivity","PAIR::ce::isophthalic acid (1,3-bdc)",,"isophthalic acid (1,3-BDC)",,,Aromatic dicarboxylate,Ce,rare-earth nitrate salt(s); hydration not encoded in campaign key,nitrate,,3,EtOH/H2O (fractions not encoded in campaign key),,Acido acetico,5.0,80.0,18.0,,,,,,Automated solvothermal synthesis,Automated vial; exact geometry in source SI,,,,no solid product,,peer_reviewed_high_throughput_literature,Author-assigned HT-PXRD/CV campaign outcome,direct_machine_readable_campaign_key,v13_source_rare_earth_landscape.csv,SOURCE_VERIFIED_SINGLE_CURATION_PASS,False,"Evidence-only: absolute precursor amounts, ligand:metal ratio, and solvent volume are not encoded in the public campaign key.",0,Failed / no solid product,no solid product,Exact author label 'no solid product' -> class 0,False,False,False,Campaign key explicitly reports no solid product.
V13-REHT-0106,MG2-76-22,10.1039/d5sc09992g,10.5281/zenodo.17902549,https://doi.org/10.1039/d5sc09992g,https://doi.org/10.5281/zenodo.17902549,"Mapping the crystallization landscape of rare earth MOFs: a high-throughput investigation of structure, kinetics, and selectivity","PAIR::ce::terephthalic acid (1,4-bdc)",,"terephthalic acid (1,4-BDC)",,,Aromatic dicarboxylate,Ce,rare-earth nitrate salt(s); hydration not encoded in campaign key,nitrate,,3,EtOH/H2O (fractions not encoded in campaign key),,Acido acetico,10.0,80.0,18.0,,,,,,Automated solvothermal synthesis,Automated vial; exact geometry in source SI,19.13,,19.13,no solid product,,peer_reviewed_high_throughput_literature,Author-assigned HT-PXRD/CV campaign outcome,direct_machine_readable_campaign_key,v13_source_rare_earth_landscape.csv,SOURCE_VERIFIED_SINGLE_CURATION_PASS,False,"Evidence-only: absolute precursor amounts, ligand:metal ratio, and solvent volume are not encoded in the public campaign key.",0,Failed / no solid product,no solid product,Exact author label 'no solid product' -> class 0,False,False,False,Campaign key explicitly reports no solid product.
V13-REHT-0107,MG2-76-23,10.1039/d5sc09992g,10.5281/zenodo.17902549,https://doi.org/10.1039/d5sc09992g,https://doi.org/10.5281/zenodo.17902549,"Mapping the crystallization landscape of rare earth MOFs: a high-throughput investigation of structure, kinetics, and selectivity","PAIR::ce::phthalic acid (1,2-bdc)",,"phthalic acid (1,2-BDC)",,,Aromatic dicarboxylate,Ce,rare-earth nitrate salt(s); hydration not encoded in campaign key,nitrate,,3,EtOH/H2O (fractions not encoded in campaign key),,Acido acetico,10.0,80.0,18.0,,,,,,Automated solvothermal synthesis,Automated vial; exact geometry in source SI,19.136,,19.136,no solid product,,peer_reviewed_high_throughput_literature,Author-assigned HT-PXRD/CV campaign outcome,direct_machine_readable_campaign_key,v13_source_rare_earth_landscape.csv,SOURCE_VERIFIED_SINGLE_CURATION_PASS,False,"Evidence-only: absolute precursor amounts, ligand:metal ratio, and solvent volume are not encoded in the public campaign key.",0,Failed / no solid product,no solid product,Exact author label 'no solid product' -> class 0,False,False,False,Campaign key explicitly reports no solid product.
V13-REHT-0108,MG2-76-24,10.1039/d5sc09992g,10.5281/zenodo.17902549,https://doi.org/10.1039/d5sc09992g,https://doi.org/10.5281/zenodo.17902549,"Mapping the crystallization landscape of rare earth MOFs: a high-throughput investigation of structure, kinetics, and selectivity","PAIR::ce::isophthalic acid (1,3-bdc)",,"isophthalic acid (1,3-BDC)",,,Aromatic dicarboxylate,Ce,rare-earth nitrate salt(s); hydration not encoded in campaign key,nitrate,,3,EtOH/H2O (fractions not encoded in campaign key),,Acido acetico,10.0,80.0,18.0,,,,,,Automated solvothermal synthesis,Automated vial; exact geometry in source SI,,,,no solid product,,peer_reviewed_high_throughput_literature,Author-assigned HT-PXRD/CV campaign outcome,direct_machine_readable_campaign_key,v13_source_rare_earth_landscape.csv,SOURCE_VERIFIED_SINGLE_CURATION_PASS,False,"Evidence-only: absolute precursor amounts, ligand:metal ratio, and solvent volume are not encoded in the public campaign key.",0,Failed / no solid product,no solid product,Exact author label 'no solid product' -> class 0,False,False,False,Campaign key explicitly reports no solid product.
V13-REHT-0113,MG2-76-29,10.1039/d5sc09992g,10.5281/zenodo.17902549,https://doi.org/10.1039/d5sc09992g,https://doi.org/10.5281/zenodo.17902549,"Mapping the crystallization landscape of rare earth MOFs: a high-throughput investigation of structure, kinetics, and selectivity","PAIR::pr::terephthalic acid (1,4-bdc)",,"terephthalic acid (1,4-BDC)",,,Aromatic dicarboxylate,Pr,rare-earth nitrate salt(s); hydration not encoded in campaign key,nitrate,,3,EtOH/H2O (fractions not encoded in campaign key),,Nessuno,0.0,80.0,18.0,,,,,,Automated solvothermal synthesis,Automated vial; exact geometry in source SI,6.178,,6.178,no solid product,,peer_reviewed_high_throughput_literature,Author-assigned HT-PXRD/CV campaign outcome,direct_machine_readable_campaign_key,v13_source_rare_earth_landscape.csv,SOURCE_VERIFIED_SINGLE_CURATION_PASS,False,"Evidence-only: absolute precursor amounts, ligand:metal ratio, and solvent volume are not encoded in the public campaign key.",0,Failed / no solid product,no solid product,Exact author label 'no solid product' -> class 0,False,False,False,Campaign key explicitly reports no solid product.
V13-REHT-0114,MG2-76-30,10.1039/d5sc09992g,10.5281/zenodo.17902549,https://doi.org/10.1039/d5sc09992g,https://doi.org/10.5281/zenodo.17902549,"Mapping the crystallization landscape of rare earth MOFs: a high-throughput investigation of structure, kinetics, and selectivity","PAIR::pr::phthalic acid (1,2-bdc)",,"phthalic acid (1,2-BDC)",,,Aromatic dicarboxylate,Pr,rare-earth nitrate salt(s); hydration not encoded in campaign key,nitrate,,3,EtOH/H2O (fractions not encoded in campaign key),,Nessuno,0.0,80.0,18.0,,,,,,Automated solvothermal synthesis,Automated vial; exact geometry in source SI,,19.181,19.181,no solid product,,peer_reviewed_high_throughput_literature,Author-assigned HT-PXRD/CV campaign outcome,direct_machine_readable_campaign_key,v13_source_rare_earth_landscape.csv,SOURCE_VERIFIED_SINGLE_CURATION_PASS,False,"Evidence-only: absolute precursor amounts, ligand:metal ratio, and solvent volume are not encoded in the public campaign key.",0,Failed / no solid product,no solid product,Exact author label 'no solid product' -> class 0,False,False,False,Campaign key explicitly reports no solid product.
V13-REHT-0115,MG2-76-31,10.1039/d5sc09992g,10.5281/zenodo.17902549,https://doi.org/10.1039/d5sc09992g,https://doi.org/10.5281/zenodo.17902549,"Mapping the crystallization landscape of rare earth MOFs: a high-throughput investigation of structure, kinetics, and selectivity","PAIR::pr::isophthalic acid (1,3-bdc)",,"isophthalic acid (1,3-BDC)",,,Aromatic dicarboxylate,Pr,rare-earth nitrate salt(s); hydration not encoded in campaign key,nitrate,,3,EtOH/H2O (fractions not encoded in campaign key),,Nessuno,0.0,80.0,18.0,,,,,,Automated solvothermal synthesis,Automated vial; exact geometry in source SI,,,,no solid product,,peer_reviewed_high_throughput_literature,Author-assigned HT-PXRD/CV campaign outcome,direct_machine_readable_campaign_key,v13_source_rare_earth_landscape.csv,SOURCE_VERIFIED_SINGLE_CURATION_PASS,False,"Evidence-only: absolute precursor amounts, ligand:metal ratio, and solvent volume are not encoded in the public campaign key.",0,Failed / no solid product,no solid product,Exact author label 'no solid product' -> class 0,False,False,False,Campaign key explicitly reports no solid product.
V13-REHT-0120,MG2-76-36,10.1039/d5sc09992g,10.5281/zenodo.17902549,https://doi.org/10.1039/d5sc09992g,https://doi.org/10.5281/zenodo.17902549,"Mapping the crystallization landscape of rare earth MOFs: a high-throughput investigation of structure, kinetics, and selectivity","PAIR::pr::terephthalic acid (1,4-bdc)",,"terephthalic acid (1,4-BDC)",,,Aromatic dicarboxylate,Pr,rare-earth nitrate salt(s); hydration not encoded in campaign key,nitrate,,3,EtOH/H2O (fractions not encoded in campaign key),,Acido acetico,2.0,80.0,18.0,,,,,,Automated solvothermal synthesis,Automated vial; exact geometry in source SI,,,,no solid product,,peer_reviewed_high_throughput_literature,Author-assigned HT-PXRD/CV campaign outcome,direct_machine_readable_campaign_key,v13_source_rare_earth_landscape.csv,SOURCE_VERIFIED_SINGLE_CURATION_PASS,False,"Evidence-only: absolute precursor amounts, ligand:metal ratio, and solvent volume are not encoded in the public campaign key.",0,Failed / no solid product,no solid product,Exact author label 'no solid product' -> class 0,False,False,False,Campaign key explicitly reports no solid product.
V13-REHT-0121,MG2-76-37,10.1039/d5sc09992g,10.5281/zenodo.17902549,https://doi.org/10.1039/d5sc09992g,https://doi.org/10.5281/zenodo.17902549,"Mapping the crystallization landscape of rare earth MOFs: a high-throughput investigation of structure, kinetics, and selectivity","PAIR::pr::phthalic acid (1,2-bdc)",,"phthalic acid (1,2-BDC)",,,Aromatic dicarboxylate,Pr,rare-earth nitrate salt(s); hydration not encoded in campaign key,nitrate,,3,EtOH/H2O (fractions not encoded in campaign key),,Acido acetico,2.0,80.0,18.0,,,,,,Automated solvothermal synthesis,Automated vial; exact geometry in source SI,19.224,,19.224,no solid product,,peer_reviewed_high_throughput_literature,Author-assigned HT-PXRD/CV campaign outcome,direct_machine_readable_campaign_key,v13_source_rare_earth_landscape.csv,SOURCE_VERIFIED_SINGLE_CURATION_PASS,False,"Evidence-only: absolute precursor amounts, ligand:metal ratio, and solvent volume are not encoded in the public campaign key.",0,Failed / no solid product,no solid product,Exact author label 'no solid product' -> class 0,False,False,False,Campaign key explicitly reports no solid product.
V13-REHT-0122,MG2-76-38,10.1039/d5sc09992g,10.5281/zenodo.17902549,https://doi.org/10.1039/d5sc09992g,https://doi.org/10.5281/zenodo.17902549,"Mapping the crystallization landscape of rare earth MOFs: a high-throughput investigation of structure, kinetics, and selectivity","PAIR::pr::isophthalic acid (1,3-bdc)",,"isophthalic acid (1,3-BDC)",,,Aromatic dicarboxylate,Pr,rare-earth nitrate salt(s); hydration not encoded in campaign key,nitrate,,3,EtOH/H2O (fractions not encoded in campaign key),,Acido acetico,2.0,80.0,18.0,,,,,,Automated solvothermal synthesis,Automated vial; exact geometry in source SI,19.232,,19.232,no solid product,,peer_reviewed_high_throughput_literature,Author-assigned HT-PXRD/CV campaign outcome,direct_machine_readable_campaign_key,v13_source_rare_earth_landscape.csv,SOURCE_VERIFIED_SINGLE_CURATION_PASS,False,"Evidence-only: absolute precursor amounts, ligand:metal ratio, and solvent volume are not encoded in the public campaign key.",0,Failed / no solid product,no solid product,Exact author label 'no solid product' -> class 0,False,False,False,Campaign key explicitly reports no solid product.
V13-REHT-0127,MG2-76-43,10.1039/d5sc09992g,10.5281/zenodo.17902549,https://doi.org/10.1039/d5sc09992g,https://doi.org/10.5281/zenodo.17902549,"Mapping the crystallization landscape of rare earth MOFs: a high-throughput investigation of structure, kinetics, and selectivity","PAIR::pr::terephthalic acid (1,4-bdc)",,"terephthalic acid (1,4-BDC)",,,Aromatic dicarboxylate,Pr,rare-earth nitrate salt(s); hydration not encoded in campaign key,nitrate,,3,EtOH/H2O (fractions not encoded in campaign key),,Acido acetico,5.0,80.0,18.0,,,,,,Automated solvothermal synthesis,Automated vial; exact geometry in source SI,19.264,,19.264,no solid product,,peer_reviewed_high_throughput_literature,Author-assigned HT-PXRD/CV campaign outcome,direct_machine_readable_campaign_key,v13_source_rare_earth_landscape.csv,SOURCE_VERIFIED_SINGLE_CURATION_PASS,False,"Evidence-only: absolute precursor amounts, ligand:metal ratio, and solvent volume are not encoded in the public campaign key.",0,Failed / no solid product,no solid product,Exact author label 'no solid product' -> class 0,False,False,False,Campaign key explicitly reports no solid product.
V13-REHT-0128,MG2-76-44,10.1039/d5sc09992g,10.5281/zenodo.17902549,https://doi.org/10.1039/d5sc09992g,https://doi.org/10.5281/zenodo.17902549,"Mapping the crystallization landscape of rare earth MOFs: a high-throughput investigation of structure, kinetics, and selectivity","PAIR::pr::phthalic acid (1,2-bdc)",,"phthalic acid (1,2-BDC)",,,Aromatic dicarboxylate,Pr,rare-earth nitrate salt(s); hydration not encoded in campaign key,nitrate,,3,EtOH/H2O (fractions not encoded in campaign key),,Acido acetico,5.0,80.0,18.0,,,,,,Automated solvothermal synthesis,Automated vial; exact geometry in source SI,19.271,,19.271,no solid product,,peer_reviewed_high_throughput_literature,Author-assigned HT-PXRD/CV campaign outcome,direct_machine_readable_campaign_key,v13_source_rare_earth_landscape.csv,SOURCE_VERIFIED_SINGLE_CURATION_PASS,False,"Evidence-only: absolute precursor amounts, ligand:metal ratio, and solvent volume are not encoded in the public campaign key.",0,Failed / no solid product,no solid product,Exact author label 'no solid product' -> class 0,False,False,False,Campaign key explicitly reports no solid product.
V13-REHT-0129,MG2-76-45,10.1039/d5sc09992g,10.5281/zenodo.17902549,https://doi.org/10.1039/d5sc09992g,https://doi.org/10.5281/zenodo.17902549,"Mapping the crystallization landscape of rare earth MOFs: a high-throughput investigation of structure, kinetics, and selectivity","PAIR::pr::isophthalic acid (1,3-bdc)",,"isophthalic acid (1,3-BDC)",,,Aromatic dicarboxylate,Pr,rare-earth nitrate salt(s); hydration not encoded in campaign key,nitrate,,3,EtOH/H2O (fractions not encoded in campaign key),,Acido acetico,5.0,80.0,18.0,,,,,,Automated solvothermal synthesis,Automated vial; exact geometry in source SI,,,,no solid product,,peer_reviewed_high_throughput_literature,Author-assigned HT-PXRD/CV campaign outcome,direct_machine_readable_campaign_key,v13_source_rare_earth_landscape.csv,SOURCE_VERIFIED_SINGLE_CURATION_PASS,False,"Evidence-only: absolute precursor amounts, ligand:metal ratio, and solvent volume are not encoded in the public campaign key.",0,Failed / no solid product,no solid product,Exact author label 'no solid product' -> class 0,False,False,False,Campaign key explicitly reports no solid product.
V13-REHT-0134,MG2-76-50,10.1039/d5sc09992g,10.5281/zenodo.17902549,https://doi.org/10.1039/d5sc09992g,https://doi.org/10.5281/zenodo.17902549,"Mapping the crystallization landscape of rare earth MOFs: a high-throughput investigation of structure, kinetics, and selectivity","PAIR::pr::terephthalic acid (1,4-bdc)",,"terephthalic acid (1,4-BDC)",,,Aromatic dicarboxylate,Pr,rare-earth nitrate salt(s); hydration not encoded in campaign key,nitrate,,3,EtOH/H2O (fractions not encoded in campaign key),,Acido acetico,10.0,80.0,18.0,,,,,,Automated solvothermal synthesis,Automated vial; exact geometry in source SI,19.31,,19.31,no solid product,,peer_reviewed_high_throughput_literature,Author-assigned HT-PXRD/CV campaign outcome,direct_machine_readable_campaign_key,v13_source_rare_earth_landscape.csv,SOURCE_VERIFIED_SINGLE_CURATION_PASS,False,"Evidence-only: absolute precursor amounts, ligand:metal ratio, and solvent volume are not encoded in the public campaign key.",0,Failed / no solid product,no solid product,Exact author label 'no solid product' -> class 0,False,False,False,Campaign key explicitly reports no solid product.
V13-REHT-0135,MG2-76-51,10.1039/d5sc09992g,10.5281/zenodo.17902549,https://doi.org/10.1039/d5sc09992g,https://doi.org/10.5281/zenodo.17902549,"Mapping the crystallization landscape of rare earth MOFs: a high-throughput investigation of structure, kinetics, and selectivity","PAIR::pr::phthalic acid (1,2-bdc)",,"phthalic acid (1,2-BDC)",,,Aromatic dicarboxylate,Pr,rare-earth nitrate salt(s); hydration not encoded in campaign key,nitrate,,3,EtOH/H2O (fractions not encoded in campaign key),,Acido acetico,10.0,80.0,18.0,,,,,,Automated solvothermal synthesis,Automated vial; exact geometry in source SI,19.316,,19.316,no solid product,,peer_reviewed_high_throughput_literature,Author-assigned HT-PXRD/CV campaign outcome,direct_machine_readable_campaign_key,v13_source_rare_earth_landscape.csv,SOURCE_VERIFIED_SINGLE_CURATION_PASS,False,"Evidence-only: absolute precursor amounts, ligand:metal ratio, and solvent volume are not encoded in the public campaign key.",0,Failed / no solid product,no solid product,Exact author label 'no solid product' -> class 0,False,False,False,Campaign key explicitly reports no solid product.
V13-REHT-0136,MG2-76-52,10.1039/d5sc09992g,10.5281/zenodo.17902549,https://doi.org/10.1039/d5sc09992g,https://doi.org/10.5281/zenodo.17902549,"Mapping the crystallization landscape of rare earth MOFs: a high-throughput investigation of structure, kinetics, and selectivity","PAIR::pr::isophthalic acid (1,3-bdc)",,"isophthalic acid (1,3-BDC)",,,Aromatic dicarboxylate,Pr,rare-earth nitrate salt(s); hydration not encoded in campaign key,nitrate,,3,EtOH/H2O (fractions not encoded in campaign key),,Acido acetico,10.0,80.0,18.0,,,,,,Automated solvothermal synthesis,Automated vial; exact geometry in source SI,19.322,,19.322,no solid product,,peer_reviewed_high_throughput_literature,Author-assigned HT-PXRD/CV campaign outcome,direct_machine_readable_campaign_key,v13_source_rare_earth_landscape.csv,SOURCE_VERIFIED_SINGLE_CURATION_PASS,False,"Evidence-only: absolute precursor amounts, ligand:metal ratio, and solvent volume are not encoded in the public campaign key.",0,Failed / no solid product,no solid product,Exact author label 'no solid product' -> class 0,False,False,False,Campaign key explicitly reports no solid product.
V13-REHT-0141,MG2-76-57,10.1039/d5sc09992g,10.5281/zenodo.17902549,https://doi.org/10.1039/d5sc09992g,https://doi.org/10.5281/zenodo.17902549,"Mapping the crystallization landscape of rare earth MOFs: a high-throughput investigation of structure, kinetics, and selectivity","PAIR::nd::terephthalic acid (1,4-bdc)",,"terephthalic acid (1,4-BDC)",,,Aromatic dicarboxylate,Nd,rare-earth nitrate salt(s); hydration not encoded in campaign key,nitrate,,3,EtOH/H2O (fractions not encoded in campaign key),,Nessuno,0.0,80.0,18.0,,,,,,Automated solvothermal synthesis,Automated vial; exact geometry in source SI,,2.354,2.354,no solid product,,peer_reviewed_high_throughput_literature,Author-assigned HT-PXRD/CV campaign outcome,direct_machine_readable_campaign_key,v13_source_rare_earth_landscape.csv,SOURCE_VERIFIED_SINGLE_CURATION_PASS,False,"Evidence-only: absolute precursor amounts, ligand:metal ratio, and solvent volume are not encoded in the public campaign key.",0,Failed / no solid product,no solid product,Exact author label 'no solid product' -> class 0,False,False,False,Campaign key explicitly reports no solid product.
V13-REHT-0142,MG2-76-58,10.1039/d5sc09992g,10.5281/zenodo.17902549,https://doi.org/10.1039/d5sc09992g,https://doi.org/10.5281/zenodo.17902549,"Mapping the crystallization landscape of rare earth MOFs: a high-throughput investigation of structure, kinetics, and selectivity","PAIR::nd::phthalic acid (1,2-bdc)",,"phthalic acid (1,2-BDC)",,,Aromatic dicarboxylate,Nd,rare-earth nitrate salt(s); hydration not encoded in campaign key,nitrate,,3,EtOH/H2O (fractions not encoded in campaign key),,Nessuno,0.0,80.0,18.0,,,,,,Automated solvothermal synthesis,Automated vial; exact geometry in source SI,,,,no solid product,,peer_reviewed_high_throughput_literature,Author-assigned HT-PXRD/CV campaign outcome,direct_machine_readable_campaign_key,v13_source_rare_earth_landscape.csv,SOURCE_VERIFIED_SINGLE_CURATION_PASS,False,"Evidence-only: absolute precursor amounts, ligand:metal ratio, and solvent volume are not encoded in the public campaign key.",0,Failed / no solid product,no solid product,Exact author label 'no solid product' -> class 0,False,False,False,Campaign key explicitly reports no solid product.
V13-REHT-0143,MG2-76-59,10.1039/d5sc09992g,10.5281/zenodo.17902549,https://doi.org/10.1039/d5sc09992g,https://doi.org/10.5281/zenodo.17902549,"Mapping the crystallization landscape of rare earth MOFs: a high-throughput investigation of structure, kinetics, and selectivity","PAIR::nd::isophthalic acid (1,3-bdc)",,"isophthalic acid (1,3-BDC)",,,Aromatic dicarboxylate,Nd,rare-earth nitrate salt(s); hydration not encoded in campaign key,nitrate,,3,EtOH/H2O (fractions not encoded in campaign key),,Nessuno,0.0,80.0,18.0,,,,,,Automated solvothermal synthesis,Automated vial; exact geometry in source SI,,,,no solid product,,peer_reviewed_high_throughput_literature,Author-assigned HT-PXRD/CV campaign outcome,direct_machine_readable_campaign_key,v13_source_rare_earth_landscape.csv,SOURCE_VERIFIED_SINGLE_CURATION_PASS,False,"Evidence-only: absolute precursor amounts, ligand:metal ratio, and solvent volume are not encoded in the public campaign key.",0,Failed / no solid product,no solid product,Exact author label 'no solid product' -> class 0,False,False,False,Campaign key explicitly reports no solid product.
V13-REHT-0148,MG2-76-64,10.1039/d5sc09992g,10.5281/zenodo.17902549,https://doi.org/10.1039/d5sc09992g,https://doi.org/10.5281/zenodo.17902549,"Mapping the crystallization landscape of rare earth MOFs: a high-throughput investigation of structure, kinetics, and selectivity","PAIR::nd::terephthalic acid (1,4-bdc)",,"terephthalic acid (1,4-BDC)",,,Aromatic dicarboxylate,Nd,rare-earth nitrate salt(s); hydration not encoded in campaign key,nitrate,,3,EtOH/H2O (fractions not encoded in campaign key),,Acido acetico,2.0,80.0,18.0,,,,,,Automated solvothermal synthesis,Automated vial; exact geometry in source SI,,,,no solid product,,peer_reviewed_high_throughput_literature,Author-assigned HT-PXRD/CV campaign outcome,direct_machine_readable_campaign_key,v13_source_rare_earth_landscape.csv,SOURCE_VERIFIED_SINGLE_CURATION_PASS,False,"Evidence-only: absolute precursor amounts, ligand:metal ratio, and solvent volume are not encoded in the public campaign key.",0,Failed / no solid product,no solid product,Exact author label 'no solid product' -> class 0,False,False,False,Campaign key explicitly reports no solid product.
V13-REHT-0149,MG2-76-65,10.1039/d5sc09992g,10.5281/zenodo.17902549,https://doi.org/10.1039/d5sc09992g,https://doi.org/10.5281/zenodo.17902549,"Mapping the crystallization landscape of rare earth MOFs: a high-throughput investigation of structure, kinetics, and selectivity","PAIR::nd::phthalic acid (1,2-bdc)",,"phthalic acid (1,2-BDC)",,,Aromatic dicarboxylate,Nd,rare-earth nitrate salt(s); hydration not encoded in campaign key,nitrate,,3,EtOH/H2O (fractions not encoded in campaign key),,Acido acetico,2.0,80.0,18.0,,,,,,Automated solvothermal synthesis,Automated vial; exact geometry in source SI,,,,no solid product,,peer_reviewed_high_throughput_literature,Author-assigned HT-PXRD/CV campaign outcome,direct_machine_readable_campaign_key,v13_source_rare_earth_landscape.csv,SOURCE_VERIFIED_SINGLE_CURATION_PASS,False,"Evidence-only: absolute precursor amounts, ligand:metal ratio, and solvent volume are not encoded in the public campaign key.",0,Failed / no solid product,no solid product,Exact author label 'no solid product' -> class 0,False,False,False,Campaign key explicitly reports no solid product.
V13-REHT-0150,MG2-76-66,10.1039/d5sc09992g,10.5281/zenodo.17902549,https://doi.org/10.1039/d5sc09992g,https://doi.org/10.5281/zenodo.17902549,"Mapping the crystallization landscape of rare earth MOFs: a high-throughput investigation of structure, kinetics, and selectivity","PAIR::nd::isophthalic acid (1,3-bdc)",,"isophthalic acid (1,3-BDC)",,,Aromatic dicarboxylate,Nd,rare-earth nitrate salt(s); hydration not encoded in campaign key,nitrate,,3,EtOH/H2O (fractions not encoded in campaign key),,Acido acetico,2.0,80.0,18.0,,,,,,Automated solvothermal synthesis,Automated vial; exact geometry in source SI,,,,no solid product,,peer_reviewed_high_throughput_literature,Author-assigned HT-PXRD/CV campaign outcome,direct_machine_readable_campaign_key,v13_source_rare_earth_landscape.csv,SOURCE_VERIFIED_SINGLE_CURATION_PASS,False,"Evidence-only: absolute precursor amounts, ligand:metal ratio, and solvent volume are not encoded in the public campaign key.",0,Failed / no solid product,no solid product,Exact author label 'no solid product' -> class 0,False,False,False,Campaign key explicitly reports no solid product.
V13-REHT-0155,MG2-76-71,10.1039/d5sc09992g,10.5281/zenodo.17902549,https://doi.org/10.1039/d5sc09992g,https://doi.org/10.5281/zenodo.17902549,"Mapping the crystallization landscape of rare earth MOFs: a high-throughput investigation of structure, kinetics, and selectivity","PAIR::nd::terephthalic acid (1,4-bdc)",,"terephthalic acid (1,4-BDC)",,,Aromatic dicarboxylate,Nd,rare-earth nitrate salt(s); hydration not encoded in campaign key,nitrate,,3,EtOH/H2O (fractions not encoded in campaign key),,Acido acetico,5.0,80.0,18.0,,,,,,Automated solvothermal synthesis,Automated vial; exact geometry in source SI,,,,no solid product,,peer_reviewed_high_throughput_literature,Author-assigned HT-PXRD/CV campaign outcome,direct_machine_readable_campaign_key,v13_source_rare_earth_landscape.csv,SOURCE_VERIFIED_SINGLE_CURATION_PASS,False,"Evidence-only: absolute precursor amounts, ligand:metal ratio, and solvent volume are not encoded in the public campaign key.",0,Failed / no solid product,no solid product,Exact author label 'no solid product' -> class 0,False,False,False,Campaign key explicitly reports no solid product.
V13-REHT-0156,MG2-76-72,10.1039/d5sc09992g,10.5281/zenodo.17902549,https://doi.org/10.1039/d5sc09992g,https://doi.org/10.5281/zenodo.17902549,"Mapping the crystallization landscape of rare earth MOFs: a high-throughput investigation of structure, kinetics, and selectivity","PAIR::nd::phthalic acid (1,2-bdc)",,"phthalic acid (1,2-BDC)",,,Aromatic dicarboxylate,Nd,rare-earth nitrate salt(s); hydration not encoded in campaign key,nitrate,,3,EtOH/H2O (fractions not encoded in campaign key),,Acido acetico,5.0,80.0,18.0,,,,,,Automated solvothermal synthesis,Automated vial; exact geometry in source SI,,,,no solid product,,peer_reviewed_high_throughput_literature,Author-assigned HT-PXRD/CV campaign outcome,direct_machine_readable_campaign_key,v13_source_rare_earth_landscape.csv,SOURCE_VERIFIED_SINGLE_CURATION_PASS,False,"Evidence-only: absolute precursor amounts, ligand:metal ratio, and solvent volume are not encoded in the public campaign key.",0,Failed / no solid product,no solid product,Exact author label 'no solid product' -> class 0,False,False,False,Campaign key explicitly reports no solid product.
V13-REHT-0157,MG2-76-73,10.1039/d5sc09992g,10.5281/zenodo.17902549,https://doi.org/10.1039/d5sc09992g,https://doi.org/10.5281/zenodo.17902549,"Mapping the crystallization landscape of rare earth MOFs: a high-throughput investigation of structure, kinetics, and selectivity","PAIR::nd::isophthalic acid (1,3-bdc)",,"isophthalic acid (1,3-BDC)",,,Aromatic dicarboxylate,Nd,rare-earth nitrate salt(s); hydration not encoded in campaign key,nitrate,,3,EtOH/H2O (fractions not encoded in campaign key),,Acido acetico,5.0,80.0,18.0,,,,,,Automated solvothermal synthesis,Automated vial; exact geometry in source SI,,,,no solid product,,peer_reviewed_high_throughput_literature,Author-assigned HT-PXRD/CV campaign outcome,direct_machine_readable_campaign_key,v13_source_rare_earth_landscape.csv,SOURCE_VERIFIED_SINGLE_CURATION_PASS,False,"Evidence-only: absolute precursor amounts, ligand:metal ratio, and solvent volume are not encoded in the public campaign key.",0,Failed / no solid product,no solid product,Exact author label 'no solid product' -> class 0,False,False,False,Campaign key explicitly reports no solid product.
V13-REHT-0162,MG2-76-78,10.1039/d5sc09992g,10.5281/zenodo.17902549,https://doi.org/10.1039/d5sc09992g,https://doi.org/10.5281/zenodo.17902549,"Mapping the crystallization landscape of rare earth MOFs: a high-throughput investigation of structure, kinetics, and selectivity","PAIR::nd::terephthalic acid (1,4-bdc)",,"terephthalic acid (1,4-BDC)",,,Aromatic dicarboxylate,Nd,rare-earth nitrate salt(s); hydration not encoded in campaign key,nitrate,,3,EtOH/H2O (fractions not encoded in campaign key),,Acido acetico,10.0,80.0,18.0,,,,,,Automated solvothermal synthesis,Automated vial; exact geometry in source SI,,,,no solid product,,peer_reviewed_high_throughput_literature,Author-assigned HT-PXRD/CV campaign outcome,direct_machine_readable_campaign_key,v13_source_rare_earth_landscape.csv,SOURCE_VERIFIED_SINGLE_CURATION_PASS,False,"Evidence-only: absolute precursor amounts, ligand:metal ratio, and solvent volume are not encoded in the public campaign key.",0,Failed / no solid product,no solid product,Exact author label 'no solid product' -> class 0,False,False,False,Campaign key explicitly reports no solid product.
V13-REHT-0163,MG2-76-79,10.1039/d5sc09992g,10.5281/zenodo.17902549,https://doi.org/10.1039/d5sc09992g,https://doi.org/10.5281/zenodo.17902549,"Mapping the crystallization landscape of rare earth MOFs: a high-throughput investigation of structure, kinetics, and selectivity","PAIR::nd::phthalic acid (1,2-bdc)",,"phthalic acid (1,2-BDC)",,,Aromatic dicarboxylate,Nd,rare-earth nitrate salt(s); hydration not encoded in campaign key,nitrate,,3,EtOH/H2O (fractions not encoded in campaign key),,Acido acetico,10.0,80.0,18.0,,,,,,Automated solvothermal synthesis,Automated vial; exact geometry in source SI,19.495,1.044,1.044,no solid product,,peer_reviewed_high_throughput_literature,Author-assigned HT-PXRD/CV campaign outcome,direct_machine_readable_campaign_key,v13_source_rare_earth_landscape.csv,SOURCE_VERIFIED_SINGLE_CURATION_PASS,False,"Evidence-only: absolute precursor amounts, ligand:metal ratio, and solvent volume are not encoded in the public campaign key.",0,Failed / no solid product,no solid product,Exact author label 'no solid product' -> class 0,False,False,False,Campaign key explicitly reports no solid product.
V13-REHT-0164,MG2-76-80,10.1039/d5sc09992g,10.5281/zenodo.17902549,https://doi.org/10.1039/d5sc09992g,https://doi.org/10.5281/zenodo.17902549,"Mapping the crystallization landscape of rare earth MOFs: a high-throughput investigation of structure, kinetics, and selectivity","PAIR::nd::isophthalic acid (1,3-bdc)",,"isophthalic acid (1,3-BDC)",,,Aromatic dicarboxylate,Nd,rare-earth nitrate salt(s); hydration not encoded in campaign key,nitrate,,3,EtOH/H2O (fractions not encoded in campaign key),,Acido acetico,10.0,80.0,18.0,,,,,,Automated solvothermal synthesis,Automated vial; exact geometry in source SI,,,,no solid product,,peer_reviewed_high_throughput_literature,Author-assigned HT-PXRD/CV campaign outcome,direct_machine_readable_campaign_key,v13_source_rare_earth_landscape.csv,SOURCE_VERIFIED_SINGLE_CURATION_PASS,False,"Evidence-only: absolute precursor amounts, ligand:metal ratio, and solvent volume are not encoded in the public campaign key.",0,Failed / no solid product,no solid product,Exact author label 'no solid product' -> class 0,False,False,False,Campaign key explicitly reports no solid product.
V13-REHT-0169,MG2-77-01,10.1039/d5sc09992g,10.5281/zenodo.17902549,https://doi.org/10.1039/d5sc09992g,https://doi.org/10.5281/zenodo.17902549,"Mapping the crystallization landscape of rare earth MOFs: a high-throughput investigation of structure, kinetics, and selectivity","PAIR::sm::terephthalic acid (1,4-bdc)",,"terephthalic acid (1,4-BDC)",,,Aromatic dicarboxylate,Sm,rare-earth nitrate salt(s); hydration not encoded in campaign key,nitrate,,3,EtOH/H2O (fractions not encoded in campaign key),,Nessuno,0.0,80.0,18.0,,,,,,Automated solvothermal synthesis,Automated vial; exact geometry in source SI,3.998,1.998,1.998,no solid product,,peer_reviewed_high_throughput_literature,Author-assigned HT-PXRD/CV campaign outcome,direct_machine_readable_campaign_key,v13_source_rare_earth_landscape.csv,SOURCE_VERIFIED_SINGLE_CURATION_PASS,False,"Evidence-only: absolute precursor amounts, ligand:metal ratio, and solvent volume are not encoded in the public campaign key.",0,Failed / no solid product,no solid product,Exact author label 'no solid product' -> class 0,False,False,False,Campaign key explicitly reports no solid product.
V13-REHT-0170,MG2-77-02,10.1039/d5sc09992g,10.5281/zenodo.17902549,https://doi.org/10.1039/d5sc09992g,https://doi.org/10.5281/zenodo.17902549,"Mapping the crystallization landscape of rare earth MOFs: a high-throughput investigation of structure, kinetics, and selectivity","PAIR::sm::phthalic acid (1,2-bdc)",,"phthalic acid (1,2-BDC)",,,Aromatic dicarboxylate,Sm,rare-earth nitrate salt(s); hydration not encoded in campaign key,nitrate,,3,EtOH/H2O (fractions not encoded in campaign key),,Nessuno,0.0,80.0,18.0,,,,,,Automated solvothermal synthesis,Automated vial; exact geometry in source SI,19.004,,19.004,no solid product,,peer_reviewed_high_throughput_literature,Author-assigned HT-PXRD/CV campaign outcome,direct_machine_readable_campaign_key,v13_source_rare_earth_landscape.csv,SOURCE_VERIFIED_SINGLE_CURATION_PASS,False,"Evidence-only: absolute precursor amounts, ligand:metal ratio, and solvent volume are not encoded in the public campaign key.",0,Failed / no solid product,no solid product,Exact author label 'no solid product' -> class 0,False,False,False,Campaign key explicitly reports no solid product.
V13-REHT-0171,MG2-77-03,10.1039/d5sc09992g,10.5281/zenodo.17902549,https://doi.org/10.1039/d5sc09992g,https://doi.org/10.5281/zenodo.17902549,"Mapping the crystallization landscape of rare earth MOFs: a high-throughput investigation of structure, kinetics, and selectivity","PAIR::sm::isophthalic acid (1,3-bdc)",,"isophthalic acid (1,3-BDC)",,,Aromatic dicarboxylate,Sm,rare-earth nitrate salt(s); hydration not encoded in campaign key,nitrate,,3,EtOH/H2O (fractions not encoded in campaign key),,Nessuno,0.0,80.0,18.0,,,,,,Automated solvothermal synthesis,Automated vial; exact geometry in source SI,,,,no solid product,,peer_reviewed_high_throughput_literature,Author-assigned HT-PXRD/CV campaign outcome,direct_machine_readable_campaign_key,v13_source_rare_earth_landscape.csv,SOURCE_VERIFIED_SINGLE_CURATION_PASS,False,"Evidence-only: absolute precursor amounts, ligand:metal ratio, and solvent volume are not encoded in the public campaign key.",0,Failed / no solid product,no solid product,Exact author label 'no solid product' -> class 0,False,False,False,Campaign key explicitly reports no solid product.
V13-REHT-0176,MG2-77-08,10.1039/d5sc09992g,10.5281/zenodo.17902549,https://doi.org/10.1039/d5sc09992g,https://doi.org/10.5281/zenodo.17902549,"Mapping the crystallization landscape of rare earth MOFs: a high-throughput investigation of structure, kinetics, and selectivity","PAIR::sm::terephthalic acid (1,4-bdc)",,"terephthalic acid (1,4-BDC)",,,Aromatic dicarboxylate,Sm,rare-earth nitrate salt(s); hydration not encoded in campaign key,nitrate,,3,EtOH/H2O (fractions not encoded in campaign key),,Acido acetico,2.0,80.0,18.0,,,,,,Automated solvothermal synthesis,Automated vial; exact geometry in source SI,,,,no solid product,,peer_reviewed_high_throughput_literature,Author-assigned HT-PXRD/CV campaign outcome,direct_machine_readable_campaign_key,v13_source_rare_earth_landscape.csv,SOURCE_VERIFIED_SINGLE_CURATION_PASS,False,"Evidence-only: absolute precursor amounts, ligand:metal ratio, and solvent volume are not encoded in the public campaign key.",0,Failed / no solid product,no solid product,Exact author label 'no solid product' -> class 0,False,False,False,Campaign key explicitly reports no solid product.
V13-REHT-0177,MG2-77-09,10.1039/d5sc09992g,10.5281/zenodo.17902549,https://doi.org/10.1039/d5sc09992g,https://doi.org/10.5281/zenodo.17902549,"Mapping the crystallization landscape of rare earth MOFs: a high-throughput investigation of structure, kinetics, and selectivity","PAIR::sm::phthalic acid (1,2-bdc)",,"phthalic acid (1,2-BDC)",,,Aromatic dicarboxylate,Sm,rare-earth nitrate salt(s); hydration not encoded in campaign key,nitrate,,3,EtOH/H2O (fractions not encoded in campaign key),,Acido acetico,2.0,80.0,18.0,,,,,,Automated solvothermal synthesis,Automated vial; exact geometry in source SI,,,,no solid product,,peer_reviewed_high_throughput_literature,Author-assigned HT-PXRD/CV campaign outcome,direct_machine_readable_campaign_key,v13_source_rare_earth_landscape.csv,SOURCE_VERIFIED_SINGLE_CURATION_PASS,False,"Evidence-only: absolute precursor amounts, ligand:metal ratio, and solvent volume are not encoded in the public campaign key.",0,Failed / no solid product,no solid product,Exact author label 'no solid product' -> class 0,False,False,False,Campaign key explicitly reports no solid product.
V13-REHT-0178,MG2-77-10,10.1039/d5sc09992g,10.5281/zenodo.17902549,https://doi.org/10.1039/d5sc09992g,https://doi.org/10.5281/zenodo.17902549,"Mapping the crystallization landscape of rare earth MOFs: a high-throughput investigation of structure, kinetics, and selectivity","PAIR::sm::isophthalic acid (1,3-bdc)",,"isophthalic acid (1,3-BDC)",,,Aromatic dicarboxylate,Sm,rare-earth nitrate salt(s); hydration not encoded in campaign key,nitrate,,3,EtOH/H2O (fractions not encoded in campaign key),,Acido acetico,2.0,80.0,18.0,,,,,,Automated solvothermal synthesis,Automated vial; exact geometry in source SI,,,,no solid product,,peer_reviewed_high_throughput_literature,Author-assigned HT-PXRD/CV campaign outcome,direct_machine_readable_campaign_key,v13_source_rare_earth_landscape.csv,SOURCE_VERIFIED_SINGLE_CURATION_PASS,False,"Evidence-only: absolute precursor amounts, ligand:metal ratio, and solvent volume are not encoded in the public campaign key.",0,Failed / no solid product,no solid product,Exact author label 'no solid product' -> class 0,False,False,False,Campaign key explicitly reports no solid product.
V13-REHT-0183,MG2-77-15,10.1039/d5sc09992g,10.5281/zenodo.17902549,https://doi.org/10.1039/d5sc09992g,https://doi.org/10.5281/zenodo.17902549,"Mapping the crystallization landscape of rare earth MOFs: a high-throughput investigation of structure, kinetics, and selectivity","PAIR::sm::terephthalic acid (1,4-bdc)",,"terephthalic acid (1,4-BDC)",,,Aromatic dicarboxylate,Sm,rare-earth nitrate salt(s); hydration not encoded in campaign key,nitrate,,3,EtOH/H2O (fractions not encoded in campaign key),,Acido acetico,5.0,80.0,18.0,,,,,,Automated solvothermal synthesis,Automated vial; exact geometry in source SI,19.088,,19.088,no solid product,,peer_reviewed_high_throughput_literature,Author-assigned HT-PXRD/CV campaign outcome,direct_machine_readable_campaign_key,v13_source_rare_earth_landscape.csv,SOURCE_VERIFIED_SINGLE_CURATION_PASS,False,"Evidence-only: absolute precursor amounts, ligand:metal ratio, and solvent volume are not encoded in the public campaign key.",0,Failed / no solid product,no solid product,Exact author label 'no solid product' -> class 0,False,False,False,Campaign key explicitly reports no solid product.
V13-REHT-0184,MG2-77-16,10.1039/d5sc09992g,10.5281/zenodo.17902549,https://doi.org/10.1039/d5sc09992g,https://doi.org/10.5281/zenodo.17902549,"Mapping the crystallization landscape of rare earth MOFs: a high-throughput investigation of structure, kinetics, and selectivity","PAIR::sm::phthalic acid (1,2-bdc)",,"phthalic acid (1,2-BDC)",,,Aromatic dicarboxylate,Sm,rare-earth nitrate salt(s); hydration not encoded in campaign key,nitrate,,3,EtOH/H2O (fractions not encoded in campaign key),,Acido acetico,5.0,80.0,18.0,,,,,,Automated solvothermal synthesis,Automated vial; exact geometry in source SI,19.094,,19.094,no solid product,,peer_reviewed_high_throughput_literature,Author-assigned HT-PXRD/CV campaign outcome,direct_machine_readable_campaign_key,v13_source_rare_earth_landscape.csv,SOURCE_VERIFIED_SINGLE_CURATION_PASS,False,"Evidence-only: absolute precursor amounts, ligand:metal ratio, and solvent volume are not encoded in the public campaign key.",0,Failed / no solid product,no solid product,Exact author label 'no solid product' -> class 0,False,False,False,Campaign key explicitly reports no solid product.
V13-REHT-0185,MG2-77-17,10.1039/d5sc09992g,10.5281/zenodo.17902549,https://doi.org/10.1039/d5sc09992g,https://doi.org/10.5281/zenodo.17902549,"Mapping the crystallization landscape of rare earth MOFs: a high-throughput investigation of structure, kinetics, and selectivity","PAIR::sm::isophthalic acid (1,3-bdc)",,"isophthalic acid (1,3-BDC)",,,Aromatic dicarboxylate,Sm,rare-earth nitrate salt(s); hydration not encoded in campaign key,nitrate,,3,EtOH/H2O (fractions not encoded in campaign key),,Acido acetico,5.0,80.0,18.0,,,,,,Automated solvothermal synthesis,Automated vial; exact geometry in source SI,,,,no solid product,,peer_reviewed_high_throughput_literature,Author-assigned HT-PXRD/CV campaign outcome,direct_machine_readable_campaign_key,v13_source_rare_earth_landscape.csv,SOURCE_VERIFIED_SINGLE_CURATION_PASS,False,"Evidence-only: absolute precursor amounts, ligand:metal ratio, and solvent volume are not encoded in the public campaign key.",0,Failed / no solid product,no solid product,Exact author label 'no solid product' -> class 0,False,False,False,Campaign key explicitly reports no solid product.
V13-REHT-0190,MG2-77-22,10.1039/d5sc09992g,10.5281/zenodo.17902549,https://doi.org/10.1039/d5sc09992g,https://doi.org/10.5281/zenodo.17902549,"Mapping the crystallization landscape of rare earth MOFs: a high-throughput investigation of structure, kinetics, and selectivity","PAIR::sm::terephthalic acid (1,4-bdc)",,"terephthalic acid (1,4-BDC)",,,Aromatic dicarboxylate,Sm,rare-earth nitrate salt(s); hydration not encoded in campaign key,nitrate,,3,EtOH/H2O (fractions not encoded in campaign key),,Acido acetico,10.0,80.0,18.0,,,,,,Automated solvothermal synthesis,Automated vial; exact geometry in source SI,19.133,,19.133,no solid product,,peer_reviewed_high_throughput_literature,Author-assigned HT-PXRD/CV campaign outcome,direct_machine_readable_campaign_key,v13_source_rare_earth_landscape.csv,SOURCE_VERIFIED_SINGLE_CURATION_PASS,False,"Evidence-only: absolute precursor amounts, ligand:metal ratio, and solvent volume are not encoded in the public campaign key.",0,Failed / no solid product,no solid product,Exact author label 'no solid product' -> class 0,False,False,False,Campaign key explicitly reports no solid product.
V13-REHT-0191,MG2-77-23,10.1039/d5sc09992g,10.5281/zenodo.17902549,https://doi.org/10.1039/d5sc09992g,https://doi.org/10.5281/zenodo.17902549,"Mapping the crystallization landscape of rare earth MOFs: a high-throughput investigation of structure, kinetics, and selectivity","PAIR::sm::phthalic acid (1,2-bdc)",,"phthalic acid (1,2-BDC)",,,Aromatic dicarboxylate,Sm,rare-earth nitrate salt(s); hydration not encoded in campaign key,nitrate,,3,EtOH/H2O (fractions not encoded in campaign key),,Acido acetico,10.0,80.0,18.0,,,,,,Automated solvothermal synthesis,Automated vial; exact geometry in source SI,19.139,0.141,0.141,no solid product,,peer_reviewed_high_throughput_literature,Author-assigned HT-PXRD/CV campaign outcome,direct_machine_readable_campaign_key,v13_source_rare_earth_landscape.csv,SOURCE_VERIFIED_SINGLE_CURATION_PASS,False,"Evidence-only: absolute precursor amounts, ligand:metal ratio, and solvent volume are not encoded in the public campaign key.",0,Failed / no solid product,no solid product,Exact author label 'no solid product' -> class 0,False,False,False,Campaign key explicitly reports no solid product.
V13-REHT-0192,MG2-77-24,10.1039/d5sc09992g,10.5281/zenodo.17902549,https://doi.org/10.1039/d5sc09992g,https://doi.org/10.5281/zenodo.17902549,"Mapping the crystallization landscape of rare earth MOFs: a high-throughput investigation of structure, kinetics, and selectivity","PAIR::sm::isophthalic acid (1,3-bdc)",,"isophthalic acid (1,3-BDC)",,,Aromatic dicarboxylate,Sm,rare-earth nitrate salt(s); hydration not encoded in campaign key,nitrate,,3,EtOH/H2O (fractions not encoded in campaign key),,Acido acetico,10.0,80.0,18.0,,,,,,Automated solvothermal synthesis,Automated vial; exact geometry in source SI,19.145,,19.145,no solid product,,peer_reviewed_high_throughput_literature,Author-assigned HT-PXRD/CV campaign outcome,direct_machine_readable_campaign_key,v13_source_rare_earth_landscape.csv,SOURCE_VERIFIED_SINGLE_CURATION_PASS,False,"Evidence-only: absolute precursor amounts, ligand:metal ratio, and solvent volume are not encoded in the public campaign key.",0,Failed / no solid product,no solid product,Exact author label 'no solid product' -> class 0,False,False,False,Campaign key explicitly reports no solid product.
V13-REHT-0197,MG2-77-29,10.1039/d5sc09992g,10.5281/zenodo.17902549,https://doi.org/10.1039/d5sc09992g,https://doi.org/10.5281/zenodo.17902549,"Mapping the crystallization landscape of rare earth MOFs: a high-throughput investigation of structure, kinetics, and selectivity","PAIR::eu::terephthalic acid (1,4-bdc)",,"terephthalic acid (1,4-BDC)",,,Aromatic dicarboxylate,Eu,rare-earth nitrate salt(s); hydration not encoded in campaign key,nitrate,,3,EtOH/H2O (fractions not encoded in campaign key),,Nessuno,0.0,80.0,18.0,,,,,,Automated solvothermal synthesis,Automated vial; exact geometry in source SI,,,,no solid product,,peer_reviewed_high_throughput_literature,Author-assigned HT-PXRD/CV campaign outcome,direct_machine_readable_campaign_key,v13_source_rare_earth_landscape.csv,SOURCE_VERIFIED_SINGLE_CURATION_PASS,False,"Evidence-only: absolute precursor amounts, ligand:metal ratio, and solvent volume are not encoded in the public campaign key.",0,Failed / no solid product,no solid product,Exact author label 'no solid product' -> class 0,False,False,False,Campaign key explicitly reports no solid product.
V13-REHT-0198,MG2-77-30,10.1039/d5sc09992g,10.5281/zenodo.17902549,https://doi.org/10.1039/d5sc09992g,https://doi.org/10.5281/zenodo.17902549,"Mapping the crystallization landscape of rare earth MOFs: a high-throughput investigation of structure, kinetics, and selectivity","PAIR::eu::phthalic acid (1,2-bdc)",,"phthalic acid (1,2-BDC)",,,Aromatic dicarboxylate,Eu,rare-earth nitrate salt(s); hydration not encoded in campaign key,nitrate,,3,EtOH/H2O (fractions not encoded in campaign key),,Nessuno,0.0,80.0,18.0,,,,,,Automated solvothermal synthesis,Automated vial; exact geometry in source SI,,,,no solid product,,peer_reviewed_high_throughput_literature,Author-assigned HT-PXRD/CV campaign outcome,direct_machine_readable_campaign_key,v13_source_rare_earth_landscape.csv,SOURCE_VERIFIED_SINGLE_CURATION_PASS,False,"Evidence-only: absolute precursor amounts, ligand:metal ratio, and solvent volume are not encoded in the public campaign key.",0,Failed / no solid product,no solid product,Exact author label 'no solid product' -> class 0,False,False,False,Campaign key explicitly reports no solid product.
V13-REHT-0199,MG2-77-31,10.1039/d5sc09992g,10.5281/zenodo.17902549,https://doi.org/10.1039/d5sc09992g,https://doi.org/10.5281/zenodo.17902549,"Mapping the crystallization landscape of rare earth MOFs: a high-throughput investigation of structure, kinetics, and selectivity","PAIR::eu::isophthalic acid (1,3-bdc)",,"isophthalic acid (1,3-BDC)",,,Aromatic dicarboxylate,Eu,rare-earth nitrate salt(s); hydration not encoded in campaign key,nitrate,,3,EtOH/H2O (fractions not encoded in campaign key),,Nessuno,0.0,80.0,18.0,,,,,,Automated solvothermal synthesis,Automated vial; exact geometry in source SI,19.19,,19.19,no solid product,,peer_reviewed_high_throughput_literature,Author-assigned HT-PXRD/CV campaign outcome,direct_machine_readable_campaign_key,v13_source_rare_earth_landscape.csv,SOURCE_VERIFIED_SINGLE_CURATION_PASS,False,"Evidence-only: absolute precursor amounts, ligand:metal ratio, and solvent volume are not encoded in the public campaign key.",0,Failed / no solid product,no solid product,Exact author label 'no solid product' -> class 0,False,False,False,Campaign key explicitly reports no solid product.
V13-REHT-0204,MG2-77-36,10.1039/d5sc09992g,10.5281/zenodo.17902549,https://doi.org/10.1039/d5sc09992g,https://doi.org/10.5281/zenodo.17902549,"Mapping the crystallization landscape of rare earth MOFs: a high-throughput investigation of structure, kinetics, and selectivity","PAIR::eu::terephthalic acid (1,4-bdc)",,"terephthalic acid (1,4-BDC)",,,Aromatic dicarboxylate,Eu,rare-earth nitrate salt(s); hydration not encoded in campaign key,nitrate,,3,EtOH/H2O (fractions not encoded in campaign key),,Acido acetico,2.0,80.0,18.0,,,,,,Automated solvothermal synthesis,Automated vial; exact geometry in source SI,,,,no solid product,,peer_reviewed_high_throughput_literature,Author-assigned HT-PXRD/CV campaign outcome,direct_machine_readable_campaign_key,v13_source_rare_earth_landscape.csv,SOURCE_VERIFIED_SINGLE_CURATION_PASS,False,"Evidence-only: absolute precursor amounts, ligand:metal ratio, and solvent volume are not encoded in the public campaign key.",0,Failed / no solid product,no solid product,Exact author label 'no solid product' -> class 0,False,False,False,Campaign key explicitly reports no solid product.
V13-REHT-0205,MG2-77-37,10.1039/d5sc09992g,10.5281/zenodo.17902549,https://doi.org/10.1039/d5sc09992g,https://doi.org/10.5281/zenodo.17902549,"Mapping the crystallization landscape of rare earth MOFs: a high-throughput investigation of structure, kinetics, and selectivity","PAIR::eu::phthalic acid (1,2-bdc)",,"phthalic acid (1,2-BDC)",,,Aromatic dicarboxylate,Eu,rare-earth nitrate salt(s); hydration not encoded in campaign key,nitrate,,3,EtOH/H2O (fractions not encoded in campaign key),,Acido acetico,2.0,80.0,18.0,,,,,,Automated solvothermal synthesis,Automated vial; exact geometry in source SI,,,,no solid product,,peer_reviewed_high_throughput_literature,Author-assigned HT-PXRD/CV campaign outcome,direct_machine_readable_campaign_key,v13_source_rare_earth_landscape.csv,SOURCE_VERIFIED_SINGLE_CURATION_PASS,False,"Evidence-only: absolute precursor amounts, ligand:metal ratio, and solvent volume are not encoded in the public campaign key.",0,Failed / no solid product,no solid product,Exact author label 'no solid product' -> class 0,False,False,False,Campaign key explicitly reports no solid product.
V13-REHT-0206,MG2-77-38,10.1039/d5sc09992g,10.5281/zenodo.17902549,https://doi.org/10.1039/d5sc09992g,https://doi.org/10.5281/zenodo.17902549,"Mapping the crystallization landscape of rare earth MOFs: a high-throughput investigation of structure, kinetics, and selectivity","PAIR::eu::isophthalic acid (1,3-bdc)",,"isophthalic acid (1,3-BDC)",,,Aromatic dicarboxylate,Eu,rare-earth nitrate salt(s); hydration not encoded in campaign key,nitrate,,3,EtOH/H2O (fractions not encoded in campaign key),,Acido acetico,2.0,80.0,18.0,,,,,,Automated solvothermal synthesis,Automated vial; exact geometry in source SI,,,,no solid product,,peer_reviewed_high_throughput_literature,Author-assigned HT-PXRD/CV campaign outcome,direct_machine_readable_campaign_key,v13_source_rare_earth_landscape.csv,SOURCE_VERIFIED_SINGLE_CURATION_PASS,False,"Evidence-only: absolute precursor amounts, ligand:metal ratio, and solvent volume are not encoded in the public campaign key.",0,Failed / no solid product,no solid product,Exact author label 'no solid product' -> class 0,False,False,False,Campaign key explicitly reports no solid product.
V13-REHT-0211,MG2-77-43,10.1039/d5sc09992g,10.5281/zenodo.17902549,https://doi.org/10.1039/d5sc09992g,https://doi.org/10.5281/zenodo.17902549,"Mapping the crystallization landscape of rare earth MOFs: a high-throughput investigation of structure, kinetics, and selectivity","PAIR::eu::terephthalic acid (1,4-bdc)",,"terephthalic acid (1,4-BDC)",,,Aromatic dicarboxylate,Eu,rare-earth nitrate salt(s); hydration not encoded in campaign key,nitrate,,3,EtOH/H2O (fractions not encoded in campaign key),,Acido acetico,5.0,80.0,18.0,,,,,,Automated solvothermal synthesis,Automated vial; exact geometry in source SI,,,,no solid product,,peer_reviewed_high_throughput_literature,Author-assigned HT-PXRD/CV campaign outcome,direct_machine_readable_campaign_key,v13_source_rare_earth_landscape.csv,SOURCE_VERIFIED_SINGLE_CURATION_PASS,False,"Evidence-only: absolute precursor amounts, ligand:metal ratio, and solvent volume are not encoded in the public campaign key.",0,Failed / no solid product,no solid product,Exact author label 'no solid product' -> class 0,False,False,False,Campaign key explicitly reports no solid product.
V13-REHT-0212,MG2-77-44,10.1039/d5sc09992g,10.5281/zenodo.17902549,https://doi.org/10.1039/d5sc09992g,https://doi.org/10.5281/zenodo.17902549,"Mapping the crystallization landscape of rare earth MOFs: a high-throughput investigation of structure, kinetics, and selectivity","PAIR::eu::phthalic acid (1,2-bdc)",,"phthalic acid (1,2-BDC)",,,Aromatic dicarboxylate,Eu,rare-earth nitrate salt(s); hydration not encoded in campaign key,nitrate,,3,EtOH/H2O (fractions not encoded in campaign key),,Acido acetico,5.0,80.0,18.0,,,,,,Automated solvothermal synthesis,Automated vial; exact geometry in source SI,19.273,,19.273,no solid product,,peer_reviewed_high_throughput_literature,Author-assigned HT-PXRD/CV campaign outcome,direct_machine_readable_campaign_key,v13_source_rare_earth_landscape.csv,SOURCE_VERIFIED_SINGLE_CURATION_PASS,False,"Evidence-only: absolute precursor amounts, ligand:metal ratio, and solvent volume are not encoded in the public campaign key.",0,Failed / no solid product,no solid product,Exact author label 'no solid product' -> class 0,False,False,False,Campaign key explicitly reports no solid product.
V13-REHT-0213,MG2-77-45,10.1039/d5sc09992g,10.5281/zenodo.17902549,https://doi.org/10.1039/d5sc09992g,https://doi.org/10.5281/zenodo.17902549,"Mapping the crystallization landscape of rare earth MOFs: a high-throughput investigation of structure, kinetics, and selectivity","PAIR::eu::isophthalic acid (1,3-bdc)",,"isophthalic acid (1,3-BDC)",,,Aromatic dicarboxylate,Eu,rare-earth nitrate salt(s); hydration not encoded in campaign key,nitrate,,3,EtOH/H2O (fractions not encoded in campaign key),,Acido acetico,5.0,80.0,18.0,,,,,,Automated solvothermal synthesis,Automated vial; exact geometry in source SI,19.279,,19.279,no solid product,,peer_reviewed_high_throughput_literature,Author-assigned HT-PXRD/CV campaign outcome,direct_machine_readable_campaign_key,v13_source_rare_earth_landscape.csv,SOURCE_VERIFIED_SINGLE_CURATION_PASS,False,"Evidence-only: absolute precursor amounts, ligand:metal ratio, and solvent volume are not encoded in the public campaign key.",0,Failed / no solid product,no solid product,Exact author label 'no solid product' -> class 0,False,False,False,Campaign key explicitly reports no solid product.
V13-REHT-0218,MG2-77-50,10.1039/d5sc09992g,10.5281/zenodo.17902549,https://doi.org/10.1039/d5sc09992g,https://doi.org/10.5281/zenodo.17902549,"Mapping the crystallization landscape of rare earth MOFs: a high-throughput investigation of structure, kinetics, and selectivity","PAIR::eu::terephthalic acid (1,4-bdc)",,"terephthalic acid (1,4-BDC)",,,Aromatic dicarboxylate,Eu,rare-earth nitrate salt(s); hydration not encoded in campaign key,nitrate,,3,EtOH/H2O (fractions not encoded in campaign key),,Acido acetico,10.0,80.0,18.0,,,,,,Automated solvothermal synthesis,Automated vial; exact geometry in source SI,19.311,,19.311,no solid product,,peer_reviewed_high_throughput_literature,Author-assigned HT-PXRD/CV campaign outcome,direct_machine_readable_campaign_key,v13_source_rare_earth_landscape.csv,SOURCE_VERIFIED_SINGLE_CURATION_PASS,False,"Evidence-only: absolute precursor amounts, ligand:metal ratio, and solvent volume are not encoded in the public campaign key.",0,Failed / no solid product,no solid product,Exact author label 'no solid product' -> class 0,False,False,False,Campaign key explicitly reports no solid product.
V13-REHT-0219,MG2-77-51,10.1039/d5sc09992g,10.5281/zenodo.17902549,https://doi.org/10.1039/d5sc09992g,https://doi.org/10.5281/zenodo.17902549,"Mapping the crystallization landscape of rare earth MOFs: a high-throughput investigation of structure, kinetics, and selectivity","PAIR::eu::phthalic acid (1,2-bdc)",,"phthalic acid (1,2-BDC)",,,Aromatic dicarboxylate,Eu,rare-earth nitrate salt(s); hydration not encoded in campaign key,nitrate,,3,EtOH/H2O (fractions not encoded in campaign key),,Acido acetico,10.0,80.0,18.0,,,,,,Automated solvothermal synthesis,Automated vial; exact geometry in source SI,19.318,,19.318,no solid product,,peer_reviewed_high_throughput_literature,Author-assigned HT-PXRD/CV campaign outcome,direct_machine_readable_campaign_key,v13_source_rare_earth_landscape.csv,SOURCE_VERIFIED_SINGLE_CURATION_PASS,False,"Evidence-only: absolute precursor amounts, ligand:metal ratio, and solvent volume are not encoded in the public campaign key.",0,Failed / no solid product,no solid product,Exact author label 'no solid product' -> class 0,False,False,False,Campaign key explicitly reports no solid product.
V13-REHT-0220,MG2-77-52,10.1039/d5sc09992g,10.5281/zenodo.17902549,https://doi.org/10.1039/d5sc09992g,https://doi.org/10.5281/zenodo.17902549,"Mapping the crystallization landscape of rare earth MOFs: a high-throughput investigation of structure, kinetics, and selectivity","PAIR::eu::isophthalic acid (1,3-bdc)",,"isophthalic acid (1,3-BDC)",,,Aromatic dicarboxylate,Eu,rare-earth nitrate salt(s); hydration not encoded in campaign key,nitrate,,3,EtOH/H2O (fractions not encoded in campaign key),,Acido acetico,10.0,80.0,18.0,,,,,,Automated solvothermal synthesis,Automated vial; exact geometry in source SI,19.324,,19.324,no solid product,,peer_reviewed_high_throughput_literature,Author-assigned HT-PXRD/CV campaign outcome,direct_machine_readable_campaign_key,v13_source_rare_earth_landscape.csv,SOURCE_VERIFIED_SINGLE_CURATION_PASS,False,"Evidence-only: absolute precursor amounts, ligand:metal ratio, and solvent volume are not encoded in the public campaign key.",0,Failed / no solid product,no solid product,Exact author label 'no solid product' -> class 0,False,False,False,Campaign key explicitly reports no solid product.
V13-REHT-0225,MG2-77-57,10.1039/d5sc09992g,10.5281/zenodo.17902549,https://doi.org/10.1039/d5sc09992g,https://doi.org/10.5281/zenodo.17902549,"Mapping the crystallization landscape of rare earth MOFs: a high-throughput investigation of structure, kinetics, and selectivity","PAIR::gd::terephthalic acid (1,4-bdc)",,"terephthalic acid (1,4-BDC)",,,Aromatic dicarboxylate,Gd,rare-earth nitrate salt(s); hydration not encoded in campaign key,nitrate,,3,EtOH/H2O (fractions not encoded in campaign key),,Nessuno,0.0,80.0,18.0,,,,,,Automated solvothermal synthesis,Automated vial; exact geometry in source SI,19.356,19.356,19.356,no solid product,,peer_reviewed_high_throughput_literature,Author-assigned HT-PXRD/CV campaign outcome,direct_machine_readable_campaign_key,v13_source_rare_earth_landscape.csv,SOURCE_VERIFIED_SINGLE_CURATION_PASS,False,"Evidence-only: absolute precursor amounts, ligand:metal ratio, and solvent volume are not encoded in the public campaign key.",0,Failed / no solid product,no solid product,Exact author label 'no solid product' -> class 0,False,False,False,Campaign key explicitly reports no solid product.
V13-REHT-0226,MG2-77-58,10.1039/d5sc09992g,10.5281/zenodo.17902549,https://doi.org/10.1039/d5sc09992g,https://doi.org/10.5281/zenodo.17902549,"Mapping the crystallization landscape of rare earth MOFs: a high-throughput investigation of structure, kinetics, and selectivity","PAIR::gd::phthalic acid (1,2-bdc)",,"phthalic acid (1,2-BDC)",,,Aromatic dicarboxylate,Gd,rare-earth nitrate salt(s); hydration not encoded in campaign key,nitrate,,3,EtOH/H2O (fractions not encoded in campaign key),,Nessuno,0.0,80.0,18.0,,,,,,Automated solvothermal synthesis,Automated vial; exact geometry in source SI,,,,no solid product,,peer_reviewed_high_throughput_literature,Author-assigned HT-PXRD/CV campaign outcome,direct_machine_readable_campaign_key,v13_source_rare_earth_landscape.csv,SOURCE_VERIFIED_SINGLE_CURATION_PASS,False,"Evidence-only: absolute precursor amounts, ligand:metal ratio, and solvent volume are not encoded in the public campaign key.",0,Failed / no solid product,no solid product,Exact author label 'no solid product' -> class 0,False,False,False,Campaign key explicitly reports no solid product.
V13-REHT-0227,MG2-77-59,10.1039/d5sc09992g,10.5281/zenodo.17902549,https://doi.org/10.1039/d5sc09992g,https://doi.org/10.5281/zenodo.17902549,"Mapping the crystallization landscape of rare earth MOFs: a high-throughput investigation of structure, kinetics, and selectivity","PAIR::gd::isophthalic acid (1,3-bdc)",,"isophthalic acid (1,3-BDC)",,,Aromatic dicarboxylate,Gd,rare-earth nitrate salt(s); hydration not encoded in campaign key,nitrate,,3,EtOH/H2O (fractions not encoded in campaign key),,Nessuno,0.0,80.0,18.0,,,,,,Automated solvothermal synthesis,Automated vial; exact geometry in source SI,,,,no solid product,,peer_reviewed_high_throughput_literature,Author-assigned HT-PXRD/CV campaign outcome,direct_machine_readable_campaign_key,v13_source_rare_earth_landscape.csv,SOURCE_VERIFIED_SINGLE_CURATION_PASS,False,"Evidence-only: absolute precursor amounts, ligand:metal ratio, and solvent volume are not encoded in the public campaign key.",0,Failed / no solid product,no solid product,Exact author label 'no solid product' -> class 0,False,False,False,Campaign key explicitly reports no solid product.
V13-REHT-0232,MG2-77-64,10.1039/d5sc09992g,10.5281/zenodo.17902549,https://doi.org/10.1039/d5sc09992g,https://doi.org/10.5281/zenodo.17902549,"Mapping the crystallization landscape of rare earth MOFs: a high-throughput investigation of structure, kinetics, and selectivity","PAIR::gd::terephthalic acid (1,4-bdc)",,"terephthalic acid (1,4-BDC)",,,Aromatic dicarboxylate,Gd,rare-earth nitrate salt(s); hydration not encoded in campaign key,nitrate,,3,EtOH/H2O (fractions not encoded in campaign key),,Acido acetico,2.0,80.0,18.0,,,,,,Automated solvothermal synthesis,Automated vial; exact geometry in source SI,,,,no solid product,,peer_reviewed_high_throughput_literature,Author-assigned HT-PXRD/CV campaign outcome,direct_machine_readable_campaign_key,v13_source_rare_earth_landscape.csv,SOURCE_VERIFIED_SINGLE_CURATION_PASS,False,"Evidence-only: absolute precursor amounts, ligand:metal ratio, and solvent volume are not encoded in the public campaign key.",0,Failed / no solid product,no solid product,Exact author label 'no solid product' -> class 0,False,False,False,Campaign key explicitly reports no solid product.
V13-REHT-0233,MG2-77-65,10.1039/d5sc09992g,10.5281/zenodo.17902549,https://doi.org/10.1039/d5sc09992g,https://doi.org/10.5281/zenodo.17902549,"Mapping the crystallization landscape of rare earth MOFs: a high-throughput investigation of structure, kinetics, and selectivity","PAIR::gd::phthalic acid (1,2-bdc)",,"phthalic acid (1,2-BDC)",,,Aromatic dicarboxylate,Gd,rare-earth nitrate salt(s); hydration not encoded in campaign key,nitrate,,3,EtOH/H2O (fractions not encoded in campaign key),,Acido acetico,2.0,80.0,18.0,,,,,,Automated solvothermal synthesis,Automated vial; exact geometry in source SI,,6.407,6.407,no solid product,,peer_reviewed_high_throughput_literature,Author-assigned HT-PXRD/CV campaign outcome,direct_machine_readable_campaign_key,v13_source_rare_earth_landscape.csv,SOURCE_VERIFIED_SINGLE_CURATION_PASS,False,"Evidence-only: absolute precursor amounts, ligand:metal ratio, and solvent volume are not encoded in the public campaign key.",0,Failed / no solid product,no solid product,Exact author label 'no solid product' -> class 0,False,False,False,Campaign key explicitly reports no solid product.
V13-REHT-0234,MG2-77-66,10.1039/d5sc09992g,10.5281/zenodo.17902549,https://doi.org/10.1039/d5sc09992g,https://doi.org/10.5281/zenodo.17902549,"Mapping the crystallization landscape of rare earth MOFs: a high-throughput investigation of structure, kinetics, and selectivity","PAIR::gd::isophthalic acid (1,3-bdc)",,"isophthalic acid (1,3-BDC)",,,Aromatic dicarboxylate,Gd,rare-earth nitrate salt(s); hydration not encoded in campaign key,nitrate,,3,EtOH/H2O (fractions not encoded in campaign key),,Acido acetico,2.0,80.0,18.0,,,,,,Automated solvothermal synthesis,Automated vial; exact geometry in source SI,,,,no solid product,,peer_reviewed_high_throughput_literature,Author-assigned HT-PXRD/CV campaign outcome,direct_machine_readable_campaign_key,v13_source_rare_earth_landscape.csv,SOURCE_VERIFIED_SINGLE_CURATION_PASS,False,"Evidence-only: absolute precursor amounts, ligand:metal ratio, and solvent volume are not encoded in the public campaign key.",0,Failed / no solid product,no solid product,Exact author label 'no solid product' -> class 0,False,False,False,Campaign key explicitly reports no solid product.
V13-REHT-0239,MG2-77-71,10.1039/d5sc09992g,10.5281/zenodo.17902549,https://doi.org/10.1039/d5sc09992g,https://doi.org/10.5281/zenodo.17902549,"Mapping the crystallization landscape of rare earth MOFs: a high-throughput investigation of structure, kinetics, and selectivity","PAIR::gd::terephthalic acid (1,4-bdc)",,"terephthalic acid (1,4-BDC)",,,Aromatic dicarboxylate,Gd,rare-earth nitrate salt(s); hydration not encoded in campaign key,nitrate,,3,EtOH/H2O (fractions not encoded in campaign key),,Acido acetico,5.0,80.0,18.0,,,,,,Automated solvothermal synthesis,Automated vial; exact geometry in source SI,,,,no solid product,,peer_reviewed_high_throughput_literature,Author-assigned HT-PXRD/CV campaign outcome,direct_machine_readable_campaign_key,v13_source_rare_earth_landscape.csv,SOURCE_VERIFIED_SINGLE_CURATION_PASS,False,"Evidence-only: absolute precursor amounts, ligand:metal ratio, and solvent volume are not encoded in the public campaign key.",0,Failed / no solid product,no solid product,Exact author label 'no solid product' -> class 0,False,False,False,Campaign key explicitly reports no solid product.
V13-REHT-0240,MG2-77-72,10.1039/d5sc09992g,10.5281/zenodo.17902549,https://doi.org/10.1039/d5sc09992g,https://doi.org/10.5281/zenodo.17902549,"Mapping the crystallization landscape of rare earth MOFs: a high-throughput investigation of structure, kinetics, and selectivity","PAIR::gd::phthalic acid (1,2-bdc)",,"phthalic acid (1,2-BDC)",,,Aromatic dicarboxylate,Gd,rare-earth nitrate salt(s); hydration not encoded in campaign key,nitrate,,3,EtOH/H2O (fractions not encoded in campaign key),,Acido acetico,5.0,80.0,18.0,,,,,,Automated solvothermal synthesis,Automated vial; exact geometry in source SI,19.452,,19.452,no solid product,,peer_reviewed_high_throughput_literature,Author-assigned HT-PXRD/CV campaign outcome,direct_machine_readable_campaign_key,v13_source_rare_earth_landscape.csv,SOURCE_VERIFIED_SINGLE_CURATION_PASS,False,"Evidence-only: absolute precursor amounts, ligand:metal ratio, and solvent volume are not encoded in the public campaign key.",0,Failed / no solid product,no solid product,Exact author label 'no solid product' -> class 0,False,False,False,Campaign key explicitly reports no solid product.
V13-REHT-0241,MG2-77-73,10.1039/d5sc09992g,10.5281/zenodo.17902549,https://doi.org/10.1039/d5sc09992g,https://doi.org/10.5281/zenodo.17902549,"Mapping the crystallization landscape of rare earth MOFs: a high-throughput investigation of structure, kinetics, and selectivity","PAIR::gd::isophthalic acid (1,3-bdc)",,"isophthalic acid (1,3-BDC)",,,Aromatic dicarboxylate,Gd,rare-earth nitrate salt(s); hydration not encoded in campaign key,nitrate,,3,EtOH/H2O (fractions not encoded in campaign key),,Acido acetico,5.0,80.0,18.0,,,,,,Automated solvothermal synthesis,Automated vial; exact geometry in source SI,19.458,,19.458,no solid product,,peer_reviewed_high_throughput_literature,Author-assigned HT-PXRD/CV campaign outcome,direct_machine_readable_campaign_key,v13_source_rare_earth_landscape.csv,SOURCE_VERIFIED_SINGLE_CURATION_PASS,False,"Evidence-only: absolute precursor amounts, ligand:metal ratio, and solvent volume are not encoded in the public campaign key.",0,Failed / no solid product,no solid product,Exact author label 'no solid product' -> class 0,False,False,False,Campaign key explicitly reports no solid product.
V13-REHT-0246,MG2-77-78,10.1039/d5sc09992g,10.5281/zenodo.17902549,https://doi.org/10.1039/d5sc09992g,https://doi.org/10.5281/zenodo.17902549,"Mapping the crystallization landscape of rare earth MOFs: a high-throughput investigation of structure, kinetics, and selectivity","PAIR::gd::terephthalic acid (1,4-bdc)",,"terephthalic acid (1,4-BDC)",,,Aromatic dicarboxylate,Gd,rare-earth nitrate salt(s); hydration not encoded in campaign key,nitrate,,3,EtOH/H2O (fractions not encoded in campaign key),,Acido acetico,10.0,80.0,18.0,,,,,,Automated solvothermal synthesis,Automated vial; exact geometry in source SI,,,,no solid product,,peer_reviewed_high_throughput_literature,Author-assigned HT-PXRD/CV campaign outcome,direct_machine_readable_campaign_key,v13_source_rare_earth_landscape.csv,SOURCE_VERIFIED_SINGLE_CURATION_PASS,False,"Evidence-only: absolute precursor amounts, ligand:metal ratio, and solvent volume are not encoded in the public campaign key.",0,Failed / no solid product,no solid product,Exact author label 'no solid product' -> class 0,False,False,False,Campaign key explicitly reports no solid product.
V13-REHT-0247,MG2-77-79,10.1039/d5sc09992g,10.5281/zenodo.17902549,https://doi.org/10.1039/d5sc09992g,https://doi.org/10.5281/zenodo.17902549,"Mapping the crystallization landscape of rare earth MOFs: a high-throughput investigation of structure, kinetics, and selectivity","PAIR::gd::phthalic acid (1,2-bdc)",,"phthalic acid (1,2-BDC)",,,Aromatic dicarboxylate,Gd,rare-earth nitrate salt(s); hydration not encoded in campaign key,nitrate,,3,EtOH/H2O (fractions not encoded in campaign key),,Acido acetico,10.0,80.0,18.0,,,,,,Automated solvothermal synthesis,Automated vial; exact geometry in source SI,19.496,19.496,19.496,no solid product,,peer_reviewed_high_throughput_literature,Author-assigned HT-PXRD/CV campaign outcome,direct_machine_readable_campaign_key,v13_source_rare_earth_landscape.csv,SOURCE_VERIFIED_SINGLE_CURATION_PASS,False,"Evidence-only: absolute precursor amounts, ligand:metal ratio, and solvent volume are not encoded in the public campaign key.",0,Failed / no solid product,no solid product,Exact author label 'no solid product' -> class 0,False,False,False,Campaign key explicitly reports no solid product.
V13-REHT-0248,MG2-77-80,10.1039/d5sc09992g,10.5281/zenodo.17902549,https://doi.org/10.1039/d5sc09992g,https://doi.org/10.5281/zenodo.17902549,"Mapping the crystallization landscape of rare earth MOFs: a high-throughput investigation of structure, kinetics, and selectivity","PAIR::gd::isophthalic acid (1,3-bdc)",,"isophthalic acid (1,3-BDC)",,,Aromatic dicarboxylate,Gd,rare-earth nitrate salt(s); hydration not encoded in campaign key,nitrate,,3,EtOH/H2O (fractions not encoded in campaign key),,Acido acetico,10.0,80.0,18.0,,,,,,Automated solvothermal synthesis,Automated vial; exact geometry in source SI,19.502,,19.502,no solid product,,peer_reviewed_high_throughput_literature,Author-assigned HT-PXRD/CV campaign outcome,direct_machine_readable_campaign_key,v13_source_rare_earth_landscape.csv,SOURCE_VERIFIED_SINGLE_CURATION_PASS,False,"Evidence-only: absolute precursor amounts, ligand:metal ratio, and solvent volume are not encoded in the public campaign key.",0,Failed / no solid product,no solid product,Exact author label 'no solid product' -> class 0,False,False,False,Campaign key explicitly reports no solid product.
V13-REHT-0253,MG2-78-01,10.1039/d5sc09992g,10.5281/zenodo.17902549,https://doi.org/10.1039/d5sc09992g,https://doi.org/10.5281/zenodo.17902549,"Mapping the crystallization landscape of rare earth MOFs: a high-throughput investigation of structure, kinetics, and selectivity","PAIR::tb::terephthalic acid (1,4-bdc)",,"terephthalic acid (1,4-BDC)",,,Aromatic dicarboxylate,Tb,rare-earth nitrate salt(s); hydration not encoded in campaign key,nitrate,,3,EtOH/H2O (fractions not encoded in campaign key),,Nessuno,0.0,80.0,18.0,,,,,,Automated solvothermal synthesis,Automated vial; exact geometry in source SI,,18.999,18.999,no solid product,,peer_reviewed_high_throughput_literature,Author-assigned HT-PXRD/CV campaign outcome,direct_machine_readable_campaign_key,v13_source_rare_earth_landscape.csv,SOURCE_VERIFIED_SINGLE_CURATION_PASS,False,"Evidence-only: absolute precursor amounts, ligand:metal ratio, and solvent volume are not encoded in the public campaign key.",0,Failed / no solid product,no solid product,Exact author label 'no solid product' -> class 0,False,False,False,Campaign key explicitly reports no solid product.
V13-REHT-0254,MG2-78-02,10.1039/d5sc09992g,10.5281/zenodo.17902549,https://doi.org/10.1039/d5sc09992g,https://doi.org/10.5281/zenodo.17902549,"Mapping the crystallization landscape of rare earth MOFs: a high-throughput investigation of structure, kinetics, and selectivity","PAIR::tb::phthalic acid (1,2-bdc)",,"phthalic acid (1,2-BDC)",,,Aromatic dicarboxylate,Tb,rare-earth nitrate salt(s); hydration not encoded in campaign key,nitrate,,3,EtOH/H2O (fractions not encoded in campaign key),,Nessuno,0.0,80.0,18.0,,,,,,Automated solvothermal synthesis,Automated vial; exact geometry in source SI,,,,no solid product,,peer_reviewed_high_throughput_literature,Author-assigned HT-PXRD/CV campaign outcome,direct_machine_readable_campaign_key,v13_source_rare_earth_landscape.csv,SOURCE_VERIFIED_SINGLE_CURATION_PASS,False,"Evidence-only: absolute precursor amounts, ligand:metal ratio, and solvent volume are not encoded in the public campaign key.",0,Failed / no solid product,no solid product,Exact author label 'no solid product' -> class 0,False,False,False,Campaign key explicitly reports no solid product.
V13-REHT-0255,MG2-78-03,10.1039/d5sc09992g,10.5281/zenodo.17902549,https://doi.org/10.1039/d5sc09992g,https://doi.org/10.5281/zenodo.17902549,"Mapping the crystallization landscape of rare earth MOFs: a high-throughput investigation of structure, kinetics, and selectivity","PAIR::tb::isophthalic acid (1,3-bdc)",,"isophthalic acid (1,3-BDC)",,,Aromatic dicarboxylate,Tb,rare-earth nitrate salt(s); hydration not encoded in campaign key,nitrate,,3,EtOH/H2O (fractions not encoded in campaign key),,Nessuno,0.0,80.0,18.0,,,,,,Automated solvothermal synthesis,Automated vial; exact geometry in source SI,,,,no solid product,,peer_reviewed_high_throughput_literature,Author-assigned HT-PXRD/CV campaign outcome,direct_machine_readable_campaign_key,v13_source_rare_earth_landscape.csv,SOURCE_VERIFIED_SINGLE_CURATION_PASS,False,"Evidence-only: absolute precursor amounts, ligand:metal ratio, and solvent volume are not encoded in the public campaign key.",0,Failed / no solid product,no solid product,Exact author label 'no solid product' -> class 0,False,False,False,Campaign key explicitly reports no solid product.
V13-REHT-0260,MG2-78-08,10.1039/d5sc09992g,10.5281/zenodo.17902549,https://doi.org/10.1039/d5sc09992g,https://doi.org/10.5281/zenodo.17902549,"Mapping the crystallization landscape of rare earth MOFs: a high-throughput investigation of structure, kinetics, and selectivity","PAIR::tb::terephthalic acid (1,4-bdc)",,"terephthalic acid (1,4-BDC)",,,Aromatic dicarboxylate,Tb,rare-earth nitrate salt(s); hydration not encoded in campaign key,nitrate,,3,EtOH/H2O (fractions not encoded in campaign key),,Acido acetico,2.0,80.0,18.0,,,,,,Automated solvothermal synthesis,Automated vial; exact geometry in source SI,,,,no solid product,,peer_reviewed_high_throughput_literature,Author-assigned HT-PXRD/CV campaign outcome,direct_machine_readable_campaign_key,v13_source_rare_earth_landscape.csv,SOURCE_VERIFIED_SINGLE_CURATION_PASS,False,"Evidence-only: absolute precursor amounts, ligand:metal ratio, and solvent volume are not encoded in the public campaign key.",0,Failed / no solid product,no solid product,Exact author label 'no solid product' -> class 0,False,False,False,Campaign key explicitly reports no solid product.
V13-REHT-0261,MG2-78-09,10.1039/d5sc09992g,10.5281/zenodo.17902549,https://doi.org/10.1039/d5sc09992g,https://doi.org/10.5281/zenodo.17902549,"Mapping the crystallization landscape of rare earth MOFs: a high-throughput investigation of structure, kinetics, and selectivity","PAIR::tb::phthalic acid (1,2-bdc)",,"phthalic acid (1,2-BDC)",,,Aromatic dicarboxylate,Tb,rare-earth nitrate salt(s); hydration not encoded in campaign key,nitrate,,3,EtOH/H2O (fractions not encoded in campaign key),,Acido acetico,2.0,80.0,18.0,,,,,,Automated solvothermal synthesis,Automated vial; exact geometry in source SI,,,,no solid product,,peer_reviewed_high_throughput_literature,Author-assigned HT-PXRD/CV campaign outcome,direct_machine_readable_campaign_key,v13_source_rare_earth_landscape.csv,SOURCE_VERIFIED_SINGLE_CURATION_PASS,False,"Evidence-only: absolute precursor amounts, ligand:metal ratio, and solvent volume are not encoded in the public campaign key.",0,Failed / no solid product,no solid product,Exact author label 'no solid product' -> class 0,False,False,False,Campaign key explicitly reports no solid product.
V13-REHT-0262,MG2-78-10,10.1039/d5sc09992g,10.5281/zenodo.17902549,https://doi.org/10.1039/d5sc09992g,https://doi.org/10.5281/zenodo.17902549,"Mapping the crystallization landscape of rare earth MOFs: a high-throughput investigation of structure, kinetics, and selectivity","PAIR::tb::isophthalic acid (1,3-bdc)",,"isophthalic acid (1,3-BDC)",,,Aromatic dicarboxylate,Tb,rare-earth nitrate salt(s); hydration not encoded in campaign key,nitrate,,3,EtOH/H2O (fractions not encoded in campaign key),,Acido acetico,2.0,80.0,18.0,,,,,,Automated solvothermal synthesis,Automated vial; exact geometry in source SI,,,,no solid product,,peer_reviewed_high_throughput_literature,Author-assigned HT-PXRD/CV campaign outcome,direct_machine_readable_campaign_key,v13_source_rare_earth_landscape.csv,SOURCE_VERIFIED_SINGLE_CURATION_PASS,False,"Evidence-only: absolute precursor amounts, ligand:metal ratio, and solvent volume are not encoded in the public campaign key.",0,Failed / no solid product,no solid product,Exact author label 'no solid product' -> class 0,False,False,False,Campaign key explicitly reports no solid product.
V13-REHT-0267,MG2-78-15,10.1039/d5sc09992g,10.5281/zenodo.17902549,https://doi.org/10.1039/d5sc09992g,https://doi.org/10.5281/zenodo.17902549,"Mapping the crystallization landscape of rare earth MOFs: a high-throughput investigation of structure, kinetics, and selectivity","PAIR::tb::terephthalic acid (1,4-bdc)",,"terephthalic acid (1,4-BDC)",,,Aromatic dicarboxylate,Tb,rare-earth nitrate salt(s); hydration not encoded in campaign key,nitrate,,3,EtOH/H2O (fractions not encoded in campaign key),,Acido acetico,5.0,80.0,18.0,,,,,,Automated solvothermal synthesis,Automated vial; exact geometry in source SI,,,,no solid product,,peer_reviewed_high_throughput_literature,Author-assigned HT-PXRD/CV campaign outcome,direct_machine_readable_campaign_key,v13_source_rare_earth_landscape.csv,SOURCE_VERIFIED_SINGLE_CURATION_PASS,False,"Evidence-only: absolute precursor amounts, ligand:metal ratio, and solvent volume are not encoded in the public campaign key.",0,Failed / no solid product,no solid product,Exact author label 'no solid product' -> class 0,False,False,False,Campaign key explicitly reports no solid product.
V13-REHT-0268,MG2-78-16,10.1039/d5sc09992g,10.5281/zenodo.17902549,https://doi.org/10.1039/d5sc09992g,https://doi.org/10.5281/zenodo.17902549,"Mapping the crystallization landscape of rare earth MOFs: a high-throughput investigation of structure, kinetics, and selectivity","PAIR::tb::phthalic acid (1,2-bdc)",,"phthalic acid (1,2-BDC)",,,Aromatic dicarboxylate,Tb,rare-earth nitrate salt(s); hydration not encoded in campaign key,nitrate,,3,EtOH/H2O (fractions not encoded in campaign key),,Acido acetico,5.0,80.0,18.0,,,,,,Automated solvothermal synthesis,Automated vial; exact geometry in source SI,,,,no solid product,,peer_reviewed_high_throughput_literature,Author-assigned HT-PXRD/CV campaign outcome,direct_machine_readable_campaign_key,v13_source_rare_earth_landscape.csv,SOURCE_VERIFIED_SINGLE_CURATION_PASS,False,"Evidence-only: absolute precursor amounts, ligand:metal ratio, and solvent volume are not encoded in the public campaign key.",0,Failed / no solid product,no solid product,Exact author label 'no solid product' -> class 0,False,False,False,Campaign key explicitly reports no solid product.
V13-REHT-0269,MG2-78-17,10.1039/d5sc09992g,10.5281/zenodo.17902549,https://doi.org/10.1039/d5sc09992g,https://doi.org/10.5281/zenodo.17902549,"Mapping the crystallization landscape of rare earth MOFs: a high-throughput investigation of structure, kinetics, and selectivity","PAIR::tb::isophthalic acid (1,3-bdc)",,"isophthalic acid (1,3-BDC)",,,Aromatic dicarboxylate,Tb,rare-earth nitrate salt(s); hydration not encoded in campaign key,nitrate,,3,EtOH/H2O (fractions not encoded in campaign key),,Acido acetico,5.0,80.0,18.0,,,,,,Automated solvothermal synthesis,Automated vial; exact geometry in source SI,,,,no solid product,,peer_reviewed_high_throughput_literature,Author-assigned HT-PXRD/CV campaign outcome,direct_machine_readable_campaign_key,v13_source_rare_earth_landscape.csv,SOURCE_VERIFIED_SINGLE_CURATION_PASS,False,"Evidence-only: absolute precursor amounts, ligand:metal ratio, and solvent volume are not encoded in the public campaign key.",0,Failed / no solid product,no solid product,Exact author label 'no solid product' -> class 0,False,False,False,Campaign key explicitly reports no solid product.
V13-REHT-0274,MG2-78-22,10.1039/d5sc09992g,10.5281/zenodo.17902549,https://doi.org/10.1039/d5sc09992g,https://doi.org/10.5281/zenodo.17902549,"Mapping the crystallization landscape of rare earth MOFs: a high-throughput investigation of structure, kinetics, and selectivity","PAIR::tb::terephthalic acid (1,4-bdc)",,"terephthalic acid (1,4-BDC)",,,Aromatic dicarboxylate,Tb,rare-earth nitrate salt(s); hydration not encoded in campaign key,nitrate,,3,EtOH/H2O (fractions not encoded in campaign key),,Acido acetico,10.0,80.0,18.0,,,,,,Automated solvothermal synthesis,Automated vial; exact geometry in source SI,,,,no solid product,,peer_reviewed_high_throughput_literature,Author-assigned HT-PXRD/CV campaign outcome,direct_machine_readable_campaign_key,v13_source_rare_earth_landscape.csv,SOURCE_VERIFIED_SINGLE_CURATION_PASS,False,"Evidence-only: absolute precursor amounts, ligand:metal ratio, and solvent volume are not encoded in the public campaign key.",0,Failed / no solid product,no solid product,Exact author label 'no solid product' -> class 0,False,False,False,Campaign key explicitly reports no solid product.
V13-REHT-0275,MG2-78-23,10.1039/d5sc09992g,10.5281/zenodo.17902549,https://doi.org/10.1039/d5sc09992g,https://doi.org/10.5281/zenodo.17902549,"Mapping the crystallization landscape of rare earth MOFs: a high-throughput investigation of structure, kinetics, and selectivity","PAIR::tb::phthalic acid (1,2-bdc)",,"phthalic acid (1,2-BDC)",,,Aromatic dicarboxylate,Tb,rare-earth nitrate salt(s); hydration not encoded in campaign key,nitrate,,3,EtOH/H2O (fractions not encoded in campaign key),,Acido acetico,10.0,80.0,18.0,,,,,,Automated solvothermal synthesis,Automated vial; exact geometry in source SI,,,,no solid product,,peer_reviewed_high_throughput_literature,Author-assigned HT-PXRD/CV campaign outcome,direct_machine_readable_campaign_key,v13_source_rare_earth_landscape.csv,SOURCE_VERIFIED_SINGLE_CURATION_PASS,False,"Evidence-only: absolute precursor amounts, ligand:metal ratio, and solvent volume are not encoded in the public campaign key.",0,Failed / no solid product,no solid product,Exact author label 'no solid product' -> class 0,False,False,False,Campaign key explicitly reports no solid product.
V13-REHT-0276,MG2-78-24,10.1039/d5sc09992g,10.5281/zenodo.17902549,https://doi.org/10.1039/d5sc09992g,https://doi.org/10.5281/zenodo.17902549,"Mapping the crystallization landscape of rare earth MOFs: a high-throughput investigation of structure, kinetics, and selectivity","PAIR::tb::isophthalic acid (1,3-bdc)",,"isophthalic acid (1,3-BDC)",,,Aromatic dicarboxylate,Tb,rare-earth nitrate salt(s); hydration not encoded in campaign key,nitrate,,3,EtOH/H2O (fractions not encoded in campaign key),,Acido acetico,10.0,80.0,18.0,,,,,,Automated solvothermal synthesis,Automated vial; exact geometry in source SI,19.147,,19.147,no solid product,,peer_reviewed_high_throughput_literature,Author-assigned HT-PXRD/CV campaign outcome,direct_machine_readable_campaign_key,v13_source_rare_earth_landscape.csv,SOURCE_VERIFIED_SINGLE_CURATION_PASS,False,"Evidence-only: absolute precursor amounts, ligand:metal ratio, and solvent volume are not encoded in the public campaign key.",0,Failed / no solid product,no solid product,Exact author label 'no solid product' -> class 0,False,False,False,Campaign key explicitly reports no solid product.
V13-REHT-0281,MG2-78-29,10.1039/d5sc09992g,10.5281/zenodo.17902549,https://doi.org/10.1039/d5sc09992g,https://doi.org/10.5281/zenodo.17902549,"Mapping the crystallization landscape of rare earth MOFs: a high-throughput investigation of structure, kinetics, and selectivity","PAIR::dy::terephthalic acid (1,4-bdc)",,"terephthalic acid (1,4-BDC)",,,Aromatic dicarboxylate,Dy,rare-earth nitrate salt(s); hydration not encoded in campaign key,nitrate,,3,EtOH/H2O (fractions not encoded in campaign key),,Nessuno,0.0,80.0,18.0,,,,,,Automated solvothermal synthesis,Automated vial; exact geometry in source SI,,,,no solid product,,peer_reviewed_high_throughput_literature,Author-assigned HT-PXRD/CV campaign outcome,direct_machine_readable_campaign_key,v13_source_rare_earth_landscape.csv,SOURCE_VERIFIED_SINGLE_CURATION_PASS,False,"Evidence-only: absolute precursor amounts, ligand:metal ratio, and solvent volume are not encoded in the public campaign key.",0,Failed / no solid product,no solid product,Exact author label 'no solid product' -> class 0,False,False,False,Campaign key explicitly reports no solid product.
V13-REHT-0282,MG2-78-30,10.1039/d5sc09992g,10.5281/zenodo.17902549,https://doi.org/10.1039/d5sc09992g,https://doi.org/10.5281/zenodo.17902549,"Mapping the crystallization landscape of rare earth MOFs: a high-throughput investigation of structure, kinetics, and selectivity","PAIR::dy::phthalic acid (1,2-bdc)",,"phthalic acid (1,2-BDC)",,,Aromatic dicarboxylate,Dy,rare-earth nitrate salt(s); hydration not encoded in campaign key,nitrate,,3,EtOH/H2O (fractions not encoded in campaign key),,Nessuno,0.0,80.0,18.0,,,,,,Automated solvothermal synthesis,Automated vial; exact geometry in source SI,,,,no solid product,,peer_reviewed_high_throughput_literature,Author-assigned HT-PXRD/CV campaign outcome,direct_machine_readable_campaign_key,v13_source_rare_earth_landscape.csv,SOURCE_VERIFIED_SINGLE_CURATION_PASS,False,"Evidence-only: absolute precursor amounts, ligand:metal ratio, and solvent volume are not encoded in the public campaign key.",0,Failed / no solid product,no solid product,Exact author label 'no solid product' -> class 0,False,False,False,Campaign key explicitly reports no solid product.
V13-REHT-0283,MG2-78-31,10.1039/d5sc09992g,10.5281/zenodo.17902549,https://doi.org/10.1039/d5sc09992g,https://doi.org/10.5281/zenodo.17902549,"Mapping the crystallization landscape of rare earth MOFs: a high-throughput investigation of structure, kinetics, and selectivity","PAIR::dy::isophthalic acid (1,3-bdc)",,"isophthalic acid (1,3-BDC)",,,Aromatic dicarboxylate,Dy,rare-earth nitrate salt(s); hydration not encoded in campaign key,nitrate,,3,EtOH/H2O (fractions not encoded in campaign key),,Nessuno,0.0,80.0,18.0,,,,,,Automated solvothermal synthesis,Automated vial; exact geometry in source SI,,,,no solid product,,peer_reviewed_high_throughput_literature,Author-assigned HT-PXRD/CV campaign outcome,direct_machine_readable_campaign_key,v13_source_rare_earth_landscape.csv,SOURCE_VERIFIED_SINGLE_CURATION_PASS,False,"Evidence-only: absolute precursor amounts, ligand:metal ratio, and solvent volume are not encoded in the public campaign key.",0,Failed / no solid product,no solid product,Exact author label 'no solid product' -> class 0,False,False,False,Campaign key explicitly reports no solid product.
V13-REHT-0288,MG2-78-36,10.1039/d5sc09992g,10.5281/zenodo.17902549,https://doi.org/10.1039/d5sc09992g,https://doi.org/10.5281/zenodo.17902549,"Mapping the crystallization landscape of rare earth MOFs: a high-throughput investigation of structure, kinetics, and selectivity","PAIR::dy::terephthalic acid (1,4-bdc)",,"terephthalic acid (1,4-BDC)",,,Aromatic dicarboxylate,Dy,rare-earth nitrate salt(s); hydration not encoded in campaign key,nitrate,,3,EtOH/H2O (fractions not encoded in campaign key),,Acido acetico,2.0,80.0,18.0,,,,,,Automated solvothermal synthesis,Automated vial; exact geometry in source SI,,,,no solid product,,peer_reviewed_high_throughput_literature,Author-assigned HT-PXRD/CV campaign outcome,direct_machine_readable_campaign_key,v13_source_rare_earth_landscape.csv,SOURCE_VERIFIED_SINGLE_CURATION_PASS,False,"Evidence-only: absolute precursor amounts, ligand:metal ratio, and solvent volume are not encoded in the public campaign key.",0,Failed / no solid product,no solid product,Exact author label 'no solid product' -> class 0,False,False,False,Campaign key explicitly reports no solid product.
V13-REHT-0289,MG2-78-37,10.1039/d5sc09992g,10.5281/zenodo.17902549,https://doi.org/10.1039/d5sc09992g,https://doi.org/10.5281/zenodo.17902549,"Mapping the crystallization landscape of rare earth MOFs: a high-throughput investigation of structure, kinetics, and selectivity","PAIR::dy::phthalic acid (1,2-bdc)",,"phthalic acid (1,2-BDC)",,,Aromatic dicarboxylate,Dy,rare-earth nitrate salt(s); hydration not encoded in campaign key,nitrate,,3,EtOH/H2O (fractions not encoded in campaign key),,Acido acetico,2.0,80.0,18.0,,,,,,Automated solvothermal synthesis,Automated vial; exact geometry in source SI,,,,no solid product,,peer_reviewed_high_throughput_literature,Author-assigned HT-PXRD/CV campaign outcome,direct_machine_readable_campaign_key,v13_source_rare_earth_landscape.csv,SOURCE_VERIFIED_SINGLE_CURATION_PASS,False,"Evidence-only: absolute precursor amounts, ligand:metal ratio, and solvent volume are not encoded in the public campaign key.",0,Failed / no solid product,no solid product,Exact author label 'no solid product' -> class 0,False,False,False,Campaign key explicitly reports no solid product.
V13-REHT-0290,MG2-78-38,10.1039/d5sc09992g,10.5281/zenodo.17902549,https://doi.org/10.1039/d5sc09992g,https://doi.org/10.5281/zenodo.17902549,"Mapping the crystallization landscape of rare earth MOFs: a high-throughput investigation of structure, kinetics, and selectivity","PAIR::dy::isophthalic acid (1,3-bdc)",,"isophthalic acid (1,3-BDC)",,,Aromatic dicarboxylate,Dy,rare-earth nitrate salt(s); hydration not encoded in campaign key,nitrate,,3,EtOH/H2O (fractions not encoded in campaign key),,Acido acetico,2.0,80.0,18.0,,,,,,Automated solvothermal synthesis,Automated vial; exact geometry in source SI,,,,no solid product,,peer_reviewed_high_throughput_literature,Author-assigned HT-PXRD/CV campaign outcome,direct_machine_readable_campaign_key,v13_source_rare_earth_landscape.csv,SOURCE_VERIFIED_SINGLE_CURATION_PASS,False,"Evidence-only: absolute precursor amounts, ligand:metal ratio, and solvent volume are not encoded in the public campaign key.",0,Failed / no solid product,no solid product,Exact author label 'no solid product' -> class 0,False,False,False,Campaign key explicitly reports no solid product.
V13-REHT-0295,MG2-78-43,10.1039/d5sc09992g,10.5281/zenodo.17902549,https://doi.org/10.1039/d5sc09992g,https://doi.org/10.5281/zenodo.17902549,"Mapping the crystallization landscape of rare earth MOFs: a high-throughput investigation of structure, kinetics, and selectivity","PAIR::dy::terephthalic acid (1,4-bdc)",,"terephthalic acid (1,4-BDC)",,,Aromatic dicarboxylate,Dy,rare-earth nitrate salt(s); hydration not encoded in campaign key,nitrate,,3,EtOH/H2O (fractions not encoded in campaign key),,Acido acetico,5.0,80.0,18.0,,,,,,Automated solvothermal synthesis,Automated vial; exact geometry in source SI,19.269,,19.269,no solid product,,peer_reviewed_high_throughput_literature,Author-assigned HT-PXRD/CV campaign outcome,direct_machine_readable_campaign_key,v13_source_rare_earth_landscape.csv,SOURCE_VERIFIED_SINGLE_CURATION_PASS,False,"Evidence-only: absolute precursor amounts, ligand:metal ratio, and solvent volume are not encoded in the public campaign key.",0,Failed / no solid product,no solid product,Exact author label 'no solid product' -> class 0,False,False,False,Campaign key explicitly reports no solid product.
V13-REHT-0296,MG2-78-44,10.1039/d5sc09992g,10.5281/zenodo.17902549,https://doi.org/10.1039/d5sc09992g,https://doi.org/10.5281/zenodo.17902549,"Mapping the crystallization landscape of rare earth MOFs: a high-throughput investigation of structure, kinetics, and selectivity","PAIR::dy::phthalic acid (1,2-bdc)",,"phthalic acid (1,2-BDC)",,,Aromatic dicarboxylate,Dy,rare-earth nitrate salt(s); hydration not encoded in campaign key,nitrate,,3,EtOH/H2O (fractions not encoded in campaign key),,Acido acetico,5.0,80.0,18.0,,,,,,Automated solvothermal synthesis,Automated vial; exact geometry in source SI,19.275,,19.275,no solid product,,peer_reviewed_high_throughput_literature,Author-assigned HT-PXRD/CV campaign outcome,direct_machine_readable_campaign_key,v13_source_rare_earth_landscape.csv,SOURCE_VERIFIED_SINGLE_CURATION_PASS,False,"Evidence-only: absolute precursor amounts, ligand:metal ratio, and solvent volume are not encoded in the public campaign key.",0,Failed / no solid product,no solid product,Exact author label 'no solid product' -> class 0,False,False,False,Campaign key explicitly reports no solid product.
V13-REHT-0297,MG2-78-45,10.1039/d5sc09992g,10.5281/zenodo.17902549,https://doi.org/10.1039/d5sc09992g,https://doi.org/10.5281/zenodo.17902549,"Mapping the crystallization landscape of rare earth MOFs: a high-throughput investigation of structure, kinetics, and selectivity","PAIR::dy::isophthalic acid (1,3-bdc)",,"isophthalic acid (1,3-BDC)",,,Aromatic dicarboxylate,Dy,rare-earth nitrate salt(s); hydration not encoded in campaign key,nitrate,,3,EtOH/H2O (fractions not encoded in campaign key),,Acido acetico,5.0,80.0,18.0,,,,,,Automated solvothermal synthesis,Automated vial; exact geometry in source SI,19.282,,19.282,no solid product,,peer_reviewed_high_throughput_literature,Author-assigned HT-PXRD/CV campaign outcome,direct_machine_readable_campaign_key,v13_source_rare_earth_landscape.csv,SOURCE_VERIFIED_SINGLE_CURATION_PASS,False,"Evidence-only: absolute precursor amounts, ligand:metal ratio, and solvent volume are not encoded in the public campaign key.",0,Failed / no solid product,no solid product,Exact author label 'no solid product' -> class 0,False,False,False,Campaign key explicitly reports no solid product.
V13-REHT-0302,MG2-78-50,10.1039/d5sc09992g,10.5281/zenodo.17902549,https://doi.org/10.1039/d5sc09992g,https://doi.org/10.5281/zenodo.17902549,"Mapping the crystallization landscape of rare earth MOFs: a high-throughput investigation of structure, kinetics, and selectivity","PAIR::dy::terephthalic acid (1,4-bdc)",,"terephthalic acid (1,4-BDC)",,,Aromatic dicarboxylate,Dy,rare-earth nitrate salt(s); hydration not encoded in campaign key,nitrate,,3,EtOH/H2O (fractions not encoded in campaign key),,Acido acetico,10.0,80.0,18.0,,,,,,Automated solvothermal synthesis,Automated vial; exact geometry in source SI,19.314,,19.314,no solid product,,peer_reviewed_high_throughput_literature,Author-assigned HT-PXRD/CV campaign outcome,direct_machine_readable_campaign_key,v13_source_rare_earth_landscape.csv,SOURCE_VERIFIED_SINGLE_CURATION_PASS,False,"Evidence-only: absolute precursor amounts, ligand:metal ratio, and solvent volume are not encoded in the public campaign key.",0,Failed / no solid product,no solid product,Exact author label 'no solid product' -> class 0,False,False,False,Campaign key explicitly reports no solid product.
V13-REHT-0303,MG2-78-51,10.1039/d5sc09992g,10.5281/zenodo.17902549,https://doi.org/10.1039/d5sc09992g,https://doi.org/10.5281/zenodo.17902549,"Mapping the crystallization landscape of rare earth MOFs: a high-throughput investigation of structure, kinetics, and selectivity","PAIR::dy::phthalic acid (1,2-bdc)",,"phthalic acid (1,2-BDC)",,,Aromatic dicarboxylate,Dy,rare-earth nitrate salt(s); hydration not encoded in campaign key,nitrate,,3,EtOH/H2O (fractions not encoded in campaign key),,Acido acetico,10.0,80.0,18.0,,,,,,Automated solvothermal synthesis,Automated vial; exact geometry in source SI,19.321,,19.321,no solid product,,peer_reviewed_high_throughput_literature,Author-assigned HT-PXRD/CV campaign outcome,direct_machine_readable_campaign_key,v13_source_rare_earth_landscape.csv,SOURCE_VERIFIED_SINGLE_CURATION_PASS,False,"Evidence-only: absolute precursor amounts, ligand:metal ratio, and solvent volume are not encoded in the public campaign key.",0,Failed / no solid product,no solid product,Exact author label 'no solid product' -> class 0,False,False,False,Campaign key explicitly reports no solid product.
V13-REHT-0304,MG2-78-52,10.1039/d5sc09992g,10.5281/zenodo.17902549,https://doi.org/10.1039/d5sc09992g,https://doi.org/10.5281/zenodo.17902549,"Mapping the crystallization landscape of rare earth MOFs: a high-throughput investigation of structure, kinetics, and selectivity","PAIR::dy::isophthalic acid (1,3-bdc)",,"isophthalic acid (1,3-BDC)",,,Aromatic dicarboxylate,Dy,rare-earth nitrate salt(s); hydration not encoded in campaign key,nitrate,,3,EtOH/H2O (fractions not encoded in campaign key),,Acido acetico,10.0,80.0,18.0,,,,,,Automated solvothermal synthesis,Automated vial; exact geometry in source SI,19.327,,19.327,no solid product,,peer_reviewed_high_throughput_literature,Author-assigned HT-PXRD/CV campaign outcome,direct_machine_readable_campaign_key,v13_source_rare_earth_landscape.csv,SOURCE_VERIFIED_SINGLE_CURATION_PASS,False,"Evidence-only: absolute precursor amounts, ligand:metal ratio, and solvent volume are not encoded in the public campaign key.",0,Failed / no solid product,no solid product,Exact author label 'no solid product' -> class 0,False,False,False,Campaign key explicitly reports no solid product.
V13-REHT-0309,MG2-78-57,10.1039/d5sc09992g,10.5281/zenodo.17902549,https://doi.org/10.1039/d5sc09992g,https://doi.org/10.5281/zenodo.17902549,"Mapping the crystallization landscape of rare earth MOFs: a high-throughput investigation of structure, kinetics, and selectivity","PAIR::ho::terephthalic acid (1,4-bdc)",,"terephthalic acid (1,4-BDC)",,,Aromatic dicarboxylate,Ho,rare-earth nitrate salt(s); hydration not encoded in campaign key,nitrate,,3,EtOH/H2O (fractions not encoded in campaign key),,Nessuno,0.0,80.0,18.0,,,,,,Automated solvothermal synthesis,Automated vial; exact geometry in source SI,,,,no solid product,,peer_reviewed_high_throughput_literature,Author-assigned HT-PXRD/CV campaign outcome,direct_machine_readable_campaign_key,v13_source_rare_earth_landscape.csv,SOURCE_VERIFIED_SINGLE_CURATION_PASS,False,"Evidence-only: absolute precursor amounts, ligand:metal ratio, and solvent volume are not encoded in the public campaign key.",0,Failed / no solid product,no solid product,Exact author label 'no solid product' -> class 0,False,False,False,Campaign key explicitly reports no solid product.
V13-REHT-0310,MG2-78-58,10.1039/d5sc09992g,10.5281/zenodo.17902549,https://doi.org/10.1039/d5sc09992g,https://doi.org/10.5281/zenodo.17902549,"Mapping the crystallization landscape of rare earth MOFs: a high-throughput investigation of structure, kinetics, and selectivity","PAIR::ho::phthalic acid (1,2-bdc)",,"phthalic acid (1,2-BDC)",,,Aromatic dicarboxylate,Ho,rare-earth nitrate salt(s); hydration not encoded in campaign key,nitrate,,3,EtOH/H2O (fractions not encoded in campaign key),,Nessuno,0.0,80.0,18.0,,,,,,Automated solvothermal synthesis,Automated vial; exact geometry in source SI,,,,no solid product,,peer_reviewed_high_throughput_literature,Author-assigned HT-PXRD/CV campaign outcome,direct_machine_readable_campaign_key,v13_source_rare_earth_landscape.csv,SOURCE_VERIFIED_SINGLE_CURATION_PASS,False,"Evidence-only: absolute precursor amounts, ligand:metal ratio, and solvent volume are not encoded in the public campaign key.",0,Failed / no solid product,no solid product,Exact author label 'no solid product' -> class 0,False,False,False,Campaign key explicitly reports no solid product.
V13-REHT-0311,MG2-78-59,10.1039/d5sc09992g,10.5281/zenodo.17902549,https://doi.org/10.1039/d5sc09992g,https://doi.org/10.5281/zenodo.17902549,"Mapping the crystallization landscape of rare earth MOFs: a high-throughput investigation of structure, kinetics, and selectivity","PAIR::ho::isophthalic acid (1,3-bdc)",,"isophthalic acid (1,3-BDC)",,,Aromatic dicarboxylate,Ho,rare-earth nitrate salt(s); hydration not encoded in campaign key,nitrate,,3,EtOH/H2O (fractions not encoded in campaign key),,Nessuno,0.0,80.0,18.0,,,,,,Automated solvothermal synthesis,Automated vial; exact geometry in source SI,,,,no solid product,,peer_reviewed_high_throughput_literature,Author-assigned HT-PXRD/CV campaign outcome,direct_machine_readable_campaign_key,v13_source_rare_earth_landscape.csv,SOURCE_VERIFIED_SINGLE_CURATION_PASS,False,"Evidence-only: absolute precursor amounts, ligand:metal ratio, and solvent volume are not encoded in the public campaign key.",0,Failed / no solid product,no solid product,Exact author label 'no solid product' -> class 0,False,False,False,Campaign key explicitly reports no solid product.
V13-REHT-0316,MG2-78-64,10.1039/d5sc09992g,10.5281/zenodo.17902549,https://doi.org/10.1039/d5sc09992g,https://doi.org/10.5281/zenodo.17902549,"Mapping the crystallization landscape of rare earth MOFs: a high-throughput investigation of structure, kinetics, and selectivity","PAIR::ho::terephthalic acid (1,4-bdc)",,"terephthalic acid (1,4-BDC)",,,Aromatic dicarboxylate,Ho,rare-earth nitrate salt(s); hydration not encoded in campaign key,nitrate,,3,EtOH/H2O (fractions not encoded in campaign key),,Acido acetico,2.0,80.0,18.0,,,,,,Automated solvothermal synthesis,Automated vial; exact geometry in source SI,,,,no solid product,,peer_reviewed_high_throughput_literature,Author-assigned HT-PXRD/CV campaign outcome,direct_machine_readable_campaign_key,v13_source_rare_earth_landscape.csv,SOURCE_VERIFIED_SINGLE_CURATION_PASS,False,"Evidence-only: absolute precursor amounts, ligand:metal ratio, and solvent volume are not encoded in the public campaign key.",0,Failed / no solid product,no solid product,Exact author label 'no solid product' -> class 0,False,False,False,Campaign key explicitly reports no solid product.
V13-REHT-0317,MG2-78-65,10.1039/d5sc09992g,10.5281/zenodo.17902549,https://doi.org/10.1039/d5sc09992g,https://doi.org/10.5281/zenodo.17902549,"Mapping the crystallization landscape of rare earth MOFs: a high-throughput investigation of structure, kinetics, and selectivity","PAIR::ho::phthalic acid (1,2-bdc)",,"phthalic acid (1,2-BDC)",,,Aromatic dicarboxylate,Ho,rare-earth nitrate salt(s); hydration not encoded in campaign key,nitrate,,3,EtOH/H2O (fractions not encoded in campaign key),,Acido acetico,2.0,80.0,18.0,,,,,,Automated solvothermal synthesis,Automated vial; exact geometry in source SI,,,,no solid product,,peer_reviewed_high_throughput_literature,Author-assigned HT-PXRD/CV campaign outcome,direct_machine_readable_campaign_key,v13_source_rare_earth_landscape.csv,SOURCE_VERIFIED_SINGLE_CURATION_PASS,False,"Evidence-only: absolute precursor amounts, ligand:metal ratio, and solvent volume are not encoded in the public campaign key.",0,Failed / no solid product,no solid product,Exact author label 'no solid product' -> class 0,False,False,False,Campaign key explicitly reports no solid product.
V13-REHT-0318,MG2-78-66,10.1039/d5sc09992g,10.5281/zenodo.17902549,https://doi.org/10.1039/d5sc09992g,https://doi.org/10.5281/zenodo.17902549,"Mapping the crystallization landscape of rare earth MOFs: a high-throughput investigation of structure, kinetics, and selectivity","PAIR::ho::isophthalic acid (1,3-bdc)",,"isophthalic acid (1,3-BDC)",,,Aromatic dicarboxylate,Ho,rare-earth nitrate salt(s); hydration not encoded in campaign key,nitrate,,3,EtOH/H2O (fractions not encoded in campaign key),,Acido acetico,2.0,80.0,18.0,,,,,,Automated solvothermal synthesis,Automated vial; exact geometry in source SI,,,,no solid product,,peer_reviewed_high_throughput_literature,Author-assigned HT-PXRD/CV campaign outcome,direct_machine_readable_campaign_key,v13_source_rare_earth_landscape.csv,SOURCE_VERIFIED_SINGLE_CURATION_PASS,False,"Evidence-only: absolute precursor amounts, ligand:metal ratio, and solvent volume are not encoded in the public campaign key.",0,Failed / no solid product,no solid product,Exact author label 'no solid product' -> class 0,False,False,False,Campaign key explicitly reports no solid product.
V13-REHT-0323,MG2-78-71,10.1039/d5sc09992g,10.5281/zenodo.17902549,https://doi.org/10.1039/d5sc09992g,https://doi.org/10.5281/zenodo.17902549,"Mapping the crystallization landscape of rare earth MOFs: a high-throughput investigation of structure, kinetics, and selectivity","PAIR::ho::terephthalic acid (1,4-bdc)",,"terephthalic acid (1,4-BDC)",,,Aromatic dicarboxylate,Ho,rare-earth nitrate salt(s); hydration not encoded in campaign key,nitrate,,3,EtOH/H2O (fractions not encoded in campaign key),,Acido acetico,5.0,80.0,18.0,,,,,,Automated solvothermal synthesis,Automated vial; exact geometry in source SI,,,,no solid product,,peer_reviewed_high_throughput_literature,Author-assigned HT-PXRD/CV campaign outcome,direct_machine_readable_campaign_key,v13_source_rare_earth_landscape.csv,SOURCE_VERIFIED_SINGLE_CURATION_PASS,False,"Evidence-only: absolute precursor amounts, ligand:metal ratio, and solvent volume are not encoded in the public campaign key.",0,Failed / no solid product,no solid product,Exact author label 'no solid product' -> class 0,False,False,False,Campaign key explicitly reports no solid product.
V13-REHT-0324,MG2-78-72,10.1039/d5sc09992g,10.5281/zenodo.17902549,https://doi.org/10.1039/d5sc09992g,https://doi.org/10.5281/zenodo.17902549,"Mapping the crystallization landscape of rare earth MOFs: a high-throughput investigation of structure, kinetics, and selectivity","PAIR::ho::phthalic acid (1,2-bdc)",,"phthalic acid (1,2-BDC)",,,Aromatic dicarboxylate,Ho,rare-earth nitrate salt(s); hydration not encoded in campaign key,nitrate,,3,EtOH/H2O (fractions not encoded in campaign key),,Acido acetico,5.0,80.0,18.0,,,,,,Automated solvothermal synthesis,Automated vial; exact geometry in source SI,,,,no solid product,,peer_reviewed_high_throughput_literature,Author-assigned HT-PXRD/CV campaign outcome,direct_machine_readable_campaign_key,v13_source_rare_earth_landscape.csv,SOURCE_VERIFIED_SINGLE_CURATION_PASS,False,"Evidence-only: absolute precursor amounts, ligand:metal ratio, and solvent volume are not encoded in the public campaign key.",0,Failed / no solid product,no solid product,Exact author label 'no solid product' -> class 0,False,False,False,Campaign key explicitly reports no solid product.
V13-REHT-0325,MG2-78-73,10.1039/d5sc09992g,10.5281/zenodo.17902549,https://doi.org/10.1039/d5sc09992g,https://doi.org/10.5281/zenodo.17902549,"Mapping the crystallization landscape of rare earth MOFs: a high-throughput investigation of structure, kinetics, and selectivity","PAIR::ho::isophthalic acid (1,3-bdc)",,"isophthalic acid (1,3-BDC)",,,Aromatic dicarboxylate,Ho,rare-earth nitrate salt(s); hydration not encoded in campaign key,nitrate,,3,EtOH/H2O (fractions not encoded in campaign key),,Acido acetico,5.0,80.0,18.0,,,,,,Automated solvothermal synthesis,Automated vial; exact geometry in source SI,,,,no solid product,,peer_reviewed_high_throughput_literature,Author-assigned HT-PXRD/CV campaign outcome,direct_machine_readable_campaign_key,v13_source_rare_earth_landscape.csv,SOURCE_VERIFIED_SINGLE_CURATION_PASS,False,"Evidence-only: absolute precursor amounts, ligand:metal ratio, and solvent volume are not encoded in the public campaign key.",0,Failed / no solid product,no solid product,Exact author label 'no solid product' -> class 0,False,False,False,Campaign key explicitly reports no solid product.
V13-REHT-0330,MG2-78-78,10.1039/d5sc09992g,10.5281/zenodo.17902549,https://doi.org/10.1039/d5sc09992g,https://doi.org/10.5281/zenodo.17902549,"Mapping the crystallization landscape of rare earth MOFs: a high-throughput investigation of structure, kinetics, and selectivity","PAIR::ho::terephthalic acid (1,4-bdc)",,"terephthalic acid (1,4-BDC)",,,Aromatic dicarboxylate,Ho,rare-earth nitrate salt(s); hydration not encoded in campaign key,nitrate,,3,EtOH/H2O (fractions not encoded in campaign key),,Acido acetico,10.0,80.0,18.0,,,,,,Automated solvothermal synthesis,Automated vial; exact geometry in source SI,19.491,,19.491,no solid product,,peer_reviewed_high_throughput_literature,Author-assigned HT-PXRD/CV campaign outcome,direct_machine_readable_campaign_key,v13_source_rare_earth_landscape.csv,SOURCE_VERIFIED_SINGLE_CURATION_PASS,False,"Evidence-only: absolute precursor amounts, ligand:metal ratio, and solvent volume are not encoded in the public campaign key.",0,Failed / no solid product,no solid product,Exact author label 'no solid product' -> class 0,False,False,False,Campaign key explicitly reports no solid product.
V13-REHT-0331,MG2-78-79,10.1039/d5sc09992g,10.5281/zenodo.17902549,https://doi.org/10.1039/d5sc09992g,https://doi.org/10.5281/zenodo.17902549,"Mapping the crystallization landscape of rare earth MOFs: a high-throughput investigation of structure, kinetics, and selectivity","PAIR::ho::phthalic acid (1,2-bdc)",,"phthalic acid (1,2-BDC)",,,Aromatic dicarboxylate,Ho,rare-earth nitrate salt(s); hydration not encoded in campaign key,nitrate,,3,EtOH/H2O (fractions not encoded in campaign key),,Acido acetico,10.0,80.0,18.0,,,,,,Automated solvothermal synthesis,Automated vial; exact geometry in source SI,19.498,19.498,19.498,no solid product,,peer_reviewed_high_throughput_literature,Author-assigned HT-PXRD/CV campaign outcome,direct_machine_readable_campaign_key,v13_source_rare_earth_landscape.csv,SOURCE_VERIFIED_SINGLE_CURATION_PASS,False,"Evidence-only: absolute precursor amounts, ligand:metal ratio, and solvent volume are not encoded in the public campaign key.",0,Failed / no solid product,no solid product,Exact author label 'no solid product' -> class 0,False,False,False,Campaign key explicitly reports no solid product.
V13-REHT-0332,MG2-78-80,10.1039/d5sc09992g,10.5281/zenodo.17902549,https://doi.org/10.1039/d5sc09992g,https://doi.org/10.5281/zenodo.17902549,"Mapping the crystallization landscape of rare earth MOFs: a high-throughput investigation of structure, kinetics, and selectivity","PAIR::ho::isophthalic acid (1,3-bdc)",,"isophthalic acid (1,3-BDC)",,,Aromatic dicarboxylate,Ho,rare-earth nitrate salt(s); hydration not encoded in campaign key,nitrate,,3,EtOH/H2O (fractions not encoded in campaign key),,Acido acetico,10.0,80.0,18.0,,,,,,Automated solvothermal synthesis,Automated vial; exact geometry in source SI,19.504,,19.504,no solid product,,peer_reviewed_high_throughput_literature,Author-assigned HT-PXRD/CV campaign outcome,direct_machine_readable_campaign_key,v13_source_rare_earth_landscape.csv,SOURCE_VERIFIED_SINGLE_CURATION_PASS,False,"Evidence-only: absolute precursor amounts, ligand:metal ratio, and solvent volume are not encoded in the public campaign key.",0,Failed / no solid product,no solid product,Exact author label 'no solid product' -> class 0,False,False,False,Campaign key explicitly reports no solid product.
V13-REHT-0337,MG2-79-01,10.1039/d5sc09992g,10.5281/zenodo.17902549,https://doi.org/10.1039/d5sc09992g,https://doi.org/10.5281/zenodo.17902549,"Mapping the crystallization landscape of rare earth MOFs: a high-throughput investigation of structure, kinetics, and selectivity","PAIR::er::terephthalic acid (1,4-bdc)",,"terephthalic acid (1,4-BDC)",,,Aromatic dicarboxylate,Er,rare-earth nitrate salt(s); hydration not encoded in campaign key,nitrate,,3,EtOH/H2O (fractions not encoded in campaign key),,Nessuno,0.0,80.0,18.0,,,,,,Automated solvothermal synthesis,Automated vial; exact geometry in source SI,1.997,0.0,0.0,no solid product,,peer_reviewed_high_throughput_literature,Author-assigned HT-PXRD/CV campaign outcome,direct_machine_readable_campaign_key,v13_source_rare_earth_landscape.csv,SOURCE_VERIFIED_SINGLE_CURATION_PASS,False,"Evidence-only: absolute precursor amounts, ligand:metal ratio, and solvent volume are not encoded in the public campaign key.",0,Failed / no solid product,no solid product,Exact author label 'no solid product' -> class 0,False,False,False,Campaign key explicitly reports no solid product.
V13-REHT-0338,MG2-79-02,10.1039/d5sc09992g,10.5281/zenodo.17902549,https://doi.org/10.1039/d5sc09992g,https://doi.org/10.5281/zenodo.17902549,"Mapping the crystallization landscape of rare earth MOFs: a high-throughput investigation of structure, kinetics, and selectivity","PAIR::er::phthalic acid (1,2-bdc)",,"phthalic acid (1,2-BDC)",,,Aromatic dicarboxylate,Er,rare-earth nitrate salt(s); hydration not encoded in campaign key,nitrate,,3,EtOH/H2O (fractions not encoded in campaign key),,Nessuno,0.0,80.0,18.0,,,,,,Automated solvothermal synthesis,Automated vial; exact geometry in source SI,19.004,0.538,0.538,no solid product,,peer_reviewed_high_throughput_literature,Author-assigned HT-PXRD/CV campaign outcome,direct_machine_readable_campaign_key,v13_source_rare_earth_landscape.csv,SOURCE_VERIFIED_SINGLE_CURATION_PASS,False,"Evidence-only: absolute precursor amounts, ligand:metal ratio, and solvent volume are not encoded in the public campaign key.",0,Failed / no solid product,no solid product,Exact author label 'no solid product' -> class 0,False,False,False,Campaign key explicitly reports no solid product.
V13-REHT-0339,MG2-79-03,10.1039/d5sc09992g,10.5281/zenodo.17902549,https://doi.org/10.1039/d5sc09992g,https://doi.org/10.5281/zenodo.17902549,"Mapping the crystallization landscape of rare earth MOFs: a high-throughput investigation of structure, kinetics, and selectivity","PAIR::er::isophthalic acid (1,3-bdc)",,"isophthalic acid (1,3-BDC)",,,Aromatic dicarboxylate,Er,rare-earth nitrate salt(s); hydration not encoded in campaign key,nitrate,,3,EtOH/H2O (fractions not encoded in campaign key),,Nessuno,0.0,80.0,18.0,,,,,,Automated solvothermal synthesis,Automated vial; exact geometry in source SI,19.01,,19.01,no solid product,,peer_reviewed_high_throughput_literature,Author-assigned HT-PXRD/CV campaign outcome,direct_machine_readable_campaign_key,v13_source_rare_earth_landscape.csv,SOURCE_VERIFIED_SINGLE_CURATION_PASS,False,"Evidence-only: absolute precursor amounts, ligand:metal ratio, and solvent volume are not encoded in the public campaign key.",0,Failed / no solid product,no solid product,Exact author label 'no solid product' -> class 0,False,False,False,Campaign key explicitly reports no solid product.
V13-REHT-0344,MG2-79-08,10.1039/d5sc09992g,10.5281/zenodo.17902549,https://doi.org/10.1039/d5sc09992g,https://doi.org/10.5281/zenodo.17902549,"Mapping the crystallization landscape of rare earth MOFs: a high-throughput investigation of structure, kinetics, and selectivity","PAIR::er::terephthalic acid (1,4-bdc)",,"terephthalic acid (1,4-BDC)",,,Aromatic dicarboxylate,Er,rare-earth nitrate salt(s); hydration not encoded in campaign key,nitrate,,3,EtOH/H2O (fractions not encoded in campaign key),,Acido acetico,2.0,80.0,18.0,,,,,,Automated solvothermal synthesis,Automated vial; exact geometry in source SI,,,,no solid product,,peer_reviewed_high_throughput_literature,Author-assigned HT-PXRD/CV campaign outcome,direct_machine_readable_campaign_key,v13_source_rare_earth_landscape.csv,SOURCE_VERIFIED_SINGLE_CURATION_PASS,False,"Evidence-only: absolute precursor amounts, ligand:metal ratio, and solvent volume are not encoded in the public campaign key.",0,Failed / no solid product,no solid product,Exact author label 'no solid product' -> class 0,False,False,False,Campaign key explicitly reports no solid product.
V13-REHT-0345,MG2-79-09,10.1039/d5sc09992g,10.5281/zenodo.17902549,https://doi.org/10.1039/d5sc09992g,https://doi.org/10.5281/zenodo.17902549,"Mapping the crystallization landscape of rare earth MOFs: a high-throughput investigation of structure, kinetics, and selectivity","PAIR::er::phthalic acid (1,2-bdc)",,"phthalic acid (1,2-BDC)",,,Aromatic dicarboxylate,Er,rare-earth nitrate salt(s); hydration not encoded in campaign key,nitrate,,3,EtOH/H2O (fractions not encoded in campaign key),,Acido acetico,2.0,80.0,18.0,,,,,,Automated solvothermal synthesis,Automated vial; exact geometry in source SI,,,,no solid product,,peer_reviewed_high_throughput_literature,Author-assigned HT-PXRD/CV campaign outcome,direct_machine_readable_campaign_key,v13_source_rare_earth_landscape.csv,SOURCE_VERIFIED_SINGLE_CURATION_PASS,False,"Evidence-only: absolute precursor amounts, ligand:metal ratio, and solvent volume are not encoded in the public campaign key.",0,Failed / no solid product,no solid product,Exact author label 'no solid product' -> class 0,False,False,False,Campaign key explicitly reports no solid product.
V13-REHT-0346,MG2-79-10,10.1039/d5sc09992g,10.5281/zenodo.17902549,https://doi.org/10.1039/d5sc09992g,https://doi.org/10.5281/zenodo.17902549,"Mapping the crystallization landscape of rare earth MOFs: a high-throughput investigation of structure, kinetics, and selectivity","PAIR::er::isophthalic acid (1,3-bdc)",,"isophthalic acid (1,3-BDC)",,,Aromatic dicarboxylate,Er,rare-earth nitrate salt(s); hydration not encoded in campaign key,nitrate,,3,EtOH/H2O (fractions not encoded in campaign key),,Acido acetico,2.0,80.0,18.0,,,,,,Automated solvothermal synthesis,Automated vial; exact geometry in source SI,,,,no solid product,,peer_reviewed_high_throughput_literature,Author-assigned HT-PXRD/CV campaign outcome,direct_machine_readable_campaign_key,v13_source_rare_earth_landscape.csv,SOURCE_VERIFIED_SINGLE_CURATION_PASS,False,"Evidence-only: absolute precursor amounts, ligand:metal ratio, and solvent volume are not encoded in the public campaign key.",0,Failed / no solid product,no solid product,Exact author label 'no solid product' -> class 0,False,False,False,Campaign key explicitly reports no solid product.
V13-REHT-0351,MG2-79-15,10.1039/d5sc09992g,10.5281/zenodo.17902549,https://doi.org/10.1039/d5sc09992g,https://doi.org/10.5281/zenodo.17902549,"Mapping the crystallization landscape of rare earth MOFs: a high-throughput investigation of structure, kinetics, and selectivity","PAIR::er::terephthalic acid (1,4-bdc)",,"terephthalic acid (1,4-BDC)",,,Aromatic dicarboxylate,Er,rare-earth nitrate salt(s); hydration not encoded in campaign key,nitrate,,3,EtOH/H2O (fractions not encoded in campaign key),,Acido acetico,5.0,80.0,18.0,,,,,,Automated solvothermal synthesis,Automated vial; exact geometry in source SI,,,,no solid product,,peer_reviewed_high_throughput_literature,Author-assigned HT-PXRD/CV campaign outcome,direct_machine_readable_campaign_key,v13_source_rare_earth_landscape.csv,SOURCE_VERIFIED_SINGLE_CURATION_PASS,False,"Evidence-only: absolute precursor amounts, ligand:metal ratio, and solvent volume are not encoded in the public campaign key.",0,Failed / no solid product,no solid product,Exact author label 'no solid product' -> class 0,False,False,False,Campaign key explicitly reports no solid product.
V13-REHT-0352,MG2-79-16,10.1039/d5sc09992g,10.5281/zenodo.17902549,https://doi.org/10.1039/d5sc09992g,https://doi.org/10.5281/zenodo.17902549,"Mapping the crystallization landscape of rare earth MOFs: a high-throughput investigation of structure, kinetics, and selectivity","PAIR::er::phthalic acid (1,2-bdc)",,"phthalic acid (1,2-BDC)",,,Aromatic dicarboxylate,Er,rare-earth nitrate salt(s); hydration not encoded in campaign key,nitrate,,3,EtOH/H2O (fractions not encoded in campaign key),,Acido acetico,5.0,80.0,18.0,,,,,,Automated solvothermal synthesis,Automated vial; exact geometry in source SI,0.094,0.624,0.094,no solid product,,peer_reviewed_high_throughput_literature,Author-assigned HT-PXRD/CV campaign outcome,direct_machine_readable_campaign_key,v13_source_rare_earth_landscape.csv,SOURCE_VERIFIED_SINGLE_CURATION_PASS,False,"Evidence-only: absolute precursor amounts, ligand:metal ratio, and solvent volume are not encoded in the public campaign key.",0,Failed / no solid product,no solid product,Exact author label 'no solid product' -> class 0,False,False,False,Campaign key explicitly reports no solid product.
V13-REHT-0353,MG2-79-17,10.1039/d5sc09992g,10.5281/zenodo.17902549,https://doi.org/10.1039/d5sc09992g,https://doi.org/10.5281/zenodo.17902549,"Mapping the crystallization landscape of rare earth MOFs: a high-throughput investigation of structure, kinetics, and selectivity","PAIR::er::isophthalic acid (1,3-bdc)",,"isophthalic acid (1,3-BDC)",,,Aromatic dicarboxylate,Er,rare-earth nitrate salt(s); hydration not encoded in campaign key,nitrate,,3,EtOH/H2O (fractions not encoded in campaign key),,Acido acetico,5.0,80.0,18.0,,,,,,Automated solvothermal synthesis,Automated vial; exact geometry in source SI,,0.1,0.1,no solid product,,peer_reviewed_high_throughput_literature,Author-assigned HT-PXRD/CV campaign outcome,direct_machine_readable_campaign_key,v13_source_rare_earth_landscape.csv,SOURCE_VERIFIED_SINGLE_CURATION_PASS,False,"Evidence-only: absolute precursor amounts, ligand:metal ratio, and solvent volume are not encoded in the public campaign key.",0,Failed / no solid product,no solid product,Exact author label 'no solid product' -> class 0,False,False,False,Campaign key explicitly reports no solid product.
V13-REHT-0358,MG2-79-22,10.1039/d5sc09992g,10.5281/zenodo.17902549,https://doi.org/10.1039/d5sc09992g,https://doi.org/10.5281/zenodo.17902549,"Mapping the crystallization landscape of rare earth MOFs: a high-throughput investigation of structure, kinetics, and selectivity","PAIR::er::terephthalic acid (1,4-bdc)",,"terephthalic acid (1,4-BDC)",,,Aromatic dicarboxylate,Er,rare-earth nitrate salt(s); hydration not encoded in campaign key,nitrate,,3,EtOH/H2O (fractions not encoded in campaign key),,Acido acetico,10.0,80.0,18.0,,,,,,Automated solvothermal synthesis,Automated vial; exact geometry in source SI,19.127,,19.127,no solid product,,peer_reviewed_high_throughput_literature,Author-assigned HT-PXRD/CV campaign outcome,direct_machine_readable_campaign_key,v13_source_rare_earth_landscape.csv,SOURCE_VERIFIED_SINGLE_CURATION_PASS,False,"Evidence-only: absolute precursor amounts, ligand:metal ratio, and solvent volume are not encoded in the public campaign key.",0,Failed / no solid product,no solid product,Exact author label 'no solid product' -> class 0,False,False,False,Campaign key explicitly reports no solid product.
V13-REHT-0359,MG2-79-23,10.1039/d5sc09992g,10.5281/zenodo.17902549,https://doi.org/10.1039/d5sc09992g,https://doi.org/10.5281/zenodo.17902549,"Mapping the crystallization landscape of rare earth MOFs: a high-throughput investigation of structure, kinetics, and selectivity","PAIR::er::phthalic acid (1,2-bdc)",,"phthalic acid (1,2-BDC)",,,Aromatic dicarboxylate,Er,rare-earth nitrate salt(s); hydration not encoded in campaign key,nitrate,,3,EtOH/H2O (fractions not encoded in campaign key),,Acido acetico,10.0,80.0,18.0,,,,,,Automated solvothermal synthesis,Automated vial; exact geometry in source SI,19.133,10.133,10.133,no solid product,,peer_reviewed_high_throughput_literature,Author-assigned HT-PXRD/CV campaign outcome,direct_machine_readable_campaign_key,v13_source_rare_earth_landscape.csv,SOURCE_VERIFIED_SINGLE_CURATION_PASS,False,"Evidence-only: absolute precursor amounts, ligand:metal ratio, and solvent volume are not encoded in the public campaign key.",0,Failed / no solid product,no solid product,Exact author label 'no solid product' -> class 0,False,False,False,Campaign key explicitly reports no solid product.
V13-REHT-0360,MG2-79-24,10.1039/d5sc09992g,10.5281/zenodo.17902549,https://doi.org/10.1039/d5sc09992g,https://doi.org/10.5281/zenodo.17902549,"Mapping the crystallization landscape of rare earth MOFs: a high-throughput investigation of structure, kinetics, and selectivity","PAIR::er::isophthalic acid (1,3-bdc)",,"isophthalic acid (1,3-BDC)",,,Aromatic dicarboxylate,Er,rare-earth nitrate salt(s); hydration not encoded in campaign key,nitrate,,3,EtOH/H2O (fractions not encoded in campaign key),,Acido acetico,10.0,80.0,18.0,,,,,,Automated solvothermal synthesis,Automated vial; exact geometry in source SI,,,,no solid product,,peer_reviewed_high_throughput_literature,Author-assigned HT-PXRD/CV campaign outcome,direct_machine_readable_campaign_key,v13_source_rare_earth_landscape.csv,SOURCE_VERIFIED_SINGLE_CURATION_PASS,False,"Evidence-only: absolute precursor amounts, ligand:metal ratio, and solvent volume are not encoded in the public campaign key.",0,Failed / no solid product,no solid product,Exact author label 'no solid product' -> class 0,False,False,False,Campaign key explicitly reports no solid product.
V13-REHT-0365,MG2-79-29,10.1039/d5sc09992g,10.5281/zenodo.17902549,https://doi.org/10.1039/d5sc09992g,https://doi.org/10.5281/zenodo.17902549,"Mapping the crystallization landscape of rare earth MOFs: a high-throughput investigation of structure, kinetics, and selectivity","PAIR::tm::terephthalic acid (1,4-bdc)",,"terephthalic acid (1,4-BDC)",,,Aromatic dicarboxylate,Tm,rare-earth nitrate salt(s); hydration not encoded in campaign key,nitrate,,3,EtOH/H2O (fractions not encoded in campaign key),,Nessuno,0.0,80.0,18.0,,,,,,Automated solvothermal synthesis,Automated vial; exact geometry in source SI,,,,no solid product,,peer_reviewed_high_throughput_literature,Author-assigned HT-PXRD/CV campaign outcome,direct_machine_readable_campaign_key,v13_source_rare_earth_landscape.csv,SOURCE_VERIFIED_SINGLE_CURATION_PASS,False,"Evidence-only: absolute precursor amounts, ligand:metal ratio, and solvent volume are not encoded in the public campaign key.",0,Failed / no solid product,no solid product,Exact author label 'no solid product' -> class 0,False,False,False,Campaign key explicitly reports no solid product.
V13-REHT-0366,MG2-79-30,10.1039/d5sc09992g,10.5281/zenodo.17902549,https://doi.org/10.1039/d5sc09992g,https://doi.org/10.5281/zenodo.17902549,"Mapping the crystallization landscape of rare earth MOFs: a high-throughput investigation of structure, kinetics, and selectivity","PAIR::tm::phthalic acid (1,2-bdc)",,"phthalic acid (1,2-BDC)",,,Aromatic dicarboxylate,Tm,rare-earth nitrate salt(s); hydration not encoded in campaign key,nitrate,,3,EtOH/H2O (fractions not encoded in campaign key),,Nessuno,0.0,80.0,18.0,,,,,,Automated solvothermal synthesis,Automated vial; exact geometry in source SI,,,,no solid product,,peer_reviewed_high_throughput_literature,Author-assigned HT-PXRD/CV campaign outcome,direct_machine_readable_campaign_key,v13_source_rare_earth_landscape.csv,SOURCE_VERIFIED_SINGLE_CURATION_PASS,False,"Evidence-only: absolute precursor amounts, ligand:metal ratio, and solvent volume are not encoded in the public campaign key.",0,Failed / no solid product,no solid product,Exact author label 'no solid product' -> class 0,False,False,False,Campaign key explicitly reports no solid product.
V13-REHT-0367,MG2-79-31,10.1039/d5sc09992g,10.5281/zenodo.17902549,https://doi.org/10.1039/d5sc09992g,https://doi.org/10.5281/zenodo.17902549,"Mapping the crystallization landscape of rare earth MOFs: a high-throughput investigation of structure, kinetics, and selectivity","PAIR::tm::isophthalic acid (1,3-bdc)",,"isophthalic acid (1,3-BDC)",,,Aromatic dicarboxylate,Tm,rare-earth nitrate salt(s); hydration not encoded in campaign key,nitrate,,3,EtOH/H2O (fractions not encoded in campaign key),,Nessuno,0.0,80.0,18.0,,,,,,Automated solvothermal synthesis,Automated vial; exact geometry in source SI,,,,no solid product,,peer_reviewed_high_throughput_literature,Author-assigned HT-PXRD/CV campaign outcome,direct_machine_readable_campaign_key,v13_source_rare_earth_landscape.csv,SOURCE_VERIFIED_SINGLE_CURATION_PASS,False,"Evidence-only: absolute precursor amounts, ligand:metal ratio, and solvent volume are not encoded in the public campaign key.",0,Failed / no solid product,no solid product,Exact author label 'no solid product' -> class 0,False,False,False,Campaign key explicitly reports no solid product.
V13-REHT-0372,MG2-79-36,10.1039/d5sc09992g,10.5281/zenodo.17902549,https://doi.org/10.1039/d5sc09992g,https://doi.org/10.5281/zenodo.17902549,"Mapping the crystallization landscape of rare earth MOFs: a high-throughput investigation of structure, kinetics, and selectivity","PAIR::tm::terephthalic acid (1,4-bdc)",,"terephthalic acid (1,4-BDC)",,,Aromatic dicarboxylate,Tm,rare-earth nitrate salt(s); hydration not encoded in campaign key,nitrate,,3,EtOH/H2O (fractions not encoded in campaign key),,Acido acetico,2.0,80.0,18.0,,,,,,Automated solvothermal synthesis,Automated vial; exact geometry in source SI,,,,no solid product,,peer_reviewed_high_throughput_literature,Author-assigned HT-PXRD/CV campaign outcome,direct_machine_readable_campaign_key,v13_source_rare_earth_landscape.csv,SOURCE_VERIFIED_SINGLE_CURATION_PASS,False,"Evidence-only: absolute precursor amounts, ligand:metal ratio, and solvent volume are not encoded in the public campaign key.",0,Failed / no solid product,no solid product,Exact author label 'no solid product' -> class 0,False,False,False,Campaign key explicitly reports no solid product.
V13-REHT-0373,MG2-79-37,10.1039/d5sc09992g,10.5281/zenodo.17902549,https://doi.org/10.1039/d5sc09992g,https://doi.org/10.5281/zenodo.17902549,"Mapping the crystallization landscape of rare earth MOFs: a high-throughput investigation of structure, kinetics, and selectivity","PAIR::tm::phthalic acid (1,2-bdc)",,"phthalic acid (1,2-BDC)",,,Aromatic dicarboxylate,Tm,rare-earth nitrate salt(s); hydration not encoded in campaign key,nitrate,,3,EtOH/H2O (fractions not encoded in campaign key),,Acido acetico,2.0,80.0,18.0,,,,,,Automated solvothermal synthesis,Automated vial; exact geometry in source SI,,,,no solid product,,peer_reviewed_high_throughput_literature,Author-assigned HT-PXRD/CV campaign outcome,direct_machine_readable_campaign_key,v13_source_rare_earth_landscape.csv,SOURCE_VERIFIED_SINGLE_CURATION_PASS,False,"Evidence-only: absolute precursor amounts, ligand:metal ratio, and solvent volume are not encoded in the public campaign key.",0,Failed / no solid product,no solid product,Exact author label 'no solid product' -> class 0,False,False,False,Campaign key explicitly reports no solid product.
V13-REHT-0374,MG2-79-38,10.1039/d5sc09992g,10.5281/zenodo.17902549,https://doi.org/10.1039/d5sc09992g,https://doi.org/10.5281/zenodo.17902549,"Mapping the crystallization landscape of rare earth MOFs: a high-throughput investigation of structure, kinetics, and selectivity","PAIR::tm::isophthalic acid (1,3-bdc)",,"isophthalic acid (1,3-BDC)",,,Aromatic dicarboxylate,Tm,rare-earth nitrate salt(s); hydration not encoded in campaign key,nitrate,,3,EtOH/H2O (fractions not encoded in campaign key),,Acido acetico,2.0,80.0,18.0,,,,,,Automated solvothermal synthesis,Automated vial; exact geometry in source SI,,,,no solid product,,peer_reviewed_high_throughput_literature,Author-assigned HT-PXRD/CV campaign outcome,direct_machine_readable_campaign_key,v13_source_rare_earth_landscape.csv,SOURCE_VERIFIED_SINGLE_CURATION_PASS,False,"Evidence-only: absolute precursor amounts, ligand:metal ratio, and solvent volume are not encoded in the public campaign key.",0,Failed / no solid product,no solid product,Exact author label 'no solid product' -> class 0,False,False,False,Campaign key explicitly reports no solid product.
V13-REHT-0379,MG2-79-43,10.1039/d5sc09992g,10.5281/zenodo.17902549,https://doi.org/10.1039/d5sc09992g,https://doi.org/10.5281/zenodo.17902549,"Mapping the crystallization landscape of rare earth MOFs: a high-throughput investigation of structure, kinetics, and selectivity","PAIR::tm::terephthalic acid (1,4-bdc)",,"terephthalic acid (1,4-BDC)",,,Aromatic dicarboxylate,Tm,rare-earth nitrate salt(s); hydration not encoded in campaign key,nitrate,,3,EtOH/H2O (fractions not encoded in campaign key),,Acido acetico,5.0,80.0,18.0,,,,,,Automated solvothermal synthesis,Automated vial; exact geometry in source SI,19.256,,19.256,no solid product,,peer_reviewed_high_throughput_literature,Author-assigned HT-PXRD/CV campaign outcome,direct_machine_readable_campaign_key,v13_source_rare_earth_landscape.csv,SOURCE_VERIFIED_SINGLE_CURATION_PASS,False,"Evidence-only: absolute precursor amounts, ligand:metal ratio, and solvent volume are not encoded in the public campaign key.",0,Failed / no solid product,no solid product,Exact author label 'no solid product' -> class 0,False,False,False,Campaign key explicitly reports no solid product.
V13-REHT-0380,MG2-79-44,10.1039/d5sc09992g,10.5281/zenodo.17902549,https://doi.org/10.1039/d5sc09992g,https://doi.org/10.5281/zenodo.17902549,"Mapping the crystallization landscape of rare earth MOFs: a high-throughput investigation of structure, kinetics, and selectivity","PAIR::tm::phthalic acid (1,2-bdc)",,"phthalic acid (1,2-BDC)",,,Aromatic dicarboxylate,Tm,rare-earth nitrate salt(s); hydration not encoded in campaign key,nitrate,,3,EtOH/H2O (fractions not encoded in campaign key),,Acido acetico,5.0,80.0,18.0,,,,,,Automated solvothermal synthesis,Automated vial; exact geometry in source SI,19.262,,19.262,no solid product,,peer_reviewed_high_throughput_literature,Author-assigned HT-PXRD/CV campaign outcome,direct_machine_readable_campaign_key,v13_source_rare_earth_landscape.csv,SOURCE_VERIFIED_SINGLE_CURATION_PASS,False,"Evidence-only: absolute precursor amounts, ligand:metal ratio, and solvent volume are not encoded in the public campaign key.",0,Failed / no solid product,no solid product,Exact author label 'no solid product' -> class 0,False,False,False,Campaign key explicitly reports no solid product.
V13-REHT-0381,MG2-79-45,10.1039/d5sc09992g,10.5281/zenodo.17902549,https://doi.org/10.1039/d5sc09992g,https://doi.org/10.5281/zenodo.17902549,"Mapping the crystallization landscape of rare earth MOFs: a high-throughput investigation of structure, kinetics, and selectivity","PAIR::tm::isophthalic acid (1,3-bdc)",,"isophthalic acid (1,3-BDC)",,,Aromatic dicarboxylate,Tm,rare-earth nitrate salt(s); hydration not encoded in campaign key,nitrate,,3,EtOH/H2O (fractions not encoded in campaign key),,Acido acetico,5.0,80.0,18.0,,,,,,Automated solvothermal synthesis,Automated vial; exact geometry in source SI,19.268,,19.268,no solid product,,peer_reviewed_high_throughput_literature,Author-assigned HT-PXRD/CV campaign outcome,direct_machine_readable_campaign_key,v13_source_rare_earth_landscape.csv,SOURCE_VERIFIED_SINGLE_CURATION_PASS,False,"Evidence-only: absolute precursor amounts, ligand:metal ratio, and solvent volume are not encoded in the public campaign key.",0,Failed / no solid product,no solid product,Exact author label 'no solid product' -> class 0,False,False,False,Campaign key explicitly reports no solid product.
V13-REHT-0386,MG2-79-50,10.1039/d5sc09992g,10.5281/zenodo.17902549,https://doi.org/10.1039/d5sc09992g,https://doi.org/10.5281/zenodo.17902549,"Mapping the crystallization landscape of rare earth MOFs: a high-throughput investigation of structure, kinetics, and selectivity","PAIR::tm::terephthalic acid (1,4-bdc)",,"terephthalic acid (1,4-BDC)",,,Aromatic dicarboxylate,Tm,rare-earth nitrate salt(s); hydration not encoded in campaign key,nitrate,,3,EtOH/H2O (fractions not encoded in campaign key),,Acido acetico,10.0,80.0,18.0,,,,,,Automated solvothermal synthesis,Automated vial; exact geometry in source SI,19.299,,19.299,no solid product,,peer_reviewed_high_throughput_literature,Author-assigned HT-PXRD/CV campaign outcome,direct_machine_readable_campaign_key,v13_source_rare_earth_landscape.csv,SOURCE_VERIFIED_SINGLE_CURATION_PASS,False,"Evidence-only: absolute precursor amounts, ligand:metal ratio, and solvent volume are not encoded in the public campaign key.",0,Failed / no solid product,no solid product,Exact author label 'no solid product' -> class 0,False,False,False,Campaign key explicitly reports no solid product.
V13-REHT-0387,MG2-79-51,10.1039/d5sc09992g,10.5281/zenodo.17902549,https://doi.org/10.1039/d5sc09992g,https://doi.org/10.5281/zenodo.17902549,"Mapping the crystallization landscape of rare earth MOFs: a high-throughput investigation of structure, kinetics, and selectivity","PAIR::tm::phthalic acid (1,2-bdc)",,"phthalic acid (1,2-BDC)",,,Aromatic dicarboxylate,Tm,rare-earth nitrate salt(s); hydration not encoded in campaign key,nitrate,,3,EtOH/H2O (fractions not encoded in campaign key),,Acido acetico,10.0,80.0,18.0,,,,,,Automated solvothermal synthesis,Automated vial; exact geometry in source SI,19.305,,19.305,no solid product,,peer_reviewed_high_throughput_literature,Author-assigned HT-PXRD/CV campaign outcome,direct_machine_readable_campaign_key,v13_source_rare_earth_landscape.csv,SOURCE_VERIFIED_SINGLE_CURATION_PASS,False,"Evidence-only: absolute precursor amounts, ligand:metal ratio, and solvent volume are not encoded in the public campaign key.",0,Failed / no solid product,no solid product,Exact author label 'no solid product' -> class 0,False,False,False,Campaign key explicitly reports no solid product.
V13-REHT-0388,MG2-79-52,10.1039/d5sc09992g,10.5281/zenodo.17902549,https://doi.org/10.1039/d5sc09992g,https://doi.org/10.5281/zenodo.17902549,"Mapping the crystallization landscape of rare earth MOFs: a high-throughput investigation of structure, kinetics, and selectivity","PAIR::tm::isophthalic acid (1,3-bdc)",,"isophthalic acid (1,3-BDC)",,,Aromatic dicarboxylate,Tm,rare-earth nitrate salt(s); hydration not encoded in campaign key,nitrate,,3,EtOH/H2O (fractions not encoded in campaign key),,Acido acetico,10.0,80.0,18.0,,,,,,Automated solvothermal synthesis,Automated vial; exact geometry in source SI,,,,no solid product,,peer_reviewed_high_throughput_literature,Author-assigned HT-PXRD/CV campaign outcome,direct_machine_readable_campaign_key,v13_source_rare_earth_landscape.csv,SOURCE_VERIFIED_SINGLE_CURATION_PASS,False,"Evidence-only: absolute precursor amounts, ligand:metal ratio, and solvent volume are not encoded in the public campaign key.",0,Failed / no solid product,no solid product,Exact author label 'no solid product' -> class 0,False,False,False,Campaign key explicitly reports no solid product.
V13-REHT-0393,MG2-79-57,10.1039/d5sc09992g,10.5281/zenodo.17902549,https://doi.org/10.1039/d5sc09992g,https://doi.org/10.5281/zenodo.17902549,"Mapping the crystallization landscape of rare earth MOFs: a high-throughput investigation of structure, kinetics, and selectivity","PAIR::yb::terephthalic acid (1,4-bdc)",,"terephthalic acid (1,4-BDC)",,,Aromatic dicarboxylate,Yb,rare-earth nitrate salt(s); hydration not encoded in campaign key,nitrate,,3,EtOH/H2O (fractions not encoded in campaign key),,Nessuno,0.0,80.0,18.0,,,,,,Automated solvothermal synthesis,Automated vial; exact geometry in source SI,,,,no solid product,,peer_reviewed_high_throughput_literature,Author-assigned HT-PXRD/CV campaign outcome,direct_machine_readable_campaign_key,v13_source_rare_earth_landscape.csv,SOURCE_VERIFIED_SINGLE_CURATION_PASS,False,"Evidence-only: absolute precursor amounts, ligand:metal ratio, and solvent volume are not encoded in the public campaign key.",0,Failed / no solid product,no solid product,Exact author label 'no solid product' -> class 0,False,False,False,Campaign key explicitly reports no solid product.
V13-REHT-0394,MG2-79-58,10.1039/d5sc09992g,10.5281/zenodo.17902549,https://doi.org/10.1039/d5sc09992g,https://doi.org/10.5281/zenodo.17902549,"Mapping the crystallization landscape of rare earth MOFs: a high-throughput investigation of structure, kinetics, and selectivity","PAIR::yb::phthalic acid (1,2-bdc)",,"phthalic acid (1,2-BDC)",,,Aromatic dicarboxylate,Yb,rare-earth nitrate salt(s); hydration not encoded in campaign key,nitrate,,3,EtOH/H2O (fractions not encoded in campaign key),,Nessuno,0.0,80.0,18.0,,,,,,Automated solvothermal synthesis,Automated vial; exact geometry in source SI,,,,no solid product,,peer_reviewed_high_throughput_literature,Author-assigned HT-PXRD/CV campaign outcome,direct_machine_readable_campaign_key,v13_source_rare_earth_landscape.csv,SOURCE_VERIFIED_SINGLE_CURATION_PASS,False,"Evidence-only: absolute precursor amounts, ligand:metal ratio, and solvent volume are not encoded in the public campaign key.",0,Failed / no solid product,no solid product,Exact author label 'no solid product' -> class 0,False,False,False,Campaign key explicitly reports no solid product.
V13-REHT-0395,MG2-79-59,10.1039/d5sc09992g,10.5281/zenodo.17902549,https://doi.org/10.1039/d5sc09992g,https://doi.org/10.5281/zenodo.17902549,"Mapping the crystallization landscape of rare earth MOFs: a high-throughput investigation of structure, kinetics, and selectivity","PAIR::yb::isophthalic acid (1,3-bdc)",,"isophthalic acid (1,3-BDC)",,,Aromatic dicarboxylate,Yb,rare-earth nitrate salt(s); hydration not encoded in campaign key,nitrate,,3,EtOH/H2O (fractions not encoded in campaign key),,Nessuno,0.0,80.0,18.0,,,,,,Automated solvothermal synthesis,Automated vial; exact geometry in source SI,,,,no solid product,,peer_reviewed_high_throughput_literature,Author-assigned HT-PXRD/CV campaign outcome,direct_machine_readable_campaign_key,v13_source_rare_earth_landscape.csv,SOURCE_VERIFIED_SINGLE_CURATION_PASS,False,"Evidence-only: absolute precursor amounts, ligand:metal ratio, and solvent volume are not encoded in the public campaign key.",0,Failed / no solid product,no solid product,Exact author label 'no solid product' -> class 0,False,False,False,Campaign key explicitly reports no solid product.
V13-REHT-0400,MG2-79-64,10.1039/d5sc09992g,10.5281/zenodo.17902549,https://doi.org/10.1039/d5sc09992g,https://doi.org/10.5281/zenodo.17902549,"Mapping the crystallization landscape of rare earth MOFs: a high-throughput investigation of structure, kinetics, and selectivity","PAIR::yb::terephthalic acid (1,4-bdc)",,"terephthalic acid (1,4-BDC)",,,Aromatic dicarboxylate,Yb,rare-earth nitrate salt(s); hydration not encoded in campaign key,nitrate,,3,EtOH/H2O (fractions not encoded in campaign key),,Acido acetico,2.0,80.0,18.0,,,,,,Automated solvothermal synthesis,Automated vial; exact geometry in source SI,,,,no solid product,,peer_reviewed_high_throughput_literature,Author-assigned HT-PXRD/CV campaign outcome,direct_machine_readable_campaign_key,v13_source_rare_earth_landscape.csv,SOURCE_VERIFIED_SINGLE_CURATION_PASS,False,"Evidence-only: absolute precursor amounts, ligand:metal ratio, and solvent volume are not encoded in the public campaign key.",0,Failed / no solid product,no solid product,Exact author label 'no solid product' -> class 0,False,False,False,Campaign key explicitly reports no solid product.
V13-REHT-0401,MG2-79-65,10.1039/d5sc09992g,10.5281/zenodo.17902549,https://doi.org/10.1039/d5sc09992g,https://doi.org/10.5281/zenodo.17902549,"Mapping the crystallization landscape of rare earth MOFs: a high-throughput investigation of structure, kinetics, and selectivity","PAIR::yb::phthalic acid (1,2-bdc)",,"phthalic acid (1,2-BDC)",,,Aromatic dicarboxylate,Yb,rare-earth nitrate salt(s); hydration not encoded in campaign key,nitrate,,3,EtOH/H2O (fractions not encoded in campaign key),,Acido acetico,2.0,80.0,18.0,,,,,,Automated solvothermal synthesis,Automated vial; exact geometry in source SI,,,,no solid product,,peer_reviewed_high_throughput_literature,Author-assigned HT-PXRD/CV campaign outcome,direct_machine_readable_campaign_key,v13_source_rare_earth_landscape.csv,SOURCE_VERIFIED_SINGLE_CURATION_PASS,False,"Evidence-only: absolute precursor amounts, ligand:metal ratio, and solvent volume are not encoded in the public campaign key.",0,Failed / no solid product,no solid product,Exact author label 'no solid product' -> class 0,False,False,False,Campaign key explicitly reports no solid product.
V13-REHT-0402,MG2-79-66,10.1039/d5sc09992g,10.5281/zenodo.17902549,https://doi.org/10.1039/d5sc09992g,https://doi.org/10.5281/zenodo.17902549,"Mapping the crystallization landscape of rare earth MOFs: a high-throughput investigation of structure, kinetics, and selectivity","PAIR::yb::isophthalic acid (1,3-bdc)",,"isophthalic acid (1,3-BDC)",,,Aromatic dicarboxylate,Yb,rare-earth nitrate salt(s); hydration not encoded in campaign key,nitrate,,3,EtOH/H2O (fractions not encoded in campaign key),,Acido acetico,2.0,80.0,18.0,,,,,,Automated solvothermal synthesis,Automated vial; exact geometry in source SI,,,,no solid product,,peer_reviewed_high_throughput_literature,Author-assigned HT-PXRD/CV campaign outcome,direct_machine_readable_campaign_key,v13_source_rare_earth_landscape.csv,SOURCE_VERIFIED_SINGLE_CURATION_PASS,False,"Evidence-only: absolute precursor amounts, ligand:metal ratio, and solvent volume are not encoded in the public campaign key.",0,Failed / no solid product,no solid product,Exact author label 'no solid product' -> class 0,False,False,False,Campaign key explicitly reports no solid product.
V13-REHT-0407,MG2-79-71,10.1039/d5sc09992g,10.5281/zenodo.17902549,https://doi.org/10.1039/d5sc09992g,https://doi.org/10.5281/zenodo.17902549,"Mapping the crystallization landscape of rare earth MOFs: a high-throughput investigation of structure, kinetics, and selectivity","PAIR::yb::terephthalic acid (1,4-bdc)",,"terephthalic acid (1,4-BDC)",,,Aromatic dicarboxylate,Yb,rare-earth nitrate salt(s); hydration not encoded in campaign key,nitrate,,3,EtOH/H2O (fractions not encoded in campaign key),,Acido acetico,5.0,80.0,18.0,,,,,,Automated solvothermal synthesis,Automated vial; exact geometry in source SI,,,,no solid product,,peer_reviewed_high_throughput_literature,Author-assigned HT-PXRD/CV campaign outcome,direct_machine_readable_campaign_key,v13_source_rare_earth_landscape.csv,SOURCE_VERIFIED_SINGLE_CURATION_PASS,False,"Evidence-only: absolute precursor amounts, ligand:metal ratio, and solvent volume are not encoded in the public campaign key.",0,Failed / no solid product,no solid product,Exact author label 'no solid product' -> class 0,False,False,False,Campaign key explicitly reports no solid product.
V13-REHT-0408,MG2-79-72,10.1039/d5sc09992g,10.5281/zenodo.17902549,https://doi.org/10.1039/d5sc09992g,https://doi.org/10.5281/zenodo.17902549,"Mapping the crystallization landscape of rare earth MOFs: a high-throughput investigation of structure, kinetics, and selectivity","PAIR::yb::phthalic acid (1,2-bdc)",,"phthalic acid (1,2-BDC)",,,Aromatic dicarboxylate,Yb,rare-earth nitrate salt(s); hydration not encoded in campaign key,nitrate,,3,EtOH/H2O (fractions not encoded in campaign key),,Acido acetico,5.0,80.0,18.0,,,,,,Automated solvothermal synthesis,Automated vial; exact geometry in source SI,,,,no solid product,,peer_reviewed_high_throughput_literature,Author-assigned HT-PXRD/CV campaign outcome,direct_machine_readable_campaign_key,v13_source_rare_earth_landscape.csv,SOURCE_VERIFIED_SINGLE_CURATION_PASS,False,"Evidence-only: absolute precursor amounts, ligand:metal ratio, and solvent volume are not encoded in the public campaign key.",0,Failed / no solid product,no solid product,Exact author label 'no solid product' -> class 0,False,False,False,Campaign key explicitly reports no solid product.
V13-REHT-0409,MG2-79-73,10.1039/d5sc09992g,10.5281/zenodo.17902549,https://doi.org/10.1039/d5sc09992g,https://doi.org/10.5281/zenodo.17902549,"Mapping the crystallization landscape of rare earth MOFs: a high-throughput investigation of structure, kinetics, and selectivity","PAIR::yb::isophthalic acid (1,3-bdc)",,"isophthalic acid (1,3-BDC)",,,Aromatic dicarboxylate,Yb,rare-earth nitrate salt(s); hydration not encoded in campaign key,nitrate,,3,EtOH/H2O (fractions not encoded in campaign key),,Acido acetico,5.0,80.0,18.0,,,,,,Automated solvothermal synthesis,Automated vial; exact geometry in source SI,19.441,,19.441,no solid product,,peer_reviewed_high_throughput_literature,Author-assigned HT-PXRD/CV campaign outcome,direct_machine_readable_campaign_key,v13_source_rare_earth_landscape.csv,SOURCE_VERIFIED_SINGLE_CURATION_PASS,False,"Evidence-only: absolute precursor amounts, ligand:metal ratio, and solvent volume are not encoded in the public campaign key.",0,Failed / no solid product,no solid product,Exact author label 'no solid product' -> class 0,False,False,False,Campaign key explicitly reports no solid product.
V13-REHT-0414,MG2-79-78,10.1039/d5sc09992g,10.5281/zenodo.17902549,https://doi.org/10.1039/d5sc09992g,https://doi.org/10.5281/zenodo.17902549,"Mapping the crystallization landscape of rare earth MOFs: a high-throughput investigation of structure, kinetics, and selectivity","PAIR::yb::terephthalic acid (1,4-bdc)",,"terephthalic acid (1,4-BDC)",,,Aromatic dicarboxylate,Yb,rare-earth nitrate salt(s); hydration not encoded in campaign key,nitrate,,3,EtOH/H2O (fractions not encoded in campaign key),,Acido acetico,10.0,80.0,18.0,,,,,,Automated solvothermal synthesis,Automated vial; exact geometry in source SI,19.471,,19.471,no solid product,,peer_reviewed_high_throughput_literature,Author-assigned HT-PXRD/CV campaign outcome,direct_machine_readable_campaign_key,v13_source_rare_earth_landscape.csv,SOURCE_VERIFIED_SINGLE_CURATION_PASS,False,"Evidence-only: absolute precursor amounts, ligand:metal ratio, and solvent volume are not encoded in the public campaign key.",0,Failed / no solid product,no solid product,Exact author label 'no solid product' -> class 0,False,False,False,Campaign key explicitly reports no solid product.
V13-REHT-0415,MG2-79-79,10.1039/d5sc09992g,10.5281/zenodo.17902549,https://doi.org/10.1039/d5sc09992g,https://doi.org/10.5281/zenodo.17902549,"Mapping the crystallization landscape of rare earth MOFs: a high-throughput investigation of structure, kinetics, and selectivity","PAIR::yb::phthalic acid (1,2-bdc)",,"phthalic acid (1,2-BDC)",,,Aromatic dicarboxylate,Yb,rare-earth nitrate salt(s); hydration not encoded in campaign key,nitrate,,3,EtOH/H2O (fractions not encoded in campaign key),,Acido acetico,10.0,80.0,18.0,,,,,,Automated solvothermal synthesis,Automated vial; exact geometry in source SI,19.478,19.478,19.478,no solid product,,peer_reviewed_high_throughput_literature,Author-assigned HT-PXRD/CV campaign outcome,direct_machine_readable_campaign_key,v13_source_rare_earth_landscape.csv,SOURCE_VERIFIED_SINGLE_CURATION_PASS,False,"Evidence-only: absolute precursor amounts, ligand:metal ratio, and solvent volume are not encoded in the public campaign key.",0,Failed / no solid product,no solid product,Exact author label 'no solid product' -> class 0,False,False,False,Campaign key explicitly reports no solid product.
V13-REHT-0416,MG2-79-80,10.1039/d5sc09992g,10.5281/zenodo.17902549,https://doi.org/10.1039/d5sc09992g,https://doi.org/10.5281/zenodo.17902549,"Mapping the crystallization landscape of rare earth MOFs: a high-throughput investigation of structure, kinetics, and selectivity","PAIR::yb::isophthalic acid (1,3-bdc)",,"isophthalic acid (1,3-BDC)",,,Aromatic dicarboxylate,Yb,rare-earth nitrate salt(s); hydration not encoded in campaign key,nitrate,,3,EtOH/H2O (fractions not encoded in campaign key),,Acido acetico,10.0,80.0,18.0,,,,,,Automated solvothermal synthesis,Automated vial; exact geometry in source SI,19.483,,19.483,no solid product,,peer_reviewed_high_throughput_literature,Author-assigned HT-PXRD/CV campaign outcome,direct_machine_readable_campaign_key,v13_source_rare_earth_landscape.csv,SOURCE_VERIFIED_SINGLE_CURATION_PASS,False,"Evidence-only: absolute precursor amounts, ligand:metal ratio, and solvent volume are not encoded in the public campaign key.",0,Failed / no solid product,no solid product,Exact author label 'no solid product' -> class 0,False,False,False,Campaign key explicitly reports no solid product.
V13-REHT-0421,MG2-80-01,10.1039/d5sc09992g,10.5281/zenodo.17902549,https://doi.org/10.1039/d5sc09992g,https://doi.org/10.5281/zenodo.17902549,"Mapping the crystallization landscape of rare earth MOFs: a high-throughput investigation of structure, kinetics, and selectivity","PAIR::lu::terephthalic acid (1,4-bdc)",,"terephthalic acid (1,4-BDC)",,,Aromatic dicarboxylate,Lu,rare-earth nitrate salt(s); hydration not encoded in campaign key,nitrate,,3,EtOH/H2O (fractions not encoded in campaign key),,Nessuno,0.0,80.0,18.0,,,,,,Automated solvothermal synthesis,Automated vial; exact geometry in source SI,19.0,,19.0,no solid product,,peer_reviewed_high_throughput_literature,Author-assigned HT-PXRD/CV campaign outcome,direct_machine_readable_campaign_key,v13_source_rare_earth_landscape.csv,SOURCE_VERIFIED_SINGLE_CURATION_PASS,False,"Evidence-only: absolute precursor amounts, ligand:metal ratio, and solvent volume are not encoded in the public campaign key.",0,Failed / no solid product,no solid product,Exact author label 'no solid product' -> class 0,False,False,False,Campaign key explicitly reports no solid product.
V13-REHT-0422,MG2-80-02,10.1039/d5sc09992g,10.5281/zenodo.17902549,https://doi.org/10.1039/d5sc09992g,https://doi.org/10.5281/zenodo.17902549,"Mapping the crystallization landscape of rare earth MOFs: a high-throughput investigation of structure, kinetics, and selectivity","PAIR::lu::phthalic acid (1,2-bdc)",,"phthalic acid (1,2-BDC)",,,Aromatic dicarboxylate,Lu,rare-earth nitrate salt(s); hydration not encoded in campaign key,nitrate,,3,EtOH/H2O (fractions not encoded in campaign key),,Nessuno,0.0,80.0,18.0,,,,,,Automated solvothermal synthesis,Automated vial; exact geometry in source SI,,,,no solid product,,peer_reviewed_high_throughput_literature,Author-assigned HT-PXRD/CV campaign outcome,direct_machine_readable_campaign_key,v13_source_rare_earth_landscape.csv,SOURCE_VERIFIED_SINGLE_CURATION_PASS,False,"Evidence-only: absolute precursor amounts, ligand:metal ratio, and solvent volume are not encoded in the public campaign key.",0,Failed / no solid product,no solid product,Exact author label 'no solid product' -> class 0,False,False,False,Campaign key explicitly reports no solid product.
V13-REHT-0423,MG2-80-03,10.1039/d5sc09992g,10.5281/zenodo.17902549,https://doi.org/10.1039/d5sc09992g,https://doi.org/10.5281/zenodo.17902549,"Mapping the crystallization landscape of rare earth MOFs: a high-throughput investigation of structure, kinetics, and selectivity","PAIR::lu::isophthalic acid (1,3-bdc)",,"isophthalic acid (1,3-BDC)",,,Aromatic dicarboxylate,Lu,rare-earth nitrate salt(s); hydration not encoded in campaign key,nitrate,,3,EtOH/H2O (fractions not encoded in campaign key),,Nessuno,0.0,80.0,18.0,,,,,,Automated solvothermal synthesis,Automated vial; exact geometry in source SI,,,,no solid product,,peer_reviewed_high_throughput_literature,Author-assigned HT-PXRD/CV campaign outcome,direct_machine_readable_campaign_key,v13_source_rare_earth_landscape.csv,SOURCE_VERIFIED_SINGLE_CURATION_PASS,False,"Evidence-only: absolute precursor amounts, ligand:metal ratio, and solvent volume are not encoded in the public campaign key.",0,Failed / no solid product,no solid product,Exact author label 'no solid product' -> class 0,False,False,False,Campaign key explicitly reports no solid product.
V13-REHT-0428,MG2-80-08,10.1039/d5sc09992g,10.5281/zenodo.17902549,https://doi.org/10.1039/d5sc09992g,https://doi.org/10.5281/zenodo.17902549,"Mapping the crystallization landscape of rare earth MOFs: a high-throughput investigation of structure, kinetics, and selectivity","PAIR::lu::terephthalic acid (1,4-bdc)",,"terephthalic acid (1,4-BDC)",,,Aromatic dicarboxylate,Lu,rare-earth nitrate salt(s); hydration not encoded in campaign key,nitrate,,3,EtOH/H2O (fractions not encoded in campaign key),,Acido acetico,2.0,80.0,18.0,,,,,,Automated solvothermal synthesis,Automated vial; exact geometry in source SI,,,,no solid product,,peer_reviewed_high_throughput_literature,Author-assigned HT-PXRD/CV campaign outcome,direct_machine_readable_campaign_key,v13_source_rare_earth_landscape.csv,SOURCE_VERIFIED_SINGLE_CURATION_PASS,False,"Evidence-only: absolute precursor amounts, ligand:metal ratio, and solvent volume are not encoded in the public campaign key.",0,Failed / no solid product,no solid product,Exact author label 'no solid product' -> class 0,False,False,False,Campaign key explicitly reports no solid product.
V13-REHT-0429,MG2-80-09,10.1039/d5sc09992g,10.5281/zenodo.17902549,https://doi.org/10.1039/d5sc09992g,https://doi.org/10.5281/zenodo.17902549,"Mapping the crystallization landscape of rare earth MOFs: a high-throughput investigation of structure, kinetics, and selectivity","PAIR::lu::phthalic acid (1,2-bdc)",,"phthalic acid (1,2-BDC)",,,Aromatic dicarboxylate,Lu,rare-earth nitrate salt(s); hydration not encoded in campaign key,nitrate,,3,EtOH/H2O (fractions not encoded in campaign key),,Acido acetico,2.0,80.0,18.0,,,,,,Automated solvothermal synthesis,Automated vial; exact geometry in source SI,,,,no solid product,,peer_reviewed_high_throughput_literature,Author-assigned HT-PXRD/CV campaign outcome,direct_machine_readable_campaign_key,v13_source_rare_earth_landscape.csv,SOURCE_VERIFIED_SINGLE_CURATION_PASS,False,"Evidence-only: absolute precursor amounts, ligand:metal ratio, and solvent volume are not encoded in the public campaign key.",0,Failed / no solid product,no solid product,Exact author label 'no solid product' -> class 0,False,False,False,Campaign key explicitly reports no solid product.
V13-REHT-0430,MG2-80-10,10.1039/d5sc09992g,10.5281/zenodo.17902549,https://doi.org/10.1039/d5sc09992g,https://doi.org/10.5281/zenodo.17902549,"Mapping the crystallization landscape of rare earth MOFs: a high-throughput investigation of structure, kinetics, and selectivity","PAIR::lu::isophthalic acid (1,3-bdc)",,"isophthalic acid (1,3-BDC)",,,Aromatic dicarboxylate,Lu,rare-earth nitrate salt(s); hydration not encoded in campaign key,nitrate,,3,EtOH/H2O (fractions not encoded in campaign key),,Acido acetico,2.0,80.0,18.0,,,,,,Automated solvothermal synthesis,Automated vial; exact geometry in source SI,,,,no solid product,,peer_reviewed_high_throughput_literature,Author-assigned HT-PXRD/CV campaign outcome,direct_machine_readable_campaign_key,v13_source_rare_earth_landscape.csv,SOURCE_VERIFIED_SINGLE_CURATION_PASS,False,"Evidence-only: absolute precursor amounts, ligand:metal ratio, and solvent volume are not encoded in the public campaign key.",0,Failed / no solid product,no solid product,Exact author label 'no solid product' -> class 0,False,False,False,Campaign key explicitly reports no solid product.
V13-REHT-0435,MG2-80-15,10.1039/d5sc09992g,10.5281/zenodo.17902549,https://doi.org/10.1039/d5sc09992g,https://doi.org/10.5281/zenodo.17902549,"Mapping the crystallization landscape of rare earth MOFs: a high-throughput investigation of structure, kinetics, and selectivity","PAIR::lu::terephthalic acid (1,4-bdc)",,"terephthalic acid (1,4-BDC)",,,Aromatic dicarboxylate,Lu,rare-earth nitrate salt(s); hydration not encoded in campaign key,nitrate,,3,EtOH/H2O (fractions not encoded in campaign key),,Acido acetico,5.0,80.0,18.0,,,,,,Automated solvothermal synthesis,Automated vial; exact geometry in source SI,,,,no solid product,,peer_reviewed_high_throughput_literature,Author-assigned HT-PXRD/CV campaign outcome,direct_machine_readable_campaign_key,v13_source_rare_earth_landscape.csv,SOURCE_VERIFIED_SINGLE_CURATION_PASS,False,"Evidence-only: absolute precursor amounts, ligand:metal ratio, and solvent volume are not encoded in the public campaign key.",0,Failed / no solid product,no solid product,Exact author label 'no solid product' -> class 0,False,False,False,Campaign key explicitly reports no solid product.
V13-REHT-0436,MG2-80-16,10.1039/d5sc09992g,10.5281/zenodo.17902549,https://doi.org/10.1039/d5sc09992g,https://doi.org/10.5281/zenodo.17902549,"Mapping the crystallization landscape of rare earth MOFs: a high-throughput investigation of structure, kinetics, and selectivity","PAIR::lu::phthalic acid (1,2-bdc)",,"phthalic acid (1,2-BDC)",,,Aromatic dicarboxylate,Lu,rare-earth nitrate salt(s); hydration not encoded in campaign key,nitrate,,3,EtOH/H2O (fractions not encoded in campaign key),,Acido acetico,5.0,80.0,18.0,,,,,,Automated solvothermal synthesis,Automated vial; exact geometry in source SI,,,,no solid product,,peer_reviewed_high_throughput_literature,Author-assigned HT-PXRD/CV campaign outcome,direct_machine_readable_campaign_key,v13_source_rare_earth_landscape.csv,SOURCE_VERIFIED_SINGLE_CURATION_PASS,False,"Evidence-only: absolute precursor amounts, ligand:metal ratio, and solvent volume are not encoded in the public campaign key.",0,Failed / no solid product,no solid product,Exact author label 'no solid product' -> class 0,False,False,False,Campaign key explicitly reports no solid product.
V13-REHT-0437,MG2-80-17,10.1039/d5sc09992g,10.5281/zenodo.17902549,https://doi.org/10.1039/d5sc09992g,https://doi.org/10.5281/zenodo.17902549,"Mapping the crystallization landscape of rare earth MOFs: a high-throughput investigation of structure, kinetics, and selectivity","PAIR::lu::isophthalic acid (1,3-bdc)",,"isophthalic acid (1,3-BDC)",,,Aromatic dicarboxylate,Lu,rare-earth nitrate salt(s); hydration not encoded in campaign key,nitrate,,3,EtOH/H2O (fractions not encoded in campaign key),,Acido acetico,5.0,80.0,18.0,,,,,,Automated solvothermal synthesis,Automated vial; exact geometry in source SI,,19.098,19.098,no solid product,,peer_reviewed_high_throughput_literature,Author-assigned HT-PXRD/CV campaign outcome,direct_machine_readable_campaign_key,v13_source_rare_earth_landscape.csv,SOURCE_VERIFIED_SINGLE_CURATION_PASS,False,"Evidence-only: absolute precursor amounts, ligand:metal ratio, and solvent volume are not encoded in the public campaign key.",0,Failed / no solid product,no solid product,Exact author label 'no solid product' -> class 0,False,False,False,Campaign key explicitly reports no solid product.
V13-REHT-0442,MG2-80-22,10.1039/d5sc09992g,10.5281/zenodo.17902549,https://doi.org/10.1039/d5sc09992g,https://doi.org/10.5281/zenodo.17902549,"Mapping the crystallization landscape of rare earth MOFs: a high-throughput investigation of structure, kinetics, and selectivity","PAIR::lu::terephthalic acid (1,4-bdc)",,"terephthalic acid (1,4-BDC)",,,Aromatic dicarboxylate,Lu,rare-earth nitrate salt(s); hydration not encoded in campaign key,nitrate,,3,EtOH/H2O (fractions not encoded in campaign key),,Acido acetico,10.0,80.0,18.0,,,,,,Automated solvothermal synthesis,Automated vial; exact geometry in source SI,19.129,,19.129,no solid product,,peer_reviewed_high_throughput_literature,Author-assigned HT-PXRD/CV campaign outcome,direct_machine_readable_campaign_key,v13_source_rare_earth_landscape.csv,SOURCE_VERIFIED_SINGLE_CURATION_PASS,False,"Evidence-only: absolute precursor amounts, ligand:metal ratio, and solvent volume are not encoded in the public campaign key.",0,Failed / no solid product,no solid product,Exact author label 'no solid product' -> class 0,False,False,False,Campaign key explicitly reports no solid product.
V13-REHT-0443,MG2-80-23,10.1039/d5sc09992g,10.5281/zenodo.17902549,https://doi.org/10.1039/d5sc09992g,https://doi.org/10.5281/zenodo.17902549,"Mapping the crystallization landscape of rare earth MOFs: a high-throughput investigation of structure, kinetics, and selectivity","PAIR::lu::phthalic acid (1,2-bdc)",,"phthalic acid (1,2-BDC)",,,Aromatic dicarboxylate,Lu,rare-earth nitrate salt(s); hydration not encoded in campaign key,nitrate,,3,EtOH/H2O (fractions not encoded in campaign key),,Acido acetico,10.0,80.0,18.0,,,,,,Automated solvothermal synthesis,Automated vial; exact geometry in source SI,,,,no solid product,,peer_reviewed_high_throughput_literature,Author-assigned HT-PXRD/CV campaign outcome,direct_machine_readable_campaign_key,v13_source_rare_earth_landscape.csv,SOURCE_VERIFIED_SINGLE_CURATION_PASS,False,"Evidence-only: absolute precursor amounts, ligand:metal ratio, and solvent volume are not encoded in the public campaign key.",0,Failed / no solid product,no solid product,Exact author label 'no solid product' -> class 0,False,False,False,Campaign key explicitly reports no solid product.
V13-REHT-0444,MG2-80-24,10.1039/d5sc09992g,10.5281/zenodo.17902549,https://doi.org/10.1039/d5sc09992g,https://doi.org/10.5281/zenodo.17902549,"Mapping the crystallization landscape of rare earth MOFs: a high-throughput investigation of structure, kinetics, and selectivity","PAIR::lu::isophthalic acid (1,3-bdc)",,"isophthalic acid (1,3-BDC)",,,Aromatic dicarboxylate,Lu,rare-earth nitrate salt(s); hydration not encoded in campaign key,nitrate,,3,EtOH/H2O (fractions not encoded in campaign key),,Acido acetico,10.0,80.0,18.0,,,,,,Automated solvothermal synthesis,Automated vial; exact geometry in source SI,19.142,,19.142,no solid product,,peer_reviewed_high_throughput_literature,Author-assigned HT-PXRD/CV campaign outcome,direct_machine_readable_campaign_key,v13_source_rare_earth_landscape.csv,SOURCE_VERIFIED_SINGLE_CURATION_PASS,False,"Evidence-only: absolute precursor amounts, ligand:metal ratio, and solvent volume are not encoded in the public campaign key.",0,Failed / no solid product,no solid product,Exact author label 'no solid product' -> class 0,False,False,False,Campaign key explicitly reports no solid product.
V13-REHT-0449,MG2-81-01,10.1039/d5sc09992g,10.5281/zenodo.17902549,https://doi.org/10.1039/d5sc09992g,https://doi.org/10.5281/zenodo.17902549,"Mapping the crystallization landscape of rare earth MOFs: a high-throughput investigation of structure, kinetics, and selectivity","PAIR::sc::terephthalic acid (1,4-bdc)",,"terephthalic acid (1,4-BDC)",,,Aromatic dicarboxylate,Sc,rare-earth nitrate salt(s); hydration not encoded in campaign key,nitrate,,3,EtOH/H2O (fractions not encoded in campaign key),,Nessuno,0.0,60.0,18.0,,,,,,Automated solvothermal synthesis,Automated vial; exact geometry in source SI,0.0,0.52,0.0,no solid product,,peer_reviewed_high_throughput_literature,Author-assigned HT-PXRD/CV campaign outcome,direct_machine_readable_campaign_key,v13_source_rare_earth_landscape.csv,SOURCE_VERIFIED_SINGLE_CURATION_PASS,False,"Evidence-only: absolute precursor amounts, ligand:metal ratio, and solvent volume are not encoded in the public campaign key.",0,Failed / no solid product,no solid product,Exact author label 'no solid product' -> class 0,False,False,False,Campaign key explicitly reports no solid product.
V13-REHT-0450,MG2-81-02,10.1039/d5sc09992g,10.5281/zenodo.17902549,https://doi.org/10.1039/d5sc09992g,https://doi.org/10.5281/zenodo.17902549,"Mapping the crystallization landscape of rare earth MOFs: a high-throughput investigation of structure, kinetics, and selectivity","PAIR::sc::phthalic acid (1,2-bdc)",,"phthalic acid (1,2-BDC)",,,Aromatic dicarboxylate,Sc,rare-earth nitrate salt(s); hydration not encoded in campaign key,nitrate,,3,EtOH/H2O (fractions not encoded in campaign key),,Nessuno,0.0,60.0,18.0,,,,,,Automated solvothermal synthesis,Automated vial; exact geometry in source SI,,,,no solid product,,peer_reviewed_high_throughput_literature,Author-assigned HT-PXRD/CV campaign outcome,direct_machine_readable_campaign_key,v13_source_rare_earth_landscape.csv,SOURCE_VERIFIED_SINGLE_CURATION_PASS,False,"Evidence-only: absolute precursor amounts, ligand:metal ratio, and solvent volume are not encoded in the public campaign key.",0,Failed / no solid product,no solid product,Exact author label 'no solid product' -> class 0,False,False,False,Campaign key explicitly reports no solid product.
V13-REHT-0451,MG2-81-03,10.1039/d5sc09992g,10.5281/zenodo.17902549,https://doi.org/10.1039/d5sc09992g,https://doi.org/10.5281/zenodo.17902549,"Mapping the crystallization landscape of rare earth MOFs: a high-throughput investigation of structure, kinetics, and selectivity","PAIR::sc::isophthalic acid (1,3-bdc)",,"isophthalic acid (1,3-BDC)",,,Aromatic dicarboxylate,Sc,rare-earth nitrate salt(s); hydration not encoded in campaign key,nitrate,,3,EtOH/H2O (fractions not encoded in campaign key),,Nessuno,0.0,60.0,18.0,,,,,,Automated solvothermal synthesis,Automated vial; exact geometry in source SI,,,,no solid product,,peer_reviewed_high_throughput_literature,Author-assigned HT-PXRD/CV campaign outcome,direct_machine_readable_campaign_key,v13_source_rare_earth_landscape.csv,SOURCE_VERIFIED_SINGLE_CURATION_PASS,False,"Evidence-only: absolute precursor amounts, ligand:metal ratio, and solvent volume are not encoded in the public campaign key.",0,Failed / no solid product,no solid product,Exact author label 'no solid product' -> class 0,False,False,False,Campaign key explicitly reports no solid product.
V13-REHT-0452,MG2-81-04,10.1039/d5sc09992g,10.5281/zenodo.17902549,https://doi.org/10.1039/d5sc09992g,https://doi.org/10.5281/zenodo.17902549,"Mapping the crystallization landscape of rare earth MOFs: a high-throughput investigation of structure, kinetics, and selectivity","PAIR::sc::benzene-1,3,5-tricarboxylic acid (h3btc)",,"benzene-1,3,5-tricarboxylic acid (H3BTC)",,,Aromatic tricarboxylate,Sc,rare-earth nitrate salt(s); hydration not encoded in campaign key,nitrate,,3,EtOH/H2O (fractions not encoded in campaign key),,Nessuno,0.0,60.0,18.0,,,,,,Automated solvothermal synthesis,Automated vial; exact geometry in source SI,0.018,0.018,0.018,no crystalline product,,peer_reviewed_high_throughput_literature,Author-assigned HT-PXRD/CV campaign outcome,direct_machine_readable_campaign_key,v13_source_rare_earth_landscape.csv,SOURCE_VERIFIED_SINGLE_CURATION_PASS,False,"Evidence-only: absolute precursor amounts, ligand:metal ratio, and solvent volume are not encoded in the public campaign key.",1,Amorphous / no crystalline product,no crystalline product,Exact author label 'no crystalline product' -> class 1,True,False,False,HT-PXRD campaign key explicitly reports no crystalline product.
V13-REHT-0453,MG2-81-05,10.1039/d5sc09992g,10.5281/zenodo.17902549,https://doi.org/10.1039/d5sc09992g,https://doi.org/10.5281/zenodo.17902549,"Mapping the crystallization landscape of rare earth MOFs: a high-throughput investigation of structure, kinetics, and selectivity",PAIR::sc::trimellitic acid,,trimellitic acid,,,Aromatic tricarboxylate,Sc,rare-earth nitrate salt(s); hydration not encoded in campaign key,nitrate,,3,EtOH/H2O (fractions not encoded in campaign key),,Nessuno,0.0,60.0,18.0,,,,,,Automated solvothermal synthesis,Automated vial; exact geometry in source SI,0.024,0.024,0.024,no crystalline product,,peer_reviewed_high_throughput_literature,Author-assigned HT-PXRD/CV campaign outcome,direct_machine_readable_campaign_key,v13_source_rare_earth_landscape.csv,SOURCE_VERIFIED_SINGLE_CURATION_PASS,False,"Evidence-only: absolute precursor amounts, ligand:metal ratio, and solvent volume are not encoded in the public campaign key.",1,Amorphous / no crystalline product,no crystalline product,Exact author label 'no crystalline product' -> class 1,True,False,False,HT-PXRD campaign key explicitly reports no crystalline product.
V13-REHT-0454,MG2-81-06,10.1039/d5sc09992g,10.5281/zenodo.17902549,https://doi.org/10.1039/d5sc09992g,https://doi.org/10.5281/zenodo.17902549,"Mapping the crystallization landscape of rare earth MOFs: a high-throughput investigation of structure, kinetics, and selectivity",PAIR::sc::pyromellitic acid,,pyromellitic acid,,,Aromatic tetracarboxylate,Sc,rare-earth nitrate salt(s); hydration not encoded in campaign key,nitrate,,3,EtOH/H2O (fractions not encoded in campaign key),,Nessuno,0.0,60.0,18.0,,,,,,Automated solvothermal synthesis,Automated vial; exact geometry in source SI,0.03,1.072,0.03,no crystalline product,,peer_reviewed_high_throughput_literature,Author-assigned HT-PXRD/CV campaign outcome,direct_machine_readable_campaign_key,v13_source_rare_earth_landscape.csv,SOURCE_VERIFIED_SINGLE_CURATION_PASS,False,"Evidence-only: absolute precursor amounts, ligand:metal ratio, and solvent volume are not encoded in the public campaign key.",1,Amorphous / no crystalline product,no crystalline product,Exact author label 'no crystalline product' -> class 1,True,False,False,HT-PXRD campaign key explicitly reports no crystalline product.
V13-REHT-0455,MG2-81-07,10.1039/d5sc09992g,10.5281/zenodo.17902549,https://doi.org/10.1039/d5sc09992g,https://doi.org/10.5281/zenodo.17902549,"Mapping the crystallization landscape of rare earth MOFs: a high-throughput investigation of structure, kinetics, and selectivity",PAIR::sc::mellitic acid,,mellitic acid,,,Aromatic hexacarboxylate,Sc,rare-earth nitrate salt(s); hydration not encoded in campaign key,nitrate,,3,EtOH/H2O (fractions not encoded in campaign key),,Nessuno,0.0,60.0,18.0,,,,,,Automated solvothermal synthesis,Automated vial; exact geometry in source SI,0.036,0.036,0.036,no crystalline product,NCP,peer_reviewed_high_throughput_literature,Author-assigned HT-PXRD/CV campaign outcome,direct_machine_readable_campaign_key,v13_source_rare_earth_landscape.csv,SOURCE_VERIFIED_SINGLE_CURATION_PASS,False,"Evidence-only: absolute precursor amounts, ligand:metal ratio, and solvent volume are not encoded in the public campaign key.",1,Amorphous / no crystalline product,no crystalline product,Exact author label 'no crystalline product' -> class 1,True,False,False,HT-PXRD campaign key explicitly reports no crystalline product.
V13-REHT-0456,MG2-81-08,10.1039/d5sc09992g,10.5281/zenodo.17902549,https://doi.org/10.1039/d5sc09992g,https://doi.org/10.5281/zenodo.17902549,"Mapping the crystallization landscape of rare earth MOFs: a high-throughput investigation of structure, kinetics, and selectivity","PAIR::sc::terephthalic acid (1,4-bdc)",,"terephthalic acid (1,4-BDC)",,,Aromatic dicarboxylate,Sc,rare-earth nitrate salt(s); hydration not encoded in campaign key,nitrate,,3,EtOH/H2O (fractions not encoded in campaign key),,Acido acetico,2.0,60.0,18.0,,,,,,Automated solvothermal synthesis,Automated vial; exact geometry in source SI,,,,no solid product,,peer_reviewed_high_throughput_literature,Author-assigned HT-PXRD/CV campaign outcome,direct_machine_readable_campaign_key,v13_source_rare_earth_landscape.csv,SOURCE_VERIFIED_SINGLE_CURATION_PASS,False,"Evidence-only: absolute precursor amounts, ligand:metal ratio, and solvent volume are not encoded in the public campaign key.",0,Failed / no solid product,no solid product,Exact author label 'no solid product' -> class 0,False,False,False,Campaign key explicitly reports no solid product.
V13-REHT-0457,MG2-81-09,10.1039/d5sc09992g,10.5281/zenodo.17902549,https://doi.org/10.1039/d5sc09992g,https://doi.org/10.5281/zenodo.17902549,"Mapping the crystallization landscape of rare earth MOFs: a high-throughput investigation of structure, kinetics, and selectivity","PAIR::sc::phthalic acid (1,2-bdc)",,"phthalic acid (1,2-BDC)",,,Aromatic dicarboxylate,Sc,rare-earth nitrate salt(s); hydration not encoded in campaign key,nitrate,,3,EtOH/H2O (fractions not encoded in campaign key),,Acido acetico,2.0,60.0,18.0,,,,,,Automated solvothermal synthesis,Automated vial; exact geometry in source SI,,,,no solid product,,peer_reviewed_high_throughput_literature,Author-assigned HT-PXRD/CV campaign outcome,direct_machine_readable_campaign_key,v13_source_rare_earth_landscape.csv,SOURCE_VERIFIED_SINGLE_CURATION_PASS,False,"Evidence-only: absolute precursor amounts, ligand:metal ratio, and solvent volume are not encoded in the public campaign key.",0,Failed / no solid product,no solid product,Exact author label 'no solid product' -> class 0,False,False,False,Campaign key explicitly reports no solid product.
V13-REHT-0458,MG2-81-10,10.1039/d5sc09992g,10.5281/zenodo.17902549,https://doi.org/10.1039/d5sc09992g,https://doi.org/10.5281/zenodo.17902549,"Mapping the crystallization landscape of rare earth MOFs: a high-throughput investigation of structure, kinetics, and selectivity","PAIR::sc::isophthalic acid (1,3-bdc)",,"isophthalic acid (1,3-BDC)",,,Aromatic dicarboxylate,Sc,rare-earth nitrate salt(s); hydration not encoded in campaign key,nitrate,,3,EtOH/H2O (fractions not encoded in campaign key),,Acido acetico,2.0,60.0,18.0,,,,,,Automated solvothermal synthesis,Automated vial; exact geometry in source SI,,0.055,0.055,no solid product,,peer_reviewed_high_throughput_literature,Author-assigned HT-PXRD/CV campaign outcome,direct_machine_readable_campaign_key,v13_source_rare_earth_landscape.csv,SOURCE_VERIFIED_SINGLE_CURATION_PASS,False,"Evidence-only: absolute precursor amounts, ligand:metal ratio, and solvent volume are not encoded in the public campaign key.",0,Failed / no solid product,no solid product,Exact author label 'no solid product' -> class 0,False,False,False,Campaign key explicitly reports no solid product.
V13-REHT-0460,MG2-81-12,10.1039/d5sc09992g,10.5281/zenodo.17902549,https://doi.org/10.1039/d5sc09992g,https://doi.org/10.5281/zenodo.17902549,"Mapping the crystallization landscape of rare earth MOFs: a high-throughput investigation of structure, kinetics, and selectivity",PAIR::sc::trimellitic acid,,trimellitic acid,,,Aromatic tricarboxylate,Sc,rare-earth nitrate salt(s); hydration not encoded in campaign key,nitrate,,3,EtOH/H2O (fractions not encoded in campaign key),,Acido acetico,2.0,60.0,18.0,,,,,,Automated solvothermal synthesis,Automated vial; exact geometry in source SI,,,,no solid product,,peer_reviewed_high_throughput_literature,Author-assigned HT-PXRD/CV campaign outcome,direct_machine_readable_campaign_key,v13_source_rare_earth_landscape.csv,SOURCE_VERIFIED_SINGLE_CURATION_PASS,False,"Evidence-only: absolute precursor amounts, ligand:metal ratio, and solvent volume are not encoded in the public campaign key.",0,Failed / no solid product,no solid product,Exact author label 'no solid product' -> class 0,False,False,False,Campaign key explicitly reports no solid product.
V13-REHT-0461,MG2-81-13,10.1039/d5sc09992g,10.5281/zenodo.17902549,https://doi.org/10.1039/d5sc09992g,https://doi.org/10.5281/zenodo.17902549,"Mapping the crystallization landscape of rare earth MOFs: a high-throughput investigation of structure, kinetics, and selectivity",PAIR::sc::pyromellitic acid,,pyromellitic acid,,,Aromatic tetracarboxylate,Sc,rare-earth nitrate salt(s); hydration not encoded in campaign key,nitrate,,3,EtOH/H2O (fractions not encoded in campaign key),,Acido acetico,2.0,60.0,18.0,,,,,,Automated solvothermal synthesis,Automated vial; exact geometry in source SI,0.073,14.071,0.073,no crystalline product,,peer_reviewed_high_throughput_literature,Author-assigned HT-PXRD/CV campaign outcome,direct_machine_readable_campaign_key,v13_source_rare_earth_landscape.csv,SOURCE_VERIFIED_SINGLE_CURATION_PASS,False,"Evidence-only: absolute precursor amounts, ligand:metal ratio, and solvent volume are not encoded in the public campaign key.",1,Amorphous / no crystalline product,no crystalline product,Exact author label 'no crystalline product' -> class 1,True,False,False,HT-PXRD campaign key explicitly reports no crystalline product.
V13-REHT-0462,MG2-81-14,10.1039/d5sc09992g,10.5281/zenodo.17902549,https://doi.org/10.1039/d5sc09992g,https://doi.org/10.5281/zenodo.17902549,"Mapping the crystallization landscape of rare earth MOFs: a high-throughput investigation of structure, kinetics, and selectivity",PAIR::sc::mellitic acid,,mellitic acid,,,Aromatic hexacarboxylate,Sc,rare-earth nitrate salt(s); hydration not encoded in campaign key,nitrate,,3,EtOH/H2O (fractions not encoded in campaign key),,Acido acetico,2.0,60.0,18.0,,,,,,Automated solvothermal synthesis,Automated vial; exact geometry in source SI,0.079,,0.079,no crystalline product,NCP,peer_reviewed_high_throughput_literature,Author-assigned HT-PXRD/CV campaign outcome,direct_machine_readable_campaign_key,v13_source_rare_earth_landscape.csv,SOURCE_VERIFIED_SINGLE_CURATION_PASS,False,"Evidence-only: absolute precursor amounts, ligand:metal ratio, and solvent volume are not encoded in the public campaign key.",1,Amorphous / no crystalline product,no crystalline product,Exact author label 'no crystalline product' -> class 1,True,False,False,HT-PXRD campaign key explicitly reports no crystalline product.
V13-REHT-0463,MG2-81-15,10.1039/d5sc09992g,10.5281/zenodo.17902549,https://doi.org/10.1039/d5sc09992g,https://doi.org/10.5281/zenodo.17902549,"Mapping the crystallization landscape of rare earth MOFs: a high-throughput investigation of structure, kinetics, and selectivity","PAIR::sc::terephthalic acid (1,4-bdc)",,"terephthalic acid (1,4-BDC)",,,Aromatic dicarboxylate,Sc,rare-earth nitrate salt(s); hydration not encoded in campaign key,nitrate,,3,EtOH/H2O (fractions not encoded in campaign key),,Acido acetico,5.0,60.0,18.0,,,,,,Automated solvothermal synthesis,Automated vial; exact geometry in source SI,,4.083,4.083,no solid product,,peer_reviewed_high_throughput_literature,Author-assigned HT-PXRD/CV campaign outcome,direct_machine_readable_campaign_key,v13_source_rare_earth_landscape.csv,SOURCE_VERIFIED_SINGLE_CURATION_PASS,False,"Evidence-only: absolute precursor amounts, ligand:metal ratio, and solvent volume are not encoded in the public campaign key.",0,Failed / no solid product,no solid product,Exact author label 'no solid product' -> class 0,False,False,False,Campaign key explicitly reports no solid product.
V13-REHT-0464,MG2-81-16,10.1039/d5sc09992g,10.5281/zenodo.17902549,https://doi.org/10.1039/d5sc09992g,https://doi.org/10.5281/zenodo.17902549,"Mapping the crystallization landscape of rare earth MOFs: a high-throughput investigation of structure, kinetics, and selectivity","PAIR::sc::phthalic acid (1,2-bdc)",,"phthalic acid (1,2-BDC)",,,Aromatic dicarboxylate,Sc,rare-earth nitrate salt(s); hydration not encoded in campaign key,nitrate,,3,EtOH/H2O (fractions not encoded in campaign key),,Acido acetico,5.0,60.0,18.0,,,,,,Automated solvothermal synthesis,Automated vial; exact geometry in source SI,,,,no solid product,,peer_reviewed_high_throughput_literature,Author-assigned HT-PXRD/CV campaign outcome,direct_machine_readable_campaign_key,v13_source_rare_earth_landscape.csv,SOURCE_VERIFIED_SINGLE_CURATION_PASS,False,"Evidence-only: absolute precursor amounts, ligand:metal ratio, and solvent volume are not encoded in the public campaign key.",0,Failed / no solid product,no solid product,Exact author label 'no solid product' -> class 0,False,False,False,Campaign key explicitly reports no solid product.
V13-REHT-0465,MG2-81-17,10.1039/d5sc09992g,10.5281/zenodo.17902549,https://doi.org/10.1039/d5sc09992g,https://doi.org/10.5281/zenodo.17902549,"Mapping the crystallization landscape of rare earth MOFs: a high-throughput investigation of structure, kinetics, and selectivity","PAIR::sc::isophthalic acid (1,3-bdc)",,"isophthalic acid (1,3-BDC)",,,Aromatic dicarboxylate,Sc,rare-earth nitrate salt(s); hydration not encoded in campaign key,nitrate,,3,EtOH/H2O (fractions not encoded in campaign key),,Acido acetico,5.0,60.0,18.0,,,,,,Automated solvothermal synthesis,Automated vial; exact geometry in source SI,,,,no solid product,,peer_reviewed_high_throughput_literature,Author-assigned HT-PXRD/CV campaign outcome,direct_machine_readable_campaign_key,v13_source_rare_earth_landscape.csv,SOURCE_VERIFIED_SINGLE_CURATION_PASS,False,"Evidence-only: absolute precursor amounts, ligand:metal ratio, and solvent volume are not encoded in the public campaign key.",0,Failed / no solid product,no solid product,Exact author label 'no solid product' -> class 0,False,False,False,Campaign key explicitly reports no solid product.
V13-REHT-0467,MG2-81-19,10.1039/d5sc09992g,10.5281/zenodo.17902549,https://doi.org/10.1039/d5sc09992g,https://doi.org/10.5281/zenodo.17902549,"Mapping the crystallization landscape of rare earth MOFs: a high-throughput investigation of structure, kinetics, and selectivity",PAIR::sc::trimellitic acid,,trimellitic acid,,,Aromatic tricarboxylate,Sc,rare-earth nitrate salt(s); hydration not encoded in campaign key,nitrate,,3,EtOH/H2O (fractions not encoded in campaign key),,Acido acetico,5.0,60.0,18.0,,,,,,Automated solvothermal synthesis,Automated vial; exact geometry in source SI,,,,no solid product,,peer_reviewed_high_throughput_literature,Author-assigned HT-PXRD/CV campaign outcome,direct_machine_readable_campaign_key,v13_source_rare_earth_landscape.csv,SOURCE_VERIFIED_SINGLE_CURATION_PASS,False,"Evidence-only: absolute precursor amounts, ligand:metal ratio, and solvent volume are not encoded in the public campaign key.",0,Failed / no solid product,no solid product,Exact author label 'no solid product' -> class 0,False,False,False,Campaign key explicitly reports no solid product.
V13-REHT-0468,MG2-81-20,10.1039/d5sc09992g,10.5281/zenodo.17902549,https://doi.org/10.1039/d5sc09992g,https://doi.org/10.5281/zenodo.17902549,"Mapping the crystallization landscape of rare earth MOFs: a high-throughput investigation of structure, kinetics, and selectivity",PAIR::sc::pyromellitic acid,,pyromellitic acid,,,Aromatic tetracarboxylate,Sc,rare-earth nitrate salt(s); hydration not encoded in campaign key,nitrate,,3,EtOH/H2O (fractions not encoded in campaign key),,Acido acetico,5.0,60.0,18.0,,,,,,Automated solvothermal synthesis,Automated vial; exact geometry in source SI,0.115,0.115,0.115,no crystalline product,,peer_reviewed_high_throughput_literature,Author-assigned HT-PXRD/CV campaign outcome,direct_machine_readable_campaign_key,v13_source_rare_earth_landscape.csv,SOURCE_VERIFIED_SINGLE_CURATION_PASS,False,"Evidence-only: absolute precursor amounts, ligand:metal ratio, and solvent volume are not encoded in the public campaign key.",1,Amorphous / no crystalline product,no crystalline product,Exact author label 'no crystalline product' -> class 1,True,False,False,HT-PXRD campaign key explicitly reports no crystalline product.
V13-REHT-0469,MG2-81-21,10.1039/d5sc09992g,10.5281/zenodo.17902549,https://doi.org/10.1039/d5sc09992g,https://doi.org/10.5281/zenodo.17902549,"Mapping the crystallization landscape of rare earth MOFs: a high-throughput investigation of structure, kinetics, and selectivity",PAIR::sc::mellitic acid,,mellitic acid,,,Aromatic hexacarboxylate,Sc,rare-earth nitrate salt(s); hydration not encoded in campaign key,nitrate,,3,EtOH/H2O (fractions not encoded in campaign key),,Acido acetico,5.0,60.0,18.0,,,,,,Automated solvothermal synthesis,Automated vial; exact geometry in source SI,0.122,0.122,0.122,no crystalline product,NCP,peer_reviewed_high_throughput_literature,Author-assigned HT-PXRD/CV campaign outcome,direct_machine_readable_campaign_key,v13_source_rare_earth_landscape.csv,SOURCE_VERIFIED_SINGLE_CURATION_PASS,False,"Evidence-only: absolute precursor amounts, ligand:metal ratio, and solvent volume are not encoded in the public campaign key.",1,Amorphous / no crystalline product,no crystalline product,Exact author label 'no crystalline product' -> class 1,True,False,False,HT-PXRD campaign key explicitly reports no crystalline product.
V13-REHT-0470,MG2-81-22,10.1039/d5sc09992g,10.5281/zenodo.17902549,https://doi.org/10.1039/d5sc09992g,https://doi.org/10.5281/zenodo.17902549,"Mapping the crystallization landscape of rare earth MOFs: a high-throughput investigation of structure, kinetics, and selectivity","PAIR::sc::terephthalic acid (1,4-bdc)",,"terephthalic acid (1,4-BDC)",,,Aromatic dicarboxylate,Sc,rare-earth nitrate salt(s); hydration not encoded in campaign key,nitrate,,3,EtOH/H2O (fractions not encoded in campaign key),,Acido acetico,10.0,60.0,18.0,,,,,,Automated solvothermal synthesis,Automated vial; exact geometry in source SI,,,,no solid product,,peer_reviewed_high_throughput_literature,Author-assigned HT-PXRD/CV campaign outcome,direct_machine_readable_campaign_key,v13_source_rare_earth_landscape.csv,SOURCE_VERIFIED_SINGLE_CURATION_PASS,False,"Evidence-only: absolute precursor amounts, ligand:metal ratio, and solvent volume are not encoded in the public campaign key.",0,Failed / no solid product,no solid product,Exact author label 'no solid product' -> class 0,False,False,False,Campaign key explicitly reports no solid product.
V13-REHT-0471,MG2-81-23,10.1039/d5sc09992g,10.5281/zenodo.17902549,https://doi.org/10.1039/d5sc09992g,https://doi.org/10.5281/zenodo.17902549,"Mapping the crystallization landscape of rare earth MOFs: a high-throughput investigation of structure, kinetics, and selectivity","PAIR::sc::phthalic acid (1,2-bdc)",,"phthalic acid (1,2-BDC)",,,Aromatic dicarboxylate,Sc,rare-earth nitrate salt(s); hydration not encoded in campaign key,nitrate,,3,EtOH/H2O (fractions not encoded in campaign key),,Acido acetico,10.0,60.0,18.0,,,,,,Automated solvothermal synthesis,Automated vial; exact geometry in source SI,,,,no solid product,,peer_reviewed_high_throughput_literature,Author-assigned HT-PXRD/CV campaign outcome,direct_machine_readable_campaign_key,v13_source_rare_earth_landscape.csv,SOURCE_VERIFIED_SINGLE_CURATION_PASS,False,"Evidence-only: absolute precursor amounts, ligand:metal ratio, and solvent volume are not encoded in the public campaign key.",0,Failed / no solid product,no solid product,Exact author label 'no solid product' -> class 0,False,False,False,Campaign key explicitly reports no solid product.
V13-REHT-0472,MG2-81-24,10.1039/d5sc09992g,10.5281/zenodo.17902549,https://doi.org/10.1039/d5sc09992g,https://doi.org/10.5281/zenodo.17902549,"Mapping the crystallization landscape of rare earth MOFs: a high-throughput investigation of structure, kinetics, and selectivity","PAIR::sc::isophthalic acid (1,3-bdc)",,"isophthalic acid (1,3-BDC)",,,Aromatic dicarboxylate,Sc,rare-earth nitrate salt(s); hydration not encoded in campaign key,nitrate,,3,EtOH/H2O (fractions not encoded in campaign key),,Acido acetico,10.0,60.0,18.0,,,,,,Automated solvothermal synthesis,Automated vial; exact geometry in source SI,,,,no solid product,,peer_reviewed_high_throughput_literature,Author-assigned HT-PXRD/CV campaign outcome,direct_machine_readable_campaign_key,v13_source_rare_earth_landscape.csv,SOURCE_VERIFIED_SINGLE_CURATION_PASS,False,"Evidence-only: absolute precursor amounts, ligand:metal ratio, and solvent volume are not encoded in the public campaign key.",0,Failed / no solid product,no solid product,Exact author label 'no solid product' -> class 0,False,False,False,Campaign key explicitly reports no solid product.
V13-REHT-0474,MG2-81-26,10.1039/d5sc09992g,10.5281/zenodo.17902549,https://doi.org/10.1039/d5sc09992g,https://doi.org/10.5281/zenodo.17902549,"Mapping the crystallization landscape of rare earth MOFs: a high-throughput investigation of structure, kinetics, and selectivity",PAIR::sc::trimellitic acid,,trimellitic acid,,,Aromatic tricarboxylate,Sc,rare-earth nitrate salt(s); hydration not encoded in campaign key,nitrate,,3,EtOH/H2O (fractions not encoded in campaign key),,Acido acetico,10.0,60.0,18.0,,,,,,Automated solvothermal synthesis,Automated vial; exact geometry in source SI,,,,no solid product,,peer_reviewed_high_throughput_literature,Author-assigned HT-PXRD/CV campaign outcome,direct_machine_readable_campaign_key,v13_source_rare_earth_landscape.csv,SOURCE_VERIFIED_SINGLE_CURATION_PASS,False,"Evidence-only: absolute precursor amounts, ligand:metal ratio, and solvent volume are not encoded in the public campaign key.",0,Failed / no solid product,no solid product,Exact author label 'no solid product' -> class 0,False,False,False,Campaign key explicitly reports no solid product.
V13-REHT-0475,MG2-81-27,10.1039/d5sc09992g,10.5281/zenodo.17902549,https://doi.org/10.1039/d5sc09992g,https://doi.org/10.5281/zenodo.17902549,"Mapping the crystallization landscape of rare earth MOFs: a high-throughput investigation of structure, kinetics, and selectivity",PAIR::sc::pyromellitic acid,,pyromellitic acid,,,Aromatic tetracarboxylate,Sc,rare-earth nitrate salt(s); hydration not encoded in campaign key,nitrate,,3,EtOH/H2O (fractions not encoded in campaign key),,Acido acetico,10.0,60.0,18.0,,,,,,Automated solvothermal synthesis,Automated vial; exact geometry in source SI,0.158,0.679,0.158,no crystalline product,,peer_reviewed_high_throughput_literature,Author-assigned HT-PXRD/CV campaign outcome,direct_machine_readable_campaign_key,v13_source_rare_earth_landscape.csv,SOURCE_VERIFIED_SINGLE_CURATION_PASS,False,"Evidence-only: absolute precursor amounts, ligand:metal ratio, and solvent volume are not encoded in the public campaign key.",1,Amorphous / no crystalline product,no crystalline product,Exact author label 'no crystalline product' -> class 1,True,False,False,HT-PXRD campaign key explicitly reports no crystalline product.
V13-REHT-0476,MG2-81-28,10.1039/d5sc09992g,10.5281/zenodo.17902549,https://doi.org/10.1039/d5sc09992g,https://doi.org/10.5281/zenodo.17902549,"Mapping the crystallization landscape of rare earth MOFs: a high-throughput investigation of structure, kinetics, and selectivity",PAIR::sc::mellitic acid,,mellitic acid,,,Aromatic hexacarboxylate,Sc,rare-earth nitrate salt(s); hydration not encoded in campaign key,nitrate,,3,EtOH/H2O (fractions not encoded in campaign key),,Acido acetico,10.0,60.0,18.0,,,,,,Automated solvothermal synthesis,Automated vial; exact geometry in source SI,0.164,,0.164,no crystalline product,NCP,peer_reviewed_high_throughput_literature,Author-assigned HT-PXRD/CV campaign outcome,direct_machine_readable_campaign_key,v13_source_rare_earth_landscape.csv,SOURCE_VERIFIED_SINGLE_CURATION_PASS,False,"Evidence-only: absolute precursor amounts, ligand:metal ratio, and solvent volume are not encoded in the public campaign key.",1,Amorphous / no crystalline product,no crystalline product,Exact author label 'no crystalline product' -> class 1,True,False,False,HT-PXRD campaign key explicitly reports no crystalline product.
V13-REHT-0477,MG2-81-29,10.1039/d5sc09992g,10.5281/zenodo.17902549,https://doi.org/10.1039/d5sc09992g,https://doi.org/10.5281/zenodo.17902549,"Mapping the crystallization landscape of rare earth MOFs: a high-throughput investigation of structure, kinetics, and selectivity","PAIR::y::terephthalic acid (1,4-bdc)",,"terephthalic acid (1,4-BDC)",,,Aromatic dicarboxylate,Y,rare-earth nitrate salt(s); hydration not encoded in campaign key,nitrate,,3,EtOH/H2O (fractions not encoded in campaign key),,Nessuno,0.0,60.0,18.0,,,,,,Automated solvothermal synthesis,Automated vial; exact geometry in source SI,,,,no solid product,,peer_reviewed_high_throughput_literature,Author-assigned HT-PXRD/CV campaign outcome,direct_machine_readable_campaign_key,v13_source_rare_earth_landscape.csv,SOURCE_VERIFIED_SINGLE_CURATION_PASS,False,"Evidence-only: absolute precursor amounts, ligand:metal ratio, and solvent volume are not encoded in the public campaign key.",0,Failed / no solid product,no solid product,Exact author label 'no solid product' -> class 0,False,False,False,Campaign key explicitly reports no solid product.
V13-REHT-0478,MG2-81-30,10.1039/d5sc09992g,10.5281/zenodo.17902549,https://doi.org/10.1039/d5sc09992g,https://doi.org/10.5281/zenodo.17902549,"Mapping the crystallization landscape of rare earth MOFs: a high-throughput investigation of structure, kinetics, and selectivity","PAIR::y::phthalic acid (1,2-bdc)",,"phthalic acid (1,2-BDC)",,,Aromatic dicarboxylate,Y,rare-earth nitrate salt(s); hydration not encoded in campaign key,nitrate,,3,EtOH/H2O (fractions not encoded in campaign key),,Nessuno,0.0,60.0,18.0,,,,,,Automated solvothermal synthesis,Automated vial; exact geometry in source SI,,,,no solid product,,peer_reviewed_high_throughput_literature,Author-assigned HT-PXRD/CV campaign outcome,direct_machine_readable_campaign_key,v13_source_rare_earth_landscape.csv,SOURCE_VERIFIED_SINGLE_CURATION_PASS,False,"Evidence-only: absolute precursor amounts, ligand:metal ratio, and solvent volume are not encoded in the public campaign key.",0,Failed / no solid product,no solid product,Exact author label 'no solid product' -> class 0,False,False,False,Campaign key explicitly reports no solid product.
V13-REHT-0479,MG2-81-31,10.1039/d5sc09992g,10.5281/zenodo.17902549,https://doi.org/10.1039/d5sc09992g,https://doi.org/10.5281/zenodo.17902549,"Mapping the crystallization landscape of rare earth MOFs: a high-throughput investigation of structure, kinetics, and selectivity","PAIR::y::isophthalic acid (1,3-bdc)",,"isophthalic acid (1,3-BDC)",,,Aromatic dicarboxylate,Y,rare-earth nitrate salt(s); hydration not encoded in campaign key,nitrate,,3,EtOH/H2O (fractions not encoded in campaign key),,Nessuno,0.0,60.0,18.0,,,,,,Automated solvothermal synthesis,Automated vial; exact geometry in source SI,,,,no solid product,,peer_reviewed_high_throughput_literature,Author-assigned HT-PXRD/CV campaign outcome,direct_machine_readable_campaign_key,v13_source_rare_earth_landscape.csv,SOURCE_VERIFIED_SINGLE_CURATION_PASS,False,"Evidence-only: absolute precursor amounts, ligand:metal ratio, and solvent volume are not encoded in the public campaign key.",0,Failed / no solid product,no solid product,Exact author label 'no solid product' -> class 0,False,False,False,Campaign key explicitly reports no solid product.
V13-REHT-0484,MG2-81-36,10.1039/d5sc09992g,10.5281/zenodo.17902549,https://doi.org/10.1039/d5sc09992g,https://doi.org/10.5281/zenodo.17902549,"Mapping the crystallization landscape of rare earth MOFs: a high-throughput investigation of structure, kinetics, and selectivity","PAIR::y::terephthalic acid (1,4-bdc)",,"terephthalic acid (1,4-BDC)",,,Aromatic dicarboxylate,Y,rare-earth nitrate salt(s); hydration not encoded in campaign key,nitrate,,3,EtOH/H2O (fractions not encoded in campaign key),,Acido acetico,2.0,60.0,18.0,,,,,,Automated solvothermal synthesis,Automated vial; exact geometry in source SI,,,,no solid product,,peer_reviewed_high_throughput_literature,Author-assigned HT-PXRD/CV campaign outcome,direct_machine_readable_campaign_key,v13_source_rare_earth_landscape.csv,SOURCE_VERIFIED_SINGLE_CURATION_PASS,False,"Evidence-only: absolute precursor amounts, ligand:metal ratio, and solvent volume are not encoded in the public campaign key.",0,Failed / no solid product,no solid product,Exact author label 'no solid product' -> class 0,False,False,False,Campaign key explicitly reports no solid product.
V13-REHT-0485,MG2-81-37,10.1039/d5sc09992g,10.5281/zenodo.17902549,https://doi.org/10.1039/d5sc09992g,https://doi.org/10.5281/zenodo.17902549,"Mapping the crystallization landscape of rare earth MOFs: a high-throughput investigation of structure, kinetics, and selectivity","PAIR::y::phthalic acid (1,2-bdc)",,"phthalic acid (1,2-BDC)",,,Aromatic dicarboxylate,Y,rare-earth nitrate salt(s); hydration not encoded in campaign key,nitrate,,3,EtOH/H2O (fractions not encoded in campaign key),,Acido acetico,2.0,60.0,18.0,,,,,,Automated solvothermal synthesis,Automated vial; exact geometry in source SI,,,,no solid product,,peer_reviewed_high_throughput_literature,Author-assigned HT-PXRD/CV campaign outcome,direct_machine_readable_campaign_key,v13_source_rare_earth_landscape.csv,SOURCE_VERIFIED_SINGLE_CURATION_PASS,False,"Evidence-only: absolute precursor amounts, ligand:metal ratio, and solvent volume are not encoded in the public campaign key.",0,Failed / no solid product,no solid product,Exact author label 'no solid product' -> class 0,False,False,False,Campaign key explicitly reports no solid product.
V13-REHT-0486,MG2-81-38,10.1039/d5sc09992g,10.5281/zenodo.17902549,https://doi.org/10.1039/d5sc09992g,https://doi.org/10.5281/zenodo.17902549,"Mapping the crystallization landscape of rare earth MOFs: a high-throughput investigation of structure, kinetics, and selectivity","PAIR::y::isophthalic acid (1,3-bdc)",,"isophthalic acid (1,3-BDC)",,,Aromatic dicarboxylate,Y,rare-earth nitrate salt(s); hydration not encoded in campaign key,nitrate,,3,EtOH/H2O (fractions not encoded in campaign key),,Acido acetico,2.0,60.0,18.0,,,,,,Automated solvothermal synthesis,Automated vial; exact geometry in source SI,,,,no solid product,,peer_reviewed_high_throughput_literature,Author-assigned HT-PXRD/CV campaign outcome,direct_machine_readable_campaign_key,v13_source_rare_earth_landscape.csv,SOURCE_VERIFIED_SINGLE_CURATION_PASS,False,"Evidence-only: absolute precursor amounts, ligand:metal ratio, and solvent volume are not encoded in the public campaign key.",0,Failed / no solid product,no solid product,Exact author label 'no solid product' -> class 0,False,False,False,Campaign key explicitly reports no solid product.
V13-REHT-0487,MG2-81-39,10.1039/d5sc09992g,10.5281/zenodo.17902549,https://doi.org/10.1039/d5sc09992g,https://doi.org/10.5281/zenodo.17902549,"Mapping the crystallization landscape of rare earth MOFs: a high-throughput investigation of structure, kinetics, and selectivity","PAIR::y::benzene-1,3,5-tricarboxylic acid (h3btc)",,"benzene-1,3,5-tricarboxylic acid (H3BTC)",,,Aromatic tricarboxylate,Y,rare-earth nitrate salt(s); hydration not encoded in campaign key,nitrate,,3,EtOH/H2O (fractions not encoded in campaign key),,Acido acetico,2.0,60.0,18.0,,,,,,Automated solvothermal synthesis,Automated vial; exact geometry in source SI,,,,no solid product,,peer_reviewed_high_throughput_literature,Author-assigned HT-PXRD/CV campaign outcome,direct_machine_readable_campaign_key,v13_source_rare_earth_landscape.csv,SOURCE_VERIFIED_SINGLE_CURATION_PASS,False,"Evidence-only: absolute precursor amounts, ligand:metal ratio, and solvent volume are not encoded in the public campaign key.",0,Failed / no solid product,no solid product,Exact author label 'no solid product' -> class 0,False,False,False,Campaign key explicitly reports no solid product.
V13-REHT-0491,MG2-81-43,10.1039/d5sc09992g,10.5281/zenodo.17902549,https://doi.org/10.1039/d5sc09992g,https://doi.org/10.5281/zenodo.17902549,"Mapping the crystallization landscape of rare earth MOFs: a high-throughput investigation of structure, kinetics, and selectivity","PAIR::y::terephthalic acid (1,4-bdc)",,"terephthalic acid (1,4-BDC)",,,Aromatic dicarboxylate,Y,rare-earth nitrate salt(s); hydration not encoded in campaign key,nitrate,,3,EtOH/H2O (fractions not encoded in campaign key),,Acido acetico,5.0,60.0,18.0,,,,,,Automated solvothermal synthesis,Automated vial; exact geometry in source SI,,,,no solid product,,peer_reviewed_high_throughput_literature,Author-assigned HT-PXRD/CV campaign outcome,direct_machine_readable_campaign_key,v13_source_rare_earth_landscape.csv,SOURCE_VERIFIED_SINGLE_CURATION_PASS,False,"Evidence-only: absolute precursor amounts, ligand:metal ratio, and solvent volume are not encoded in the public campaign key.",0,Failed / no solid product,no solid product,Exact author label 'no solid product' -> class 0,False,False,False,Campaign key explicitly reports no solid product.
V13-REHT-0492,MG2-81-44,10.1039/d5sc09992g,10.5281/zenodo.17902549,https://doi.org/10.1039/d5sc09992g,https://doi.org/10.5281/zenodo.17902549,"Mapping the crystallization landscape of rare earth MOFs: a high-throughput investigation of structure, kinetics, and selectivity","PAIR::y::phthalic acid (1,2-bdc)",,"phthalic acid (1,2-BDC)",,,Aromatic dicarboxylate,Y,rare-earth nitrate salt(s); hydration not encoded in campaign key,nitrate,,3,EtOH/H2O (fractions not encoded in campaign key),,Acido acetico,5.0,60.0,18.0,,,,,,Automated solvothermal synthesis,Automated vial; exact geometry in source SI,,,,no solid product,,peer_reviewed_high_throughput_literature,Author-assigned HT-PXRD/CV campaign outcome,direct_machine_readable_campaign_key,v13_source_rare_earth_landscape.csv,SOURCE_VERIFIED_SINGLE_CURATION_PASS,False,"Evidence-only: absolute precursor amounts, ligand:metal ratio, and solvent volume are not encoded in the public campaign key.",0,Failed / no solid product,no solid product,Exact author label 'no solid product' -> class 0,False,False,False,Campaign key explicitly reports no solid product.
V13-REHT-0493,MG2-81-45,10.1039/d5sc09992g,10.5281/zenodo.17902549,https://doi.org/10.1039/d5sc09992g,https://doi.org/10.5281/zenodo.17902549,"Mapping the crystallization landscape of rare earth MOFs: a high-throughput investigation of structure, kinetics, and selectivity","PAIR::y::isophthalic acid (1,3-bdc)",,"isophthalic acid (1,3-BDC)",,,Aromatic dicarboxylate,Y,rare-earth nitrate salt(s); hydration not encoded in campaign key,nitrate,,3,EtOH/H2O (fractions not encoded in campaign key),,Acido acetico,5.0,60.0,18.0,,,,,,Automated solvothermal synthesis,Automated vial; exact geometry in source SI,,,,no solid product,,peer_reviewed_high_throughput_literature,Author-assigned HT-PXRD/CV campaign outcome,direct_machine_readable_campaign_key,v13_source_rare_earth_landscape.csv,SOURCE_VERIFIED_SINGLE_CURATION_PASS,False,"Evidence-only: absolute precursor amounts, ligand:metal ratio, and solvent volume are not encoded in the public campaign key.",0,Failed / no solid product,no solid product,Exact author label 'no solid product' -> class 0,False,False,False,Campaign key explicitly reports no solid product.
V13-REHT-0494,MG2-81-46,10.1039/d5sc09992g,10.5281/zenodo.17902549,https://doi.org/10.1039/d5sc09992g,https://doi.org/10.5281/zenodo.17902549,"Mapping the crystallization landscape of rare earth MOFs: a high-throughput investigation of structure, kinetics, and selectivity","PAIR::y::benzene-1,3,5-tricarboxylic acid (h3btc)",,"benzene-1,3,5-tricarboxylic acid (H3BTC)",,,Aromatic tricarboxylate,Y,rare-earth nitrate salt(s); hydration not encoded in campaign key,nitrate,,3,EtOH/H2O (fractions not encoded in campaign key),,Acido acetico,5.0,60.0,18.0,,,,,,Automated solvothermal synthesis,Automated vial; exact geometry in source SI,,4.271,4.271,no solid product,,peer_reviewed_high_throughput_literature,Author-assigned HT-PXRD/CV campaign outcome,direct_machine_readable_campaign_key,v13_source_rare_earth_landscape.csv,SOURCE_VERIFIED_SINGLE_CURATION_PASS,False,"Evidence-only: absolute precursor amounts, ligand:metal ratio, and solvent volume are not encoded in the public campaign key.",0,Failed / no solid product,no solid product,Exact author label 'no solid product' -> class 0,False,False,False,Campaign key explicitly reports no solid product.
V13-REHT-0498,MG2-81-50,10.1039/d5sc09992g,10.5281/zenodo.17902549,https://doi.org/10.1039/d5sc09992g,https://doi.org/10.5281/zenodo.17902549,"Mapping the crystallization landscape of rare earth MOFs: a high-throughput investigation of structure, kinetics, and selectivity","PAIR::y::terephthalic acid (1,4-bdc)",,"terephthalic acid (1,4-BDC)",,,Aromatic dicarboxylate,Y,rare-earth nitrate salt(s); hydration not encoded in campaign key,nitrate,,3,EtOH/H2O (fractions not encoded in campaign key),,Acido acetico,10.0,60.0,18.0,,,,,,Automated solvothermal synthesis,Automated vial; exact geometry in source SI,,,,no solid product,,peer_reviewed_high_throughput_literature,Author-assigned HT-PXRD/CV campaign outcome,direct_machine_readable_campaign_key,v13_source_rare_earth_landscape.csv,SOURCE_VERIFIED_SINGLE_CURATION_PASS,False,"Evidence-only: absolute precursor amounts, ligand:metal ratio, and solvent volume are not encoded in the public campaign key.",0,Failed / no solid product,no solid product,Exact author label 'no solid product' -> class 0,False,False,False,Campaign key explicitly reports no solid product.
V13-REHT-0499,MG2-81-51,10.1039/d5sc09992g,10.5281/zenodo.17902549,https://doi.org/10.1039/d5sc09992g,https://doi.org/10.5281/zenodo.17902549,"Mapping the crystallization landscape of rare earth MOFs: a high-throughput investigation of structure, kinetics, and selectivity","PAIR::y::phthalic acid (1,2-bdc)",,"phthalic acid (1,2-BDC)",,,Aromatic dicarboxylate,Y,rare-earth nitrate salt(s); hydration not encoded in campaign key,nitrate,,3,EtOH/H2O (fractions not encoded in campaign key),,Acido acetico,10.0,60.0,18.0,,,,,,Automated solvothermal synthesis,Automated vial; exact geometry in source SI,,,,no solid product,,peer_reviewed_high_throughput_literature,Author-assigned HT-PXRD/CV campaign outcome,direct_machine_readable_campaign_key,v13_source_rare_earth_landscape.csv,SOURCE_VERIFIED_SINGLE_CURATION_PASS,False,"Evidence-only: absolute precursor amounts, ligand:metal ratio, and solvent volume are not encoded in the public campaign key.",0,Failed / no solid product,no solid product,Exact author label 'no solid product' -> class 0,False,False,False,Campaign key explicitly reports no solid product.
V13-REHT-0500,MG2-81-52,10.1039/d5sc09992g,10.5281/zenodo.17902549,https://doi.org/10.1039/d5sc09992g,https://doi.org/10.5281/zenodo.17902549,"Mapping the crystallization landscape of rare earth MOFs: a high-throughput investigation of structure, kinetics, and selectivity","PAIR::y::isophthalic acid (1,3-bdc)",,"isophthalic acid (1,3-BDC)",,,Aromatic dicarboxylate,Y,rare-earth nitrate salt(s); hydration not encoded in campaign key,nitrate,,3,EtOH/H2O (fractions not encoded in campaign key),,Acido acetico,10.0,60.0,18.0,,,,,,Automated solvothermal synthesis,Automated vial; exact geometry in source SI,,,,no solid product,,peer_reviewed_high_throughput_literature,Author-assigned HT-PXRD/CV campaign outcome,direct_machine_readable_campaign_key,v13_source_rare_earth_landscape.csv,SOURCE_VERIFIED_SINGLE_CURATION_PASS,False,"Evidence-only: absolute precursor amounts, ligand:metal ratio, and solvent volume are not encoded in the public campaign key.",0,Failed / no solid product,no solid product,Exact author label 'no solid product' -> class 0,False,False,False,Campaign key explicitly reports no solid product.
V13-REHT-0501,MG2-81-53,10.1039/d5sc09992g,10.5281/zenodo.17902549,https://doi.org/10.1039/d5sc09992g,https://doi.org/10.5281/zenodo.17902549,"Mapping the crystallization landscape of rare earth MOFs: a high-throughput investigation of structure, kinetics, and selectivity","PAIR::y::benzene-1,3,5-tricarboxylic acid (h3btc)",,"benzene-1,3,5-tricarboxylic acid (H3BTC)",,,Aromatic tricarboxylate,Y,rare-earth nitrate salt(s); hydration not encoded in campaign key,nitrate,,3,EtOH/H2O (fractions not encoded in campaign key),,Acido acetico,10.0,60.0,18.0,,,,,,Automated solvothermal synthesis,Automated vial; exact geometry in source SI,,,,no solid product,,peer_reviewed_high_throughput_literature,Author-assigned HT-PXRD/CV campaign outcome,direct_machine_readable_campaign_key,v13_source_rare_earth_landscape.csv,SOURCE_VERIFIED_SINGLE_CURATION_PASS,False,"Evidence-only: absolute precursor amounts, ligand:metal ratio, and solvent volume are not encoded in the public campaign key.",0,Failed / no solid product,no solid product,Exact author label 'no solid product' -> class 0,False,False,False,Campaign key explicitly reports no solid product.
V13-REHT-0503,MG2-81-55,10.1039/d5sc09992g,10.5281/zenodo.17902549,https://doi.org/10.1039/d5sc09992g,https://doi.org/10.5281/zenodo.17902549,"Mapping the crystallization landscape of rare earth MOFs: a high-throughput investigation of structure, kinetics, and selectivity",PAIR::y::pyromellitic acid,,pyromellitic acid,,,Aromatic tetracarboxylate,Y,rare-earth nitrate salt(s); hydration not encoded in campaign key,nitrate,,3,EtOH/H2O (fractions not encoded in campaign key),,Acido acetico,10.0,60.0,18.0,,,,,,Automated solvothermal synthesis,Automated vial; exact geometry in source SI,,,,no crystalline product,,peer_reviewed_high_throughput_literature,Author-assigned HT-PXRD/CV campaign outcome,direct_machine_readable_campaign_key,v13_source_rare_earth_landscape.csv,SOURCE_VERIFIED_SINGLE_CURATION_PASS,False,"Evidence-only: absolute precursor amounts, ligand:metal ratio, and solvent volume are not encoded in the public campaign key.",1,Amorphous / no crystalline product,no crystalline product,Exact author label 'no crystalline product' -> class 1,True,False,False,HT-PXRD campaign key explicitly reports no crystalline product.
V13-REHT-0505,MG2-81-57,10.1039/d5sc09992g,10.5281/zenodo.17902549,https://doi.org/10.1039/d5sc09992g,https://doi.org/10.5281/zenodo.17902549,"Mapping the crystallization landscape of rare earth MOFs: a high-throughput investigation of structure, kinetics, and selectivity","PAIR::la::terephthalic acid (1,4-bdc)",,"terephthalic acid (1,4-BDC)",,,Aromatic dicarboxylate,La,rare-earth nitrate salt(s); hydration not encoded in campaign key,nitrate,,3,EtOH/H2O (fractions not encoded in campaign key),,Nessuno,0.0,60.0,18.0,,,,,,Automated solvothermal synthesis,Automated vial; exact geometry in source SI,,,,no solid product,,peer_reviewed_high_throughput_literature,Author-assigned HT-PXRD/CV campaign outcome,direct_machine_readable_campaign_key,v13_source_rare_earth_landscape.csv,SOURCE_VERIFIED_SINGLE_CURATION_PASS,False,"Evidence-only: absolute precursor amounts, ligand:metal ratio, and solvent volume are not encoded in the public campaign key.",0,Failed / no solid product,no solid product,Exact author label 'no solid product' -> class 0,False,False,False,Campaign key explicitly reports no solid product.
V13-REHT-0506,MG2-81-58,10.1039/d5sc09992g,10.5281/zenodo.17902549,https://doi.org/10.1039/d5sc09992g,https://doi.org/10.5281/zenodo.17902549,"Mapping the crystallization landscape of rare earth MOFs: a high-throughput investigation of structure, kinetics, and selectivity","PAIR::la::phthalic acid (1,2-bdc)",,"phthalic acid (1,2-BDC)",,,Aromatic dicarboxylate,La,rare-earth nitrate salt(s); hydration not encoded in campaign key,nitrate,,3,EtOH/H2O (fractions not encoded in campaign key),,Nessuno,0.0,60.0,18.0,,,,,,Automated solvothermal synthesis,Automated vial; exact geometry in source SI,,,,no solid product,,peer_reviewed_high_throughput_literature,Author-assigned HT-PXRD/CV campaign outcome,direct_machine_readable_campaign_key,v13_source_rare_earth_landscape.csv,SOURCE_VERIFIED_SINGLE_CURATION_PASS,False,"Evidence-only: absolute precursor amounts, ligand:metal ratio, and solvent volume are not encoded in the public campaign key.",0,Failed / no solid product,no solid product,Exact author label 'no solid product' -> class 0,False,False,False,Campaign key explicitly reports no solid product.
V13-REHT-0507,MG2-81-59,10.1039/d5sc09992g,10.5281/zenodo.17902549,https://doi.org/10.1039/d5sc09992g,https://doi.org/10.5281/zenodo.17902549,"Mapping the crystallization landscape of rare earth MOFs: a high-throughput investigation of structure, kinetics, and selectivity","PAIR::la::isophthalic acid (1,3-bdc)",,"isophthalic acid (1,3-BDC)",,,Aromatic dicarboxylate,La,rare-earth nitrate salt(s); hydration not encoded in campaign key,nitrate,,3,EtOH/H2O (fractions not encoded in campaign key),,Nessuno,0.0,60.0,18.0,,,,,,Automated solvothermal synthesis,Automated vial; exact geometry in source SI,,,,no solid product,,peer_reviewed_high_throughput_literature,Author-assigned HT-PXRD/CV campaign outcome,direct_machine_readable_campaign_key,v13_source_rare_earth_landscape.csv,SOURCE_VERIFIED_SINGLE_CURATION_PASS,False,"Evidence-only: absolute precursor amounts, ligand:metal ratio, and solvent volume are not encoded in the public campaign key.",0,Failed / no solid product,no solid product,Exact author label 'no solid product' -> class 0,False,False,False,Campaign key explicitly reports no solid product.
V13-REHT-0512,MG2-81-64,10.1039/d5sc09992g,10.5281/zenodo.17902549,https://doi.org/10.1039/d5sc09992g,https://doi.org/10.5281/zenodo.17902549,"Mapping the crystallization landscape of rare earth MOFs: a high-throughput investigation of structure, kinetics, and selectivity","PAIR::la::terephthalic acid (1,4-bdc)",,"terephthalic acid (1,4-BDC)",,,Aromatic dicarboxylate,La,rare-earth nitrate salt(s); hydration not encoded in campaign key,nitrate,,3,EtOH/H2O (fractions not encoded in campaign key),,Acido acetico,2.0,60.0,18.0,,,,,,Automated solvothermal synthesis,Automated vial; exact geometry in source SI,,,,no solid product,,peer_reviewed_high_throughput_literature,Author-assigned HT-PXRD/CV campaign outcome,direct_machine_readable_campaign_key,v13_source_rare_earth_landscape.csv,SOURCE_VERIFIED_SINGLE_CURATION_PASS,False,"Evidence-only: absolute precursor amounts, ligand:metal ratio, and solvent volume are not encoded in the public campaign key.",0,Failed / no solid product,no solid product,Exact author label 'no solid product' -> class 0,False,False,False,Campaign key explicitly reports no solid product.
V13-REHT-0513,MG2-81-65,10.1039/d5sc09992g,10.5281/zenodo.17902549,https://doi.org/10.1039/d5sc09992g,https://doi.org/10.5281/zenodo.17902549,"Mapping the crystallization landscape of rare earth MOFs: a high-throughput investigation of structure, kinetics, and selectivity","PAIR::la::phthalic acid (1,2-bdc)",,"phthalic acid (1,2-BDC)",,,Aromatic dicarboxylate,La,rare-earth nitrate salt(s); hydration not encoded in campaign key,nitrate,,3,EtOH/H2O (fractions not encoded in campaign key),,Acido acetico,2.0,60.0,18.0,,,,,,Automated solvothermal synthesis,Automated vial; exact geometry in source SI,,,,no solid product,,peer_reviewed_high_throughput_literature,Author-assigned HT-PXRD/CV campaign outcome,direct_machine_readable_campaign_key,v13_source_rare_earth_landscape.csv,SOURCE_VERIFIED_SINGLE_CURATION_PASS,False,"Evidence-only: absolute precursor amounts, ligand:metal ratio, and solvent volume are not encoded in the public campaign key.",0,Failed / no solid product,no solid product,Exact author label 'no solid product' -> class 0,False,False,False,Campaign key explicitly reports no solid product.
V13-REHT-0514,MG2-81-66,10.1039/d5sc09992g,10.5281/zenodo.17902549,https://doi.org/10.1039/d5sc09992g,https://doi.org/10.5281/zenodo.17902549,"Mapping the crystallization landscape of rare earth MOFs: a high-throughput investigation of structure, kinetics, and selectivity","PAIR::la::isophthalic acid (1,3-bdc)",,"isophthalic acid (1,3-BDC)",,,Aromatic dicarboxylate,La,rare-earth nitrate salt(s); hydration not encoded in campaign key,nitrate,,3,EtOH/H2O (fractions not encoded in campaign key),,Acido acetico,2.0,60.0,18.0,,,,,,Automated solvothermal synthesis,Automated vial; exact geometry in source SI,,,,no solid product,,peer_reviewed_high_throughput_literature,Author-assigned HT-PXRD/CV campaign outcome,direct_machine_readable_campaign_key,v13_source_rare_earth_landscape.csv,SOURCE_VERIFIED_SINGLE_CURATION_PASS,False,"Evidence-only: absolute precursor amounts, ligand:metal ratio, and solvent volume are not encoded in the public campaign key.",0,Failed / no solid product,no solid product,Exact author label 'no solid product' -> class 0,False,False,False,Campaign key explicitly reports no solid product.
V13-REHT-0519,MG2-81-71,10.1039/d5sc09992g,10.5281/zenodo.17902549,https://doi.org/10.1039/d5sc09992g,https://doi.org/10.5281/zenodo.17902549,"Mapping the crystallization landscape of rare earth MOFs: a high-throughput investigation of structure, kinetics, and selectivity","PAIR::la::terephthalic acid (1,4-bdc)",,"terephthalic acid (1,4-BDC)",,,Aromatic dicarboxylate,La,rare-earth nitrate salt(s); hydration not encoded in campaign key,nitrate,,3,EtOH/H2O (fractions not encoded in campaign key),,Acido acetico,5.0,60.0,18.0,,,,,,Automated solvothermal synthesis,Automated vial; exact geometry in source SI,,,,no solid product,,peer_reviewed_high_throughput_literature,Author-assigned HT-PXRD/CV campaign outcome,direct_machine_readable_campaign_key,v13_source_rare_earth_landscape.csv,SOURCE_VERIFIED_SINGLE_CURATION_PASS,False,"Evidence-only: absolute precursor amounts, ligand:metal ratio, and solvent volume are not encoded in the public campaign key.",0,Failed / no solid product,no solid product,Exact author label 'no solid product' -> class 0,False,False,False,Campaign key explicitly reports no solid product.
V13-REHT-0520,MG2-81-72,10.1039/d5sc09992g,10.5281/zenodo.17902549,https://doi.org/10.1039/d5sc09992g,https://doi.org/10.5281/zenodo.17902549,"Mapping the crystallization landscape of rare earth MOFs: a high-throughput investigation of structure, kinetics, and selectivity","PAIR::la::phthalic acid (1,2-bdc)",,"phthalic acid (1,2-BDC)",,,Aromatic dicarboxylate,La,rare-earth nitrate salt(s); hydration not encoded in campaign key,nitrate,,3,EtOH/H2O (fractions not encoded in campaign key),,Acido acetico,5.0,60.0,18.0,,,,,,Automated solvothermal synthesis,Automated vial; exact geometry in source SI,,,,no solid product,,peer_reviewed_high_throughput_literature,Author-assigned HT-PXRD/CV campaign outcome,direct_machine_readable_campaign_key,v13_source_rare_earth_landscape.csv,SOURCE_VERIFIED_SINGLE_CURATION_PASS,False,"Evidence-only: absolute precursor amounts, ligand:metal ratio, and solvent volume are not encoded in the public campaign key.",0,Failed / no solid product,no solid product,Exact author label 'no solid product' -> class 0,False,False,False,Campaign key explicitly reports no solid product.
V13-REHT-0521,MG2-81-73,10.1039/d5sc09992g,10.5281/zenodo.17902549,https://doi.org/10.1039/d5sc09992g,https://doi.org/10.5281/zenodo.17902549,"Mapping the crystallization landscape of rare earth MOFs: a high-throughput investigation of structure, kinetics, and selectivity","PAIR::la::isophthalic acid (1,3-bdc)",,"isophthalic acid (1,3-BDC)",,,Aromatic dicarboxylate,La,rare-earth nitrate salt(s); hydration not encoded in campaign key,nitrate,,3,EtOH/H2O (fractions not encoded in campaign key),,Acido acetico,5.0,60.0,18.0,,,,,,Automated solvothermal synthesis,Automated vial; exact geometry in source SI,,,,no solid product,,peer_reviewed_high_throughput_literature,Author-assigned HT-PXRD/CV campaign outcome,direct_machine_readable_campaign_key,v13_source_rare_earth_landscape.csv,SOURCE_VERIFIED_SINGLE_CURATION_PASS,False,"Evidence-only: absolute precursor amounts, ligand:metal ratio, and solvent volume are not encoded in the public campaign key.",0,Failed / no solid product,no solid product,Exact author label 'no solid product' -> class 0,False,False,False,Campaign key explicitly reports no solid product.
V13-REHT-0526,MG2-81-78,10.1039/d5sc09992g,10.5281/zenodo.17902549,https://doi.org/10.1039/d5sc09992g,https://doi.org/10.5281/zenodo.17902549,"Mapping the crystallization landscape of rare earth MOFs: a high-throughput investigation of structure, kinetics, and selectivity","PAIR::la::terephthalic acid (1,4-bdc)",,"terephthalic acid (1,4-BDC)",,,Aromatic dicarboxylate,La,rare-earth nitrate salt(s); hydration not encoded in campaign key,nitrate,,3,EtOH/H2O (fractions not encoded in campaign key),,Acido acetico,10.0,60.0,18.0,,,,,,Automated solvothermal synthesis,Automated vial; exact geometry in source SI,,,,no solid product,,peer_reviewed_high_throughput_literature,Author-assigned HT-PXRD/CV campaign outcome,direct_machine_readable_campaign_key,v13_source_rare_earth_landscape.csv,SOURCE_VERIFIED_SINGLE_CURATION_PASS,False,"Evidence-only: absolute precursor amounts, ligand:metal ratio, and solvent volume are not encoded in the public campaign key.",0,Failed / no solid product,no solid product,Exact author label 'no solid product' -> class 0,False,False,False,Campaign key explicitly reports no solid product.
V13-REHT-0527,MG2-81-79,10.1039/d5sc09992g,10.5281/zenodo.17902549,https://doi.org/10.1039/d5sc09992g,https://doi.org/10.5281/zenodo.17902549,"Mapping the crystallization landscape of rare earth MOFs: a high-throughput investigation of structure, kinetics, and selectivity","PAIR::la::phthalic acid (1,2-bdc)",,"phthalic acid (1,2-BDC)",,,Aromatic dicarboxylate,La,rare-earth nitrate salt(s); hydration not encoded in campaign key,nitrate,,3,EtOH/H2O (fractions not encoded in campaign key),,Acido acetico,10.0,60.0,18.0,,,,,,Automated solvothermal synthesis,Automated vial; exact geometry in source SI,,,,no solid product,,peer_reviewed_high_throughput_literature,Author-assigned HT-PXRD/CV campaign outcome,direct_machine_readable_campaign_key,v13_source_rare_earth_landscape.csv,SOURCE_VERIFIED_SINGLE_CURATION_PASS,False,"Evidence-only: absolute precursor amounts, ligand:metal ratio, and solvent volume are not encoded in the public campaign key.",0,Failed / no solid product,no solid product,Exact author label 'no solid product' -> class 0,False,False,False,Campaign key explicitly reports no solid product.
V13-REHT-0528,MG2-81-80,10.1039/d5sc09992g,10.5281/zenodo.17902549,https://doi.org/10.1039/d5sc09992g,https://doi.org/10.5281/zenodo.17902549,"Mapping the crystallization landscape of rare earth MOFs: a high-throughput investigation of structure, kinetics, and selectivity","PAIR::la::isophthalic acid (1,3-bdc)",,"isophthalic acid (1,3-BDC)",,,Aromatic dicarboxylate,La,rare-earth nitrate salt(s); hydration not encoded in campaign key,nitrate,,3,EtOH/H2O (fractions not encoded in campaign key),,Acido acetico,10.0,60.0,18.0,,,,,,Automated solvothermal synthesis,Automated vial; exact geometry in source SI,,,,no solid product,,peer_reviewed_high_throughput_literature,Author-assigned HT-PXRD/CV campaign outcome,direct_machine_readable_campaign_key,v13_source_rare_earth_landscape.csv,SOURCE_VERIFIED_SINGLE_CURATION_PASS,False,"Evidence-only: absolute precursor amounts, ligand:metal ratio, and solvent volume are not encoded in the public campaign key.",0,Failed / no solid product,no solid product,Exact author label 'no solid product' -> class 0,False,False,False,Campaign key explicitly reports no solid product.
V13-REHT-0533,MG2-82-01,10.1039/d5sc09992g,10.5281/zenodo.17902549,https://doi.org/10.1039/d5sc09992g,https://doi.org/10.5281/zenodo.17902549,"Mapping the crystallization landscape of rare earth MOFs: a high-throughput investigation of structure, kinetics, and selectivity","PAIR::ce::terephthalic acid (1,4-bdc)",,"terephthalic acid (1,4-BDC)",,,Aromatic dicarboxylate,Ce,rare-earth nitrate salt(s); hydration not encoded in campaign key,nitrate,,3,EtOH/H2O (fractions not encoded in campaign key),,Nessuno,0.0,60.0,18.0,,,,,,Automated solvothermal synthesis,Automated vial; exact geometry in source SI,,13.998,13.998,no solid product,,peer_reviewed_high_throughput_literature,Author-assigned HT-PXRD/CV campaign outcome,direct_machine_readable_campaign_key,v13_source_rare_earth_landscape.csv,SOURCE_VERIFIED_SINGLE_CURATION_PASS,False,"Evidence-only: absolute precursor amounts, ligand:metal ratio, and solvent volume are not encoded in the public campaign key.",0,Failed / no solid product,no solid product,Exact author label 'no solid product' -> class 0,False,False,False,Campaign key explicitly reports no solid product.
V13-REHT-0534,MG2-82-02,10.1039/d5sc09992g,10.5281/zenodo.17902549,https://doi.org/10.1039/d5sc09992g,https://doi.org/10.5281/zenodo.17902549,"Mapping the crystallization landscape of rare earth MOFs: a high-throughput investigation of structure, kinetics, and selectivity","PAIR::ce::phthalic acid (1,2-bdc)",,"phthalic acid (1,2-BDC)",,,Aromatic dicarboxylate,Ce,rare-earth nitrate salt(s); hydration not encoded in campaign key,nitrate,,3,EtOH/H2O (fractions not encoded in campaign key),,Nessuno,0.0,60.0,18.0,,,,,,Automated solvothermal synthesis,Automated vial; exact geometry in source SI,,,,no solid product,,peer_reviewed_high_throughput_literature,Author-assigned HT-PXRD/CV campaign outcome,direct_machine_readable_campaign_key,v13_source_rare_earth_landscape.csv,SOURCE_VERIFIED_SINGLE_CURATION_PASS,False,"Evidence-only: absolute precursor amounts, ligand:metal ratio, and solvent volume are not encoded in the public campaign key.",0,Failed / no solid product,no solid product,Exact author label 'no solid product' -> class 0,False,False,False,Campaign key explicitly reports no solid product.
V13-REHT-0535,MG2-82-03,10.1039/d5sc09992g,10.5281/zenodo.17902549,https://doi.org/10.1039/d5sc09992g,https://doi.org/10.5281/zenodo.17902549,"Mapping the crystallization landscape of rare earth MOFs: a high-throughput investigation of structure, kinetics, and selectivity","PAIR::ce::isophthalic acid (1,3-bdc)",,"isophthalic acid (1,3-BDC)",,,Aromatic dicarboxylate,Ce,rare-earth nitrate salt(s); hydration not encoded in campaign key,nitrate,,3,EtOH/H2O (fractions not encoded in campaign key),,Nessuno,0.0,60.0,18.0,,,,,,Automated solvothermal synthesis,Automated vial; exact geometry in source SI,,,,no solid product,,peer_reviewed_high_throughput_literature,Author-assigned HT-PXRD/CV campaign outcome,direct_machine_readable_campaign_key,v13_source_rare_earth_landscape.csv,SOURCE_VERIFIED_SINGLE_CURATION_PASS,False,"Evidence-only: absolute precursor amounts, ligand:metal ratio, and solvent volume are not encoded in the public campaign key.",0,Failed / no solid product,no solid product,Exact author label 'no solid product' -> class 0,False,False,False,Campaign key explicitly reports no solid product.
V13-REHT-0540,MG2-82-08,10.1039/d5sc09992g,10.5281/zenodo.17902549,https://doi.org/10.1039/d5sc09992g,https://doi.org/10.5281/zenodo.17902549,"Mapping the crystallization landscape of rare earth MOFs: a high-throughput investigation of structure, kinetics, and selectivity","PAIR::ce::terephthalic acid (1,4-bdc)",,"terephthalic acid (1,4-BDC)",,,Aromatic dicarboxylate,Ce,rare-earth nitrate salt(s); hydration not encoded in campaign key,nitrate,,3,EtOH/H2O (fractions not encoded in campaign key),,Acido acetico,2.0,60.0,18.0,,,,,,Automated solvothermal synthesis,Automated vial; exact geometry in source SI,,19.043,19.043,no solid product,,peer_reviewed_high_throughput_literature,Author-assigned HT-PXRD/CV campaign outcome,direct_machine_readable_campaign_key,v13_source_rare_earth_landscape.csv,SOURCE_VERIFIED_SINGLE_CURATION_PASS,False,"Evidence-only: absolute precursor amounts, ligand:metal ratio, and solvent volume are not encoded in the public campaign key.",0,Failed / no solid product,no solid product,Exact author label 'no solid product' -> class 0,False,False,False,Campaign key explicitly reports no solid product.
V13-REHT-0541,MG2-82-09,10.1039/d5sc09992g,10.5281/zenodo.17902549,https://doi.org/10.1039/d5sc09992g,https://doi.org/10.5281/zenodo.17902549,"Mapping the crystallization landscape of rare earth MOFs: a high-throughput investigation of structure, kinetics, and selectivity","PAIR::ce::phthalic acid (1,2-bdc)",,"phthalic acid (1,2-BDC)",,,Aromatic dicarboxylate,Ce,rare-earth nitrate salt(s); hydration not encoded in campaign key,nitrate,,3,EtOH/H2O (fractions not encoded in campaign key),,Acido acetico,2.0,60.0,18.0,,,,,,Automated solvothermal synthesis,Automated vial; exact geometry in source SI,,,,no solid product,,peer_reviewed_high_throughput_literature,Author-assigned HT-PXRD/CV campaign outcome,direct_machine_readable_campaign_key,v13_source_rare_earth_landscape.csv,SOURCE_VERIFIED_SINGLE_CURATION_PASS,False,"Evidence-only: absolute precursor amounts, ligand:metal ratio, and solvent volume are not encoded in the public campaign key.",0,Failed / no solid product,no solid product,Exact author label 'no solid product' -> class 0,False,False,False,Campaign key explicitly reports no solid product.
V13-REHT-0542,MG2-82-10,10.1039/d5sc09992g,10.5281/zenodo.17902549,https://doi.org/10.1039/d5sc09992g,https://doi.org/10.5281/zenodo.17902549,"Mapping the crystallization landscape of rare earth MOFs: a high-throughput investigation of structure, kinetics, and selectivity","PAIR::ce::isophthalic acid (1,3-bdc)",,"isophthalic acid (1,3-BDC)",,,Aromatic dicarboxylate,Ce,rare-earth nitrate salt(s); hydration not encoded in campaign key,nitrate,,3,EtOH/H2O (fractions not encoded in campaign key),,Acido acetico,2.0,60.0,18.0,,,,,,Automated solvothermal synthesis,Automated vial; exact geometry in source SI,,,,no solid product,,peer_reviewed_high_throughput_literature,Author-assigned HT-PXRD/CV campaign outcome,direct_machine_readable_campaign_key,v13_source_rare_earth_landscape.csv,SOURCE_VERIFIED_SINGLE_CURATION_PASS,False,"Evidence-only: absolute precursor amounts, ligand:metal ratio, and solvent volume are not encoded in the public campaign key.",0,Failed / no solid product,no solid product,Exact author label 'no solid product' -> class 0,False,False,False,Campaign key explicitly reports no solid product.
V13-REHT-0547,MG2-82-15,10.1039/d5sc09992g,10.5281/zenodo.17902549,https://doi.org/10.1039/d5sc09992g,https://doi.org/10.5281/zenodo.17902549,"Mapping the crystallization landscape of rare earth MOFs: a high-throughput investigation of structure, kinetics, and selectivity","PAIR::ce::terephthalic acid (1,4-bdc)",,"terephthalic acid (1,4-BDC)",,,Aromatic dicarboxylate,Ce,rare-earth nitrate salt(s); hydration not encoded in campaign key,nitrate,,3,EtOH/H2O (fractions not encoded in campaign key),,Acido acetico,5.0,60.0,18.0,,,,,,Automated solvothermal synthesis,Automated vial; exact geometry in source SI,,,,no solid product,,peer_reviewed_high_throughput_literature,Author-assigned HT-PXRD/CV campaign outcome,direct_machine_readable_campaign_key,v13_source_rare_earth_landscape.csv,SOURCE_VERIFIED_SINGLE_CURATION_PASS,False,"Evidence-only: absolute precursor amounts, ligand:metal ratio, and solvent volume are not encoded in the public campaign key.",0,Failed / no solid product,no solid product,Exact author label 'no solid product' -> class 0,False,False,False,Campaign key explicitly reports no solid product.
V13-REHT-0548,MG2-82-16,10.1039/d5sc09992g,10.5281/zenodo.17902549,https://doi.org/10.1039/d5sc09992g,https://doi.org/10.5281/zenodo.17902549,"Mapping the crystallization landscape of rare earth MOFs: a high-throughput investigation of structure, kinetics, and selectivity","PAIR::ce::phthalic acid (1,2-bdc)",,"phthalic acid (1,2-BDC)",,,Aromatic dicarboxylate,Ce,rare-earth nitrate salt(s); hydration not encoded in campaign key,nitrate,,3,EtOH/H2O (fractions not encoded in campaign key),,Acido acetico,5.0,60.0,18.0,,,,,,Automated solvothermal synthesis,Automated vial; exact geometry in source SI,,,,no solid product,,peer_reviewed_high_throughput_literature,Author-assigned HT-PXRD/CV campaign outcome,direct_machine_readable_campaign_key,v13_source_rare_earth_landscape.csv,SOURCE_VERIFIED_SINGLE_CURATION_PASS,False,"Evidence-only: absolute precursor amounts, ligand:metal ratio, and solvent volume are not encoded in the public campaign key.",0,Failed / no solid product,no solid product,Exact author label 'no solid product' -> class 0,False,False,False,Campaign key explicitly reports no solid product.
V13-REHT-0549,MG2-82-17,10.1039/d5sc09992g,10.5281/zenodo.17902549,https://doi.org/10.1039/d5sc09992g,https://doi.org/10.5281/zenodo.17902549,"Mapping the crystallization landscape of rare earth MOFs: a high-throughput investigation of structure, kinetics, and selectivity","PAIR::ce::isophthalic acid (1,3-bdc)",,"isophthalic acid (1,3-BDC)",,,Aromatic dicarboxylate,Ce,rare-earth nitrate salt(s); hydration not encoded in campaign key,nitrate,,3,EtOH/H2O (fractions not encoded in campaign key),,Acido acetico,5.0,60.0,18.0,,,,,,Automated solvothermal synthesis,Automated vial; exact geometry in source SI,,,,no solid product,,peer_reviewed_high_throughput_literature,Author-assigned HT-PXRD/CV campaign outcome,direct_machine_readable_campaign_key,v13_source_rare_earth_landscape.csv,SOURCE_VERIFIED_SINGLE_CURATION_PASS,False,"Evidence-only: absolute precursor amounts, ligand:metal ratio, and solvent volume are not encoded in the public campaign key.",0,Failed / no solid product,no solid product,Exact author label 'no solid product' -> class 0,False,False,False,Campaign key explicitly reports no solid product.
V13-REHT-0554,MG2-82-22,10.1039/d5sc09992g,10.5281/zenodo.17902549,https://doi.org/10.1039/d5sc09992g,https://doi.org/10.5281/zenodo.17902549,"Mapping the crystallization landscape of rare earth MOFs: a high-throughput investigation of structure, kinetics, and selectivity","PAIR::ce::terephthalic acid (1,4-bdc)",,"terephthalic acid (1,4-BDC)",,,Aromatic dicarboxylate,Ce,rare-earth nitrate salt(s); hydration not encoded in campaign key,nitrate,,3,EtOH/H2O (fractions not encoded in campaign key),,Acido acetico,10.0,60.0,18.0,,,,,,Automated solvothermal synthesis,Automated vial; exact geometry in source SI,,,,no solid product,,peer_reviewed_high_throughput_literature,Author-assigned HT-PXRD/CV campaign outcome,direct_machine_readable_campaign_key,v13_source_rare_earth_landscape.csv,SOURCE_VERIFIED_SINGLE_CURATION_PASS,False,"Evidence-only: absolute precursor amounts, ligand:metal ratio, and solvent volume are not encoded in the public campaign key.",0,Failed / no solid product,no solid product,Exact author label 'no solid product' -> class 0,False,False,False,Campaign key explicitly reports no solid product.
V13-REHT-0555,MG2-82-23,10.1039/d5sc09992g,10.5281/zenodo.17902549,https://doi.org/10.1039/d5sc09992g,https://doi.org/10.5281/zenodo.17902549,"Mapping the crystallization landscape of rare earth MOFs: a high-throughput investigation of structure, kinetics, and selectivity","PAIR::ce::phthalic acid (1,2-bdc)",,"phthalic acid (1,2-BDC)",,,Aromatic dicarboxylate,Ce,rare-earth nitrate salt(s); hydration not encoded in campaign key,nitrate,,3,EtOH/H2O (fractions not encoded in campaign key),,Acido acetico,10.0,60.0,18.0,,,,,,Automated solvothermal synthesis,Automated vial; exact geometry in source SI,,,,no solid product,,peer_reviewed_high_throughput_literature,Author-assigned HT-PXRD/CV campaign outcome,direct_machine_readable_campaign_key,v13_source_rare_earth_landscape.csv,SOURCE_VERIFIED_SINGLE_CURATION_PASS,False,"Evidence-only: absolute precursor amounts, ligand:metal ratio, and solvent volume are not encoded in the public campaign key.",0,Failed / no solid product,no solid product,Exact author label 'no solid product' -> class 0,False,False,False,Campaign key explicitly reports no solid product.
V13-REHT-0556,MG2-82-24,10.1039/d5sc09992g,10.5281/zenodo.17902549,https://doi.org/10.1039/d5sc09992g,https://doi.org/10.5281/zenodo.17902549,"Mapping the crystallization landscape of rare earth MOFs: a high-throughput investigation of structure, kinetics, and selectivity","PAIR::ce::isophthalic acid (1,3-bdc)",,"isophthalic acid (1,3-BDC)",,,Aromatic dicarboxylate,Ce,rare-earth nitrate salt(s); hydration not encoded in campaign key,nitrate,,3,EtOH/H2O (fractions not encoded in campaign key),,Acido acetico,10.0,60.0,18.0,,,,,,Automated solvothermal synthesis,Automated vial; exact geometry in source SI,,,,no solid product,,peer_reviewed_high_throughput_literature,Author-assigned HT-PXRD/CV campaign outcome,direct_machine_readable_campaign_key,v13_source_rare_earth_landscape.csv,SOURCE_VERIFIED_SINGLE_CURATION_PASS,False,"Evidence-only: absolute precursor amounts, ligand:metal ratio, and solvent volume are not encoded in the public campaign key.",0,Failed / no solid product,no solid product,Exact author label 'no solid product' -> class 0,False,False,False,Campaign key explicitly reports no solid product.
V13-REHT-0561,MG2-82-29,10.1039/d5sc09992g,10.5281/zenodo.17902549,https://doi.org/10.1039/d5sc09992g,https://doi.org/10.5281/zenodo.17902549,"Mapping the crystallization landscape of rare earth MOFs: a high-throughput investigation of structure, kinetics, and selectivity","PAIR::pr::terephthalic acid (1,4-bdc)",,"terephthalic acid (1,4-BDC)",,,Aromatic dicarboxylate,Pr,rare-earth nitrate salt(s); hydration not encoded in campaign key,nitrate,,3,EtOH/H2O (fractions not encoded in campaign key),,Nessuno,0.0,60.0,18.0,,,,,,Automated solvothermal synthesis,Automated vial; exact geometry in source SI,,,,no solid product,,peer_reviewed_high_throughput_literature,Author-assigned HT-PXRD/CV campaign outcome,direct_machine_readable_campaign_key,v13_source_rare_earth_landscape.csv,SOURCE_VERIFIED_SINGLE_CURATION_PASS,False,"Evidence-only: absolute precursor amounts, ligand:metal ratio, and solvent volume are not encoded in the public campaign key.",0,Failed / no solid product,no solid product,Exact author label 'no solid product' -> class 0,False,False,False,Campaign key explicitly reports no solid product.
V13-REHT-0562,MG2-82-30,10.1039/d5sc09992g,10.5281/zenodo.17902549,https://doi.org/10.1039/d5sc09992g,https://doi.org/10.5281/zenodo.17902549,"Mapping the crystallization landscape of rare earth MOFs: a high-throughput investigation of structure, kinetics, and selectivity","PAIR::pr::phthalic acid (1,2-bdc)",,"phthalic acid (1,2-BDC)",,,Aromatic dicarboxylate,Pr,rare-earth nitrate salt(s); hydration not encoded in campaign key,nitrate,,3,EtOH/H2O (fractions not encoded in campaign key),,Nessuno,0.0,60.0,18.0,,,,,,Automated solvothermal synthesis,Automated vial; exact geometry in source SI,,,,no solid product,,peer_reviewed_high_throughput_literature,Author-assigned HT-PXRD/CV campaign outcome,direct_machine_readable_campaign_key,v13_source_rare_earth_landscape.csv,SOURCE_VERIFIED_SINGLE_CURATION_PASS,False,"Evidence-only: absolute precursor amounts, ligand:metal ratio, and solvent volume are not encoded in the public campaign key.",0,Failed / no solid product,no solid product,Exact author label 'no solid product' -> class 0,False,False,False,Campaign key explicitly reports no solid product.
V13-REHT-0563,MG2-82-31,10.1039/d5sc09992g,10.5281/zenodo.17902549,https://doi.org/10.1039/d5sc09992g,https://doi.org/10.5281/zenodo.17902549,"Mapping the crystallization landscape of rare earth MOFs: a high-throughput investigation of structure, kinetics, and selectivity","PAIR::pr::isophthalic acid (1,3-bdc)",,"isophthalic acid (1,3-BDC)",,,Aromatic dicarboxylate,Pr,rare-earth nitrate salt(s); hydration not encoded in campaign key,nitrate,,3,EtOH/H2O (fractions not encoded in campaign key),,Nessuno,0.0,60.0,18.0,,,,,,Automated solvothermal synthesis,Automated vial; exact geometry in source SI,,,,no solid product,,peer_reviewed_high_throughput_literature,Author-assigned HT-PXRD/CV campaign outcome,direct_machine_readable_campaign_key,v13_source_rare_earth_landscape.csv,SOURCE_VERIFIED_SINGLE_CURATION_PASS,False,"Evidence-only: absolute precursor amounts, ligand:metal ratio, and solvent volume are not encoded in the public campaign key.",0,Failed / no solid product,no solid product,Exact author label 'no solid product' -> class 0,False,False,False,Campaign key explicitly reports no solid product.
V13-REHT-0568,MG2-82-36,10.1039/d5sc09992g,10.5281/zenodo.17902549,https://doi.org/10.1039/d5sc09992g,https://doi.org/10.5281/zenodo.17902549,"Mapping the crystallization landscape of rare earth MOFs: a high-throughput investigation of structure, kinetics, and selectivity","PAIR::pr::terephthalic acid (1,4-bdc)",,"terephthalic acid (1,4-BDC)",,,Aromatic dicarboxylate,Pr,rare-earth nitrate salt(s); hydration not encoded in campaign key,nitrate,,3,EtOH/H2O (fractions not encoded in campaign key),,Acido acetico,2.0,60.0,18.0,,,,,,Automated solvothermal synthesis,Automated vial; exact geometry in source SI,,,,no solid product,,peer_reviewed_high_throughput_literature,Author-assigned HT-PXRD/CV campaign outcome,direct_machine_readable_campaign_key,v13_source_rare_earth_landscape.csv,SOURCE_VERIFIED_SINGLE_CURATION_PASS,False,"Evidence-only: absolute precursor amounts, ligand:metal ratio, and solvent volume are not encoded in the public campaign key.",0,Failed / no solid product,no solid product,Exact author label 'no solid product' -> class 0,False,False,False,Campaign key explicitly reports no solid product.
V13-REHT-0569,MG2-82-37,10.1039/d5sc09992g,10.5281/zenodo.17902549,https://doi.org/10.1039/d5sc09992g,https://doi.org/10.5281/zenodo.17902549,"Mapping the crystallization landscape of rare earth MOFs: a high-throughput investigation of structure, kinetics, and selectivity","PAIR::pr::phthalic acid (1,2-bdc)",,"phthalic acid (1,2-BDC)",,,Aromatic dicarboxylate,Pr,rare-earth nitrate salt(s); hydration not encoded in campaign key,nitrate,,3,EtOH/H2O (fractions not encoded in campaign key),,Acido acetico,2.0,60.0,18.0,,,,,,Automated solvothermal synthesis,Automated vial; exact geometry in source SI,,,,no solid product,,peer_reviewed_high_throughput_literature,Author-assigned HT-PXRD/CV campaign outcome,direct_machine_readable_campaign_key,v13_source_rare_earth_landscape.csv,SOURCE_VERIFIED_SINGLE_CURATION_PASS,False,"Evidence-only: absolute precursor amounts, ligand:metal ratio, and solvent volume are not encoded in the public campaign key.",0,Failed / no solid product,no solid product,Exact author label 'no solid product' -> class 0,False,False,False,Campaign key explicitly reports no solid product.
V13-REHT-0570,MG2-82-38,10.1039/d5sc09992g,10.5281/zenodo.17902549,https://doi.org/10.1039/d5sc09992g,https://doi.org/10.5281/zenodo.17902549,"Mapping the crystallization landscape of rare earth MOFs: a high-throughput investigation of structure, kinetics, and selectivity","PAIR::pr::isophthalic acid (1,3-bdc)",,"isophthalic acid (1,3-BDC)",,,Aromatic dicarboxylate,Pr,rare-earth nitrate salt(s); hydration not encoded in campaign key,nitrate,,3,EtOH/H2O (fractions not encoded in campaign key),,Acido acetico,2.0,60.0,18.0,,,,,,Automated solvothermal synthesis,Automated vial; exact geometry in source SI,,,,no solid product,,peer_reviewed_high_throughput_literature,Author-assigned HT-PXRD/CV campaign outcome,direct_machine_readable_campaign_key,v13_source_rare_earth_landscape.csv,SOURCE_VERIFIED_SINGLE_CURATION_PASS,False,"Evidence-only: absolute precursor amounts, ligand:metal ratio, and solvent volume are not encoded in the public campaign key.",0,Failed / no solid product,no solid product,Exact author label 'no solid product' -> class 0,False,False,False,Campaign key explicitly reports no solid product.
V13-REHT-0575,MG2-82-43,10.1039/d5sc09992g,10.5281/zenodo.17902549,https://doi.org/10.1039/d5sc09992g,https://doi.org/10.5281/zenodo.17902549,"Mapping the crystallization landscape of rare earth MOFs: a high-throughput investigation of structure, kinetics, and selectivity","PAIR::pr::terephthalic acid (1,4-bdc)",,"terephthalic acid (1,4-BDC)",,,Aromatic dicarboxylate,Pr,rare-earth nitrate salt(s); hydration not encoded in campaign key,nitrate,,3,EtOH/H2O (fractions not encoded in campaign key),,Acido acetico,5.0,60.0,18.0,,,,,,Automated solvothermal synthesis,Automated vial; exact geometry in source SI,,,,no solid product,,peer_reviewed_high_throughput_literature,Author-assigned HT-PXRD/CV campaign outcome,direct_machine_readable_campaign_key,v13_source_rare_earth_landscape.csv,SOURCE_VERIFIED_SINGLE_CURATION_PASS,False,"Evidence-only: absolute precursor amounts, ligand:metal ratio, and solvent volume are not encoded in the public campaign key.",0,Failed / no solid product,no solid product,Exact author label 'no solid product' -> class 0,False,False,False,Campaign key explicitly reports no solid product.
V13-REHT-0576,MG2-82-44,10.1039/d5sc09992g,10.5281/zenodo.17902549,https://doi.org/10.1039/d5sc09992g,https://doi.org/10.5281/zenodo.17902549,"Mapping the crystallization landscape of rare earth MOFs: a high-throughput investigation of structure, kinetics, and selectivity","PAIR::pr::phthalic acid (1,2-bdc)",,"phthalic acid (1,2-BDC)",,,Aromatic dicarboxylate,Pr,rare-earth nitrate salt(s); hydration not encoded in campaign key,nitrate,,3,EtOH/H2O (fractions not encoded in campaign key),,Acido acetico,5.0,60.0,18.0,,,,,,Automated solvothermal synthesis,Automated vial; exact geometry in source SI,,,,no solid product,,peer_reviewed_high_throughput_literature,Author-assigned HT-PXRD/CV campaign outcome,direct_machine_readable_campaign_key,v13_source_rare_earth_landscape.csv,SOURCE_VERIFIED_SINGLE_CURATION_PASS,False,"Evidence-only: absolute precursor amounts, ligand:metal ratio, and solvent volume are not encoded in the public campaign key.",0,Failed / no solid product,no solid product,Exact author label 'no solid product' -> class 0,False,False,False,Campaign key explicitly reports no solid product.
V13-REHT-0577,MG2-82-45,10.1039/d5sc09992g,10.5281/zenodo.17902549,https://doi.org/10.1039/d5sc09992g,https://doi.org/10.5281/zenodo.17902549,"Mapping the crystallization landscape of rare earth MOFs: a high-throughput investigation of structure, kinetics, and selectivity","PAIR::pr::isophthalic acid (1,3-bdc)",,"isophthalic acid (1,3-BDC)",,,Aromatic dicarboxylate,Pr,rare-earth nitrate salt(s); hydration not encoded in campaign key,nitrate,,3,EtOH/H2O (fractions not encoded in campaign key),,Acido acetico,5.0,60.0,18.0,,,,,,Automated solvothermal synthesis,Automated vial; exact geometry in source SI,,,,no solid product,,peer_reviewed_high_throughput_literature,Author-assigned HT-PXRD/CV campaign outcome,direct_machine_readable_campaign_key,v13_source_rare_earth_landscape.csv,SOURCE_VERIFIED_SINGLE_CURATION_PASS,False,"Evidence-only: absolute precursor amounts, ligand:metal ratio, and solvent volume are not encoded in the public campaign key.",0,Failed / no solid product,no solid product,Exact author label 'no solid product' -> class 0,False,False,False,Campaign key explicitly reports no solid product.
V13-REHT-0582,MG2-82-50,10.1039/d5sc09992g,10.5281/zenodo.17902549,https://doi.org/10.1039/d5sc09992g,https://doi.org/10.5281/zenodo.17902549,"Mapping the crystallization landscape of rare earth MOFs: a high-throughput investigation of structure, kinetics, and selectivity","PAIR::pr::terephthalic acid (1,4-bdc)",,"terephthalic acid (1,4-BDC)",,,Aromatic dicarboxylate,Pr,rare-earth nitrate salt(s); hydration not encoded in campaign key,nitrate,,3,EtOH/H2O (fractions not encoded in campaign key),,Acido acetico,10.0,60.0,18.0,,,,,,Automated solvothermal synthesis,Automated vial; exact geometry in source SI,,,,no solid product,,peer_reviewed_high_throughput_literature,Author-assigned HT-PXRD/CV campaign outcome,direct_machine_readable_campaign_key,v13_source_rare_earth_landscape.csv,SOURCE_VERIFIED_SINGLE_CURATION_PASS,False,"Evidence-only: absolute precursor amounts, ligand:metal ratio, and solvent volume are not encoded in the public campaign key.",0,Failed / no solid product,no solid product,Exact author label 'no solid product' -> class 0,False,False,False,Campaign key explicitly reports no solid product.
V13-REHT-0583,MG2-82-51,10.1039/d5sc09992g,10.5281/zenodo.17902549,https://doi.org/10.1039/d5sc09992g,https://doi.org/10.5281/zenodo.17902549,"Mapping the crystallization landscape of rare earth MOFs: a high-throughput investigation of structure, kinetics, and selectivity","PAIR::pr::phthalic acid (1,2-bdc)",,"phthalic acid (1,2-BDC)",,,Aromatic dicarboxylate,Pr,rare-earth nitrate salt(s); hydration not encoded in campaign key,nitrate,,3,EtOH/H2O (fractions not encoded in campaign key),,Acido acetico,10.0,60.0,18.0,,,,,,Automated solvothermal synthesis,Automated vial; exact geometry in source SI,,,,no solid product,,peer_reviewed_high_throughput_literature,Author-assigned HT-PXRD/CV campaign outcome,direct_machine_readable_campaign_key,v13_source_rare_earth_landscape.csv,SOURCE_VERIFIED_SINGLE_CURATION_PASS,False,"Evidence-only: absolute precursor amounts, ligand:metal ratio, and solvent volume are not encoded in the public campaign key.",0,Failed / no solid product,no solid product,Exact author label 'no solid product' -> class 0,False,False,False,Campaign key explicitly reports no solid product.
V13-REHT-0584,MG2-82-52,10.1039/d5sc09992g,10.5281/zenodo.17902549,https://doi.org/10.1039/d5sc09992g,https://doi.org/10.5281/zenodo.17902549,"Mapping the crystallization landscape of rare earth MOFs: a high-throughput investigation of structure, kinetics, and selectivity","PAIR::pr::isophthalic acid (1,3-bdc)",,"isophthalic acid (1,3-BDC)",,,Aromatic dicarboxylate,Pr,rare-earth nitrate salt(s); hydration not encoded in campaign key,nitrate,,3,EtOH/H2O (fractions not encoded in campaign key),,Acido acetico,10.0,60.0,18.0,,,,,,Automated solvothermal synthesis,Automated vial; exact geometry in source SI,,,,no solid product,,peer_reviewed_high_throughput_literature,Author-assigned HT-PXRD/CV campaign outcome,direct_machine_readable_campaign_key,v13_source_rare_earth_landscape.csv,SOURCE_VERIFIED_SINGLE_CURATION_PASS,False,"Evidence-only: absolute precursor amounts, ligand:metal ratio, and solvent volume are not encoded in the public campaign key.",0,Failed / no solid product,no solid product,Exact author label 'no solid product' -> class 0,False,False,False,Campaign key explicitly reports no solid product.
V13-REHT-0589,MG2-82-57,10.1039/d5sc09992g,10.5281/zenodo.17902549,https://doi.org/10.1039/d5sc09992g,https://doi.org/10.5281/zenodo.17902549,"Mapping the crystallization landscape of rare earth MOFs: a high-throughput investigation of structure, kinetics, and selectivity","PAIR::nd::terephthalic acid (1,4-bdc)",,"terephthalic acid (1,4-BDC)",,,Aromatic dicarboxylate,Nd,rare-earth nitrate salt(s); hydration not encoded in campaign key,nitrate,,3,EtOH/H2O (fractions not encoded in campaign key),,Nessuno,0.0,60.0,18.0,,,,,,Automated solvothermal synthesis,Automated vial; exact geometry in source SI,,,,no solid product,,peer_reviewed_high_throughput_literature,Author-assigned HT-PXRD/CV campaign outcome,direct_machine_readable_campaign_key,v13_source_rare_earth_landscape.csv,SOURCE_VERIFIED_SINGLE_CURATION_PASS,False,"Evidence-only: absolute precursor amounts, ligand:metal ratio, and solvent volume are not encoded in the public campaign key.",0,Failed / no solid product,no solid product,Exact author label 'no solid product' -> class 0,False,False,False,Campaign key explicitly reports no solid product.
V13-REHT-0590,MG2-82-58,10.1039/d5sc09992g,10.5281/zenodo.17902549,https://doi.org/10.1039/d5sc09992g,https://doi.org/10.5281/zenodo.17902549,"Mapping the crystallization landscape of rare earth MOFs: a high-throughput investigation of structure, kinetics, and selectivity","PAIR::nd::phthalic acid (1,2-bdc)",,"phthalic acid (1,2-BDC)",,,Aromatic dicarboxylate,Nd,rare-earth nitrate salt(s); hydration not encoded in campaign key,nitrate,,3,EtOH/H2O (fractions not encoded in campaign key),,Nessuno,0.0,60.0,18.0,,,,,,Automated solvothermal synthesis,Automated vial; exact geometry in source SI,,,,no solid product,,peer_reviewed_high_throughput_literature,Author-assigned HT-PXRD/CV campaign outcome,direct_machine_readable_campaign_key,v13_source_rare_earth_landscape.csv,SOURCE_VERIFIED_SINGLE_CURATION_PASS,False,"Evidence-only: absolute precursor amounts, ligand:metal ratio, and solvent volume are not encoded in the public campaign key.",0,Failed / no solid product,no solid product,Exact author label 'no solid product' -> class 0,False,False,False,Campaign key explicitly reports no solid product.
V13-REHT-0591,MG2-82-59,10.1039/d5sc09992g,10.5281/zenodo.17902549,https://doi.org/10.1039/d5sc09992g,https://doi.org/10.5281/zenodo.17902549,"Mapping the crystallization landscape of rare earth MOFs: a high-throughput investigation of structure, kinetics, and selectivity","PAIR::nd::isophthalic acid (1,3-bdc)",,"isophthalic acid (1,3-BDC)",,,Aromatic dicarboxylate,Nd,rare-earth nitrate salt(s); hydration not encoded in campaign key,nitrate,,3,EtOH/H2O (fractions not encoded in campaign key),,Nessuno,0.0,60.0,18.0,,,,,,Automated solvothermal synthesis,Automated vial; exact geometry in source SI,,,,no solid product,,peer_reviewed_high_throughput_literature,Author-assigned HT-PXRD/CV campaign outcome,direct_machine_readable_campaign_key,v13_source_rare_earth_landscape.csv,SOURCE_VERIFIED_SINGLE_CURATION_PASS,False,"Evidence-only: absolute precursor amounts, ligand:metal ratio, and solvent volume are not encoded in the public campaign key.",0,Failed / no solid product,no solid product,Exact author label 'no solid product' -> class 0,False,False,False,Campaign key explicitly reports no solid product.
V13-REHT-0596,MG2-82-64,10.1039/d5sc09992g,10.5281/zenodo.17902549,https://doi.org/10.1039/d5sc09992g,https://doi.org/10.5281/zenodo.17902549,"Mapping the crystallization landscape of rare earth MOFs: a high-throughput investigation of structure, kinetics, and selectivity","PAIR::nd::terephthalic acid (1,4-bdc)",,"terephthalic acid (1,4-BDC)",,,Aromatic dicarboxylate,Nd,rare-earth nitrate salt(s); hydration not encoded in campaign key,nitrate,,3,EtOH/H2O (fractions not encoded in campaign key),,Acido acetico,2.0,60.0,18.0,,,,,,Automated solvothermal synthesis,Automated vial; exact geometry in source SI,,,,no solid product,,peer_reviewed_high_throughput_literature,Author-assigned HT-PXRD/CV campaign outcome,direct_machine_readable_campaign_key,v13_source_rare_earth_landscape.csv,SOURCE_VERIFIED_SINGLE_CURATION_PASS,False,"Evidence-only: absolute precursor amounts, ligand:metal ratio, and solvent volume are not encoded in the public campaign key.",0,Failed / no solid product,no solid product,Exact author label 'no solid product' -> class 0,False,False,False,Campaign key explicitly reports no solid product.
V13-REHT-0597,MG2-82-65,10.1039/d5sc09992g,10.5281/zenodo.17902549,https://doi.org/10.1039/d5sc09992g,https://doi.org/10.5281/zenodo.17902549,"Mapping the crystallization landscape of rare earth MOFs: a high-throughput investigation of structure, kinetics, and selectivity","PAIR::nd::phthalic acid (1,2-bdc)",,"phthalic acid (1,2-BDC)",,,Aromatic dicarboxylate,Nd,rare-earth nitrate salt(s); hydration not encoded in campaign key,nitrate,,3,EtOH/H2O (fractions not encoded in campaign key),,Acido acetico,2.0,60.0,18.0,,,,,,Automated solvothermal synthesis,Automated vial; exact geometry in source SI,,,,no solid product,,peer_reviewed_high_throughput_literature,Author-assigned HT-PXRD/CV campaign outcome,direct_machine_readable_campaign_key,v13_source_rare_earth_landscape.csv,SOURCE_VERIFIED_SINGLE_CURATION_PASS,False,"Evidence-only: absolute precursor amounts, ligand:metal ratio, and solvent volume are not encoded in the public campaign key.",0,Failed / no solid product,no solid product,Exact author label 'no solid product' -> class 0,False,False,False,Campaign key explicitly reports no solid product.
V13-REHT-0598,MG2-82-66,10.1039/d5sc09992g,10.5281/zenodo.17902549,https://doi.org/10.1039/d5sc09992g,https://doi.org/10.5281/zenodo.17902549,"Mapping the crystallization landscape of rare earth MOFs: a high-throughput investigation of structure, kinetics, and selectivity","PAIR::nd::isophthalic acid (1,3-bdc)",,"isophthalic acid (1,3-BDC)",,,Aromatic dicarboxylate,Nd,rare-earth nitrate salt(s); hydration not encoded in campaign key,nitrate,,3,EtOH/H2O (fractions not encoded in campaign key),,Acido acetico,2.0,60.0,18.0,,,,,,Automated solvothermal synthesis,Automated vial; exact geometry in source SI,,,,no solid product,,peer_reviewed_high_throughput_literature,Author-assigned HT-PXRD/CV campaign outcome,direct_machine_readable_campaign_key,v13_source_rare_earth_landscape.csv,SOURCE_VERIFIED_SINGLE_CURATION_PASS,False,"Evidence-only: absolute precursor amounts, ligand:metal ratio, and solvent volume are not encoded in the public campaign key.",0,Failed / no solid product,no solid product,Exact author label 'no solid product' -> class 0,False,False,False,Campaign key explicitly reports no solid product.
V13-REHT-0603,MG2-82-71,10.1039/d5sc09992g,10.5281/zenodo.17902549,https://doi.org/10.1039/d5sc09992g,https://doi.org/10.5281/zenodo.17902549,"Mapping the crystallization landscape of rare earth MOFs: a high-throughput investigation of structure, kinetics, and selectivity","PAIR::nd::terephthalic acid (1,4-bdc)",,"terephthalic acid (1,4-BDC)",,,Aromatic dicarboxylate,Nd,rare-earth nitrate salt(s); hydration not encoded in campaign key,nitrate,,3,EtOH/H2O (fractions not encoded in campaign key),,Acido acetico,5.0,60.0,18.0,,,,,,Automated solvothermal synthesis,Automated vial; exact geometry in source SI,,,,no solid product,,peer_reviewed_high_throughput_literature,Author-assigned HT-PXRD/CV campaign outcome,direct_machine_readable_campaign_key,v13_source_rare_earth_landscape.csv,SOURCE_VERIFIED_SINGLE_CURATION_PASS,False,"Evidence-only: absolute precursor amounts, ligand:metal ratio, and solvent volume are not encoded in the public campaign key.",0,Failed / no solid product,no solid product,Exact author label 'no solid product' -> class 0,False,False,False,Campaign key explicitly reports no solid product.
V13-REHT-0604,MG2-82-72,10.1039/d5sc09992g,10.5281/zenodo.17902549,https://doi.org/10.1039/d5sc09992g,https://doi.org/10.5281/zenodo.17902549,"Mapping the crystallization landscape of rare earth MOFs: a high-throughput investigation of structure, kinetics, and selectivity","PAIR::nd::phthalic acid (1,2-bdc)",,"phthalic acid (1,2-BDC)",,,Aromatic dicarboxylate,Nd,rare-earth nitrate salt(s); hydration not encoded in campaign key,nitrate,,3,EtOH/H2O (fractions not encoded in campaign key),,Acido acetico,5.0,60.0,18.0,,,,,,Automated solvothermal synthesis,Automated vial; exact geometry in source SI,,,,no solid product,,peer_reviewed_high_throughput_literature,Author-assigned HT-PXRD/CV campaign outcome,direct_machine_readable_campaign_key,v13_source_rare_earth_landscape.csv,SOURCE_VERIFIED_SINGLE_CURATION_PASS,False,"Evidence-only: absolute precursor amounts, ligand:metal ratio, and solvent volume are not encoded in the public campaign key.",0,Failed / no solid product,no solid product,Exact author label 'no solid product' -> class 0,False,False,False,Campaign key explicitly reports no solid product.
V13-REHT-0605,MG2-82-73,10.1039/d5sc09992g,10.5281/zenodo.17902549,https://doi.org/10.1039/d5sc09992g,https://doi.org/10.5281/zenodo.17902549,"Mapping the crystallization landscape of rare earth MOFs: a high-throughput investigation of structure, kinetics, and selectivity","PAIR::nd::isophthalic acid (1,3-bdc)",,"isophthalic acid (1,3-BDC)",,,Aromatic dicarboxylate,Nd,rare-earth nitrate salt(s); hydration not encoded in campaign key,nitrate,,3,EtOH/H2O (fractions not encoded in campaign key),,Acido acetico,5.0,60.0,18.0,,,,,,Automated solvothermal synthesis,Automated vial; exact geometry in source SI,,,,no solid product,,peer_reviewed_high_throughput_literature,Author-assigned HT-PXRD/CV campaign outcome,direct_machine_readable_campaign_key,v13_source_rare_earth_landscape.csv,SOURCE_VERIFIED_SINGLE_CURATION_PASS,False,"Evidence-only: absolute precursor amounts, ligand:metal ratio, and solvent volume are not encoded in the public campaign key.",0,Failed / no solid product,no solid product,Exact author label 'no solid product' -> class 0,False,False,False,Campaign key explicitly reports no solid product.
V13-REHT-0610,MG2-82-78,10.1039/d5sc09992g,10.5281/zenodo.17902549,https://doi.org/10.1039/d5sc09992g,https://doi.org/10.5281/zenodo.17902549,"Mapping the crystallization landscape of rare earth MOFs: a high-throughput investigation of structure, kinetics, and selectivity","PAIR::nd::terephthalic acid (1,4-bdc)",,"terephthalic acid (1,4-BDC)",,,Aromatic dicarboxylate,Nd,rare-earth nitrate salt(s); hydration not encoded in campaign key,nitrate,,3,EtOH/H2O (fractions not encoded in campaign key),,Acido acetico,10.0,60.0,18.0,,,,,,Automated solvothermal synthesis,Automated vial; exact geometry in source SI,,,,no solid product,,peer_reviewed_high_throughput_literature,Author-assigned HT-PXRD/CV campaign outcome,direct_machine_readable_campaign_key,v13_source_rare_earth_landscape.csv,SOURCE_VERIFIED_SINGLE_CURATION_PASS,False,"Evidence-only: absolute precursor amounts, ligand:metal ratio, and solvent volume are not encoded in the public campaign key.",0,Failed / no solid product,no solid product,Exact author label 'no solid product' -> class 0,False,False,False,Campaign key explicitly reports no solid product.
V13-REHT-0611,MG2-82-79,10.1039/d5sc09992g,10.5281/zenodo.17902549,https://doi.org/10.1039/d5sc09992g,https://doi.org/10.5281/zenodo.17902549,"Mapping the crystallization landscape of rare earth MOFs: a high-throughput investigation of structure, kinetics, and selectivity","PAIR::nd::phthalic acid (1,2-bdc)",,"phthalic acid (1,2-BDC)",,,Aromatic dicarboxylate,Nd,rare-earth nitrate salt(s); hydration not encoded in campaign key,nitrate,,3,EtOH/H2O (fractions not encoded in campaign key),,Acido acetico,10.0,60.0,18.0,,,,,,Automated solvothermal synthesis,Automated vial; exact geometry in source SI,,,,no solid product,,peer_reviewed_high_throughput_literature,Author-assigned HT-PXRD/CV campaign outcome,direct_machine_readable_campaign_key,v13_source_rare_earth_landscape.csv,SOURCE_VERIFIED_SINGLE_CURATION_PASS,False,"Evidence-only: absolute precursor amounts, ligand:metal ratio, and solvent volume are not encoded in the public campaign key.",0,Failed / no solid product,no solid product,Exact author label 'no solid product' -> class 0,False,False,False,Campaign key explicitly reports no solid product.
V13-REHT-0612,MG2-82-80,10.1039/d5sc09992g,10.5281/zenodo.17902549,https://doi.org/10.1039/d5sc09992g,https://doi.org/10.5281/zenodo.17902549,"Mapping the crystallization landscape of rare earth MOFs: a high-throughput investigation of structure, kinetics, and selectivity","PAIR::nd::isophthalic acid (1,3-bdc)",,"isophthalic acid (1,3-BDC)",,,Aromatic dicarboxylate,Nd,rare-earth nitrate salt(s); hydration not encoded in campaign key,nitrate,,3,EtOH/H2O (fractions not encoded in campaign key),,Acido acetico,10.0,60.0,18.0,,,,,,Automated solvothermal synthesis,Automated vial; exact geometry in source SI,,,,no solid product,,peer_reviewed_high_throughput_literature,Author-assigned HT-PXRD/CV campaign outcome,direct_machine_readable_campaign_key,v13_source_rare_earth_landscape.csv,SOURCE_VERIFIED_SINGLE_CURATION_PASS,False,"Evidence-only: absolute precursor amounts, ligand:metal ratio, and solvent volume are not encoded in the public campaign key.",0,Failed / no solid product,no solid product,Exact author label 'no solid product' -> class 0,False,False,False,Campaign key explicitly reports no solid product.
V13-REHT-0617,MG2-83-01,10.1039/d5sc09992g,10.5281/zenodo.17902549,https://doi.org/10.1039/d5sc09992g,https://doi.org/10.5281/zenodo.17902549,"Mapping the crystallization landscape of rare earth MOFs: a high-throughput investigation of structure, kinetics, and selectivity","PAIR::sm::terephthalic acid (1,4-bdc)",,"terephthalic acid (1,4-BDC)",,,Aromatic dicarboxylate,Sm,rare-earth nitrate salt(s); hydration not encoded in campaign key,nitrate,,3,EtOH/H2O (fractions not encoded in campaign key),,Nessuno,0.0,60.0,18.0,,,,,,Automated solvothermal synthesis,Automated vial; exact geometry in source SI,,1.998,1.998,no solid product,,peer_reviewed_high_throughput_literature,Author-assigned HT-PXRD/CV campaign outcome,direct_machine_readable_campaign_key,v13_source_rare_earth_landscape.csv,SOURCE_VERIFIED_SINGLE_CURATION_PASS,False,"Evidence-only: absolute precursor amounts, ligand:metal ratio, and solvent volume are not encoded in the public campaign key.",0,Failed / no solid product,no solid product,Exact author label 'no solid product' -> class 0,False,False,False,Campaign key explicitly reports no solid product.
V13-REHT-0618,MG2-83-02,10.1039/d5sc09992g,10.5281/zenodo.17902549,https://doi.org/10.1039/d5sc09992g,https://doi.org/10.5281/zenodo.17902549,"Mapping the crystallization landscape of rare earth MOFs: a high-throughput investigation of structure, kinetics, and selectivity","PAIR::sm::phthalic acid (1,2-bdc)",,"phthalic acid (1,2-BDC)",,,Aromatic dicarboxylate,Sm,rare-earth nitrate salt(s); hydration not encoded in campaign key,nitrate,,3,EtOH/H2O (fractions not encoded in campaign key),,Nessuno,0.0,60.0,18.0,,,,,,Automated solvothermal synthesis,Automated vial; exact geometry in source SI,,,,no solid product,,peer_reviewed_high_throughput_literature,Author-assigned HT-PXRD/CV campaign outcome,direct_machine_readable_campaign_key,v13_source_rare_earth_landscape.csv,SOURCE_VERIFIED_SINGLE_CURATION_PASS,False,"Evidence-only: absolute precursor amounts, ligand:metal ratio, and solvent volume are not encoded in the public campaign key.",0,Failed / no solid product,no solid product,Exact author label 'no solid product' -> class 0,False,False,False,Campaign key explicitly reports no solid product.
V13-REHT-0619,MG2-83-03,10.1039/d5sc09992g,10.5281/zenodo.17902549,https://doi.org/10.1039/d5sc09992g,https://doi.org/10.5281/zenodo.17902549,"Mapping the crystallization landscape of rare earth MOFs: a high-throughput investigation of structure, kinetics, and selectivity","PAIR::sm::isophthalic acid (1,3-bdc)",,"isophthalic acid (1,3-BDC)",,,Aromatic dicarboxylate,Sm,rare-earth nitrate salt(s); hydration not encoded in campaign key,nitrate,,3,EtOH/H2O (fractions not encoded in campaign key),,Nessuno,0.0,60.0,18.0,,,,,,Automated solvothermal synthesis,Automated vial; exact geometry in source SI,,,,no solid product,,peer_reviewed_high_throughput_literature,Author-assigned HT-PXRD/CV campaign outcome,direct_machine_readable_campaign_key,v13_source_rare_earth_landscape.csv,SOURCE_VERIFIED_SINGLE_CURATION_PASS,False,"Evidence-only: absolute precursor amounts, ligand:metal ratio, and solvent volume are not encoded in the public campaign key.",0,Failed / no solid product,no solid product,Exact author label 'no solid product' -> class 0,False,False,False,Campaign key explicitly reports no solid product.
V13-REHT-0624,MG2-83-08,10.1039/d5sc09992g,10.5281/zenodo.17902549,https://doi.org/10.1039/d5sc09992g,https://doi.org/10.5281/zenodo.17902549,"Mapping the crystallization landscape of rare earth MOFs: a high-throughput investigation of structure, kinetics, and selectivity","PAIR::sm::terephthalic acid (1,4-bdc)",,"terephthalic acid (1,4-BDC)",,,Aromatic dicarboxylate,Sm,rare-earth nitrate salt(s); hydration not encoded in campaign key,nitrate,,3,EtOH/H2O (fractions not encoded in campaign key),,Acido acetico,2.0,60.0,18.0,,,,,,Automated solvothermal synthesis,Automated vial; exact geometry in source SI,,,,no solid product,,peer_reviewed_high_throughput_literature,Author-assigned HT-PXRD/CV campaign outcome,direct_machine_readable_campaign_key,v13_source_rare_earth_landscape.csv,SOURCE_VERIFIED_SINGLE_CURATION_PASS,False,"Evidence-only: absolute precursor amounts, ligand:metal ratio, and solvent volume are not encoded in the public campaign key.",0,Failed / no solid product,no solid product,Exact author label 'no solid product' -> class 0,False,False,False,Campaign key explicitly reports no solid product.
V13-REHT-0625,MG2-83-09,10.1039/d5sc09992g,10.5281/zenodo.17902549,https://doi.org/10.1039/d5sc09992g,https://doi.org/10.5281/zenodo.17902549,"Mapping the crystallization landscape of rare earth MOFs: a high-throughput investigation of structure, kinetics, and selectivity","PAIR::sm::phthalic acid (1,2-bdc)",,"phthalic acid (1,2-BDC)",,,Aromatic dicarboxylate,Sm,rare-earth nitrate salt(s); hydration not encoded in campaign key,nitrate,,3,EtOH/H2O (fractions not encoded in campaign key),,Acido acetico,2.0,60.0,18.0,,,,,,Automated solvothermal synthesis,Automated vial; exact geometry in source SI,0.05,,0.05,no solid product,,peer_reviewed_high_throughput_literature,Author-assigned HT-PXRD/CV campaign outcome,direct_machine_readable_campaign_key,v13_source_rare_earth_landscape.csv,SOURCE_VERIFIED_SINGLE_CURATION_PASS,False,"Evidence-only: absolute precursor amounts, ligand:metal ratio, and solvent volume are not encoded in the public campaign key.",0,Failed / no solid product,no solid product,Exact author label 'no solid product' -> class 0,False,False,False,Campaign key explicitly reports no solid product.
V13-REHT-0626,MG2-83-10,10.1039/d5sc09992g,10.5281/zenodo.17902549,https://doi.org/10.1039/d5sc09992g,https://doi.org/10.5281/zenodo.17902549,"Mapping the crystallization landscape of rare earth MOFs: a high-throughput investigation of structure, kinetics, and selectivity","PAIR::sm::isophthalic acid (1,3-bdc)",,"isophthalic acid (1,3-BDC)",,,Aromatic dicarboxylate,Sm,rare-earth nitrate salt(s); hydration not encoded in campaign key,nitrate,,3,EtOH/H2O (fractions not encoded in campaign key),,Acido acetico,2.0,60.0,18.0,,,,,,Automated solvothermal synthesis,Automated vial; exact geometry in source SI,,,,no solid product,,peer_reviewed_high_throughput_literature,Author-assigned HT-PXRD/CV campaign outcome,direct_machine_readable_campaign_key,v13_source_rare_earth_landscape.csv,SOURCE_VERIFIED_SINGLE_CURATION_PASS,False,"Evidence-only: absolute precursor amounts, ligand:metal ratio, and solvent volume are not encoded in the public campaign key.",0,Failed / no solid product,no solid product,Exact author label 'no solid product' -> class 0,False,False,False,Campaign key explicitly reports no solid product.
V13-REHT-0631,MG2-83-15,10.1039/d5sc09992g,10.5281/zenodo.17902549,https://doi.org/10.1039/d5sc09992g,https://doi.org/10.5281/zenodo.17902549,"Mapping the crystallization landscape of rare earth MOFs: a high-throughput investigation of structure, kinetics, and selectivity","PAIR::sm::terephthalic acid (1,4-bdc)",,"terephthalic acid (1,4-BDC)",,,Aromatic dicarboxylate,Sm,rare-earth nitrate salt(s); hydration not encoded in campaign key,nitrate,,3,EtOH/H2O (fractions not encoded in campaign key),,Acido acetico,5.0,60.0,18.0,,,,,,Automated solvothermal synthesis,Automated vial; exact geometry in source SI,,,,no solid product,,peer_reviewed_high_throughput_literature,Author-assigned HT-PXRD/CV campaign outcome,direct_machine_readable_campaign_key,v13_source_rare_earth_landscape.csv,SOURCE_VERIFIED_SINGLE_CURATION_PASS,False,"Evidence-only: absolute precursor amounts, ligand:metal ratio, and solvent volume are not encoded in the public campaign key.",0,Failed / no solid product,no solid product,Exact author label 'no solid product' -> class 0,False,False,False,Campaign key explicitly reports no solid product.
V13-REHT-0632,MG2-83-16,10.1039/d5sc09992g,10.5281/zenodo.17902549,https://doi.org/10.1039/d5sc09992g,https://doi.org/10.5281/zenodo.17902549,"Mapping the crystallization landscape of rare earth MOFs: a high-throughput investigation of structure, kinetics, and selectivity","PAIR::sm::phthalic acid (1,2-bdc)",,"phthalic acid (1,2-BDC)",,,Aromatic dicarboxylate,Sm,rare-earth nitrate salt(s); hydration not encoded in campaign key,nitrate,,3,EtOH/H2O (fractions not encoded in campaign key),,Acido acetico,5.0,60.0,18.0,,,,,,Automated solvothermal synthesis,Automated vial; exact geometry in source SI,,,,no solid product,,peer_reviewed_high_throughput_literature,Author-assigned HT-PXRD/CV campaign outcome,direct_machine_readable_campaign_key,v13_source_rare_earth_landscape.csv,SOURCE_VERIFIED_SINGLE_CURATION_PASS,False,"Evidence-only: absolute precursor amounts, ligand:metal ratio, and solvent volume are not encoded in the public campaign key.",0,Failed / no solid product,no solid product,Exact author label 'no solid product' -> class 0,False,False,False,Campaign key explicitly reports no solid product.
V13-REHT-0633,MG2-83-17,10.1039/d5sc09992g,10.5281/zenodo.17902549,https://doi.org/10.1039/d5sc09992g,https://doi.org/10.5281/zenodo.17902549,"Mapping the crystallization landscape of rare earth MOFs: a high-throughput investigation of structure, kinetics, and selectivity","PAIR::sm::isophthalic acid (1,3-bdc)",,"isophthalic acid (1,3-BDC)",,,Aromatic dicarboxylate,Sm,rare-earth nitrate salt(s); hydration not encoded in campaign key,nitrate,,3,EtOH/H2O (fractions not encoded in campaign key),,Acido acetico,5.0,60.0,18.0,,,,,,Automated solvothermal synthesis,Automated vial; exact geometry in source SI,,,,no solid product,,peer_reviewed_high_throughput_literature,Author-assigned HT-PXRD/CV campaign outcome,direct_machine_readable_campaign_key,v13_source_rare_earth_landscape.csv,SOURCE_VERIFIED_SINGLE_CURATION_PASS,False,"Evidence-only: absolute precursor amounts, ligand:metal ratio, and solvent volume are not encoded in the public campaign key.",0,Failed / no solid product,no solid product,Exact author label 'no solid product' -> class 0,False,False,False,Campaign key explicitly reports no solid product.
V13-REHT-0638,MG2-83-22,10.1039/d5sc09992g,10.5281/zenodo.17902549,https://doi.org/10.1039/d5sc09992g,https://doi.org/10.5281/zenodo.17902549,"Mapping the crystallization landscape of rare earth MOFs: a high-throughput investigation of structure, kinetics, and selectivity","PAIR::sm::terephthalic acid (1,4-bdc)",,"terephthalic acid (1,4-BDC)",,,Aromatic dicarboxylate,Sm,rare-earth nitrate salt(s); hydration not encoded in campaign key,nitrate,,3,EtOH/H2O (fractions not encoded in campaign key),,Acido acetico,10.0,60.0,18.0,,,,,,Automated solvothermal synthesis,Automated vial; exact geometry in source SI,,,,no solid product,,peer_reviewed_high_throughput_literature,Author-assigned HT-PXRD/CV campaign outcome,direct_machine_readable_campaign_key,v13_source_rare_earth_landscape.csv,SOURCE_VERIFIED_SINGLE_CURATION_PASS,False,"Evidence-only: absolute precursor amounts, ligand:metal ratio, and solvent volume are not encoded in the public campaign key.",0,Failed / no solid product,no solid product,Exact author label 'no solid product' -> class 0,False,False,False,Campaign key explicitly reports no solid product.
V13-REHT-0639,MG2-83-23,10.1039/d5sc09992g,10.5281/zenodo.17902549,https://doi.org/10.1039/d5sc09992g,https://doi.org/10.5281/zenodo.17902549,"Mapping the crystallization landscape of rare earth MOFs: a high-throughput investigation of structure, kinetics, and selectivity","PAIR::sm::phthalic acid (1,2-bdc)",,"phthalic acid (1,2-BDC)",,,Aromatic dicarboxylate,Sm,rare-earth nitrate salt(s); hydration not encoded in campaign key,nitrate,,3,EtOH/H2O (fractions not encoded in campaign key),,Acido acetico,10.0,60.0,18.0,,,,,,Automated solvothermal synthesis,Automated vial; exact geometry in source SI,,,,no solid product,,peer_reviewed_high_throughput_literature,Author-assigned HT-PXRD/CV campaign outcome,direct_machine_readable_campaign_key,v13_source_rare_earth_landscape.csv,SOURCE_VERIFIED_SINGLE_CURATION_PASS,False,"Evidence-only: absolute precursor amounts, ligand:metal ratio, and solvent volume are not encoded in the public campaign key.",0,Failed / no solid product,no solid product,Exact author label 'no solid product' -> class 0,False,False,False,Campaign key explicitly reports no solid product.
V13-REHT-0640,MG2-83-24,10.1039/d5sc09992g,10.5281/zenodo.17902549,https://doi.org/10.1039/d5sc09992g,https://doi.org/10.5281/zenodo.17902549,"Mapping the crystallization landscape of rare earth MOFs: a high-throughput investigation of structure, kinetics, and selectivity","PAIR::sm::isophthalic acid (1,3-bdc)",,"isophthalic acid (1,3-BDC)",,,Aromatic dicarboxylate,Sm,rare-earth nitrate salt(s); hydration not encoded in campaign key,nitrate,,3,EtOH/H2O (fractions not encoded in campaign key),,Acido acetico,10.0,60.0,18.0,,,,,,Automated solvothermal synthesis,Automated vial; exact geometry in source SI,,,,no solid product,,peer_reviewed_high_throughput_literature,Author-assigned HT-PXRD/CV campaign outcome,direct_machine_readable_campaign_key,v13_source_rare_earth_landscape.csv,SOURCE_VERIFIED_SINGLE_CURATION_PASS,False,"Evidence-only: absolute precursor amounts, ligand:metal ratio, and solvent volume are not encoded in the public campaign key.",0,Failed / no solid product,no solid product,Exact author label 'no solid product' -> class 0,False,False,False,Campaign key explicitly reports no solid product.
V13-REHT-0645,MG2-83-29,10.1039/d5sc09992g,10.5281/zenodo.17902549,https://doi.org/10.1039/d5sc09992g,https://doi.org/10.5281/zenodo.17902549,"Mapping the crystallization landscape of rare earth MOFs: a high-throughput investigation of structure, kinetics, and selectivity","PAIR::eu::terephthalic acid (1,4-bdc)",,"terephthalic acid (1,4-BDC)",,,Aromatic dicarboxylate,Eu,rare-earth nitrate salt(s); hydration not encoded in campaign key,nitrate,,3,EtOH/H2O (fractions not encoded in campaign key),,Nessuno,0.0,60.0,18.0,,,,,,Automated solvothermal synthesis,Automated vial; exact geometry in source SI,10.176,,10.176,no solid product,,peer_reviewed_high_throughput_literature,Author-assigned HT-PXRD/CV campaign outcome,direct_machine_readable_campaign_key,v13_source_rare_earth_landscape.csv,SOURCE_VERIFIED_SINGLE_CURATION_PASS,False,"Evidence-only: absolute precursor amounts, ligand:metal ratio, and solvent volume are not encoded in the public campaign key.",0,Failed / no solid product,no solid product,Exact author label 'no solid product' -> class 0,False,False,False,Campaign key explicitly reports no solid product.
V13-REHT-0646,MG2-83-30,10.1039/d5sc09992g,10.5281/zenodo.17902549,https://doi.org/10.1039/d5sc09992g,https://doi.org/10.5281/zenodo.17902549,"Mapping the crystallization landscape of rare earth MOFs: a high-throughput investigation of structure, kinetics, and selectivity","PAIR::eu::phthalic acid (1,2-bdc)",,"phthalic acid (1,2-BDC)",,,Aromatic dicarboxylate,Eu,rare-earth nitrate salt(s); hydration not encoded in campaign key,nitrate,,3,EtOH/H2O (fractions not encoded in campaign key),,Nessuno,0.0,60.0,18.0,,,,,,Automated solvothermal synthesis,Automated vial; exact geometry in source SI,,,,no solid product,,peer_reviewed_high_throughput_literature,Author-assigned HT-PXRD/CV campaign outcome,direct_machine_readable_campaign_key,v13_source_rare_earth_landscape.csv,SOURCE_VERIFIED_SINGLE_CURATION_PASS,False,"Evidence-only: absolute precursor amounts, ligand:metal ratio, and solvent volume are not encoded in the public campaign key.",0,Failed / no solid product,no solid product,Exact author label 'no solid product' -> class 0,False,False,False,Campaign key explicitly reports no solid product.
V13-REHT-0647,MG2-83-31,10.1039/d5sc09992g,10.5281/zenodo.17902549,https://doi.org/10.1039/d5sc09992g,https://doi.org/10.5281/zenodo.17902549,"Mapping the crystallization landscape of rare earth MOFs: a high-throughput investigation of structure, kinetics, and selectivity","PAIR::eu::isophthalic acid (1,3-bdc)",,"isophthalic acid (1,3-BDC)",,,Aromatic dicarboxylate,Eu,rare-earth nitrate salt(s); hydration not encoded in campaign key,nitrate,,3,EtOH/H2O (fractions not encoded in campaign key),,Nessuno,0.0,60.0,18.0,,,,,,Automated solvothermal synthesis,Automated vial; exact geometry in source SI,,,,no solid product,,peer_reviewed_high_throughput_literature,Author-assigned HT-PXRD/CV campaign outcome,direct_machine_readable_campaign_key,v13_source_rare_earth_landscape.csv,SOURCE_VERIFIED_SINGLE_CURATION_PASS,False,"Evidence-only: absolute precursor amounts, ligand:metal ratio, and solvent volume are not encoded in the public campaign key.",0,Failed / no solid product,no solid product,Exact author label 'no solid product' -> class 0,False,False,False,Campaign key explicitly reports no solid product.
V13-REHT-0652,MG2-83-36,10.1039/d5sc09992g,10.5281/zenodo.17902549,https://doi.org/10.1039/d5sc09992g,https://doi.org/10.5281/zenodo.17902549,"Mapping the crystallization landscape of rare earth MOFs: a high-throughput investigation of structure, kinetics, and selectivity","PAIR::eu::terephthalic acid (1,4-bdc)",,"terephthalic acid (1,4-BDC)",,,Aromatic dicarboxylate,Eu,rare-earth nitrate salt(s); hydration not encoded in campaign key,nitrate,,3,EtOH/H2O (fractions not encoded in campaign key),,Acido acetico,2.0,60.0,18.0,,,,,,Automated solvothermal synthesis,Automated vial; exact geometry in source SI,,,,no solid product,,peer_reviewed_high_throughput_literature,Author-assigned HT-PXRD/CV campaign outcome,direct_machine_readable_campaign_key,v13_source_rare_earth_landscape.csv,SOURCE_VERIFIED_SINGLE_CURATION_PASS,False,"Evidence-only: absolute precursor amounts, ligand:metal ratio, and solvent volume are not encoded in the public campaign key.",0,Failed / no solid product,no solid product,Exact author label 'no solid product' -> class 0,False,False,False,Campaign key explicitly reports no solid product.
V13-REHT-0653,MG2-83-37,10.1039/d5sc09992g,10.5281/zenodo.17902549,https://doi.org/10.1039/d5sc09992g,https://doi.org/10.5281/zenodo.17902549,"Mapping the crystallization landscape of rare earth MOFs: a high-throughput investigation of structure, kinetics, and selectivity","PAIR::eu::phthalic acid (1,2-bdc)",,"phthalic acid (1,2-BDC)",,,Aromatic dicarboxylate,Eu,rare-earth nitrate salt(s); hydration not encoded in campaign key,nitrate,,3,EtOH/H2O (fractions not encoded in campaign key),,Acido acetico,2.0,60.0,18.0,,,,,,Automated solvothermal synthesis,Automated vial; exact geometry in source SI,,,,no solid product,,peer_reviewed_high_throughput_literature,Author-assigned HT-PXRD/CV campaign outcome,direct_machine_readable_campaign_key,v13_source_rare_earth_landscape.csv,SOURCE_VERIFIED_SINGLE_CURATION_PASS,False,"Evidence-only: absolute precursor amounts, ligand:metal ratio, and solvent volume are not encoded in the public campaign key.",0,Failed / no solid product,no solid product,Exact author label 'no solid product' -> class 0,False,False,False,Campaign key explicitly reports no solid product.
V13-REHT-0654,MG2-83-38,10.1039/d5sc09992g,10.5281/zenodo.17902549,https://doi.org/10.1039/d5sc09992g,https://doi.org/10.5281/zenodo.17902549,"Mapping the crystallization landscape of rare earth MOFs: a high-throughput investigation of structure, kinetics, and selectivity","PAIR::eu::isophthalic acid (1,3-bdc)",,"isophthalic acid (1,3-BDC)",,,Aromatic dicarboxylate,Eu,rare-earth nitrate salt(s); hydration not encoded in campaign key,nitrate,,3,EtOH/H2O (fractions not encoded in campaign key),,Acido acetico,2.0,60.0,18.0,,,,,,Automated solvothermal synthesis,Automated vial; exact geometry in source SI,,,,no solid product,,peer_reviewed_high_throughput_literature,Author-assigned HT-PXRD/CV campaign outcome,direct_machine_readable_campaign_key,v13_source_rare_earth_landscape.csv,SOURCE_VERIFIED_SINGLE_CURATION_PASS,False,"Evidence-only: absolute precursor amounts, ligand:metal ratio, and solvent volume are not encoded in the public campaign key.",0,Failed / no solid product,no solid product,Exact author label 'no solid product' -> class 0,False,False,False,Campaign key explicitly reports no solid product.
V13-REHT-0659,MG2-83-43,10.1039/d5sc09992g,10.5281/zenodo.17902549,https://doi.org/10.1039/d5sc09992g,https://doi.org/10.5281/zenodo.17902549,"Mapping the crystallization landscape of rare earth MOFs: a high-throughput investigation of structure, kinetics, and selectivity","PAIR::eu::terephthalic acid (1,4-bdc)",,"terephthalic acid (1,4-BDC)",,,Aromatic dicarboxylate,Eu,rare-earth nitrate salt(s); hydration not encoded in campaign key,nitrate,,3,EtOH/H2O (fractions not encoded in campaign key),,Acido acetico,5.0,60.0,18.0,,,,,,Automated solvothermal synthesis,Automated vial; exact geometry in source SI,,,,no solid product,,peer_reviewed_high_throughput_literature,Author-assigned HT-PXRD/CV campaign outcome,direct_machine_readable_campaign_key,v13_source_rare_earth_landscape.csv,SOURCE_VERIFIED_SINGLE_CURATION_PASS,False,"Evidence-only: absolute precursor amounts, ligand:metal ratio, and solvent volume are not encoded in the public campaign key.",0,Failed / no solid product,no solid product,Exact author label 'no solid product' -> class 0,False,False,False,Campaign key explicitly reports no solid product.
V13-REHT-0660,MG2-83-44,10.1039/d5sc09992g,10.5281/zenodo.17902549,https://doi.org/10.1039/d5sc09992g,https://doi.org/10.5281/zenodo.17902549,"Mapping the crystallization landscape of rare earth MOFs: a high-throughput investigation of structure, kinetics, and selectivity","PAIR::eu::phthalic acid (1,2-bdc)",,"phthalic acid (1,2-BDC)",,,Aromatic dicarboxylate,Eu,rare-earth nitrate salt(s); hydration not encoded in campaign key,nitrate,,3,EtOH/H2O (fractions not encoded in campaign key),,Acido acetico,5.0,60.0,18.0,,,,,,Automated solvothermal synthesis,Automated vial; exact geometry in source SI,,,,no solid product,,peer_reviewed_high_throughput_literature,Author-assigned HT-PXRD/CV campaign outcome,direct_machine_readable_campaign_key,v13_source_rare_earth_landscape.csv,SOURCE_VERIFIED_SINGLE_CURATION_PASS,False,"Evidence-only: absolute precursor amounts, ligand:metal ratio, and solvent volume are not encoded in the public campaign key.",0,Failed / no solid product,no solid product,Exact author label 'no solid product' -> class 0,False,False,False,Campaign key explicitly reports no solid product.
V13-REHT-0661,MG2-83-45,10.1039/d5sc09992g,10.5281/zenodo.17902549,https://doi.org/10.1039/d5sc09992g,https://doi.org/10.5281/zenodo.17902549,"Mapping the crystallization landscape of rare earth MOFs: a high-throughput investigation of structure, kinetics, and selectivity","PAIR::eu::isophthalic acid (1,3-bdc)",,"isophthalic acid (1,3-BDC)",,,Aromatic dicarboxylate,Eu,rare-earth nitrate salt(s); hydration not encoded in campaign key,nitrate,,3,EtOH/H2O (fractions not encoded in campaign key),,Acido acetico,5.0,60.0,18.0,,,,,,Automated solvothermal synthesis,Automated vial; exact geometry in source SI,,,,no solid product,,peer_reviewed_high_throughput_literature,Author-assigned HT-PXRD/CV campaign outcome,direct_machine_readable_campaign_key,v13_source_rare_earth_landscape.csv,SOURCE_VERIFIED_SINGLE_CURATION_PASS,False,"Evidence-only: absolute precursor amounts, ligand:metal ratio, and solvent volume are not encoded in the public campaign key.",0,Failed / no solid product,no solid product,Exact author label 'no solid product' -> class 0,False,False,False,Campaign key explicitly reports no solid product.
V13-REHT-0666,MG2-83-50,10.1039/d5sc09992g,10.5281/zenodo.17902549,https://doi.org/10.1039/d5sc09992g,https://doi.org/10.5281/zenodo.17902549,"Mapping the crystallization landscape of rare earth MOFs: a high-throughput investigation of structure, kinetics, and selectivity","PAIR::eu::terephthalic acid (1,4-bdc)",,"terephthalic acid (1,4-BDC)",,,Aromatic dicarboxylate,Eu,rare-earth nitrate salt(s); hydration not encoded in campaign key,nitrate,,3,EtOH/H2O (fractions not encoded in campaign key),,Acido acetico,10.0,60.0,18.0,,,,,,Automated solvothermal synthesis,Automated vial; exact geometry in source SI,,,,no solid product,,peer_reviewed_high_throughput_literature,Author-assigned HT-PXRD/CV campaign outcome,direct_machine_readable_campaign_key,v13_source_rare_earth_landscape.csv,SOURCE_VERIFIED_SINGLE_CURATION_PASS,False,"Evidence-only: absolute precursor amounts, ligand:metal ratio, and solvent volume are not encoded in the public campaign key.",0,Failed / no solid product,no solid product,Exact author label 'no solid product' -> class 0,False,False,False,Campaign key explicitly reports no solid product.
V13-REHT-0667,MG2-83-51,10.1039/d5sc09992g,10.5281/zenodo.17902549,https://doi.org/10.1039/d5sc09992g,https://doi.org/10.5281/zenodo.17902549,"Mapping the crystallization landscape of rare earth MOFs: a high-throughput investigation of structure, kinetics, and selectivity","PAIR::eu::phthalic acid (1,2-bdc)",,"phthalic acid (1,2-BDC)",,,Aromatic dicarboxylate,Eu,rare-earth nitrate salt(s); hydration not encoded in campaign key,nitrate,,3,EtOH/H2O (fractions not encoded in campaign key),,Acido acetico,10.0,60.0,18.0,,,,,,Automated solvothermal synthesis,Automated vial; exact geometry in source SI,,,,no solid product,,peer_reviewed_high_throughput_literature,Author-assigned HT-PXRD/CV campaign outcome,direct_machine_readable_campaign_key,v13_source_rare_earth_landscape.csv,SOURCE_VERIFIED_SINGLE_CURATION_PASS,False,"Evidence-only: absolute precursor amounts, ligand:metal ratio, and solvent volume are not encoded in the public campaign key.",0,Failed / no solid product,no solid product,Exact author label 'no solid product' -> class 0,False,False,False,Campaign key explicitly reports no solid product.
V13-REHT-0668,MG2-83-52,10.1039/d5sc09992g,10.5281/zenodo.17902549,https://doi.org/10.1039/d5sc09992g,https://doi.org/10.5281/zenodo.17902549,"Mapping the crystallization landscape of rare earth MOFs: a high-throughput investigation of structure, kinetics, and selectivity","PAIR::eu::isophthalic acid (1,3-bdc)",,"isophthalic acid (1,3-BDC)",,,Aromatic dicarboxylate,Eu,rare-earth nitrate salt(s); hydration not encoded in campaign key,nitrate,,3,EtOH/H2O (fractions not encoded in campaign key),,Acido acetico,10.0,60.0,18.0,,,,,,Automated solvothermal synthesis,Automated vial; exact geometry in source SI,,,,no solid product,,peer_reviewed_high_throughput_literature,Author-assigned HT-PXRD/CV campaign outcome,direct_machine_readable_campaign_key,v13_source_rare_earth_landscape.csv,SOURCE_VERIFIED_SINGLE_CURATION_PASS,False,"Evidence-only: absolute precursor amounts, ligand:metal ratio, and solvent volume are not encoded in the public campaign key.",0,Failed / no solid product,no solid product,Exact author label 'no solid product' -> class 0,False,False,False,Campaign key explicitly reports no solid product.
V13-REHT-0673,MG2-83-57,10.1039/d5sc09992g,10.5281/zenodo.17902549,https://doi.org/10.1039/d5sc09992g,https://doi.org/10.5281/zenodo.17902549,"Mapping the crystallization landscape of rare earth MOFs: a high-throughput investigation of structure, kinetics, and selectivity","PAIR::gd::terephthalic acid (1,4-bdc)",,"terephthalic acid (1,4-BDC)",,,Aromatic dicarboxylate,Gd,rare-earth nitrate salt(s); hydration not encoded in campaign key,nitrate,,3,EtOH/H2O (fractions not encoded in campaign key),,Nessuno,0.0,60.0,18.0,,,,,,Automated solvothermal synthesis,Automated vial; exact geometry in source SI,,,,no solid product,,peer_reviewed_high_throughput_literature,Author-assigned HT-PXRD/CV campaign outcome,direct_machine_readable_campaign_key,v13_source_rare_earth_landscape.csv,SOURCE_VERIFIED_SINGLE_CURATION_PASS,False,"Evidence-only: absolute precursor amounts, ligand:metal ratio, and solvent volume are not encoded in the public campaign key.",0,Failed / no solid product,no solid product,Exact author label 'no solid product' -> class 0,False,False,False,Campaign key explicitly reports no solid product.
V13-REHT-0674,MG2-83-58,10.1039/d5sc09992g,10.5281/zenodo.17902549,https://doi.org/10.1039/d5sc09992g,https://doi.org/10.5281/zenodo.17902549,"Mapping the crystallization landscape of rare earth MOFs: a high-throughput investigation of structure, kinetics, and selectivity","PAIR::gd::phthalic acid (1,2-bdc)",,"phthalic acid (1,2-BDC)",,,Aromatic dicarboxylate,Gd,rare-earth nitrate salt(s); hydration not encoded in campaign key,nitrate,,3,EtOH/H2O (fractions not encoded in campaign key),,Nessuno,0.0,60.0,18.0,,,,,,Automated solvothermal synthesis,Automated vial; exact geometry in source SI,,,,no solid product,,peer_reviewed_high_throughput_literature,Author-assigned HT-PXRD/CV campaign outcome,direct_machine_readable_campaign_key,v13_source_rare_earth_landscape.csv,SOURCE_VERIFIED_SINGLE_CURATION_PASS,False,"Evidence-only: absolute precursor amounts, ligand:metal ratio, and solvent volume are not encoded in the public campaign key.",0,Failed / no solid product,no solid product,Exact author label 'no solid product' -> class 0,False,False,False,Campaign key explicitly reports no solid product.
V13-REHT-0675,MG2-83-59,10.1039/d5sc09992g,10.5281/zenodo.17902549,https://doi.org/10.1039/d5sc09992g,https://doi.org/10.5281/zenodo.17902549,"Mapping the crystallization landscape of rare earth MOFs: a high-throughput investigation of structure, kinetics, and selectivity","PAIR::gd::isophthalic acid (1,3-bdc)",,"isophthalic acid (1,3-BDC)",,,Aromatic dicarboxylate,Gd,rare-earth nitrate salt(s); hydration not encoded in campaign key,nitrate,,3,EtOH/H2O (fractions not encoded in campaign key),,Nessuno,0.0,60.0,18.0,,,,,,Automated solvothermal synthesis,Automated vial; exact geometry in source SI,,,,no solid product,,peer_reviewed_high_throughput_literature,Author-assigned HT-PXRD/CV campaign outcome,direct_machine_readable_campaign_key,v13_source_rare_earth_landscape.csv,SOURCE_VERIFIED_SINGLE_CURATION_PASS,False,"Evidence-only: absolute precursor amounts, ligand:metal ratio, and solvent volume are not encoded in the public campaign key.",0,Failed / no solid product,no solid product,Exact author label 'no solid product' -> class 0,False,False,False,Campaign key explicitly reports no solid product.
V13-REHT-0680,MG2-83-64,10.1039/d5sc09992g,10.5281/zenodo.17902549,https://doi.org/10.1039/d5sc09992g,https://doi.org/10.5281/zenodo.17902549,"Mapping the crystallization landscape of rare earth MOFs: a high-throughput investigation of structure, kinetics, and selectivity","PAIR::gd::terephthalic acid (1,4-bdc)",,"terephthalic acid (1,4-BDC)",,,Aromatic dicarboxylate,Gd,rare-earth nitrate salt(s); hydration not encoded in campaign key,nitrate,,3,EtOH/H2O (fractions not encoded in campaign key),,Acido acetico,2.0,60.0,18.0,,,,,,Automated solvothermal synthesis,Automated vial; exact geometry in source SI,,,,no solid product,,peer_reviewed_high_throughput_literature,Author-assigned HT-PXRD/CV campaign outcome,direct_machine_readable_campaign_key,v13_source_rare_earth_landscape.csv,SOURCE_VERIFIED_SINGLE_CURATION_PASS,False,"Evidence-only: absolute precursor amounts, ligand:metal ratio, and solvent volume are not encoded in the public campaign key.",0,Failed / no solid product,no solid product,Exact author label 'no solid product' -> class 0,False,False,False,Campaign key explicitly reports no solid product.
V13-REHT-0681,MG2-83-65,10.1039/d5sc09992g,10.5281/zenodo.17902549,https://doi.org/10.1039/d5sc09992g,https://doi.org/10.5281/zenodo.17902549,"Mapping the crystallization landscape of rare earth MOFs: a high-throughput investigation of structure, kinetics, and selectivity","PAIR::gd::phthalic acid (1,2-bdc)",,"phthalic acid (1,2-BDC)",,,Aromatic dicarboxylate,Gd,rare-earth nitrate salt(s); hydration not encoded in campaign key,nitrate,,3,EtOH/H2O (fractions not encoded in campaign key),,Acido acetico,2.0,60.0,18.0,,,,,,Automated solvothermal synthesis,Automated vial; exact geometry in source SI,,,,no solid product,,peer_reviewed_high_throughput_literature,Author-assigned HT-PXRD/CV campaign outcome,direct_machine_readable_campaign_key,v13_source_rare_earth_landscape.csv,SOURCE_VERIFIED_SINGLE_CURATION_PASS,False,"Evidence-only: absolute precursor amounts, ligand:metal ratio, and solvent volume are not encoded in the public campaign key.",0,Failed / no solid product,no solid product,Exact author label 'no solid product' -> class 0,False,False,False,Campaign key explicitly reports no solid product.
V13-REHT-0682,MG2-83-66,10.1039/d5sc09992g,10.5281/zenodo.17902549,https://doi.org/10.1039/d5sc09992g,https://doi.org/10.5281/zenodo.17902549,"Mapping the crystallization landscape of rare earth MOFs: a high-throughput investigation of structure, kinetics, and selectivity","PAIR::gd::isophthalic acid (1,3-bdc)",,"isophthalic acid (1,3-BDC)",,,Aromatic dicarboxylate,Gd,rare-earth nitrate salt(s); hydration not encoded in campaign key,nitrate,,3,EtOH/H2O (fractions not encoded in campaign key),,Acido acetico,2.0,60.0,18.0,,,,,,Automated solvothermal synthesis,Automated vial; exact geometry in source SI,,,,no solid product,,peer_reviewed_high_throughput_literature,Author-assigned HT-PXRD/CV campaign outcome,direct_machine_readable_campaign_key,v13_source_rare_earth_landscape.csv,SOURCE_VERIFIED_SINGLE_CURATION_PASS,False,"Evidence-only: absolute precursor amounts, ligand:metal ratio, and solvent volume are not encoded in the public campaign key.",0,Failed / no solid product,no solid product,Exact author label 'no solid product' -> class 0,False,False,False,Campaign key explicitly reports no solid product.
V13-REHT-0687,MG2-83-71,10.1039/d5sc09992g,10.5281/zenodo.17902549,https://doi.org/10.1039/d5sc09992g,https://doi.org/10.5281/zenodo.17902549,"Mapping the crystallization landscape of rare earth MOFs: a high-throughput investigation of structure, kinetics, and selectivity","PAIR::gd::terephthalic acid (1,4-bdc)",,"terephthalic acid (1,4-BDC)",,,Aromatic dicarboxylate,Gd,rare-earth nitrate salt(s); hydration not encoded in campaign key,nitrate,,3,EtOH/H2O (fractions not encoded in campaign key),,Acido acetico,5.0,60.0,18.0,,,,,,Automated solvothermal synthesis,Automated vial; exact geometry in source SI,,,,no solid product,,peer_reviewed_high_throughput_literature,Author-assigned HT-PXRD/CV campaign outcome,direct_machine_readable_campaign_key,v13_source_rare_earth_landscape.csv,SOURCE_VERIFIED_SINGLE_CURATION_PASS,False,"Evidence-only: absolute precursor amounts, ligand:metal ratio, and solvent volume are not encoded in the public campaign key.",0,Failed / no solid product,no solid product,Exact author label 'no solid product' -> class 0,False,False,False,Campaign key explicitly reports no solid product.
V13-REHT-0688,MG2-83-72,10.1039/d5sc09992g,10.5281/zenodo.17902549,https://doi.org/10.1039/d5sc09992g,https://doi.org/10.5281/zenodo.17902549,"Mapping the crystallization landscape of rare earth MOFs: a high-throughput investigation of structure, kinetics, and selectivity","PAIR::gd::phthalic acid (1,2-bdc)",,"phthalic acid (1,2-BDC)",,,Aromatic dicarboxylate,Gd,rare-earth nitrate salt(s); hydration not encoded in campaign key,nitrate,,3,EtOH/H2O (fractions not encoded in campaign key),,Acido acetico,5.0,60.0,18.0,,,,,,Automated solvothermal synthesis,Automated vial; exact geometry in source SI,,,,no solid product,,peer_reviewed_high_throughput_literature,Author-assigned HT-PXRD/CV campaign outcome,direct_machine_readable_campaign_key,v13_source_rare_earth_landscape.csv,SOURCE_VERIFIED_SINGLE_CURATION_PASS,False,"Evidence-only: absolute precursor amounts, ligand:metal ratio, and solvent volume are not encoded in the public campaign key.",0,Failed / no solid product,no solid product,Exact author label 'no solid product' -> class 0,False,False,False,Campaign key explicitly reports no solid product.
V13-REHT-0689,MG2-83-73,10.1039/d5sc09992g,10.5281/zenodo.17902549,https://doi.org/10.1039/d5sc09992g,https://doi.org/10.5281/zenodo.17902549,"Mapping the crystallization landscape of rare earth MOFs: a high-throughput investigation of structure, kinetics, and selectivity","PAIR::gd::isophthalic acid (1,3-bdc)",,"isophthalic acid (1,3-BDC)",,,Aromatic dicarboxylate,Gd,rare-earth nitrate salt(s); hydration not encoded in campaign key,nitrate,,3,EtOH/H2O (fractions not encoded in campaign key),,Acido acetico,5.0,60.0,18.0,,,,,,Automated solvothermal synthesis,Automated vial; exact geometry in source SI,,,,no solid product,,peer_reviewed_high_throughput_literature,Author-assigned HT-PXRD/CV campaign outcome,direct_machine_readable_campaign_key,v13_source_rare_earth_landscape.csv,SOURCE_VERIFIED_SINGLE_CURATION_PASS,False,"Evidence-only: absolute precursor amounts, ligand:metal ratio, and solvent volume are not encoded in the public campaign key.",0,Failed / no solid product,no solid product,Exact author label 'no solid product' -> class 0,False,False,False,Campaign key explicitly reports no solid product.
V13-REHT-0694,MG2-83-78,10.1039/d5sc09992g,10.5281/zenodo.17902549,https://doi.org/10.1039/d5sc09992g,https://doi.org/10.5281/zenodo.17902549,"Mapping the crystallization landscape of rare earth MOFs: a high-throughput investigation of structure, kinetics, and selectivity","PAIR::gd::terephthalic acid (1,4-bdc)",,"terephthalic acid (1,4-BDC)",,,Aromatic dicarboxylate,Gd,rare-earth nitrate salt(s); hydration not encoded in campaign key,nitrate,,3,EtOH/H2O (fractions not encoded in campaign key),,Acido acetico,10.0,60.0,18.0,,,,,,Automated solvothermal synthesis,Automated vial; exact geometry in source SI,,,,no solid product,,peer_reviewed_high_throughput_literature,Author-assigned HT-PXRD/CV campaign outcome,direct_machine_readable_campaign_key,v13_source_rare_earth_landscape.csv,SOURCE_VERIFIED_SINGLE_CURATION_PASS,False,"Evidence-only: absolute precursor amounts, ligand:metal ratio, and solvent volume are not encoded in the public campaign key.",0,Failed / no solid product,no solid product,Exact author label 'no solid product' -> class 0,False,False,False,Campaign key explicitly reports no solid product.
V13-REHT-0695,MG2-83-79,10.1039/d5sc09992g,10.5281/zenodo.17902549,https://doi.org/10.1039/d5sc09992g,https://doi.org/10.5281/zenodo.17902549,"Mapping the crystallization landscape of rare earth MOFs: a high-throughput investigation of structure, kinetics, and selectivity","PAIR::gd::phthalic acid (1,2-bdc)",,"phthalic acid (1,2-BDC)",,,Aromatic dicarboxylate,Gd,rare-earth nitrate salt(s); hydration not encoded in campaign key,nitrate,,3,EtOH/H2O (fractions not encoded in campaign key),,Acido acetico,10.0,60.0,18.0,,,,,,Automated solvothermal synthesis,Automated vial; exact geometry in source SI,,10.496,10.496,no solid product,,peer_reviewed_high_throughput_literature,Author-assigned HT-PXRD/CV campaign outcome,direct_machine_readable_campaign_key,v13_source_rare_earth_landscape.csv,SOURCE_VERIFIED_SINGLE_CURATION_PASS,False,"Evidence-only: absolute precursor amounts, ligand:metal ratio, and solvent volume are not encoded in the public campaign key.",0,Failed / no solid product,no solid product,Exact author label 'no solid product' -> class 0,False,False,False,Campaign key explicitly reports no solid product.
V13-REHT-0696,MG2-83-80,10.1039/d5sc09992g,10.5281/zenodo.17902549,https://doi.org/10.1039/d5sc09992g,https://doi.org/10.5281/zenodo.17902549,"Mapping the crystallization landscape of rare earth MOFs: a high-throughput investigation of structure, kinetics, and selectivity","PAIR::gd::isophthalic acid (1,3-bdc)",,"isophthalic acid (1,3-BDC)",,,Aromatic dicarboxylate,Gd,rare-earth nitrate salt(s); hydration not encoded in campaign key,nitrate,,3,EtOH/H2O (fractions not encoded in campaign key),,Acido acetico,10.0,60.0,18.0,,,,,,Automated solvothermal synthesis,Automated vial; exact geometry in source SI,,,,no solid product,,peer_reviewed_high_throughput_literature,Author-assigned HT-PXRD/CV campaign outcome,direct_machine_readable_campaign_key,v13_source_rare_earth_landscape.csv,SOURCE_VERIFIED_SINGLE_CURATION_PASS,False,"Evidence-only: absolute precursor amounts, ligand:metal ratio, and solvent volume are not encoded in the public campaign key.",0,Failed / no solid product,no solid product,Exact author label 'no solid product' -> class 0,False,False,False,Campaign key explicitly reports no solid product.
V13-REHT-0701,MG2-84-01,10.1039/d5sc09992g,10.5281/zenodo.17902549,https://doi.org/10.1039/d5sc09992g,https://doi.org/10.5281/zenodo.17902549,"Mapping the crystallization landscape of rare earth MOFs: a high-throughput investigation of structure, kinetics, and selectivity","PAIR::tb::terephthalic acid (1,4-bdc)",,"terephthalic acid (1,4-BDC)",,,Aromatic dicarboxylate,Tb,rare-earth nitrate salt(s); hydration not encoded in campaign key,nitrate,,3,EtOH/H2O (fractions not encoded in campaign key),,Nessuno,0.0,60.0,18.0,,,,,,Automated solvothermal synthesis,Automated vial; exact geometry in source SI,,,,no solid product,,peer_reviewed_high_throughput_literature,Author-assigned HT-PXRD/CV campaign outcome,direct_machine_readable_campaign_key,v13_source_rare_earth_landscape.csv,SOURCE_VERIFIED_SINGLE_CURATION_PASS,False,"Evidence-only: absolute precursor amounts, ligand:metal ratio, and solvent volume are not encoded in the public campaign key.",0,Failed / no solid product,no solid product,Exact author label 'no solid product' -> class 0,False,False,False,Campaign key explicitly reports no solid product.
V13-REHT-0702,MG2-84-02,10.1039/d5sc09992g,10.5281/zenodo.17902549,https://doi.org/10.1039/d5sc09992g,https://doi.org/10.5281/zenodo.17902549,"Mapping the crystallization landscape of rare earth MOFs: a high-throughput investigation of structure, kinetics, and selectivity","PAIR::tb::phthalic acid (1,2-bdc)",,"phthalic acid (1,2-BDC)",,,Aromatic dicarboxylate,Tb,rare-earth nitrate salt(s); hydration not encoded in campaign key,nitrate,,3,EtOH/H2O (fractions not encoded in campaign key),,Nessuno,0.0,60.0,18.0,,,,,,Automated solvothermal synthesis,Automated vial; exact geometry in source SI,,,,no solid product,,peer_reviewed_high_throughput_literature,Author-assigned HT-PXRD/CV campaign outcome,direct_machine_readable_campaign_key,v13_source_rare_earth_landscape.csv,SOURCE_VERIFIED_SINGLE_CURATION_PASS,False,"Evidence-only: absolute precursor amounts, ligand:metal ratio, and solvent volume are not encoded in the public campaign key.",0,Failed / no solid product,no solid product,Exact author label 'no solid product' -> class 0,False,False,False,Campaign key explicitly reports no solid product.
V13-REHT-0703,MG2-84-03,10.1039/d5sc09992g,10.5281/zenodo.17902549,https://doi.org/10.1039/d5sc09992g,https://doi.org/10.5281/zenodo.17902549,"Mapping the crystallization landscape of rare earth MOFs: a high-throughput investigation of structure, kinetics, and selectivity","PAIR::tb::isophthalic acid (1,3-bdc)",,"isophthalic acid (1,3-BDC)",,,Aromatic dicarboxylate,Tb,rare-earth nitrate salt(s); hydration not encoded in campaign key,nitrate,,3,EtOH/H2O (fractions not encoded in campaign key),,Nessuno,0.0,60.0,18.0,,,,,,Automated solvothermal synthesis,Automated vial; exact geometry in source SI,,,,no solid product,,peer_reviewed_high_throughput_literature,Author-assigned HT-PXRD/CV campaign outcome,direct_machine_readable_campaign_key,v13_source_rare_earth_landscape.csv,SOURCE_VERIFIED_SINGLE_CURATION_PASS,False,"Evidence-only: absolute precursor amounts, ligand:metal ratio, and solvent volume are not encoded in the public campaign key.",0,Failed / no solid product,no solid product,Exact author label 'no solid product' -> class 0,False,False,False,Campaign key explicitly reports no solid product.
V13-REHT-0708,MG2-84-08,10.1039/d5sc09992g,10.5281/zenodo.17902549,https://doi.org/10.1039/d5sc09992g,https://doi.org/10.5281/zenodo.17902549,"Mapping the crystallization landscape of rare earth MOFs: a high-throughput investigation of structure, kinetics, and selectivity","PAIR::tb::terephthalic acid (1,4-bdc)",,"terephthalic acid (1,4-BDC)",,,Aromatic dicarboxylate,Tb,rare-earth nitrate salt(s); hydration not encoded in campaign key,nitrate,,3,EtOH/H2O (fractions not encoded in campaign key),,Acido acetico,2.0,60.0,18.0,,,,,,Automated solvothermal synthesis,Automated vial; exact geometry in source SI,,,,no solid product,,peer_reviewed_high_throughput_literature,Author-assigned HT-PXRD/CV campaign outcome,direct_machine_readable_campaign_key,v13_source_rare_earth_landscape.csv,SOURCE_VERIFIED_SINGLE_CURATION_PASS,False,"Evidence-only: absolute precursor amounts, ligand:metal ratio, and solvent volume are not encoded in the public campaign key.",0,Failed / no solid product,no solid product,Exact author label 'no solid product' -> class 0,False,False,False,Campaign key explicitly reports no solid product.
V13-REHT-0709,MG2-84-09,10.1039/d5sc09992g,10.5281/zenodo.17902549,https://doi.org/10.1039/d5sc09992g,https://doi.org/10.5281/zenodo.17902549,"Mapping the crystallization landscape of rare earth MOFs: a high-throughput investigation of structure, kinetics, and selectivity","PAIR::tb::phthalic acid (1,2-bdc)",,"phthalic acid (1,2-BDC)",,,Aromatic dicarboxylate,Tb,rare-earth nitrate salt(s); hydration not encoded in campaign key,nitrate,,3,EtOH/H2O (fractions not encoded in campaign key),,Acido acetico,2.0,60.0,18.0,,,,,,Automated solvothermal synthesis,Automated vial; exact geometry in source SI,,,,no solid product,,peer_reviewed_high_throughput_literature,Author-assigned HT-PXRD/CV campaign outcome,direct_machine_readable_campaign_key,v13_source_rare_earth_landscape.csv,SOURCE_VERIFIED_SINGLE_CURATION_PASS,False,"Evidence-only: absolute precursor amounts, ligand:metal ratio, and solvent volume are not encoded in the public campaign key.",0,Failed / no solid product,no solid product,Exact author label 'no solid product' -> class 0,False,False,False,Campaign key explicitly reports no solid product.
V13-REHT-0710,MG2-84-10,10.1039/d5sc09992g,10.5281/zenodo.17902549,https://doi.org/10.1039/d5sc09992g,https://doi.org/10.5281/zenodo.17902549,"Mapping the crystallization landscape of rare earth MOFs: a high-throughput investigation of structure, kinetics, and selectivity","PAIR::tb::isophthalic acid (1,3-bdc)",,"isophthalic acid (1,3-BDC)",,,Aromatic dicarboxylate,Tb,rare-earth nitrate salt(s); hydration not encoded in campaign key,nitrate,,3,EtOH/H2O (fractions not encoded in campaign key),,Acido acetico,2.0,60.0,18.0,,,,,,Automated solvothermal synthesis,Automated vial; exact geometry in source SI,,,,no solid product,,peer_reviewed_high_throughput_literature,Author-assigned HT-PXRD/CV campaign outcome,direct_machine_readable_campaign_key,v13_source_rare_earth_landscape.csv,SOURCE_VERIFIED_SINGLE_CURATION_PASS,False,"Evidence-only: absolute precursor amounts, ligand:metal ratio, and solvent volume are not encoded in the public campaign key.",0,Failed / no solid product,no solid product,Exact author label 'no solid product' -> class 0,False,False,False,Campaign key explicitly reports no solid product.
V13-REHT-0715,MG2-84-15,10.1039/d5sc09992g,10.5281/zenodo.17902549,https://doi.org/10.1039/d5sc09992g,https://doi.org/10.5281/zenodo.17902549,"Mapping the crystallization landscape of rare earth MOFs: a high-throughput investigation of structure, kinetics, and selectivity","PAIR::tb::terephthalic acid (1,4-bdc)",,"terephthalic acid (1,4-BDC)",,,Aromatic dicarboxylate,Tb,rare-earth nitrate salt(s); hydration not encoded in campaign key,nitrate,,3,EtOH/H2O (fractions not encoded in campaign key),,Acido acetico,5.0,60.0,18.0,,,,,,Automated solvothermal synthesis,Automated vial; exact geometry in source SI,,,,no solid product,,peer_reviewed_high_throughput_literature,Author-assigned HT-PXRD/CV campaign outcome,direct_machine_readable_campaign_key,v13_source_rare_earth_landscape.csv,SOURCE_VERIFIED_SINGLE_CURATION_PASS,False,"Evidence-only: absolute precursor amounts, ligand:metal ratio, and solvent volume are not encoded in the public campaign key.",0,Failed / no solid product,no solid product,Exact author label 'no solid product' -> class 0,False,False,False,Campaign key explicitly reports no solid product.
V13-REHT-0716,MG2-84-16,10.1039/d5sc09992g,10.5281/zenodo.17902549,https://doi.org/10.1039/d5sc09992g,https://doi.org/10.5281/zenodo.17902549,"Mapping the crystallization landscape of rare earth MOFs: a high-throughput investigation of structure, kinetics, and selectivity","PAIR::tb::phthalic acid (1,2-bdc)",,"phthalic acid (1,2-BDC)",,,Aromatic dicarboxylate,Tb,rare-earth nitrate salt(s); hydration not encoded in campaign key,nitrate,,3,EtOH/H2O (fractions not encoded in campaign key),,Acido acetico,5.0,60.0,18.0,,,,,,Automated solvothermal synthesis,Automated vial; exact geometry in source SI,,,,no solid product,,peer_reviewed_high_throughput_literature,Author-assigned HT-PXRD/CV campaign outcome,direct_machine_readable_campaign_key,v13_source_rare_earth_landscape.csv,SOURCE_VERIFIED_SINGLE_CURATION_PASS,False,"Evidence-only: absolute precursor amounts, ligand:metal ratio, and solvent volume are not encoded in the public campaign key.",0,Failed / no solid product,no solid product,Exact author label 'no solid product' -> class 0,False,False,False,Campaign key explicitly reports no solid product.
V13-REHT-0717,MG2-84-17,10.1039/d5sc09992g,10.5281/zenodo.17902549,https://doi.org/10.1039/d5sc09992g,https://doi.org/10.5281/zenodo.17902549,"Mapping the crystallization landscape of rare earth MOFs: a high-throughput investigation of structure, kinetics, and selectivity","PAIR::tb::isophthalic acid (1,3-bdc)",,"isophthalic acid (1,3-BDC)",,,Aromatic dicarboxylate,Tb,rare-earth nitrate salt(s); hydration not encoded in campaign key,nitrate,,3,EtOH/H2O (fractions not encoded in campaign key),,Acido acetico,5.0,60.0,18.0,,,,,,Automated solvothermal synthesis,Automated vial; exact geometry in source SI,,,,no solid product,,peer_reviewed_high_throughput_literature,Author-assigned HT-PXRD/CV campaign outcome,direct_machine_readable_campaign_key,v13_source_rare_earth_landscape.csv,SOURCE_VERIFIED_SINGLE_CURATION_PASS,False,"Evidence-only: absolute precursor amounts, ligand:metal ratio, and solvent volume are not encoded in the public campaign key.",0,Failed / no solid product,no solid product,Exact author label 'no solid product' -> class 0,False,False,False,Campaign key explicitly reports no solid product.
V13-REHT-0722,MG2-84-22,10.1039/d5sc09992g,10.5281/zenodo.17902549,https://doi.org/10.1039/d5sc09992g,https://doi.org/10.5281/zenodo.17902549,"Mapping the crystallization landscape of rare earth MOFs: a high-throughput investigation of structure, kinetics, and selectivity","PAIR::tb::terephthalic acid (1,4-bdc)",,"terephthalic acid (1,4-BDC)",,,Aromatic dicarboxylate,Tb,rare-earth nitrate salt(s); hydration not encoded in campaign key,nitrate,,3,EtOH/H2O (fractions not encoded in campaign key),,Acido acetico,10.0,60.0,18.0,,,,,,Automated solvothermal synthesis,Automated vial; exact geometry in source SI,,,,no solid product,,peer_reviewed_high_throughput_literature,Author-assigned HT-PXRD/CV campaign outcome,direct_machine_readable_campaign_key,v13_source_rare_earth_landscape.csv,SOURCE_VERIFIED_SINGLE_CURATION_PASS,False,"Evidence-only: absolute precursor amounts, ligand:metal ratio, and solvent volume are not encoded in the public campaign key.",0,Failed / no solid product,no solid product,Exact author label 'no solid product' -> class 0,False,False,False,Campaign key explicitly reports no solid product.
V13-REHT-0723,MG2-84-23,10.1039/d5sc09992g,10.5281/zenodo.17902549,https://doi.org/10.1039/d5sc09992g,https://doi.org/10.5281/zenodo.17902549,"Mapping the crystallization landscape of rare earth MOFs: a high-throughput investigation of structure, kinetics, and selectivity","PAIR::tb::phthalic acid (1,2-bdc)",,"phthalic acid (1,2-BDC)",,,Aromatic dicarboxylate,Tb,rare-earth nitrate salt(s); hydration not encoded in campaign key,nitrate,,3,EtOH/H2O (fractions not encoded in campaign key),,Acido acetico,10.0,60.0,18.0,,,,,,Automated solvothermal synthesis,Automated vial; exact geometry in source SI,,,,no solid product,,peer_reviewed_high_throughput_literature,Author-assigned HT-PXRD/CV campaign outcome,direct_machine_readable_campaign_key,v13_source_rare_earth_landscape.csv,SOURCE_VERIFIED_SINGLE_CURATION_PASS,False,"Evidence-only: absolute precursor amounts, ligand:metal ratio, and solvent volume are not encoded in the public campaign key.",0,Failed / no solid product,no solid product,Exact author label 'no solid product' -> class 0,False,False,False,Campaign key explicitly reports no solid product.
V13-REHT-0724,MG2-84-24,10.1039/d5sc09992g,10.5281/zenodo.17902549,https://doi.org/10.1039/d5sc09992g,https://doi.org/10.5281/zenodo.17902549,"Mapping the crystallization landscape of rare earth MOFs: a high-throughput investigation of structure, kinetics, and selectivity","PAIR::tb::isophthalic acid (1,3-bdc)",,"isophthalic acid (1,3-BDC)",,,Aromatic dicarboxylate,Tb,rare-earth nitrate salt(s); hydration not encoded in campaign key,nitrate,,3,EtOH/H2O (fractions not encoded in campaign key),,Acido acetico,10.0,60.0,18.0,,,,,,Automated solvothermal synthesis,Automated vial; exact geometry in source SI,,,,no solid product,,peer_reviewed_high_throughput_literature,Author-assigned HT-PXRD/CV campaign outcome,direct_machine_readable_campaign_key,v13_source_rare_earth_landscape.csv,SOURCE_VERIFIED_SINGLE_CURATION_PASS,False,"Evidence-only: absolute precursor amounts, ligand:metal ratio, and solvent volume are not encoded in the public campaign key.",0,Failed / no solid product,no solid product,Exact author label 'no solid product' -> class 0,False,False,False,Campaign key explicitly reports no solid product.
V13-REHT-0729,MG2-84-29,10.1039/d5sc09992g,10.5281/zenodo.17902549,https://doi.org/10.1039/d5sc09992g,https://doi.org/10.5281/zenodo.17902549,"Mapping the crystallization landscape of rare earth MOFs: a high-throughput investigation of structure, kinetics, and selectivity","PAIR::dy::terephthalic acid (1,4-bdc)",,"terephthalic acid (1,4-BDC)",,,Aromatic dicarboxylate,Dy,rare-earth nitrate salt(s); hydration not encoded in campaign key,nitrate,,3,EtOH/H2O (fractions not encoded in campaign key),,Nessuno,0.0,60.0,18.0,,,,,,Automated solvothermal synthesis,Automated vial; exact geometry in source SI,,,,no solid product,,peer_reviewed_high_throughput_literature,Author-assigned HT-PXRD/CV campaign outcome,direct_machine_readable_campaign_key,v13_source_rare_earth_landscape.csv,SOURCE_VERIFIED_SINGLE_CURATION_PASS,False,"Evidence-only: absolute precursor amounts, ligand:metal ratio, and solvent volume are not encoded in the public campaign key.",0,Failed / no solid product,no solid product,Exact author label 'no solid product' -> class 0,False,False,False,Campaign key explicitly reports no solid product.
V13-REHT-0730,MG2-84-30,10.1039/d5sc09992g,10.5281/zenodo.17902549,https://doi.org/10.1039/d5sc09992g,https://doi.org/10.5281/zenodo.17902549,"Mapping the crystallization landscape of rare earth MOFs: a high-throughput investigation of structure, kinetics, and selectivity","PAIR::dy::phthalic acid (1,2-bdc)",,"phthalic acid (1,2-BDC)",,,Aromatic dicarboxylate,Dy,rare-earth nitrate salt(s); hydration not encoded in campaign key,nitrate,,3,EtOH/H2O (fractions not encoded in campaign key),,Nessuno,0.0,60.0,18.0,,,,,,Automated solvothermal synthesis,Automated vial; exact geometry in source SI,,,,no solid product,,peer_reviewed_high_throughput_literature,Author-assigned HT-PXRD/CV campaign outcome,direct_machine_readable_campaign_key,v13_source_rare_earth_landscape.csv,SOURCE_VERIFIED_SINGLE_CURATION_PASS,False,"Evidence-only: absolute precursor amounts, ligand:metal ratio, and solvent volume are not encoded in the public campaign key.",0,Failed / no solid product,no solid product,Exact author label 'no solid product' -> class 0,False,False,False,Campaign key explicitly reports no solid product.
V13-REHT-0731,MG2-84-31,10.1039/d5sc09992g,10.5281/zenodo.17902549,https://doi.org/10.1039/d5sc09992g,https://doi.org/10.5281/zenodo.17902549,"Mapping the crystallization landscape of rare earth MOFs: a high-throughput investigation of structure, kinetics, and selectivity","PAIR::dy::isophthalic acid (1,3-bdc)",,"isophthalic acid (1,3-BDC)",,,Aromatic dicarboxylate,Dy,rare-earth nitrate salt(s); hydration not encoded in campaign key,nitrate,,3,EtOH/H2O (fractions not encoded in campaign key),,Nessuno,0.0,60.0,18.0,,,,,,Automated solvothermal synthesis,Automated vial; exact geometry in source SI,,,,no solid product,,peer_reviewed_high_throughput_literature,Author-assigned HT-PXRD/CV campaign outcome,direct_machine_readable_campaign_key,v13_source_rare_earth_landscape.csv,SOURCE_VERIFIED_SINGLE_CURATION_PASS,False,"Evidence-only: absolute precursor amounts, ligand:metal ratio, and solvent volume are not encoded in the public campaign key.",0,Failed / no solid product,no solid product,Exact author label 'no solid product' -> class 0,False,False,False,Campaign key explicitly reports no solid product.
V13-REHT-0736,MG2-84-36,10.1039/d5sc09992g,10.5281/zenodo.17902549,https://doi.org/10.1039/d5sc09992g,https://doi.org/10.5281/zenodo.17902549,"Mapping the crystallization landscape of rare earth MOFs: a high-throughput investigation of structure, kinetics, and selectivity","PAIR::dy::terephthalic acid (1,4-bdc)",,"terephthalic acid (1,4-BDC)",,,Aromatic dicarboxylate,Dy,rare-earth nitrate salt(s); hydration not encoded in campaign key,nitrate,,3,EtOH/H2O (fractions not encoded in campaign key),,Acido acetico,2.0,60.0,18.0,,,,,,Automated solvothermal synthesis,Automated vial; exact geometry in source SI,,,,no solid product,,peer_reviewed_high_throughput_literature,Author-assigned HT-PXRD/CV campaign outcome,direct_machine_readable_campaign_key,v13_source_rare_earth_landscape.csv,SOURCE_VERIFIED_SINGLE_CURATION_PASS,False,"Evidence-only: absolute precursor amounts, ligand:metal ratio, and solvent volume are not encoded in the public campaign key.",0,Failed / no solid product,no solid product,Exact author label 'no solid product' -> class 0,False,False,False,Campaign key explicitly reports no solid product.
V13-REHT-0737,MG2-84-37,10.1039/d5sc09992g,10.5281/zenodo.17902549,https://doi.org/10.1039/d5sc09992g,https://doi.org/10.5281/zenodo.17902549,"Mapping the crystallization landscape of rare earth MOFs: a high-throughput investigation of structure, kinetics, and selectivity","PAIR::dy::phthalic acid (1,2-bdc)",,"phthalic acid (1,2-BDC)",,,Aromatic dicarboxylate,Dy,rare-earth nitrate salt(s); hydration not encoded in campaign key,nitrate,,3,EtOH/H2O (fractions not encoded in campaign key),,Acido acetico,2.0,60.0,18.0,,,,,,Automated solvothermal synthesis,Automated vial; exact geometry in source SI,,,,no solid product,,peer_reviewed_high_throughput_literature,Author-assigned HT-PXRD/CV campaign outcome,direct_machine_readable_campaign_key,v13_source_rare_earth_landscape.csv,SOURCE_VERIFIED_SINGLE_CURATION_PASS,False,"Evidence-only: absolute precursor amounts, ligand:metal ratio, and solvent volume are not encoded in the public campaign key.",0,Failed / no solid product,no solid product,Exact author label 'no solid product' -> class 0,False,False,False,Campaign key explicitly reports no solid product.
V13-REHT-0738,MG2-84-38,10.1039/d5sc09992g,10.5281/zenodo.17902549,https://doi.org/10.1039/d5sc09992g,https://doi.org/10.5281/zenodo.17902549,"Mapping the crystallization landscape of rare earth MOFs: a high-throughput investigation of structure, kinetics, and selectivity","PAIR::dy::isophthalic acid (1,3-bdc)",,"isophthalic acid (1,3-BDC)",,,Aromatic dicarboxylate,Dy,rare-earth nitrate salt(s); hydration not encoded in campaign key,nitrate,,3,EtOH/H2O (fractions not encoded in campaign key),,Acido acetico,2.0,60.0,18.0,,,,,,Automated solvothermal synthesis,Automated vial; exact geometry in source SI,,,,no solid product,,peer_reviewed_high_throughput_literature,Author-assigned HT-PXRD/CV campaign outcome,direct_machine_readable_campaign_key,v13_source_rare_earth_landscape.csv,SOURCE_VERIFIED_SINGLE_CURATION_PASS,False,"Evidence-only: absolute precursor amounts, ligand:metal ratio, and solvent volume are not encoded in the public campaign key.",0,Failed / no solid product,no solid product,Exact author label 'no solid product' -> class 0,False,False,False,Campaign key explicitly reports no solid product.
V13-REHT-0743,MG2-84-43,10.1039/d5sc09992g,10.5281/zenodo.17902549,https://doi.org/10.1039/d5sc09992g,https://doi.org/10.5281/zenodo.17902549,"Mapping the crystallization landscape of rare earth MOFs: a high-throughput investigation of structure, kinetics, and selectivity","PAIR::dy::terephthalic acid (1,4-bdc)",,"terephthalic acid (1,4-BDC)",,,Aromatic dicarboxylate,Dy,rare-earth nitrate salt(s); hydration not encoded in campaign key,nitrate,,3,EtOH/H2O (fractions not encoded in campaign key),,Acido acetico,5.0,60.0,18.0,,,,,,Automated solvothermal synthesis,Automated vial; exact geometry in source SI,,,,no solid product,,peer_reviewed_high_throughput_literature,Author-assigned HT-PXRD/CV campaign outcome,direct_machine_readable_campaign_key,v13_source_rare_earth_landscape.csv,SOURCE_VERIFIED_SINGLE_CURATION_PASS,False,"Evidence-only: absolute precursor amounts, ligand:metal ratio, and solvent volume are not encoded in the public campaign key.",0,Failed / no solid product,no solid product,Exact author label 'no solid product' -> class 0,False,False,False,Campaign key explicitly reports no solid product.
V13-REHT-0744,MG2-84-44,10.1039/d5sc09992g,10.5281/zenodo.17902549,https://doi.org/10.1039/d5sc09992g,https://doi.org/10.5281/zenodo.17902549,"Mapping the crystallization landscape of rare earth MOFs: a high-throughput investigation of structure, kinetics, and selectivity","PAIR::dy::phthalic acid (1,2-bdc)",,"phthalic acid (1,2-BDC)",,,Aromatic dicarboxylate,Dy,rare-earth nitrate salt(s); hydration not encoded in campaign key,nitrate,,3,EtOH/H2O (fractions not encoded in campaign key),,Acido acetico,5.0,60.0,18.0,,,,,,Automated solvothermal synthesis,Automated vial; exact geometry in source SI,,,,no solid product,,peer_reviewed_high_throughput_literature,Author-assigned HT-PXRD/CV campaign outcome,direct_machine_readable_campaign_key,v13_source_rare_earth_landscape.csv,SOURCE_VERIFIED_SINGLE_CURATION_PASS,False,"Evidence-only: absolute precursor amounts, ligand:metal ratio, and solvent volume are not encoded in the public campaign key.",0,Failed / no solid product,no solid product,Exact author label 'no solid product' -> class 0,False,False,False,Campaign key explicitly reports no solid product.
V13-REHT-0745,MG2-84-45,10.1039/d5sc09992g,10.5281/zenodo.17902549,https://doi.org/10.1039/d5sc09992g,https://doi.org/10.5281/zenodo.17902549,"Mapping the crystallization landscape of rare earth MOFs: a high-throughput investigation of structure, kinetics, and selectivity","PAIR::dy::isophthalic acid (1,3-bdc)",,"isophthalic acid (1,3-BDC)",,,Aromatic dicarboxylate,Dy,rare-earth nitrate salt(s); hydration not encoded in campaign key,nitrate,,3,EtOH/H2O (fractions not encoded in campaign key),,Acido acetico,5.0,60.0,18.0,,,,,,Automated solvothermal synthesis,Automated vial; exact geometry in source SI,,,,no solid product,,peer_reviewed_high_throughput_literature,Author-assigned HT-PXRD/CV campaign outcome,direct_machine_readable_campaign_key,v13_source_rare_earth_landscape.csv,SOURCE_VERIFIED_SINGLE_CURATION_PASS,False,"Evidence-only: absolute precursor amounts, ligand:metal ratio, and solvent volume are not encoded in the public campaign key.",0,Failed / no solid product,no solid product,Exact author label 'no solid product' -> class 0,False,False,False,Campaign key explicitly reports no solid product.
V13-REHT-0750,MG2-84-50,10.1039/d5sc09992g,10.5281/zenodo.17902549,https://doi.org/10.1039/d5sc09992g,https://doi.org/10.5281/zenodo.17902549,"Mapping the crystallization landscape of rare earth MOFs: a high-throughput investigation of structure, kinetics, and selectivity","PAIR::dy::terephthalic acid (1,4-bdc)",,"terephthalic acid (1,4-BDC)",,,Aromatic dicarboxylate,Dy,rare-earth nitrate salt(s); hydration not encoded in campaign key,nitrate,,3,EtOH/H2O (fractions not encoded in campaign key),,Acido acetico,10.0,60.0,18.0,,,,,,Automated solvothermal synthesis,Automated vial; exact geometry in source SI,,,,no solid product,,peer_reviewed_high_throughput_literature,Author-assigned HT-PXRD/CV campaign outcome,direct_machine_readable_campaign_key,v13_source_rare_earth_landscape.csv,SOURCE_VERIFIED_SINGLE_CURATION_PASS,False,"Evidence-only: absolute precursor amounts, ligand:metal ratio, and solvent volume are not encoded in the public campaign key.",0,Failed / no solid product,no solid product,Exact author label 'no solid product' -> class 0,False,False,False,Campaign key explicitly reports no solid product.
V13-REHT-0751,MG2-84-51,10.1039/d5sc09992g,10.5281/zenodo.17902549,https://doi.org/10.1039/d5sc09992g,https://doi.org/10.5281/zenodo.17902549,"Mapping the crystallization landscape of rare earth MOFs: a high-throughput investigation of structure, kinetics, and selectivity","PAIR::dy::phthalic acid (1,2-bdc)",,"phthalic acid (1,2-BDC)",,,Aromatic dicarboxylate,Dy,rare-earth nitrate salt(s); hydration not encoded in campaign key,nitrate,,3,EtOH/H2O (fractions not encoded in campaign key),,Acido acetico,10.0,60.0,18.0,,,,,,Automated solvothermal synthesis,Automated vial; exact geometry in source SI,,,,no solid product,,peer_reviewed_high_throughput_literature,Author-assigned HT-PXRD/CV campaign outcome,direct_machine_readable_campaign_key,v13_source_rare_earth_landscape.csv,SOURCE_VERIFIED_SINGLE_CURATION_PASS,False,"Evidence-only: absolute precursor amounts, ligand:metal ratio, and solvent volume are not encoded in the public campaign key.",0,Failed / no solid product,no solid product,Exact author label 'no solid product' -> class 0,False,False,False,Campaign key explicitly reports no solid product.
V13-REHT-0752,MG2-84-52,10.1039/d5sc09992g,10.5281/zenodo.17902549,https://doi.org/10.1039/d5sc09992g,https://doi.org/10.5281/zenodo.17902549,"Mapping the crystallization landscape of rare earth MOFs: a high-throughput investigation of structure, kinetics, and selectivity","PAIR::dy::isophthalic acid (1,3-bdc)",,"isophthalic acid (1,3-BDC)",,,Aromatic dicarboxylate,Dy,rare-earth nitrate salt(s); hydration not encoded in campaign key,nitrate,,3,EtOH/H2O (fractions not encoded in campaign key),,Acido acetico,10.0,60.0,18.0,,,,,,Automated solvothermal synthesis,Automated vial; exact geometry in source SI,,,,no solid product,,peer_reviewed_high_throughput_literature,Author-assigned HT-PXRD/CV campaign outcome,direct_machine_readable_campaign_key,v13_source_rare_earth_landscape.csv,SOURCE_VERIFIED_SINGLE_CURATION_PASS,False,"Evidence-only: absolute precursor amounts, ligand:metal ratio, and solvent volume are not encoded in the public campaign key.",0,Failed / no solid product,no solid product,Exact author label 'no solid product' -> class 0,False,False,False,Campaign key explicitly reports no solid product.
V13-REHT-0753,MG2-84-53,10.1039/d5sc09992g,10.5281/zenodo.17902549,https://doi.org/10.1039/d5sc09992g,https://doi.org/10.5281/zenodo.17902549,"Mapping the crystallization landscape of rare earth MOFs: a high-throughput investigation of structure, kinetics, and selectivity","PAIR::dy::benzene-1,3,5-tricarboxylic acid (h3btc)",,"benzene-1,3,5-tricarboxylic acid (H3BTC)",,,Aromatic tricarboxylate,Dy,rare-earth nitrate salt(s); hydration not encoded in campaign key,nitrate,,3,EtOH/H2O (fractions not encoded in campaign key),,Acido acetico,10.0,60.0,18.0,,,,,,Automated solvothermal synthesis,Automated vial; exact geometry in source SI,,,,no solid product,,peer_reviewed_high_throughput_literature,Author-assigned HT-PXRD/CV campaign outcome,direct_machine_readable_campaign_key,v13_source_rare_earth_landscape.csv,SOURCE_VERIFIED_SINGLE_CURATION_PASS,False,"Evidence-only: absolute precursor amounts, ligand:metal ratio, and solvent volume are not encoded in the public campaign key.",0,Failed / no solid product,no solid product,Exact author label 'no solid product' -> class 0,False,False,False,Campaign key explicitly reports no solid product.
V13-REHT-0757,MG2-84-57,10.1039/d5sc09992g,10.5281/zenodo.17902549,https://doi.org/10.1039/d5sc09992g,https://doi.org/10.5281/zenodo.17902549,"Mapping the crystallization landscape of rare earth MOFs: a high-throughput investigation of structure, kinetics, and selectivity","PAIR::ho::terephthalic acid (1,4-bdc)",,"terephthalic acid (1,4-BDC)",,,Aromatic dicarboxylate,Ho,rare-earth nitrate salt(s); hydration not encoded in campaign key,nitrate,,3,EtOH/H2O (fractions not encoded in campaign key),,Nessuno,0.0,60.0,18.0,,,,,,Automated solvothermal synthesis,Automated vial; exact geometry in source SI,,,,no solid product,,peer_reviewed_high_throughput_literature,Author-assigned HT-PXRD/CV campaign outcome,direct_machine_readable_campaign_key,v13_source_rare_earth_landscape.csv,SOURCE_VERIFIED_SINGLE_CURATION_PASS,False,"Evidence-only: absolute precursor amounts, ligand:metal ratio, and solvent volume are not encoded in the public campaign key.",0,Failed / no solid product,no solid product,Exact author label 'no solid product' -> class 0,False,False,False,Campaign key explicitly reports no solid product.
V13-REHT-0758,MG2-84-58,10.1039/d5sc09992g,10.5281/zenodo.17902549,https://doi.org/10.1039/d5sc09992g,https://doi.org/10.5281/zenodo.17902549,"Mapping the crystallization landscape of rare earth MOFs: a high-throughput investigation of structure, kinetics, and selectivity","PAIR::ho::phthalic acid (1,2-bdc)",,"phthalic acid (1,2-BDC)",,,Aromatic dicarboxylate,Ho,rare-earth nitrate salt(s); hydration not encoded in campaign key,nitrate,,3,EtOH/H2O (fractions not encoded in campaign key),,Nessuno,0.0,60.0,18.0,,,,,,Automated solvothermal synthesis,Automated vial; exact geometry in source SI,,0.349,0.349,no solid product,,peer_reviewed_high_throughput_literature,Author-assigned HT-PXRD/CV campaign outcome,direct_machine_readable_campaign_key,v13_source_rare_earth_landscape.csv,SOURCE_VERIFIED_SINGLE_CURATION_PASS,False,"Evidence-only: absolute precursor amounts, ligand:metal ratio, and solvent volume are not encoded in the public campaign key.",0,Failed / no solid product,no solid product,Exact author label 'no solid product' -> class 0,False,False,False,Campaign key explicitly reports no solid product.
V13-REHT-0759,MG2-84-59,10.1039/d5sc09992g,10.5281/zenodo.17902549,https://doi.org/10.1039/d5sc09992g,https://doi.org/10.5281/zenodo.17902549,"Mapping the crystallization landscape of rare earth MOFs: a high-throughput investigation of structure, kinetics, and selectivity","PAIR::ho::isophthalic acid (1,3-bdc)",,"isophthalic acid (1,3-BDC)",,,Aromatic dicarboxylate,Ho,rare-earth nitrate salt(s); hydration not encoded in campaign key,nitrate,,3,EtOH/H2O (fractions not encoded in campaign key),,Nessuno,0.0,60.0,18.0,,,,,,Automated solvothermal synthesis,Automated vial; exact geometry in source SI,,,,no solid product,,peer_reviewed_high_throughput_literature,Author-assigned HT-PXRD/CV campaign outcome,direct_machine_readable_campaign_key,v13_source_rare_earth_landscape.csv,SOURCE_VERIFIED_SINGLE_CURATION_PASS,False,"Evidence-only: absolute precursor amounts, ligand:metal ratio, and solvent volume are not encoded in the public campaign key.",0,Failed / no solid product,no solid product,Exact author label 'no solid product' -> class 0,False,False,False,Campaign key explicitly reports no solid product.
V13-REHT-0764,MG2-84-64,10.1039/d5sc09992g,10.5281/zenodo.17902549,https://doi.org/10.1039/d5sc09992g,https://doi.org/10.5281/zenodo.17902549,"Mapping the crystallization landscape of rare earth MOFs: a high-throughput investigation of structure, kinetics, and selectivity","PAIR::ho::terephthalic acid (1,4-bdc)",,"terephthalic acid (1,4-BDC)",,,Aromatic dicarboxylate,Ho,rare-earth nitrate salt(s); hydration not encoded in campaign key,nitrate,,3,EtOH/H2O (fractions not encoded in campaign key),,Acido acetico,2.0,60.0,18.0,,,,,,Automated solvothermal synthesis,Automated vial; exact geometry in source SI,,,,no solid product,,peer_reviewed_high_throughput_literature,Author-assigned HT-PXRD/CV campaign outcome,direct_machine_readable_campaign_key,v13_source_rare_earth_landscape.csv,SOURCE_VERIFIED_SINGLE_CURATION_PASS,False,"Evidence-only: absolute precursor amounts, ligand:metal ratio, and solvent volume are not encoded in the public campaign key.",0,Failed / no solid product,no solid product,Exact author label 'no solid product' -> class 0,False,False,False,Campaign key explicitly reports no solid product.
V13-REHT-0765,MG2-84-65,10.1039/d5sc09992g,10.5281/zenodo.17902549,https://doi.org/10.1039/d5sc09992g,https://doi.org/10.5281/zenodo.17902549,"Mapping the crystallization landscape of rare earth MOFs: a high-throughput investigation of structure, kinetics, and selectivity","PAIR::ho::phthalic acid (1,2-bdc)",,"phthalic acid (1,2-BDC)",,,Aromatic dicarboxylate,Ho,rare-earth nitrate salt(s); hydration not encoded in campaign key,nitrate,,3,EtOH/H2O (fractions not encoded in campaign key),,Acido acetico,2.0,60.0,18.0,,,,,,Automated solvothermal synthesis,Automated vial; exact geometry in source SI,,,,no solid product,,peer_reviewed_high_throughput_literature,Author-assigned HT-PXRD/CV campaign outcome,direct_machine_readable_campaign_key,v13_source_rare_earth_landscape.csv,SOURCE_VERIFIED_SINGLE_CURATION_PASS,False,"Evidence-only: absolute precursor amounts, ligand:metal ratio, and solvent volume are not encoded in the public campaign key.",0,Failed / no solid product,no solid product,Exact author label 'no solid product' -> class 0,False,False,False,Campaign key explicitly reports no solid product.
V13-REHT-0766,MG2-84-66,10.1039/d5sc09992g,10.5281/zenodo.17902549,https://doi.org/10.1039/d5sc09992g,https://doi.org/10.5281/zenodo.17902549,"Mapping the crystallization landscape of rare earth MOFs: a high-throughput investigation of structure, kinetics, and selectivity","PAIR::ho::isophthalic acid (1,3-bdc)",,"isophthalic acid (1,3-BDC)",,,Aromatic dicarboxylate,Ho,rare-earth nitrate salt(s); hydration not encoded in campaign key,nitrate,,3,EtOH/H2O (fractions not encoded in campaign key),,Acido acetico,2.0,60.0,18.0,,,,,,Automated solvothermal synthesis,Automated vial; exact geometry in source SI,,,,no solid product,,peer_reviewed_high_throughput_literature,Author-assigned HT-PXRD/CV campaign outcome,direct_machine_readable_campaign_key,v13_source_rare_earth_landscape.csv,SOURCE_VERIFIED_SINGLE_CURATION_PASS,False,"Evidence-only: absolute precursor amounts, ligand:metal ratio, and solvent volume are not encoded in the public campaign key.",0,Failed / no solid product,no solid product,Exact author label 'no solid product' -> class 0,False,False,False,Campaign key explicitly reports no solid product.
V13-REHT-0771,MG2-84-71,10.1039/d5sc09992g,10.5281/zenodo.17902549,https://doi.org/10.1039/d5sc09992g,https://doi.org/10.5281/zenodo.17902549,"Mapping the crystallization landscape of rare earth MOFs: a high-throughput investigation of structure, kinetics, and selectivity","PAIR::ho::terephthalic acid (1,4-bdc)",,"terephthalic acid (1,4-BDC)",,,Aromatic dicarboxylate,Ho,rare-earth nitrate salt(s); hydration not encoded in campaign key,nitrate,,3,EtOH/H2O (fractions not encoded in campaign key),,Acido acetico,5.0,60.0,18.0,,,,,,Automated solvothermal synthesis,Automated vial; exact geometry in source SI,,,,no solid product,,peer_reviewed_high_throughput_literature,Author-assigned HT-PXRD/CV campaign outcome,direct_machine_readable_campaign_key,v13_source_rare_earth_landscape.csv,SOURCE_VERIFIED_SINGLE_CURATION_PASS,False,"Evidence-only: absolute precursor amounts, ligand:metal ratio, and solvent volume are not encoded in the public campaign key.",0,Failed / no solid product,no solid product,Exact author label 'no solid product' -> class 0,False,False,False,Campaign key explicitly reports no solid product.
V13-REHT-0772,MG2-84-72,10.1039/d5sc09992g,10.5281/zenodo.17902549,https://doi.org/10.1039/d5sc09992g,https://doi.org/10.5281/zenodo.17902549,"Mapping the crystallization landscape of rare earth MOFs: a high-throughput investigation of structure, kinetics, and selectivity","PAIR::ho::phthalic acid (1,2-bdc)",,"phthalic acid (1,2-BDC)",,,Aromatic dicarboxylate,Ho,rare-earth nitrate salt(s); hydration not encoded in campaign key,nitrate,,3,EtOH/H2O (fractions not encoded in campaign key),,Acido acetico,5.0,60.0,18.0,,,,,,Automated solvothermal synthesis,Automated vial; exact geometry in source SI,,,,no solid product,,peer_reviewed_high_throughput_literature,Author-assigned HT-PXRD/CV campaign outcome,direct_machine_readable_campaign_key,v13_source_rare_earth_landscape.csv,SOURCE_VERIFIED_SINGLE_CURATION_PASS,False,"Evidence-only: absolute precursor amounts, ligand:metal ratio, and solvent volume are not encoded in the public campaign key.",0,Failed / no solid product,no solid product,Exact author label 'no solid product' -> class 0,False,False,False,Campaign key explicitly reports no solid product.
V13-REHT-0773,MG2-84-73,10.1039/d5sc09992g,10.5281/zenodo.17902549,https://doi.org/10.1039/d5sc09992g,https://doi.org/10.5281/zenodo.17902549,"Mapping the crystallization landscape of rare earth MOFs: a high-throughput investigation of structure, kinetics, and selectivity","PAIR::ho::isophthalic acid (1,3-bdc)",,"isophthalic acid (1,3-BDC)",,,Aromatic dicarboxylate,Ho,rare-earth nitrate salt(s); hydration not encoded in campaign key,nitrate,,3,EtOH/H2O (fractions not encoded in campaign key),,Acido acetico,5.0,60.0,18.0,,,,,,Automated solvothermal synthesis,Automated vial; exact geometry in source SI,,,,no solid product,,peer_reviewed_high_throughput_literature,Author-assigned HT-PXRD/CV campaign outcome,direct_machine_readable_campaign_key,v13_source_rare_earth_landscape.csv,SOURCE_VERIFIED_SINGLE_CURATION_PASS,False,"Evidence-only: absolute precursor amounts, ligand:metal ratio, and solvent volume are not encoded in the public campaign key.",0,Failed / no solid product,no solid product,Exact author label 'no solid product' -> class 0,False,False,False,Campaign key explicitly reports no solid product.
V13-REHT-0778,MG2-84-78,10.1039/d5sc09992g,10.5281/zenodo.17902549,https://doi.org/10.1039/d5sc09992g,https://doi.org/10.5281/zenodo.17902549,"Mapping the crystallization landscape of rare earth MOFs: a high-throughput investigation of structure, kinetics, and selectivity","PAIR::ho::terephthalic acid (1,4-bdc)",,"terephthalic acid (1,4-BDC)",,,Aromatic dicarboxylate,Ho,rare-earth nitrate salt(s); hydration not encoded in campaign key,nitrate,,3,EtOH/H2O (fractions not encoded in campaign key),,Acido acetico,10.0,60.0,18.0,,,,,,Automated solvothermal synthesis,Automated vial; exact geometry in source SI,,,,no solid product,,peer_reviewed_high_throughput_literature,Author-assigned HT-PXRD/CV campaign outcome,direct_machine_readable_campaign_key,v13_source_rare_earth_landscape.csv,SOURCE_VERIFIED_SINGLE_CURATION_PASS,False,"Evidence-only: absolute precursor amounts, ligand:metal ratio, and solvent volume are not encoded in the public campaign key.",0,Failed / no solid product,no solid product,Exact author label 'no solid product' -> class 0,False,False,False,Campaign key explicitly reports no solid product.
V13-REHT-0779,MG2-84-79,10.1039/d5sc09992g,10.5281/zenodo.17902549,https://doi.org/10.1039/d5sc09992g,https://doi.org/10.5281/zenodo.17902549,"Mapping the crystallization landscape of rare earth MOFs: a high-throughput investigation of structure, kinetics, and selectivity","PAIR::ho::phthalic acid (1,2-bdc)",,"phthalic acid (1,2-BDC)",,,Aromatic dicarboxylate,Ho,rare-earth nitrate salt(s); hydration not encoded in campaign key,nitrate,,3,EtOH/H2O (fractions not encoded in campaign key),,Acido acetico,10.0,60.0,18.0,,,,,,Automated solvothermal synthesis,Automated vial; exact geometry in source SI,,,,no solid product,,peer_reviewed_high_throughput_literature,Author-assigned HT-PXRD/CV campaign outcome,direct_machine_readable_campaign_key,v13_source_rare_earth_landscape.csv,SOURCE_VERIFIED_SINGLE_CURATION_PASS,False,"Evidence-only: absolute precursor amounts, ligand:metal ratio, and solvent volume are not encoded in the public campaign key.",0,Failed / no solid product,no solid product,Exact author label 'no solid product' -> class 0,False,False,False,Campaign key explicitly reports no solid product.
V13-REHT-0780,MG2-84-80,10.1039/d5sc09992g,10.5281/zenodo.17902549,https://doi.org/10.1039/d5sc09992g,https://doi.org/10.5281/zenodo.17902549,"Mapping the crystallization landscape of rare earth MOFs: a high-throughput investigation of structure, kinetics, and selectivity","PAIR::ho::isophthalic acid (1,3-bdc)",,"isophthalic acid (1,3-BDC)",,,Aromatic dicarboxylate,Ho,rare-earth nitrate salt(s); hydration not encoded in campaign key,nitrate,,3,EtOH/H2O (fractions not encoded in campaign key),,Acido acetico,10.0,60.0,18.0,,,,,,Automated solvothermal synthesis,Automated vial; exact geometry in source SI,,,,no solid product,,peer_reviewed_high_throughput_literature,Author-assigned HT-PXRD/CV campaign outcome,direct_machine_readable_campaign_key,v13_source_rare_earth_landscape.csv,SOURCE_VERIFIED_SINGLE_CURATION_PASS,False,"Evidence-only: absolute precursor amounts, ligand:metal ratio, and solvent volume are not encoded in the public campaign key.",0,Failed / no solid product,no solid product,Exact author label 'no solid product' -> class 0,False,False,False,Campaign key explicitly reports no solid product.
V13-REHT-0781,MG2-84-81,10.1039/d5sc09992g,10.5281/zenodo.17902549,https://doi.org/10.1039/d5sc09992g,https://doi.org/10.5281/zenodo.17902549,"Mapping the crystallization landscape of rare earth MOFs: a high-throughput investigation of structure, kinetics, and selectivity","PAIR::ho::benzene-1,3,5-tricarboxylic acid (h3btc)",,"benzene-1,3,5-tricarboxylic acid (H3BTC)",,,Aromatic tricarboxylate,Ho,rare-earth nitrate salt(s); hydration not encoded in campaign key,nitrate,,3,EtOH/H2O (fractions not encoded in campaign key),,Acido acetico,10.0,60.0,18.0,,,,,,Automated solvothermal synthesis,Automated vial; exact geometry in source SI,,,,no solid product,,peer_reviewed_high_throughput_literature,Author-assigned HT-PXRD/CV campaign outcome,direct_machine_readable_campaign_key,v13_source_rare_earth_landscape.csv,SOURCE_VERIFIED_SINGLE_CURATION_PASS,False,"Evidence-only: absolute precursor amounts, ligand:metal ratio, and solvent volume are not encoded in the public campaign key.",0,Failed / no solid product,no solid product,Exact author label 'no solid product' -> class 0,False,False,False,Campaign key explicitly reports no solid product.
V13-REHT-0785,MG2-85-01,10.1039/d5sc09992g,10.5281/zenodo.17902549,https://doi.org/10.1039/d5sc09992g,https://doi.org/10.5281/zenodo.17902549,"Mapping the crystallization landscape of rare earth MOFs: a high-throughput investigation of structure, kinetics, and selectivity","PAIR::er::terephthalic acid (1,4-bdc)",,"terephthalic acid (1,4-BDC)",,,Aromatic dicarboxylate,Er,rare-earth nitrate salt(s); hydration not encoded in campaign key,nitrate,,3,EtOH/H2O (fractions not encoded in campaign key),,Nessuno,0.0,60.0,18.0,,,,,,Automated solvothermal synthesis,Automated vial; exact geometry in source SI,,,,no solid product,,peer_reviewed_high_throughput_literature,Author-assigned HT-PXRD/CV campaign outcome,direct_machine_readable_campaign_key,v13_source_rare_earth_landscape.csv,SOURCE_VERIFIED_SINGLE_CURATION_PASS,False,"Evidence-only: absolute precursor amounts, ligand:metal ratio, and solvent volume are not encoded in the public campaign key.",0,Failed / no solid product,no solid product,Exact author label 'no solid product' -> class 0,False,False,False,Campaign key explicitly reports no solid product.
V13-REHT-0786,MG2-85-02,10.1039/d5sc09992g,10.5281/zenodo.17902549,https://doi.org/10.1039/d5sc09992g,https://doi.org/10.5281/zenodo.17902549,"Mapping the crystallization landscape of rare earth MOFs: a high-throughput investigation of structure, kinetics, and selectivity","PAIR::er::phthalic acid (1,2-bdc)",,"phthalic acid (1,2-BDC)",,,Aromatic dicarboxylate,Er,rare-earth nitrate salt(s); hydration not encoded in campaign key,nitrate,,3,EtOH/H2O (fractions not encoded in campaign key),,Nessuno,0.0,60.0,18.0,,,,,,Automated solvothermal synthesis,Automated vial; exact geometry in source SI,,0.534,0.534,no solid product,,peer_reviewed_high_throughput_literature,Author-assigned HT-PXRD/CV campaign outcome,direct_machine_readable_campaign_key,v13_source_rare_earth_landscape.csv,SOURCE_VERIFIED_SINGLE_CURATION_PASS,False,"Evidence-only: absolute precursor amounts, ligand:metal ratio, and solvent volume are not encoded in the public campaign key.",0,Failed / no solid product,no solid product,Exact author label 'no solid product' -> class 0,False,False,False,Campaign key explicitly reports no solid product.
V13-REHT-0787,MG2-85-03,10.1039/d5sc09992g,10.5281/zenodo.17902549,https://doi.org/10.1039/d5sc09992g,https://doi.org/10.5281/zenodo.17902549,"Mapping the crystallization landscape of rare earth MOFs: a high-throughput investigation of structure, kinetics, and selectivity","PAIR::er::isophthalic acid (1,3-bdc)",,"isophthalic acid (1,3-BDC)",,,Aromatic dicarboxylate,Er,rare-earth nitrate salt(s); hydration not encoded in campaign key,nitrate,,3,EtOH/H2O (fractions not encoded in campaign key),,Nessuno,0.0,60.0,18.0,,,,,,Automated solvothermal synthesis,Automated vial; exact geometry in source SI,,,,no solid product,,peer_reviewed_high_throughput_literature,Author-assigned HT-PXRD/CV campaign outcome,direct_machine_readable_campaign_key,v13_source_rare_earth_landscape.csv,SOURCE_VERIFIED_SINGLE_CURATION_PASS,False,"Evidence-only: absolute precursor amounts, ligand:metal ratio, and solvent volume are not encoded in the public campaign key.",0,Failed / no solid product,no solid product,Exact author label 'no solid product' -> class 0,False,False,False,Campaign key explicitly reports no solid product.
V13-REHT-0792,MG2-85-08,10.1039/d5sc09992g,10.5281/zenodo.17902549,https://doi.org/10.1039/d5sc09992g,https://doi.org/10.5281/zenodo.17902549,"Mapping the crystallization landscape of rare earth MOFs: a high-throughput investigation of structure, kinetics, and selectivity","PAIR::er::terephthalic acid (1,4-bdc)",,"terephthalic acid (1,4-BDC)",,,Aromatic dicarboxylate,Er,rare-earth nitrate salt(s); hydration not encoded in campaign key,nitrate,,3,EtOH/H2O (fractions not encoded in campaign key),,Acido acetico,2.0,60.0,18.0,,,,,,Automated solvothermal synthesis,Automated vial; exact geometry in source SI,,0.042,0.042,no solid product,,peer_reviewed_high_throughput_literature,Author-assigned HT-PXRD/CV campaign outcome,direct_machine_readable_campaign_key,v13_source_rare_earth_landscape.csv,SOURCE_VERIFIED_SINGLE_CURATION_PASS,False,"Evidence-only: absolute precursor amounts, ligand:metal ratio, and solvent volume are not encoded in the public campaign key.",0,Failed / no solid product,no solid product,Exact author label 'no solid product' -> class 0,False,False,False,Campaign key explicitly reports no solid product.
V13-REHT-0793,MG2-85-09,10.1039/d5sc09992g,10.5281/zenodo.17902549,https://doi.org/10.1039/d5sc09992g,https://doi.org/10.5281/zenodo.17902549,"Mapping the crystallization landscape of rare earth MOFs: a high-throughput investigation of structure, kinetics, and selectivity","PAIR::er::phthalic acid (1,2-bdc)",,"phthalic acid (1,2-BDC)",,,Aromatic dicarboxylate,Er,rare-earth nitrate salt(s); hydration not encoded in campaign key,nitrate,,3,EtOH/H2O (fractions not encoded in campaign key),,Acido acetico,2.0,60.0,18.0,,,,,,Automated solvothermal synthesis,Automated vial; exact geometry in source SI,,,,no solid product,,peer_reviewed_high_throughput_literature,Author-assigned HT-PXRD/CV campaign outcome,direct_machine_readable_campaign_key,v13_source_rare_earth_landscape.csv,SOURCE_VERIFIED_SINGLE_CURATION_PASS,False,"Evidence-only: absolute precursor amounts, ligand:metal ratio, and solvent volume are not encoded in the public campaign key.",0,Failed / no solid product,no solid product,Exact author label 'no solid product' -> class 0,False,False,False,Campaign key explicitly reports no solid product.
V13-REHT-0794,MG2-85-10,10.1039/d5sc09992g,10.5281/zenodo.17902549,https://doi.org/10.1039/d5sc09992g,https://doi.org/10.5281/zenodo.17902549,"Mapping the crystallization landscape of rare earth MOFs: a high-throughput investigation of structure, kinetics, and selectivity","PAIR::er::isophthalic acid (1,3-bdc)",,"isophthalic acid (1,3-BDC)",,,Aromatic dicarboxylate,Er,rare-earth nitrate salt(s); hydration not encoded in campaign key,nitrate,,3,EtOH/H2O (fractions not encoded in campaign key),,Acido acetico,2.0,60.0,18.0,,,,,,Automated solvothermal synthesis,Automated vial; exact geometry in source SI,,,,no solid product,,peer_reviewed_high_throughput_literature,Author-assigned HT-PXRD/CV campaign outcome,direct_machine_readable_campaign_key,v13_source_rare_earth_landscape.csv,SOURCE_VERIFIED_SINGLE_CURATION_PASS,False,"Evidence-only: absolute precursor amounts, ligand:metal ratio, and solvent volume are not encoded in the public campaign key.",0,Failed / no solid product,no solid product,Exact author label 'no solid product' -> class 0,False,False,False,Campaign key explicitly reports no solid product.
V13-REHT-0799,MG2-85-15,10.1039/d5sc09992g,10.5281/zenodo.17902549,https://doi.org/10.1039/d5sc09992g,https://doi.org/10.5281/zenodo.17902549,"Mapping the crystallization landscape of rare earth MOFs: a high-throughput investigation of structure, kinetics, and selectivity","PAIR::er::terephthalic acid (1,4-bdc)",,"terephthalic acid (1,4-BDC)",,,Aromatic dicarboxylate,Er,rare-earth nitrate salt(s); hydration not encoded in campaign key,nitrate,,3,EtOH/H2O (fractions not encoded in campaign key),,Acido acetico,5.0,60.0,18.0,,,,,,Automated solvothermal synthesis,Automated vial; exact geometry in source SI,,,,no solid product,,peer_reviewed_high_throughput_literature,Author-assigned HT-PXRD/CV campaign outcome,direct_machine_readable_campaign_key,v13_source_rare_earth_landscape.csv,SOURCE_VERIFIED_SINGLE_CURATION_PASS,False,"Evidence-only: absolute precursor amounts, ligand:metal ratio, and solvent volume are not encoded in the public campaign key.",0,Failed / no solid product,no solid product,Exact author label 'no solid product' -> class 0,False,False,False,Campaign key explicitly reports no solid product.
V13-REHT-0800,MG2-85-16,10.1039/d5sc09992g,10.5281/zenodo.17902549,https://doi.org/10.1039/d5sc09992g,https://doi.org/10.5281/zenodo.17902549,"Mapping the crystallization landscape of rare earth MOFs: a high-throughput investigation of structure, kinetics, and selectivity","PAIR::er::phthalic acid (1,2-bdc)",,"phthalic acid (1,2-BDC)",,,Aromatic dicarboxylate,Er,rare-earth nitrate salt(s); hydration not encoded in campaign key,nitrate,,3,EtOH/H2O (fractions not encoded in campaign key),,Acido acetico,5.0,60.0,18.0,,,,,,Automated solvothermal synthesis,Automated vial; exact geometry in source SI,,,,no solid product,,peer_reviewed_high_throughput_literature,Author-assigned HT-PXRD/CV campaign outcome,direct_machine_readable_campaign_key,v13_source_rare_earth_landscape.csv,SOURCE_VERIFIED_SINGLE_CURATION_PASS,False,"Evidence-only: absolute precursor amounts, ligand:metal ratio, and solvent volume are not encoded in the public campaign key.",0,Failed / no solid product,no solid product,Exact author label 'no solid product' -> class 0,False,False,False,Campaign key explicitly reports no solid product.
V13-REHT-0801,MG2-85-17,10.1039/d5sc09992g,10.5281/zenodo.17902549,https://doi.org/10.1039/d5sc09992g,https://doi.org/10.5281/zenodo.17902549,"Mapping the crystallization landscape of rare earth MOFs: a high-throughput investigation of structure, kinetics, and selectivity","PAIR::er::isophthalic acid (1,3-bdc)",,"isophthalic acid (1,3-BDC)",,,Aromatic dicarboxylate,Er,rare-earth nitrate salt(s); hydration not encoded in campaign key,nitrate,,3,EtOH/H2O (fractions not encoded in campaign key),,Acido acetico,5.0,60.0,18.0,,,,,,Automated solvothermal synthesis,Automated vial; exact geometry in source SI,,,,no solid product,,peer_reviewed_high_throughput_literature,Author-assigned HT-PXRD/CV campaign outcome,direct_machine_readable_campaign_key,v13_source_rare_earth_landscape.csv,SOURCE_VERIFIED_SINGLE_CURATION_PASS,False,"Evidence-only: absolute precursor amounts, ligand:metal ratio, and solvent volume are not encoded in the public campaign key.",0,Failed / no solid product,no solid product,Exact author label 'no solid product' -> class 0,False,False,False,Campaign key explicitly reports no solid product.
V13-REHT-0802,MG2-85-18,10.1039/d5sc09992g,10.5281/zenodo.17902549,https://doi.org/10.1039/d5sc09992g,https://doi.org/10.5281/zenodo.17902549,"Mapping the crystallization landscape of rare earth MOFs: a high-throughput investigation of structure, kinetics, and selectivity","PAIR::er::benzene-1,3,5-tricarboxylic acid (h3btc)",,"benzene-1,3,5-tricarboxylic acid (H3BTC)",,,Aromatic tricarboxylate,Er,rare-earth nitrate salt(s); hydration not encoded in campaign key,nitrate,,3,EtOH/H2O (fractions not encoded in campaign key),,Acido acetico,5.0,60.0,18.0,,,,,,Automated solvothermal synthesis,Automated vial; exact geometry in source SI,,,,no solid product,,peer_reviewed_high_throughput_literature,Author-assigned HT-PXRD/CV campaign outcome,direct_machine_readable_campaign_key,v13_source_rare_earth_landscape.csv,SOURCE_VERIFIED_SINGLE_CURATION_PASS,False,"Evidence-only: absolute precursor amounts, ligand:metal ratio, and solvent volume are not encoded in the public campaign key.",0,Failed / no solid product,no solid product,Exact author label 'no solid product' -> class 0,False,False,False,Campaign key explicitly reports no solid product.
V13-REHT-0806,MG2-85-22,10.1039/d5sc09992g,10.5281/zenodo.17902549,https://doi.org/10.1039/d5sc09992g,https://doi.org/10.5281/zenodo.17902549,"Mapping the crystallization landscape of rare earth MOFs: a high-throughput investigation of structure, kinetics, and selectivity","PAIR::er::terephthalic acid (1,4-bdc)",,"terephthalic acid (1,4-BDC)",,,Aromatic dicarboxylate,Er,rare-earth nitrate salt(s); hydration not encoded in campaign key,nitrate,,3,EtOH/H2O (fractions not encoded in campaign key),,Acido acetico,10.0,60.0,18.0,,,,,,Automated solvothermal synthesis,Automated vial; exact geometry in source SI,,,,no solid product,,peer_reviewed_high_throughput_literature,Author-assigned HT-PXRD/CV campaign outcome,direct_machine_readable_campaign_key,v13_source_rare_earth_landscape.csv,SOURCE_VERIFIED_SINGLE_CURATION_PASS,False,"Evidence-only: absolute precursor amounts, ligand:metal ratio, and solvent volume are not encoded in the public campaign key.",0,Failed / no solid product,no solid product,Exact author label 'no solid product' -> class 0,False,False,False,Campaign key explicitly reports no solid product.
V13-REHT-0807,MG2-85-23,10.1039/d5sc09992g,10.5281/zenodo.17902549,https://doi.org/10.1039/d5sc09992g,https://doi.org/10.5281/zenodo.17902549,"Mapping the crystallization landscape of rare earth MOFs: a high-throughput investigation of structure, kinetics, and selectivity","PAIR::er::phthalic acid (1,2-bdc)",,"phthalic acid (1,2-BDC)",,,Aromatic dicarboxylate,Er,rare-earth nitrate salt(s); hydration not encoded in campaign key,nitrate,,3,EtOH/H2O (fractions not encoded in campaign key),,Acido acetico,10.0,60.0,18.0,,,,,,Automated solvothermal synthesis,Automated vial; exact geometry in source SI,,,,no solid product,,peer_reviewed_high_throughput_literature,Author-assigned HT-PXRD/CV campaign outcome,direct_machine_readable_campaign_key,v13_source_rare_earth_landscape.csv,SOURCE_VERIFIED_SINGLE_CURATION_PASS,False,"Evidence-only: absolute precursor amounts, ligand:metal ratio, and solvent volume are not encoded in the public campaign key.",0,Failed / no solid product,no solid product,Exact author label 'no solid product' -> class 0,False,False,False,Campaign key explicitly reports no solid product.
V13-REHT-0808,MG2-85-24,10.1039/d5sc09992g,10.5281/zenodo.17902549,https://doi.org/10.1039/d5sc09992g,https://doi.org/10.5281/zenodo.17902549,"Mapping the crystallization landscape of rare earth MOFs: a high-throughput investigation of structure, kinetics, and selectivity","PAIR::er::isophthalic acid (1,3-bdc)",,"isophthalic acid (1,3-BDC)",,,Aromatic dicarboxylate,Er,rare-earth nitrate salt(s); hydration not encoded in campaign key,nitrate,,3,EtOH/H2O (fractions not encoded in campaign key),,Acido acetico,10.0,60.0,18.0,,,,,,Automated solvothermal synthesis,Automated vial; exact geometry in source SI,,,,no solid product,,peer_reviewed_high_throughput_literature,Author-assigned HT-PXRD/CV campaign outcome,direct_machine_readable_campaign_key,v13_source_rare_earth_landscape.csv,SOURCE_VERIFIED_SINGLE_CURATION_PASS,False,"Evidence-only: absolute precursor amounts, ligand:metal ratio, and solvent volume are not encoded in the public campaign key.",0,Failed / no solid product,no solid product,Exact author label 'no solid product' -> class 0,False,False,False,Campaign key explicitly reports no solid product.
V13-REHT-0813,MG2-85-29,10.1039/d5sc09992g,10.5281/zenodo.17902549,https://doi.org/10.1039/d5sc09992g,https://doi.org/10.5281/zenodo.17902549,"Mapping the crystallization landscape of rare earth MOFs: a high-throughput investigation of structure, kinetics, and selectivity","PAIR::tm::terephthalic acid (1,4-bdc)",,"terephthalic acid (1,4-BDC)",,,Aromatic dicarboxylate,Tm,rare-earth nitrate salt(s); hydration not encoded in campaign key,nitrate,,3,EtOH/H2O (fractions not encoded in campaign key),,Nessuno,0.0,60.0,18.0,,,,,,Automated solvothermal synthesis,Automated vial; exact geometry in source SI,,,,no solid product,,peer_reviewed_high_throughput_literature,Author-assigned HT-PXRD/CV campaign outcome,direct_machine_readable_campaign_key,v13_source_rare_earth_landscape.csv,SOURCE_VERIFIED_SINGLE_CURATION_PASS,False,"Evidence-only: absolute precursor amounts, ligand:metal ratio, and solvent volume are not encoded in the public campaign key.",0,Failed / no solid product,no solid product,Exact author label 'no solid product' -> class 0,False,False,False,Campaign key explicitly reports no solid product.
V13-REHT-0814,MG2-85-30,10.1039/d5sc09992g,10.5281/zenodo.17902549,https://doi.org/10.1039/d5sc09992g,https://doi.org/10.5281/zenodo.17902549,"Mapping the crystallization landscape of rare earth MOFs: a high-throughput investigation of structure, kinetics, and selectivity","PAIR::tm::phthalic acid (1,2-bdc)",,"phthalic acid (1,2-BDC)",,,Aromatic dicarboxylate,Tm,rare-earth nitrate salt(s); hydration not encoded in campaign key,nitrate,,3,EtOH/H2O (fractions not encoded in campaign key),,Nessuno,0.0,60.0,18.0,,,,,,Automated solvothermal synthesis,Automated vial; exact geometry in source SI,,,,no solid product,,peer_reviewed_high_throughput_literature,Author-assigned HT-PXRD/CV campaign outcome,direct_machine_readable_campaign_key,v13_source_rare_earth_landscape.csv,SOURCE_VERIFIED_SINGLE_CURATION_PASS,False,"Evidence-only: absolute precursor amounts, ligand:metal ratio, and solvent volume are not encoded in the public campaign key.",0,Failed / no solid product,no solid product,Exact author label 'no solid product' -> class 0,False,False,False,Campaign key explicitly reports no solid product.
V13-REHT-0815,MG2-85-31,10.1039/d5sc09992g,10.5281/zenodo.17902549,https://doi.org/10.1039/d5sc09992g,https://doi.org/10.5281/zenodo.17902549,"Mapping the crystallization landscape of rare earth MOFs: a high-throughput investigation of structure, kinetics, and selectivity","PAIR::tm::isophthalic acid (1,3-bdc)",,"isophthalic acid (1,3-BDC)",,,Aromatic dicarboxylate,Tm,rare-earth nitrate salt(s); hydration not encoded in campaign key,nitrate,,3,EtOH/H2O (fractions not encoded in campaign key),,Nessuno,0.0,60.0,18.0,,,,,,Automated solvothermal synthesis,Automated vial; exact geometry in source SI,,,,no solid product,,peer_reviewed_high_throughput_literature,Author-assigned HT-PXRD/CV campaign outcome,direct_machine_readable_campaign_key,v13_source_rare_earth_landscape.csv,SOURCE_VERIFIED_SINGLE_CURATION_PASS,False,"Evidence-only: absolute precursor amounts, ligand:metal ratio, and solvent volume are not encoded in the public campaign key.",0,Failed / no solid product,no solid product,Exact author label 'no solid product' -> class 0,False,False,False,Campaign key explicitly reports no solid product.
V13-REHT-0820,MG2-85-36,10.1039/d5sc09992g,10.5281/zenodo.17902549,https://doi.org/10.1039/d5sc09992g,https://doi.org/10.5281/zenodo.17902549,"Mapping the crystallization landscape of rare earth MOFs: a high-throughput investigation of structure, kinetics, and selectivity","PAIR::tm::terephthalic acid (1,4-bdc)",,"terephthalic acid (1,4-BDC)",,,Aromatic dicarboxylate,Tm,rare-earth nitrate salt(s); hydration not encoded in campaign key,nitrate,,3,EtOH/H2O (fractions not encoded in campaign key),,Acido acetico,2.0,60.0,18.0,,,,,,Automated solvothermal synthesis,Automated vial; exact geometry in source SI,,,,no solid product,,peer_reviewed_high_throughput_literature,Author-assigned HT-PXRD/CV campaign outcome,direct_machine_readable_campaign_key,v13_source_rare_earth_landscape.csv,SOURCE_VERIFIED_SINGLE_CURATION_PASS,False,"Evidence-only: absolute precursor amounts, ligand:metal ratio, and solvent volume are not encoded in the public campaign key.",0,Failed / no solid product,no solid product,Exact author label 'no solid product' -> class 0,False,False,False,Campaign key explicitly reports no solid product.
V13-REHT-0821,MG2-85-37,10.1039/d5sc09992g,10.5281/zenodo.17902549,https://doi.org/10.1039/d5sc09992g,https://doi.org/10.5281/zenodo.17902549,"Mapping the crystallization landscape of rare earth MOFs: a high-throughput investigation of structure, kinetics, and selectivity","PAIR::tm::phthalic acid (1,2-bdc)",,"phthalic acid (1,2-BDC)",,,Aromatic dicarboxylate,Tm,rare-earth nitrate salt(s); hydration not encoded in campaign key,nitrate,,3,EtOH/H2O (fractions not encoded in campaign key),,Acido acetico,2.0,60.0,18.0,,,,,,Automated solvothermal synthesis,Automated vial; exact geometry in source SI,,,,no solid product,,peer_reviewed_high_throughput_literature,Author-assigned HT-PXRD/CV campaign outcome,direct_machine_readable_campaign_key,v13_source_rare_earth_landscape.csv,SOURCE_VERIFIED_SINGLE_CURATION_PASS,False,"Evidence-only: absolute precursor amounts, ligand:metal ratio, and solvent volume are not encoded in the public campaign key.",0,Failed / no solid product,no solid product,Exact author label 'no solid product' -> class 0,False,False,False,Campaign key explicitly reports no solid product.
V13-REHT-0822,MG2-85-38,10.1039/d5sc09992g,10.5281/zenodo.17902549,https://doi.org/10.1039/d5sc09992g,https://doi.org/10.5281/zenodo.17902549,"Mapping the crystallization landscape of rare earth MOFs: a high-throughput investigation of structure, kinetics, and selectivity","PAIR::tm::isophthalic acid (1,3-bdc)",,"isophthalic acid (1,3-BDC)",,,Aromatic dicarboxylate,Tm,rare-earth nitrate salt(s); hydration not encoded in campaign key,nitrate,,3,EtOH/H2O (fractions not encoded in campaign key),,Acido acetico,2.0,60.0,18.0,,,,,,Automated solvothermal synthesis,Automated vial; exact geometry in source SI,,,,no solid product,,peer_reviewed_high_throughput_literature,Author-assigned HT-PXRD/CV campaign outcome,direct_machine_readable_campaign_key,v13_source_rare_earth_landscape.csv,SOURCE_VERIFIED_SINGLE_CURATION_PASS,False,"Evidence-only: absolute precursor amounts, ligand:metal ratio, and solvent volume are not encoded in the public campaign key.",0,Failed / no solid product,no solid product,Exact author label 'no solid product' -> class 0,False,False,False,Campaign key explicitly reports no solid product.
V13-REHT-0823,MG2-85-39,10.1039/d5sc09992g,10.5281/zenodo.17902549,https://doi.org/10.1039/d5sc09992g,https://doi.org/10.5281/zenodo.17902549,"Mapping the crystallization landscape of rare earth MOFs: a high-throughput investigation of structure, kinetics, and selectivity","PAIR::tm::benzene-1,3,5-tricarboxylic acid (h3btc)",,"benzene-1,3,5-tricarboxylic acid (H3BTC)",,,Aromatic tricarboxylate,Tm,rare-earth nitrate salt(s); hydration not encoded in campaign key,nitrate,,3,EtOH/H2O (fractions not encoded in campaign key),,Acido acetico,2.0,60.0,18.0,,,,,,Automated solvothermal synthesis,Automated vial; exact geometry in source SI,,,,no solid product,,peer_reviewed_high_throughput_literature,Author-assigned HT-PXRD/CV campaign outcome,direct_machine_readable_campaign_key,v13_source_rare_earth_landscape.csv,SOURCE_VERIFIED_SINGLE_CURATION_PASS,False,"Evidence-only: absolute precursor amounts, ligand:metal ratio, and solvent volume are not encoded in the public campaign key.",0,Failed / no solid product,no solid product,Exact author label 'no solid product' -> class 0,False,False,False,Campaign key explicitly reports no solid product.
V13-REHT-0827,MG2-85-43,10.1039/d5sc09992g,10.5281/zenodo.17902549,https://doi.org/10.1039/d5sc09992g,https://doi.org/10.5281/zenodo.17902549,"Mapping the crystallization landscape of rare earth MOFs: a high-throughput investigation of structure, kinetics, and selectivity","PAIR::tm::terephthalic acid (1,4-bdc)",,"terephthalic acid (1,4-BDC)",,,Aromatic dicarboxylate,Tm,rare-earth nitrate salt(s); hydration not encoded in campaign key,nitrate,,3,EtOH/H2O (fractions not encoded in campaign key),,Acido acetico,5.0,60.0,18.0,,,,,,Automated solvothermal synthesis,Automated vial; exact geometry in source SI,,,,no solid product,,peer_reviewed_high_throughput_literature,Author-assigned HT-PXRD/CV campaign outcome,direct_machine_readable_campaign_key,v13_source_rare_earth_landscape.csv,SOURCE_VERIFIED_SINGLE_CURATION_PASS,False,"Evidence-only: absolute precursor amounts, ligand:metal ratio, and solvent volume are not encoded in the public campaign key.",0,Failed / no solid product,no solid product,Exact author label 'no solid product' -> class 0,False,False,False,Campaign key explicitly reports no solid product.
V13-REHT-0828,MG2-85-44,10.1039/d5sc09992g,10.5281/zenodo.17902549,https://doi.org/10.1039/d5sc09992g,https://doi.org/10.5281/zenodo.17902549,"Mapping the crystallization landscape of rare earth MOFs: a high-throughput investigation of structure, kinetics, and selectivity","PAIR::tm::phthalic acid (1,2-bdc)",,"phthalic acid (1,2-BDC)",,,Aromatic dicarboxylate,Tm,rare-earth nitrate salt(s); hydration not encoded in campaign key,nitrate,,3,EtOH/H2O (fractions not encoded in campaign key),,Acido acetico,5.0,60.0,18.0,,,,,,Automated solvothermal synthesis,Automated vial; exact geometry in source SI,,,,no solid product,,peer_reviewed_high_throughput_literature,Author-assigned HT-PXRD/CV campaign outcome,direct_machine_readable_campaign_key,v13_source_rare_earth_landscape.csv,SOURCE_VERIFIED_SINGLE_CURATION_PASS,False,"Evidence-only: absolute precursor amounts, ligand:metal ratio, and solvent volume are not encoded in the public campaign key.",0,Failed / no solid product,no solid product,Exact author label 'no solid product' -> class 0,False,False,False,Campaign key explicitly reports no solid product.
V13-REHT-0829,MG2-85-45,10.1039/d5sc09992g,10.5281/zenodo.17902549,https://doi.org/10.1039/d5sc09992g,https://doi.org/10.5281/zenodo.17902549,"Mapping the crystallization landscape of rare earth MOFs: a high-throughput investigation of structure, kinetics, and selectivity","PAIR::tm::isophthalic acid (1,3-bdc)",,"isophthalic acid (1,3-BDC)",,,Aromatic dicarboxylate,Tm,rare-earth nitrate salt(s); hydration not encoded in campaign key,nitrate,,3,EtOH/H2O (fractions not encoded in campaign key),,Acido acetico,5.0,60.0,18.0,,,,,,Automated solvothermal synthesis,Automated vial; exact geometry in source SI,,,,no solid product,,peer_reviewed_high_throughput_literature,Author-assigned HT-PXRD/CV campaign outcome,direct_machine_readable_campaign_key,v13_source_rare_earth_landscape.csv,SOURCE_VERIFIED_SINGLE_CURATION_PASS,False,"Evidence-only: absolute precursor amounts, ligand:metal ratio, and solvent volume are not encoded in the public campaign key.",0,Failed / no solid product,no solid product,Exact author label 'no solid product' -> class 0,False,False,False,Campaign key explicitly reports no solid product.
V13-REHT-0830,MG2-85-46,10.1039/d5sc09992g,10.5281/zenodo.17902549,https://doi.org/10.1039/d5sc09992g,https://doi.org/10.5281/zenodo.17902549,"Mapping the crystallization landscape of rare earth MOFs: a high-throughput investigation of structure, kinetics, and selectivity","PAIR::tm::benzene-1,3,5-tricarboxylic acid (h3btc)",,"benzene-1,3,5-tricarboxylic acid (H3BTC)",,,Aromatic tricarboxylate,Tm,rare-earth nitrate salt(s); hydration not encoded in campaign key,nitrate,,3,EtOH/H2O (fractions not encoded in campaign key),,Acido acetico,5.0,60.0,18.0,,,,,,Automated solvothermal synthesis,Automated vial; exact geometry in source SI,,,,no crystalline product,,peer_reviewed_high_throughput_literature,Author-assigned HT-PXRD/CV campaign outcome,direct_machine_readable_campaign_key,v13_source_rare_earth_landscape.csv,SOURCE_VERIFIED_SINGLE_CURATION_PASS,False,"Evidence-only: absolute precursor amounts, ligand:metal ratio, and solvent volume are not encoded in the public campaign key.",1,Amorphous / no crystalline product,no crystalline product,Exact author label 'no crystalline product' -> class 1,True,False,False,HT-PXRD campaign key explicitly reports no crystalline product.
V13-REHT-0834,MG2-85-50,10.1039/d5sc09992g,10.5281/zenodo.17902549,https://doi.org/10.1039/d5sc09992g,https://doi.org/10.5281/zenodo.17902549,"Mapping the crystallization landscape of rare earth MOFs: a high-throughput investigation of structure, kinetics, and selectivity","PAIR::tm::terephthalic acid (1,4-bdc)",,"terephthalic acid (1,4-BDC)",,,Aromatic dicarboxylate,Tm,rare-earth nitrate salt(s); hydration not encoded in campaign key,nitrate,,3,EtOH/H2O (fractions not encoded in campaign key),,Acido acetico,10.0,60.0,18.0,,,,,,Automated solvothermal synthesis,Automated vial; exact geometry in source SI,,,,no solid product,,peer_reviewed_high_throughput_literature,Author-assigned HT-PXRD/CV campaign outcome,direct_machine_readable_campaign_key,v13_source_rare_earth_landscape.csv,SOURCE_VERIFIED_SINGLE_CURATION_PASS,False,"Evidence-only: absolute precursor amounts, ligand:metal ratio, and solvent volume are not encoded in the public campaign key.",0,Failed / no solid product,no solid product,Exact author label 'no solid product' -> class 0,False,False,False,Campaign key explicitly reports no solid product.
V13-REHT-0835,MG2-85-51,10.1039/d5sc09992g,10.5281/zenodo.17902549,https://doi.org/10.1039/d5sc09992g,https://doi.org/10.5281/zenodo.17902549,"Mapping the crystallization landscape of rare earth MOFs: a high-throughput investigation of structure, kinetics, and selectivity","PAIR::tm::phthalic acid (1,2-bdc)",,"phthalic acid (1,2-BDC)",,,Aromatic dicarboxylate,Tm,rare-earth nitrate salt(s); hydration not encoded in campaign key,nitrate,,3,EtOH/H2O (fractions not encoded in campaign key),,Acido acetico,10.0,60.0,18.0,,,,,,Automated solvothermal synthesis,Automated vial; exact geometry in source SI,,,,no solid product,,peer_reviewed_high_throughput_literature,Author-assigned HT-PXRD/CV campaign outcome,direct_machine_readable_campaign_key,v13_source_rare_earth_landscape.csv,SOURCE_VERIFIED_SINGLE_CURATION_PASS,False,"Evidence-only: absolute precursor amounts, ligand:metal ratio, and solvent volume are not encoded in the public campaign key.",0,Failed / no solid product,no solid product,Exact author label 'no solid product' -> class 0,False,False,False,Campaign key explicitly reports no solid product.
V13-REHT-0836,MG2-85-52,10.1039/d5sc09992g,10.5281/zenodo.17902549,https://doi.org/10.1039/d5sc09992g,https://doi.org/10.5281/zenodo.17902549,"Mapping the crystallization landscape of rare earth MOFs: a high-throughput investigation of structure, kinetics, and selectivity","PAIR::tm::isophthalic acid (1,3-bdc)",,"isophthalic acid (1,3-BDC)",,,Aromatic dicarboxylate,Tm,rare-earth nitrate salt(s); hydration not encoded in campaign key,nitrate,,3,EtOH/H2O (fractions not encoded in campaign key),,Acido acetico,10.0,60.0,18.0,,,,,,Automated solvothermal synthesis,Automated vial; exact geometry in source SI,,,,no solid product,,peer_reviewed_high_throughput_literature,Author-assigned HT-PXRD/CV campaign outcome,direct_machine_readable_campaign_key,v13_source_rare_earth_landscape.csv,SOURCE_VERIFIED_SINGLE_CURATION_PASS,False,"Evidence-only: absolute precursor amounts, ligand:metal ratio, and solvent volume are not encoded in the public campaign key.",0,Failed / no solid product,no solid product,Exact author label 'no solid product' -> class 0,False,False,False,Campaign key explicitly reports no solid product.
V13-REHT-0838,MG2-85-54,10.1039/d5sc09992g,10.5281/zenodo.17902549,https://doi.org/10.1039/d5sc09992g,https://doi.org/10.5281/zenodo.17902549,"Mapping the crystallization landscape of rare earth MOFs: a high-throughput investigation of structure, kinetics, and selectivity",PAIR::tm::trimellitic acid,,trimellitic acid,,,Aromatic tricarboxylate,Tm,rare-earth nitrate salt(s); hydration not encoded in campaign key,nitrate,,3,EtOH/H2O (fractions not encoded in campaign key),,Acido acetico,10.0,60.0,18.0,,,,,,Automated solvothermal synthesis,Automated vial; exact geometry in source SI,,,,no crystalline product,,peer_reviewed_high_throughput_literature,Author-assigned HT-PXRD/CV campaign outcome,direct_machine_readable_campaign_key,v13_source_rare_earth_landscape.csv,SOURCE_VERIFIED_SINGLE_CURATION_PASS,False,"Evidence-only: absolute precursor amounts, ligand:metal ratio, and solvent volume are not encoded in the public campaign key.",1,Amorphous / no crystalline product,no crystalline product,Exact author label 'no crystalline product' -> class 1,True,False,False,HT-PXRD campaign key explicitly reports no crystalline product.
V13-REHT-0841,MG2-85-57,10.1039/d5sc09992g,10.5281/zenodo.17902549,https://doi.org/10.1039/d5sc09992g,https://doi.org/10.5281/zenodo.17902549,"Mapping the crystallization landscape of rare earth MOFs: a high-throughput investigation of structure, kinetics, and selectivity","PAIR::yb::terephthalic acid (1,4-bdc)",,"terephthalic acid (1,4-BDC)",,,Aromatic dicarboxylate,Yb,rare-earth nitrate salt(s); hydration not encoded in campaign key,nitrate,,3,EtOH/H2O (fractions not encoded in campaign key),,Nessuno,0.0,60.0,18.0,,,,,,Automated solvothermal synthesis,Automated vial; exact geometry in source SI,,,,no solid product,,peer_reviewed_high_throughput_literature,Author-assigned HT-PXRD/CV campaign outcome,direct_machine_readable_campaign_key,v13_source_rare_earth_landscape.csv,SOURCE_VERIFIED_SINGLE_CURATION_PASS,False,"Evidence-only: absolute precursor amounts, ligand:metal ratio, and solvent volume are not encoded in the public campaign key.",0,Failed / no solid product,no solid product,Exact author label 'no solid product' -> class 0,False,False,False,Campaign key explicitly reports no solid product.
V13-REHT-0842,MG2-85-58,10.1039/d5sc09992g,10.5281/zenodo.17902549,https://doi.org/10.1039/d5sc09992g,https://doi.org/10.5281/zenodo.17902549,"Mapping the crystallization landscape of rare earth MOFs: a high-throughput investigation of structure, kinetics, and selectivity","PAIR::yb::phthalic acid (1,2-bdc)",,"phthalic acid (1,2-BDC)",,,Aromatic dicarboxylate,Yb,rare-earth nitrate salt(s); hydration not encoded in campaign key,nitrate,,3,EtOH/H2O (fractions not encoded in campaign key),,Nessuno,0.0,60.0,18.0,,,,,,Automated solvothermal synthesis,Automated vial; exact geometry in source SI,,,,no solid product,,peer_reviewed_high_throughput_literature,Author-assigned HT-PXRD/CV campaign outcome,direct_machine_readable_campaign_key,v13_source_rare_earth_landscape.csv,SOURCE_VERIFIED_SINGLE_CURATION_PASS,False,"Evidence-only: absolute precursor amounts, ligand:metal ratio, and solvent volume are not encoded in the public campaign key.",0,Failed / no solid product,no solid product,Exact author label 'no solid product' -> class 0,False,False,False,Campaign key explicitly reports no solid product.
V13-REHT-0843,MG2-85-59,10.1039/d5sc09992g,10.5281/zenodo.17902549,https://doi.org/10.1039/d5sc09992g,https://doi.org/10.5281/zenodo.17902549,"Mapping the crystallization landscape of rare earth MOFs: a high-throughput investigation of structure, kinetics, and selectivity","PAIR::yb::isophthalic acid (1,3-bdc)",,"isophthalic acid (1,3-BDC)",,,Aromatic dicarboxylate,Yb,rare-earth nitrate salt(s); hydration not encoded in campaign key,nitrate,,3,EtOH/H2O (fractions not encoded in campaign key),,Nessuno,0.0,60.0,18.0,,,,,,Automated solvothermal synthesis,Automated vial; exact geometry in source SI,,6.356,6.356,no solid product,,peer_reviewed_high_throughput_literature,Author-assigned HT-PXRD/CV campaign outcome,direct_machine_readable_campaign_key,v13_source_rare_earth_landscape.csv,SOURCE_VERIFIED_SINGLE_CURATION_PASS,False,"Evidence-only: absolute precursor amounts, ligand:metal ratio, and solvent volume are not encoded in the public campaign key.",0,Failed / no solid product,no solid product,Exact author label 'no solid product' -> class 0,False,False,False,Campaign key explicitly reports no solid product.
V13-REHT-0848,MG2-85-64,10.1039/d5sc09992g,10.5281/zenodo.17902549,https://doi.org/10.1039/d5sc09992g,https://doi.org/10.5281/zenodo.17902549,"Mapping the crystallization landscape of rare earth MOFs: a high-throughput investigation of structure, kinetics, and selectivity","PAIR::yb::terephthalic acid (1,4-bdc)",,"terephthalic acid (1,4-BDC)",,,Aromatic dicarboxylate,Yb,rare-earth nitrate salt(s); hydration not encoded in campaign key,nitrate,,3,EtOH/H2O (fractions not encoded in campaign key),,Acido acetico,2.0,60.0,18.0,,,,,,Automated solvothermal synthesis,Automated vial; exact geometry in source SI,,,,no solid product,,peer_reviewed_high_throughput_literature,Author-assigned HT-PXRD/CV campaign outcome,direct_machine_readable_campaign_key,v13_source_rare_earth_landscape.csv,SOURCE_VERIFIED_SINGLE_CURATION_PASS,False,"Evidence-only: absolute precursor amounts, ligand:metal ratio, and solvent volume are not encoded in the public campaign key.",0,Failed / no solid product,no solid product,Exact author label 'no solid product' -> class 0,False,False,False,Campaign key explicitly reports no solid product.
V13-REHT-0849,MG2-85-65,10.1039/d5sc09992g,10.5281/zenodo.17902549,https://doi.org/10.1039/d5sc09992g,https://doi.org/10.5281/zenodo.17902549,"Mapping the crystallization landscape of rare earth MOFs: a high-throughput investigation of structure, kinetics, and selectivity","PAIR::yb::phthalic acid (1,2-bdc)",,"phthalic acid (1,2-BDC)",,,Aromatic dicarboxylate,Yb,rare-earth nitrate salt(s); hydration not encoded in campaign key,nitrate,,3,EtOH/H2O (fractions not encoded in campaign key),,Acido acetico,2.0,60.0,18.0,,,,,,Automated solvothermal synthesis,Automated vial; exact geometry in source SI,,,,no solid product,,peer_reviewed_high_throughput_literature,Author-assigned HT-PXRD/CV campaign outcome,direct_machine_readable_campaign_key,v13_source_rare_earth_landscape.csv,SOURCE_VERIFIED_SINGLE_CURATION_PASS,False,"Evidence-only: absolute precursor amounts, ligand:metal ratio, and solvent volume are not encoded in the public campaign key.",0,Failed / no solid product,no solid product,Exact author label 'no solid product' -> class 0,False,False,False,Campaign key explicitly reports no solid product.
V13-REHT-0850,MG2-85-66,10.1039/d5sc09992g,10.5281/zenodo.17902549,https://doi.org/10.1039/d5sc09992g,https://doi.org/10.5281/zenodo.17902549,"Mapping the crystallization landscape of rare earth MOFs: a high-throughput investigation of structure, kinetics, and selectivity","PAIR::yb::isophthalic acid (1,3-bdc)",,"isophthalic acid (1,3-BDC)",,,Aromatic dicarboxylate,Yb,rare-earth nitrate salt(s); hydration not encoded in campaign key,nitrate,,3,EtOH/H2O (fractions not encoded in campaign key),,Acido acetico,2.0,60.0,18.0,,,,,,Automated solvothermal synthesis,Automated vial; exact geometry in source SI,,,,no solid product,,peer_reviewed_high_throughput_literature,Author-assigned HT-PXRD/CV campaign outcome,direct_machine_readable_campaign_key,v13_source_rare_earth_landscape.csv,SOURCE_VERIFIED_SINGLE_CURATION_PASS,False,"Evidence-only: absolute precursor amounts, ligand:metal ratio, and solvent volume are not encoded in the public campaign key.",0,Failed / no solid product,no solid product,Exact author label 'no solid product' -> class 0,False,False,False,Campaign key explicitly reports no solid product.
V13-REHT-0851,MG2-85-67,10.1039/d5sc09992g,10.5281/zenodo.17902549,https://doi.org/10.1039/d5sc09992g,https://doi.org/10.5281/zenodo.17902549,"Mapping the crystallization landscape of rare earth MOFs: a high-throughput investigation of structure, kinetics, and selectivity","PAIR::yb::benzene-1,3,5-tricarboxylic acid (h3btc)",,"benzene-1,3,5-tricarboxylic acid (H3BTC)",,,Aromatic tricarboxylate,Yb,rare-earth nitrate salt(s); hydration not encoded in campaign key,nitrate,,3,EtOH/H2O (fractions not encoded in campaign key),,Acido acetico,2.0,60.0,18.0,,,,,,Automated solvothermal synthesis,Automated vial; exact geometry in source SI,,,,no solid product,,peer_reviewed_high_throughput_literature,Author-assigned HT-PXRD/CV campaign outcome,direct_machine_readable_campaign_key,v13_source_rare_earth_landscape.csv,SOURCE_VERIFIED_SINGLE_CURATION_PASS,False,"Evidence-only: absolute precursor amounts, ligand:metal ratio, and solvent volume are not encoded in the public campaign key.",0,Failed / no solid product,no solid product,Exact author label 'no solid product' -> class 0,False,False,False,Campaign key explicitly reports no solid product.
V13-REHT-0855,MG2-85-71,10.1039/d5sc09992g,10.5281/zenodo.17902549,https://doi.org/10.1039/d5sc09992g,https://doi.org/10.5281/zenodo.17902549,"Mapping the crystallization landscape of rare earth MOFs: a high-throughput investigation of structure, kinetics, and selectivity","PAIR::yb::terephthalic acid (1,4-bdc)",,"terephthalic acid (1,4-BDC)",,,Aromatic dicarboxylate,Yb,rare-earth nitrate salt(s); hydration not encoded in campaign key,nitrate,,3,EtOH/H2O (fractions not encoded in campaign key),,Acido acetico,5.0,60.0,18.0,,,,,,Automated solvothermal synthesis,Automated vial; exact geometry in source SI,,,,no solid product,,peer_reviewed_high_throughput_literature,Author-assigned HT-PXRD/CV campaign outcome,direct_machine_readable_campaign_key,v13_source_rare_earth_landscape.csv,SOURCE_VERIFIED_SINGLE_CURATION_PASS,False,"Evidence-only: absolute precursor amounts, ligand:metal ratio, and solvent volume are not encoded in the public campaign key.",0,Failed / no solid product,no solid product,Exact author label 'no solid product' -> class 0,False,False,False,Campaign key explicitly reports no solid product.
V13-REHT-0856,MG2-85-72,10.1039/d5sc09992g,10.5281/zenodo.17902549,https://doi.org/10.1039/d5sc09992g,https://doi.org/10.5281/zenodo.17902549,"Mapping the crystallization landscape of rare earth MOFs: a high-throughput investigation of structure, kinetics, and selectivity","PAIR::yb::phthalic acid (1,2-bdc)",,"phthalic acid (1,2-BDC)",,,Aromatic dicarboxylate,Yb,rare-earth nitrate salt(s); hydration not encoded in campaign key,nitrate,,3,EtOH/H2O (fractions not encoded in campaign key),,Acido acetico,5.0,60.0,18.0,,,,,,Automated solvothermal synthesis,Automated vial; exact geometry in source SI,,,,no solid product,,peer_reviewed_high_throughput_literature,Author-assigned HT-PXRD/CV campaign outcome,direct_machine_readable_campaign_key,v13_source_rare_earth_landscape.csv,SOURCE_VERIFIED_SINGLE_CURATION_PASS,False,"Evidence-only: absolute precursor amounts, ligand:metal ratio, and solvent volume are not encoded in the public campaign key.",0,Failed / no solid product,no solid product,Exact author label 'no solid product' -> class 0,False,False,False,Campaign key explicitly reports no solid product.
V13-REHT-0857,MG2-85-73,10.1039/d5sc09992g,10.5281/zenodo.17902549,https://doi.org/10.1039/d5sc09992g,https://doi.org/10.5281/zenodo.17902549,"Mapping the crystallization landscape of rare earth MOFs: a high-throughput investigation of structure, kinetics, and selectivity","PAIR::yb::isophthalic acid (1,3-bdc)",,"isophthalic acid (1,3-BDC)",,,Aromatic dicarboxylate,Yb,rare-earth nitrate salt(s); hydration not encoded in campaign key,nitrate,,3,EtOH/H2O (fractions not encoded in campaign key),,Acido acetico,5.0,60.0,18.0,,,,,,Automated solvothermal synthesis,Automated vial; exact geometry in source SI,,,,no solid product,,peer_reviewed_high_throughput_literature,Author-assigned HT-PXRD/CV campaign outcome,direct_machine_readable_campaign_key,v13_source_rare_earth_landscape.csv,SOURCE_VERIFIED_SINGLE_CURATION_PASS,False,"Evidence-only: absolute precursor amounts, ligand:metal ratio, and solvent volume are not encoded in the public campaign key.",0,Failed / no solid product,no solid product,Exact author label 'no solid product' -> class 0,False,False,False,Campaign key explicitly reports no solid product.
V13-REHT-0858,MG2-85-74,10.1039/d5sc09992g,10.5281/zenodo.17902549,https://doi.org/10.1039/d5sc09992g,https://doi.org/10.5281/zenodo.17902549,"Mapping the crystallization landscape of rare earth MOFs: a high-throughput investigation of structure, kinetics, and selectivity","PAIR::yb::benzene-1,3,5-tricarboxylic acid (h3btc)",,"benzene-1,3,5-tricarboxylic acid (H3BTC)",,,Aromatic tricarboxylate,Yb,rare-earth nitrate salt(s); hydration not encoded in campaign key,nitrate,,3,EtOH/H2O (fractions not encoded in campaign key),,Acido acetico,5.0,60.0,18.0,,,,,,Automated solvothermal synthesis,Automated vial; exact geometry in source SI,,,,no solid product,,peer_reviewed_high_throughput_literature,Author-assigned HT-PXRD/CV campaign outcome,direct_machine_readable_campaign_key,v13_source_rare_earth_landscape.csv,SOURCE_VERIFIED_SINGLE_CURATION_PASS,False,"Evidence-only: absolute precursor amounts, ligand:metal ratio, and solvent volume are not encoded in the public campaign key.",0,Failed / no solid product,no solid product,Exact author label 'no solid product' -> class 0,False,False,False,Campaign key explicitly reports no solid product.
V13-REHT-0862,MG2-85-78,10.1039/d5sc09992g,10.5281/zenodo.17902549,https://doi.org/10.1039/d5sc09992g,https://doi.org/10.5281/zenodo.17902549,"Mapping the crystallization landscape of rare earth MOFs: a high-throughput investigation of structure, kinetics, and selectivity","PAIR::yb::terephthalic acid (1,4-bdc)",,"terephthalic acid (1,4-BDC)",,,Aromatic dicarboxylate,Yb,rare-earth nitrate salt(s); hydration not encoded in campaign key,nitrate,,3,EtOH/H2O (fractions not encoded in campaign key),,Acido acetico,10.0,60.0,18.0,,,,,,Automated solvothermal synthesis,Automated vial; exact geometry in source SI,,,,no solid product,,peer_reviewed_high_throughput_literature,Author-assigned HT-PXRD/CV campaign outcome,direct_machine_readable_campaign_key,v13_source_rare_earth_landscape.csv,SOURCE_VERIFIED_SINGLE_CURATION_PASS,False,"Evidence-only: absolute precursor amounts, ligand:metal ratio, and solvent volume are not encoded in the public campaign key.",0,Failed / no solid product,no solid product,Exact author label 'no solid product' -> class 0,False,False,False,Campaign key explicitly reports no solid product.
V13-REHT-0863,MG2-85-79,10.1039/d5sc09992g,10.5281/zenodo.17902549,https://doi.org/10.1039/d5sc09992g,https://doi.org/10.5281/zenodo.17902549,"Mapping the crystallization landscape of rare earth MOFs: a high-throughput investigation of structure, kinetics, and selectivity","PAIR::yb::phthalic acid (1,2-bdc)",,"phthalic acid (1,2-BDC)",,,Aromatic dicarboxylate,Yb,rare-earth nitrate salt(s); hydration not encoded in campaign key,nitrate,,3,EtOH/H2O (fractions not encoded in campaign key),,Acido acetico,10.0,60.0,18.0,,,,,,Automated solvothermal synthesis,Automated vial; exact geometry in source SI,,,,no solid product,,peer_reviewed_high_throughput_literature,Author-assigned HT-PXRD/CV campaign outcome,direct_machine_readable_campaign_key,v13_source_rare_earth_landscape.csv,SOURCE_VERIFIED_SINGLE_CURATION_PASS,False,"Evidence-only: absolute precursor amounts, ligand:metal ratio, and solvent volume are not encoded in the public campaign key.",0,Failed / no solid product,no solid product,Exact author label 'no solid product' -> class 0,False,False,False,Campaign key explicitly reports no solid product.
V13-REHT-0864,MG2-85-80,10.1039/d5sc09992g,10.5281/zenodo.17902549,https://doi.org/10.1039/d5sc09992g,https://doi.org/10.5281/zenodo.17902549,"Mapping the crystallization landscape of rare earth MOFs: a high-throughput investigation of structure, kinetics, and selectivity","PAIR::yb::isophthalic acid (1,3-bdc)",,"isophthalic acid (1,3-BDC)",,,Aromatic dicarboxylate,Yb,rare-earth nitrate salt(s); hydration not encoded in campaign key,nitrate,,3,EtOH/H2O (fractions not encoded in campaign key),,Acido acetico,10.0,60.0,18.0,,,,,,Automated solvothermal synthesis,Automated vial; exact geometry in source SI,,,,no solid product,,peer_reviewed_high_throughput_literature,Author-assigned HT-PXRD/CV campaign outcome,direct_machine_readable_campaign_key,v13_source_rare_earth_landscape.csv,SOURCE_VERIFIED_SINGLE_CURATION_PASS,False,"Evidence-only: absolute precursor amounts, ligand:metal ratio, and solvent volume are not encoded in the public campaign key.",0,Failed / no solid product,no solid product,Exact author label 'no solid product' -> class 0,False,False,False,Campaign key explicitly reports no solid product.
V13-REHT-0866,MG2-85-82,10.1039/d5sc09992g,10.5281/zenodo.17902549,https://doi.org/10.1039/d5sc09992g,https://doi.org/10.5281/zenodo.17902549,"Mapping the crystallization landscape of rare earth MOFs: a high-throughput investigation of structure, kinetics, and selectivity",PAIR::yb::trimellitic acid,,trimellitic acid,,,Aromatic tricarboxylate,Yb,rare-earth nitrate salt(s); hydration not encoded in campaign key,nitrate,,3,EtOH/H2O (fractions not encoded in campaign key),,Acido acetico,10.0,60.0,18.0,,,,,,Automated solvothermal synthesis,Automated vial; exact geometry in source SI,,,,no crystalline product,,peer_reviewed_high_throughput_literature,Author-assigned HT-PXRD/CV campaign outcome,direct_machine_readable_campaign_key,v13_source_rare_earth_landscape.csv,SOURCE_VERIFIED_SINGLE_CURATION_PASS,False,"Evidence-only: absolute precursor amounts, ligand:metal ratio, and solvent volume are not encoded in the public campaign key.",1,Amorphous / no crystalline product,no crystalline product,Exact author label 'no crystalline product' -> class 1,True,False,False,HT-PXRD campaign key explicitly reports no crystalline product.
V13-REHT-0869,MG2-86-01,10.1039/d5sc09992g,10.5281/zenodo.17902549,https://doi.org/10.1039/d5sc09992g,https://doi.org/10.5281/zenodo.17902549,"Mapping the crystallization landscape of rare earth MOFs: a high-throughput investigation of structure, kinetics, and selectivity","PAIR::lu::terephthalic acid (1,4-bdc)",,"terephthalic acid (1,4-BDC)",,,Aromatic dicarboxylate,Lu,rare-earth nitrate salt(s); hydration not encoded in campaign key,nitrate,,3,EtOH/H2O (fractions not encoded in campaign key),,Nessuno,0.0,60.0,18.0,,,,,,Automated solvothermal synthesis,Automated vial; exact geometry in source SI,,,,no solid product,,peer_reviewed_high_throughput_literature,Author-assigned HT-PXRD/CV campaign outcome,direct_machine_readable_campaign_key,v13_source_rare_earth_landscape.csv,SOURCE_VERIFIED_SINGLE_CURATION_PASS,False,"Evidence-only: absolute precursor amounts, ligand:metal ratio, and solvent volume are not encoded in the public campaign key.",0,Failed / no solid product,no solid product,Exact author label 'no solid product' -> class 0,False,False,False,Campaign key explicitly reports no solid product.
V13-REHT-0870,MG2-86-02,10.1039/d5sc09992g,10.5281/zenodo.17902549,https://doi.org/10.1039/d5sc09992g,https://doi.org/10.5281/zenodo.17902549,"Mapping the crystallization landscape of rare earth MOFs: a high-throughput investigation of structure, kinetics, and selectivity","PAIR::lu::phthalic acid (1,2-bdc)",,"phthalic acid (1,2-BDC)",,,Aromatic dicarboxylate,Lu,rare-earth nitrate salt(s); hydration not encoded in campaign key,nitrate,,3,EtOH/H2O (fractions not encoded in campaign key),,Nessuno,0.0,60.0,18.0,,,,,,Automated solvothermal synthesis,Automated vial; exact geometry in source SI,,,,no solid product,,peer_reviewed_high_throughput_literature,Author-assigned HT-PXRD/CV campaign outcome,direct_machine_readable_campaign_key,v13_source_rare_earth_landscape.csv,SOURCE_VERIFIED_SINGLE_CURATION_PASS,False,"Evidence-only: absolute precursor amounts, ligand:metal ratio, and solvent volume are not encoded in the public campaign key.",0,Failed / no solid product,no solid product,Exact author label 'no solid product' -> class 0,False,False,False,Campaign key explicitly reports no solid product.
V13-REHT-0871,MG2-86-03,10.1039/d5sc09992g,10.5281/zenodo.17902549,https://doi.org/10.1039/d5sc09992g,https://doi.org/10.5281/zenodo.17902549,"Mapping the crystallization landscape of rare earth MOFs: a high-throughput investigation of structure, kinetics, and selectivity","PAIR::lu::isophthalic acid (1,3-bdc)",,"isophthalic acid (1,3-BDC)",,,Aromatic dicarboxylate,Lu,rare-earth nitrate salt(s); hydration not encoded in campaign key,nitrate,,3,EtOH/H2O (fractions not encoded in campaign key),,Nessuno,0.0,60.0,18.0,,,,,,Automated solvothermal synthesis,Automated vial; exact geometry in source SI,,,,no solid product,,peer_reviewed_high_throughput_literature,Author-assigned HT-PXRD/CV campaign outcome,direct_machine_readable_campaign_key,v13_source_rare_earth_landscape.csv,SOURCE_VERIFIED_SINGLE_CURATION_PASS,False,"Evidence-only: absolute precursor amounts, ligand:metal ratio, and solvent volume are not encoded in the public campaign key.",0,Failed / no solid product,no solid product,Exact author label 'no solid product' -> class 0,False,False,False,Campaign key explicitly reports no solid product.
V13-REHT-0876,MG2-86-08,10.1039/d5sc09992g,10.5281/zenodo.17902549,https://doi.org/10.1039/d5sc09992g,https://doi.org/10.5281/zenodo.17902549,"Mapping the crystallization landscape of rare earth MOFs: a high-throughput investigation of structure, kinetics, and selectivity","PAIR::lu::terephthalic acid (1,4-bdc)",,"terephthalic acid (1,4-BDC)",,,Aromatic dicarboxylate,Lu,rare-earth nitrate salt(s); hydration not encoded in campaign key,nitrate,,3,EtOH/H2O (fractions not encoded in campaign key),,Acido acetico,2.0,60.0,18.0,,,,,,Automated solvothermal synthesis,Automated vial; exact geometry in source SI,,,,no solid product,,peer_reviewed_high_throughput_literature,Author-assigned HT-PXRD/CV campaign outcome,direct_machine_readable_campaign_key,v13_source_rare_earth_landscape.csv,SOURCE_VERIFIED_SINGLE_CURATION_PASS,False,"Evidence-only: absolute precursor amounts, ligand:metal ratio, and solvent volume are not encoded in the public campaign key.",0,Failed / no solid product,no solid product,Exact author label 'no solid product' -> class 0,False,False,False,Campaign key explicitly reports no solid product.
V13-REHT-0877,MG2-86-09,10.1039/d5sc09992g,10.5281/zenodo.17902549,https://doi.org/10.1039/d5sc09992g,https://doi.org/10.5281/zenodo.17902549,"Mapping the crystallization landscape of rare earth MOFs: a high-throughput investigation of structure, kinetics, and selectivity","PAIR::lu::phthalic acid (1,2-bdc)",,"phthalic acid (1,2-BDC)",,,Aromatic dicarboxylate,Lu,rare-earth nitrate salt(s); hydration not encoded in campaign key,nitrate,,3,EtOH/H2O (fractions not encoded in campaign key),,Acido acetico,2.0,60.0,18.0,,,,,,Automated solvothermal synthesis,Automated vial; exact geometry in source SI,,,,no solid product,,peer_reviewed_high_throughput_literature,Author-assigned HT-PXRD/CV campaign outcome,direct_machine_readable_campaign_key,v13_source_rare_earth_landscape.csv,SOURCE_VERIFIED_SINGLE_CURATION_PASS,False,"Evidence-only: absolute precursor amounts, ligand:metal ratio, and solvent volume are not encoded in the public campaign key.",0,Failed / no solid product,no solid product,Exact author label 'no solid product' -> class 0,False,False,False,Campaign key explicitly reports no solid product.
V13-REHT-0878,MG2-86-10,10.1039/d5sc09992g,10.5281/zenodo.17902549,https://doi.org/10.1039/d5sc09992g,https://doi.org/10.5281/zenodo.17902549,"Mapping the crystallization landscape of rare earth MOFs: a high-throughput investigation of structure, kinetics, and selectivity","PAIR::lu::isophthalic acid (1,3-bdc)",,"isophthalic acid (1,3-BDC)",,,Aromatic dicarboxylate,Lu,rare-earth nitrate salt(s); hydration not encoded in campaign key,nitrate,,3,EtOH/H2O (fractions not encoded in campaign key),,Acido acetico,2.0,60.0,18.0,,,,,,Automated solvothermal synthesis,Automated vial; exact geometry in source SI,,19.055,19.055,no solid product,,peer_reviewed_high_throughput_literature,Author-assigned HT-PXRD/CV campaign outcome,direct_machine_readable_campaign_key,v13_source_rare_earth_landscape.csv,SOURCE_VERIFIED_SINGLE_CURATION_PASS,False,"Evidence-only: absolute precursor amounts, ligand:metal ratio, and solvent volume are not encoded in the public campaign key.",0,Failed / no solid product,no solid product,Exact author label 'no solid product' -> class 0,False,False,False,Campaign key explicitly reports no solid product.
V13-REHT-0879,MG2-86-11,10.1039/d5sc09992g,10.5281/zenodo.17902549,https://doi.org/10.1039/d5sc09992g,https://doi.org/10.5281/zenodo.17902549,"Mapping the crystallization landscape of rare earth MOFs: a high-throughput investigation of structure, kinetics, and selectivity","PAIR::lu::benzene-1,3,5-tricarboxylic acid (h3btc)",,"benzene-1,3,5-tricarboxylic acid (H3BTC)",,,Aromatic tricarboxylate,Lu,rare-earth nitrate salt(s); hydration not encoded in campaign key,nitrate,,3,EtOH/H2O (fractions not encoded in campaign key),,Acido acetico,2.0,60.0,18.0,,,,,,Automated solvothermal synthesis,Automated vial; exact geometry in source SI,,,,no solid product,,peer_reviewed_high_throughput_literature,Author-assigned HT-PXRD/CV campaign outcome,direct_machine_readable_campaign_key,v13_source_rare_earth_landscape.csv,SOURCE_VERIFIED_SINGLE_CURATION_PASS,False,"Evidence-only: absolute precursor amounts, ligand:metal ratio, and solvent volume are not encoded in the public campaign key.",0,Failed / no solid product,no solid product,Exact author label 'no solid product' -> class 0,False,False,False,Campaign key explicitly reports no solid product.
V13-REHT-0883,MG2-86-15,10.1039/d5sc09992g,10.5281/zenodo.17902549,https://doi.org/10.1039/d5sc09992g,https://doi.org/10.5281/zenodo.17902549,"Mapping the crystallization landscape of rare earth MOFs: a high-throughput investigation of structure, kinetics, and selectivity","PAIR::lu::terephthalic acid (1,4-bdc)",,"terephthalic acid (1,4-BDC)",,,Aromatic dicarboxylate,Lu,rare-earth nitrate salt(s); hydration not encoded in campaign key,nitrate,,3,EtOH/H2O (fractions not encoded in campaign key),,Acido acetico,5.0,60.0,18.0,,,,,,Automated solvothermal synthesis,Automated vial; exact geometry in source SI,,,,no solid product,,peer_reviewed_high_throughput_literature,Author-assigned HT-PXRD/CV campaign outcome,direct_machine_readable_campaign_key,v13_source_rare_earth_landscape.csv,SOURCE_VERIFIED_SINGLE_CURATION_PASS,False,"Evidence-only: absolute precursor amounts, ligand:metal ratio, and solvent volume are not encoded in the public campaign key.",0,Failed / no solid product,no solid product,Exact author label 'no solid product' -> class 0,False,False,False,Campaign key explicitly reports no solid product.
V13-REHT-0884,MG2-86-16,10.1039/d5sc09992g,10.5281/zenodo.17902549,https://doi.org/10.1039/d5sc09992g,https://doi.org/10.5281/zenodo.17902549,"Mapping the crystallization landscape of rare earth MOFs: a high-throughput investigation of structure, kinetics, and selectivity","PAIR::lu::phthalic acid (1,2-bdc)",,"phthalic acid (1,2-BDC)",,,Aromatic dicarboxylate,Lu,rare-earth nitrate salt(s); hydration not encoded in campaign key,nitrate,,3,EtOH/H2O (fractions not encoded in campaign key),,Acido acetico,5.0,60.0,18.0,,,,,,Automated solvothermal synthesis,Automated vial; exact geometry in source SI,,,,no solid product,,peer_reviewed_high_throughput_literature,Author-assigned HT-PXRD/CV campaign outcome,direct_machine_readable_campaign_key,v13_source_rare_earth_landscape.csv,SOURCE_VERIFIED_SINGLE_CURATION_PASS,False,"Evidence-only: absolute precursor amounts, ligand:metal ratio, and solvent volume are not encoded in the public campaign key.",0,Failed / no solid product,no solid product,Exact author label 'no solid product' -> class 0,False,False,False,Campaign key explicitly reports no solid product.
V13-REHT-0885,MG2-86-17,10.1039/d5sc09992g,10.5281/zenodo.17902549,https://doi.org/10.1039/d5sc09992g,https://doi.org/10.5281/zenodo.17902549,"Mapping the crystallization landscape of rare earth MOFs: a high-throughput investigation of structure, kinetics, and selectivity","PAIR::lu::isophthalic acid (1,3-bdc)",,"isophthalic acid (1,3-BDC)",,,Aromatic dicarboxylate,Lu,rare-earth nitrate salt(s); hydration not encoded in campaign key,nitrate,,3,EtOH/H2O (fractions not encoded in campaign key),,Acido acetico,5.0,60.0,18.0,,,,,,Automated solvothermal synthesis,Automated vial; exact geometry in source SI,,,,no solid product,,peer_reviewed_high_throughput_literature,Author-assigned HT-PXRD/CV campaign outcome,direct_machine_readable_campaign_key,v13_source_rare_earth_landscape.csv,SOURCE_VERIFIED_SINGLE_CURATION_PASS,False,"Evidence-only: absolute precursor amounts, ligand:metal ratio, and solvent volume are not encoded in the public campaign key.",0,Failed / no solid product,no solid product,Exact author label 'no solid product' -> class 0,False,False,False,Campaign key explicitly reports no solid product.
V13-REHT-0886,MG2-86-18,10.1039/d5sc09992g,10.5281/zenodo.17902549,https://doi.org/10.1039/d5sc09992g,https://doi.org/10.5281/zenodo.17902549,"Mapping the crystallization landscape of rare earth MOFs: a high-throughput investigation of structure, kinetics, and selectivity","PAIR::lu::benzene-1,3,5-tricarboxylic acid (h3btc)",,"benzene-1,3,5-tricarboxylic acid (H3BTC)",,,Aromatic tricarboxylate,Lu,rare-earth nitrate salt(s); hydration not encoded in campaign key,nitrate,,3,EtOH/H2O (fractions not encoded in campaign key),,Acido acetico,5.0,60.0,18.0,,,,,,Automated solvothermal synthesis,Automated vial; exact geometry in source SI,6.104,,6.104,no solid product,,peer_reviewed_high_throughput_literature,Author-assigned HT-PXRD/CV campaign outcome,direct_machine_readable_campaign_key,v13_source_rare_earth_landscape.csv,SOURCE_VERIFIED_SINGLE_CURATION_PASS,False,"Evidence-only: absolute precursor amounts, ligand:metal ratio, and solvent volume are not encoded in the public campaign key.",0,Failed / no solid product,no solid product,Exact author label 'no solid product' -> class 0,False,False,False,Campaign key explicitly reports no solid product.
V13-REHT-0890,MG2-86-22,10.1039/d5sc09992g,10.5281/zenodo.17902549,https://doi.org/10.1039/d5sc09992g,https://doi.org/10.5281/zenodo.17902549,"Mapping the crystallization landscape of rare earth MOFs: a high-throughput investigation of structure, kinetics, and selectivity","PAIR::lu::terephthalic acid (1,4-bdc)",,"terephthalic acid (1,4-BDC)",,,Aromatic dicarboxylate,Lu,rare-earth nitrate salt(s); hydration not encoded in campaign key,nitrate,,3,EtOH/H2O (fractions not encoded in campaign key),,Acido acetico,10.0,60.0,18.0,,,,,,Automated solvothermal synthesis,Automated vial; exact geometry in source SI,,,,no solid product,,peer_reviewed_high_throughput_literature,Author-assigned HT-PXRD/CV campaign outcome,direct_machine_readable_campaign_key,v13_source_rare_earth_landscape.csv,SOURCE_VERIFIED_SINGLE_CURATION_PASS,False,"Evidence-only: absolute precursor amounts, ligand:metal ratio, and solvent volume are not encoded in the public campaign key.",0,Failed / no solid product,no solid product,Exact author label 'no solid product' -> class 0,False,False,False,Campaign key explicitly reports no solid product.
V13-REHT-0891,MG2-86-23,10.1039/d5sc09992g,10.5281/zenodo.17902549,https://doi.org/10.1039/d5sc09992g,https://doi.org/10.5281/zenodo.17902549,"Mapping the crystallization landscape of rare earth MOFs: a high-throughput investigation of structure, kinetics, and selectivity","PAIR::lu::phthalic acid (1,2-bdc)",,"phthalic acid (1,2-BDC)",,,Aromatic dicarboxylate,Lu,rare-earth nitrate salt(s); hydration not encoded in campaign key,nitrate,,3,EtOH/H2O (fractions not encoded in campaign key),,Acido acetico,10.0,60.0,18.0,,,,,,Automated solvothermal synthesis,Automated vial; exact geometry in source SI,,,,no solid product,,peer_reviewed_high_throughput_literature,Author-assigned HT-PXRD/CV campaign outcome,direct_machine_readable_campaign_key,v13_source_rare_earth_landscape.csv,SOURCE_VERIFIED_SINGLE_CURATION_PASS,False,"Evidence-only: absolute precursor amounts, ligand:metal ratio, and solvent volume are not encoded in the public campaign key.",0,Failed / no solid product,no solid product,Exact author label 'no solid product' -> class 0,False,False,False,Campaign key explicitly reports no solid product.
V13-REHT-0892,MG2-86-24,10.1039/d5sc09992g,10.5281/zenodo.17902549,https://doi.org/10.1039/d5sc09992g,https://doi.org/10.5281/zenodo.17902549,"Mapping the crystallization landscape of rare earth MOFs: a high-throughput investigation of structure, kinetics, and selectivity","PAIR::lu::isophthalic acid (1,3-bdc)",,"isophthalic acid (1,3-BDC)",,,Aromatic dicarboxylate,Lu,rare-earth nitrate salt(s); hydration not encoded in campaign key,nitrate,,3,EtOH/H2O (fractions not encoded in campaign key),,Acido acetico,10.0,60.0,18.0,,,,,,Automated solvothermal synthesis,Automated vial; exact geometry in source SI,,,,no solid product,,peer_reviewed_high_throughput_literature,Author-assigned HT-PXRD/CV campaign outcome,direct_machine_readable_campaign_key,v13_source_rare_earth_landscape.csv,SOURCE_VERIFIED_SINGLE_CURATION_PASS,False,"Evidence-only: absolute precursor amounts, ligand:metal ratio, and solvent volume are not encoded in the public campaign key.",0,Failed / no solid product,no solid product,Exact author label 'no solid product' -> class 0,False,False,False,Campaign key explicitly reports no solid product.
V13-REHT-0893,MG2-86-25,10.1039/d5sc09992g,10.5281/zenodo.17902549,https://doi.org/10.1039/d5sc09992g,https://doi.org/10.5281/zenodo.17902549,"Mapping the crystallization landscape of rare earth MOFs: a high-throughput investigation of structure, kinetics, and selectivity","PAIR::lu::benzene-1,3,5-tricarboxylic acid (h3btc)",,"benzene-1,3,5-tricarboxylic acid (H3BTC)",,,Aromatic tricarboxylate,Lu,rare-earth nitrate salt(s); hydration not encoded in campaign key,nitrate,,3,EtOH/H2O (fractions not encoded in campaign key),,Acido acetico,10.0,60.0,18.0,,,,,,Automated solvothermal synthesis,Automated vial; exact geometry in source SI,,,,no solid product,,peer_reviewed_high_throughput_literature,Author-assigned HT-PXRD/CV campaign outcome,direct_machine_readable_campaign_key,v13_source_rare_earth_landscape.csv,SOURCE_VERIFIED_SINGLE_CURATION_PASS,False,"Evidence-only: absolute precursor amounts, ligand:metal ratio, and solvent volume are not encoded in the public campaign key.",0,Failed / no solid product,no solid product,Exact author label 'no solid product' -> class 0,False,False,False,Campaign key explicitly reports no solid product.
V13-REHT-0894,MG2-86-26,10.1039/d5sc09992g,10.5281/zenodo.17902549,https://doi.org/10.1039/d5sc09992g,https://doi.org/10.5281/zenodo.17902549,"Mapping the crystallization landscape of rare earth MOFs: a high-throughput investigation of structure, kinetics, and selectivity",PAIR::lu::trimellitic acid,,trimellitic acid,,,Aromatic tricarboxylate,Lu,rare-earth nitrate salt(s); hydration not encoded in campaign key,nitrate,,3,EtOH/H2O (fractions not encoded in campaign key),,Acido acetico,10.0,60.0,18.0,,,,,,Automated solvothermal synthesis,Automated vial; exact geometry in source SI,,,,no crystalline product,,peer_reviewed_high_throughput_literature,Author-assigned HT-PXRD/CV campaign outcome,direct_machine_readable_campaign_key,v13_source_rare_earth_landscape.csv,SOURCE_VERIFIED_SINGLE_CURATION_PASS,False,"Evidence-only: absolute precursor amounts, ligand:metal ratio, and solvent volume are not encoded in the public campaign key.",1,Amorphous / no crystalline product,no crystalline product,Exact author label 'no crystalline product' -> class 1,True,False,False,HT-PXRD campaign key explicitly reports no crystalline product.
V13-REHT-0897,MG2-87-01,10.1039/d5sc09992g,10.5281/zenodo.17902549,https://doi.org/10.1039/d5sc09992g,https://doi.org/10.5281/zenodo.17902549,"Mapping the crystallization landscape of rare earth MOFs: a high-throughput investigation of structure, kinetics, and selectivity","PAIR::sc::terephthalic acid (1,4-bdc)",,"terephthalic acid (1,4-BDC)",,,Aromatic dicarboxylate,Sc,rare-earth nitrate salt(s); hydration not encoded in campaign key,nitrate,,3,EtOH/H2O (fractions not encoded in campaign key),,Nessuno,0.0,40.0,18.0,,,,,,Automated solvothermal synthesis,Automated vial; exact geometry in source SI,0.0,5.998,0.0,no solid product,,peer_reviewed_high_throughput_literature,Author-assigned HT-PXRD/CV campaign outcome,direct_machine_readable_campaign_key,v13_source_rare_earth_landscape.csv,SOURCE_VERIFIED_SINGLE_CURATION_PASS,False,"Evidence-only: absolute precursor amounts, ligand:metal ratio, and solvent volume are not encoded in the public campaign key.",0,Failed / no solid product,no solid product,Exact author label 'no solid product' -> class 0,False,False,False,Campaign key explicitly reports no solid product.
V13-REHT-0898,MG2-87-02,10.1039/d5sc09992g,10.5281/zenodo.17902549,https://doi.org/10.1039/d5sc09992g,https://doi.org/10.5281/zenodo.17902549,"Mapping the crystallization landscape of rare earth MOFs: a high-throughput investigation of structure, kinetics, and selectivity","PAIR::sc::phthalic acid (1,2-bdc)",,"phthalic acid (1,2-BDC)",,,Aromatic dicarboxylate,Sc,rare-earth nitrate salt(s); hydration not encoded in campaign key,nitrate,,3,EtOH/H2O (fractions not encoded in campaign key),,Nessuno,0.0,40.0,18.0,,,,,,Automated solvothermal synthesis,Automated vial; exact geometry in source SI,,,,no solid product,,peer_reviewed_high_throughput_literature,Author-assigned HT-PXRD/CV campaign outcome,direct_machine_readable_campaign_key,v13_source_rare_earth_landscape.csv,SOURCE_VERIFIED_SINGLE_CURATION_PASS,False,"Evidence-only: absolute precursor amounts, ligand:metal ratio, and solvent volume are not encoded in the public campaign key.",0,Failed / no solid product,no solid product,Exact author label 'no solid product' -> class 0,False,False,False,Campaign key explicitly reports no solid product.
V13-REHT-0899,MG2-87-03,10.1039/d5sc09992g,10.5281/zenodo.17902549,https://doi.org/10.1039/d5sc09992g,https://doi.org/10.5281/zenodo.17902549,"Mapping the crystallization landscape of rare earth MOFs: a high-throughput investigation of structure, kinetics, and selectivity","PAIR::sc::isophthalic acid (1,3-bdc)",,"isophthalic acid (1,3-BDC)",,,Aromatic dicarboxylate,Sc,rare-earth nitrate salt(s); hydration not encoded in campaign key,nitrate,,3,EtOH/H2O (fractions not encoded in campaign key),,Nessuno,0.0,40.0,18.0,,,,,,Automated solvothermal synthesis,Automated vial; exact geometry in source SI,,,,no solid product,,peer_reviewed_high_throughput_literature,Author-assigned HT-PXRD/CV campaign outcome,direct_machine_readable_campaign_key,v13_source_rare_earth_landscape.csv,SOURCE_VERIFIED_SINGLE_CURATION_PASS,False,"Evidence-only: absolute precursor amounts, ligand:metal ratio, and solvent volume are not encoded in the public campaign key.",0,Failed / no solid product,no solid product,Exact author label 'no solid product' -> class 0,False,False,False,Campaign key explicitly reports no solid product.
V13-REHT-0900,MG2-87-04,10.1039/d5sc09992g,10.5281/zenodo.17902549,https://doi.org/10.1039/d5sc09992g,https://doi.org/10.5281/zenodo.17902549,"Mapping the crystallization landscape of rare earth MOFs: a high-throughput investigation of structure, kinetics, and selectivity","PAIR::sc::benzene-1,3,5-tricarboxylic acid (h3btc)",,"benzene-1,3,5-tricarboxylic acid (H3BTC)",,,Aromatic tricarboxylate,Sc,rare-earth nitrate salt(s); hydration not encoded in campaign key,nitrate,,3,EtOH/H2O (fractions not encoded in campaign key),,Nessuno,0.0,40.0,18.0,,,,,,Automated solvothermal synthesis,Automated vial; exact geometry in source SI,0.019,0.019,0.019,no crystalline product,,peer_reviewed_high_throughput_literature,Author-assigned HT-PXRD/CV campaign outcome,direct_machine_readable_campaign_key,v13_source_rare_earth_landscape.csv,SOURCE_VERIFIED_SINGLE_CURATION_PASS,False,"Evidence-only: absolute precursor amounts, ligand:metal ratio, and solvent volume are not encoded in the public campaign key.",1,Amorphous / no crystalline product,no crystalline product,Exact author label 'no crystalline product' -> class 1,True,False,False,HT-PXRD campaign key explicitly reports no crystalline product.
V13-REHT-0901,MG2-87-05,10.1039/d5sc09992g,10.5281/zenodo.17902549,https://doi.org/10.1039/d5sc09992g,https://doi.org/10.5281/zenodo.17902549,"Mapping the crystallization landscape of rare earth MOFs: a high-throughput investigation of structure, kinetics, and selectivity",PAIR::sc::trimellitic acid,,trimellitic acid,,,Aromatic tricarboxylate,Sc,rare-earth nitrate salt(s); hydration not encoded in campaign key,nitrate,,3,EtOH/H2O (fractions not encoded in campaign key),,Nessuno,0.0,40.0,18.0,,,,,,Automated solvothermal synthesis,Automated vial; exact geometry in source SI,0.025,0.025,0.025,no crystalline product,,peer_reviewed_high_throughput_literature,Author-assigned HT-PXRD/CV campaign outcome,direct_machine_readable_campaign_key,v13_source_rare_earth_landscape.csv,SOURCE_VERIFIED_SINGLE_CURATION_PASS,False,"Evidence-only: absolute precursor amounts, ligand:metal ratio, and solvent volume are not encoded in the public campaign key.",1,Amorphous / no crystalline product,no crystalline product,Exact author label 'no crystalline product' -> class 1,True,False,False,HT-PXRD campaign key explicitly reports no crystalline product.
V13-REHT-0902,MG2-87-06,10.1039/d5sc09992g,10.5281/zenodo.17902549,https://doi.org/10.1039/d5sc09992g,https://doi.org/10.5281/zenodo.17902549,"Mapping the crystallization landscape of rare earth MOFs: a high-throughput investigation of structure, kinetics, and selectivity",PAIR::sc::pyromellitic acid,,pyromellitic acid,,,Aromatic tetracarboxylate,Sc,rare-earth nitrate salt(s); hydration not encoded in campaign key,nitrate,,3,EtOH/H2O (fractions not encoded in campaign key),,Nessuno,0.0,40.0,18.0,,,,,,Automated solvothermal synthesis,Automated vial; exact geometry in source SI,0.032,0.578,0.032,no crystalline product,,peer_reviewed_high_throughput_literature,Author-assigned HT-PXRD/CV campaign outcome,direct_machine_readable_campaign_key,v13_source_rare_earth_landscape.csv,SOURCE_VERIFIED_SINGLE_CURATION_PASS,False,"Evidence-only: absolute precursor amounts, ligand:metal ratio, and solvent volume are not encoded in the public campaign key.",1,Amorphous / no crystalline product,no crystalline product,Exact author label 'no crystalline product' -> class 1,True,False,False,HT-PXRD campaign key explicitly reports no crystalline product.
V13-REHT-0903,MG2-87-07,10.1039/d5sc09992g,10.5281/zenodo.17902549,https://doi.org/10.1039/d5sc09992g,https://doi.org/10.5281/zenodo.17902549,"Mapping the crystallization landscape of rare earth MOFs: a high-throughput investigation of structure, kinetics, and selectivity",PAIR::sc::mellitic acid,,mellitic acid,,,Aromatic hexacarboxylate,Sc,rare-earth nitrate salt(s); hydration not encoded in campaign key,nitrate,,3,EtOH/H2O (fractions not encoded in campaign key),,Nessuno,0.0,40.0,18.0,,,,,,Automated solvothermal synthesis,Automated vial; exact geometry in source SI,0.038,0.038,0.038,no crystalline product,,peer_reviewed_high_throughput_literature,Author-assigned HT-PXRD/CV campaign outcome,direct_machine_readable_campaign_key,v13_source_rare_earth_landscape.csv,SOURCE_VERIFIED_SINGLE_CURATION_PASS,False,"Evidence-only: absolute precursor amounts, ligand:metal ratio, and solvent volume are not encoded in the public campaign key.",1,Amorphous / no crystalline product,no crystalline product,Exact author label 'no crystalline product' -> class 1,True,False,False,HT-PXRD campaign key explicitly reports no crystalline product.
V13-REHT-0904,MG2-87-08,10.1039/d5sc09992g,10.5281/zenodo.17902549,https://doi.org/10.1039/d5sc09992g,https://doi.org/10.5281/zenodo.17902549,"Mapping the crystallization landscape of rare earth MOFs: a high-throughput investigation of structure, kinetics, and selectivity","PAIR::sc::terephthalic acid (1,4-bdc)",,"terephthalic acid (1,4-BDC)",,,Aromatic dicarboxylate,Sc,rare-earth nitrate salt(s); hydration not encoded in campaign key,nitrate,,3,EtOH/H2O (fractions not encoded in campaign key),,Acido acetico,2.0,40.0,18.0,,,,,,Automated solvothermal synthesis,Automated vial; exact geometry in source SI,,,,no solid product,,peer_reviewed_high_throughput_literature,Author-assigned HT-PXRD/CV campaign outcome,direct_machine_readable_campaign_key,v13_source_rare_earth_landscape.csv,SOURCE_VERIFIED_SINGLE_CURATION_PASS,False,"Evidence-only: absolute precursor amounts, ligand:metal ratio, and solvent volume are not encoded in the public campaign key.",0,Failed / no solid product,no solid product,Exact author label 'no solid product' -> class 0,False,False,False,Campaign key explicitly reports no solid product.
V13-REHT-0905,MG2-87-09,10.1039/d5sc09992g,10.5281/zenodo.17902549,https://doi.org/10.1039/d5sc09992g,https://doi.org/10.5281/zenodo.17902549,"Mapping the crystallization landscape of rare earth MOFs: a high-throughput investigation of structure, kinetics, and selectivity","PAIR::sc::phthalic acid (1,2-bdc)",,"phthalic acid (1,2-BDC)",,,Aromatic dicarboxylate,Sc,rare-earth nitrate salt(s); hydration not encoded in campaign key,nitrate,,3,EtOH/H2O (fractions not encoded in campaign key),,Acido acetico,2.0,40.0,18.0,,,,,,Automated solvothermal synthesis,Automated vial; exact geometry in source SI,,,,no solid product,,peer_reviewed_high_throughput_literature,Author-assigned HT-PXRD/CV campaign outcome,direct_machine_readable_campaign_key,v13_source_rare_earth_landscape.csv,SOURCE_VERIFIED_SINGLE_CURATION_PASS,False,"Evidence-only: absolute precursor amounts, ligand:metal ratio, and solvent volume are not encoded in the public campaign key.",0,Failed / no solid product,no solid product,Exact author label 'no solid product' -> class 0,False,False,False,Campaign key explicitly reports no solid product.
V13-REHT-0906,MG2-87-10,10.1039/d5sc09992g,10.5281/zenodo.17902549,https://doi.org/10.1039/d5sc09992g,https://doi.org/10.5281/zenodo.17902549,"Mapping the crystallization landscape of rare earth MOFs: a high-throughput investigation of structure, kinetics, and selectivity","PAIR::sc::isophthalic acid (1,3-bdc)",,"isophthalic acid (1,3-BDC)",,,Aromatic dicarboxylate,Sc,rare-earth nitrate salt(s); hydration not encoded in campaign key,nitrate,,3,EtOH/H2O (fractions not encoded in campaign key),,Acido acetico,2.0,40.0,18.0,,,,,,Automated solvothermal synthesis,Automated vial; exact geometry in source SI,,,,no solid product,,peer_reviewed_high_throughput_literature,Author-assigned HT-PXRD/CV campaign outcome,direct_machine_readable_campaign_key,v13_source_rare_earth_landscape.csv,SOURCE_VERIFIED_SINGLE_CURATION_PASS,False,"Evidence-only: absolute precursor amounts, ligand:metal ratio, and solvent volume are not encoded in the public campaign key.",0,Failed / no solid product,no solid product,Exact author label 'no solid product' -> class 0,False,False,False,Campaign key explicitly reports no solid product.
V13-REHT-0908,MG2-87-12,10.1039/d5sc09992g,10.5281/zenodo.17902549,https://doi.org/10.1039/d5sc09992g,https://doi.org/10.5281/zenodo.17902549,"Mapping the crystallization landscape of rare earth MOFs: a high-throughput investigation of structure, kinetics, and selectivity",PAIR::sc::trimellitic acid,,trimellitic acid,,,Aromatic tricarboxylate,Sc,rare-earth nitrate salt(s); hydration not encoded in campaign key,nitrate,,3,EtOH/H2O (fractions not encoded in campaign key),,Acido acetico,2.0,40.0,18.0,,,,,,Automated solvothermal synthesis,Automated vial; exact geometry in source SI,,,,no solid product,,peer_reviewed_high_throughput_literature,Author-assigned HT-PXRD/CV campaign outcome,direct_machine_readable_campaign_key,v13_source_rare_earth_landscape.csv,SOURCE_VERIFIED_SINGLE_CURATION_PASS,False,"Evidence-only: absolute precursor amounts, ligand:metal ratio, and solvent volume are not encoded in the public campaign key.",0,Failed / no solid product,no solid product,Exact author label 'no solid product' -> class 0,False,False,False,Campaign key explicitly reports no solid product.
V13-REHT-0909,MG2-87-13,10.1039/d5sc09992g,10.5281/zenodo.17902549,https://doi.org/10.1039/d5sc09992g,https://doi.org/10.5281/zenodo.17902549,"Mapping the crystallization landscape of rare earth MOFs: a high-throughput investigation of structure, kinetics, and selectivity",PAIR::sc::pyromellitic acid,,pyromellitic acid,,,Aromatic tetracarboxylate,Sc,rare-earth nitrate salt(s); hydration not encoded in campaign key,nitrate,,3,EtOH/H2O (fractions not encoded in campaign key),,Acido acetico,2.0,40.0,18.0,,,,,,Automated solvothermal synthesis,Automated vial; exact geometry in source SI,0.077,0.077,0.077,no crystalline product,,peer_reviewed_high_throughput_literature,Author-assigned HT-PXRD/CV campaign outcome,direct_machine_readable_campaign_key,v13_source_rare_earth_landscape.csv,SOURCE_VERIFIED_SINGLE_CURATION_PASS,False,"Evidence-only: absolute precursor amounts, ligand:metal ratio, and solvent volume are not encoded in the public campaign key.",1,Amorphous / no crystalline product,no crystalline product,Exact author label 'no crystalline product' -> class 1,True,False,False,HT-PXRD campaign key explicitly reports no crystalline product.
V13-REHT-0910,MG2-87-14,10.1039/d5sc09992g,10.5281/zenodo.17902549,https://doi.org/10.1039/d5sc09992g,https://doi.org/10.5281/zenodo.17902549,"Mapping the crystallization landscape of rare earth MOFs: a high-throughput investigation of structure, kinetics, and selectivity",PAIR::sc::mellitic acid,,mellitic acid,,,Aromatic hexacarboxylate,Sc,rare-earth nitrate salt(s); hydration not encoded in campaign key,nitrate,,3,EtOH/H2O (fractions not encoded in campaign key),,Acido acetico,2.0,40.0,18.0,,,,,,Automated solvothermal synthesis,Automated vial; exact geometry in source SI,0.084,19.084,0.084,no crystalline product,,peer_reviewed_high_throughput_literature,Author-assigned HT-PXRD/CV campaign outcome,direct_machine_readable_campaign_key,v13_source_rare_earth_landscape.csv,SOURCE_VERIFIED_SINGLE_CURATION_PASS,False,"Evidence-only: absolute precursor amounts, ligand:metal ratio, and solvent volume are not encoded in the public campaign key.",1,Amorphous / no crystalline product,no crystalline product,Exact author label 'no crystalline product' -> class 1,True,False,False,HT-PXRD campaign key explicitly reports no crystalline product.
V13-REHT-0911,MG2-87-15,10.1039/d5sc09992g,10.5281/zenodo.17902549,https://doi.org/10.1039/d5sc09992g,https://doi.org/10.5281/zenodo.17902549,"Mapping the crystallization landscape of rare earth MOFs: a high-throughput investigation of structure, kinetics, and selectivity","PAIR::sc::terephthalic acid (1,4-bdc)",,"terephthalic acid (1,4-BDC)",,,Aromatic dicarboxylate,Sc,rare-earth nitrate salt(s); hydration not encoded in campaign key,nitrate,,3,EtOH/H2O (fractions not encoded in campaign key),,Acido acetico,5.0,40.0,18.0,,,,,,Automated solvothermal synthesis,Automated vial; exact geometry in source SI,,,,no solid product,,peer_reviewed_high_throughput_literature,Author-assigned HT-PXRD/CV campaign outcome,direct_machine_readable_campaign_key,v13_source_rare_earth_landscape.csv,SOURCE_VERIFIED_SINGLE_CURATION_PASS,False,"Evidence-only: absolute precursor amounts, ligand:metal ratio, and solvent volume are not encoded in the public campaign key.",0,Failed / no solid product,no solid product,Exact author label 'no solid product' -> class 0,False,False,False,Campaign key explicitly reports no solid product.
V13-REHT-0912,MG2-87-16,10.1039/d5sc09992g,10.5281/zenodo.17902549,https://doi.org/10.1039/d5sc09992g,https://doi.org/10.5281/zenodo.17902549,"Mapping the crystallization landscape of rare earth MOFs: a high-throughput investigation of structure, kinetics, and selectivity","PAIR::sc::phthalic acid (1,2-bdc)",,"phthalic acid (1,2-BDC)",,,Aromatic dicarboxylate,Sc,rare-earth nitrate salt(s); hydration not encoded in campaign key,nitrate,,3,EtOH/H2O (fractions not encoded in campaign key),,Acido acetico,5.0,40.0,18.0,,,,,,Automated solvothermal synthesis,Automated vial; exact geometry in source SI,,,,no solid product,,peer_reviewed_high_throughput_literature,Author-assigned HT-PXRD/CV campaign outcome,direct_machine_readable_campaign_key,v13_source_rare_earth_landscape.csv,SOURCE_VERIFIED_SINGLE_CURATION_PASS,False,"Evidence-only: absolute precursor amounts, ligand:metal ratio, and solvent volume are not encoded in the public campaign key.",0,Failed / no solid product,no solid product,Exact author label 'no solid product' -> class 0,False,False,False,Campaign key explicitly reports no solid product.
V13-REHT-0913,MG2-87-17,10.1039/d5sc09992g,10.5281/zenodo.17902549,https://doi.org/10.1039/d5sc09992g,https://doi.org/10.5281/zenodo.17902549,"Mapping the crystallization landscape of rare earth MOFs: a high-throughput investigation of structure, kinetics, and selectivity","PAIR::sc::isophthalic acid (1,3-bdc)",,"isophthalic acid (1,3-BDC)",,,Aromatic dicarboxylate,Sc,rare-earth nitrate salt(s); hydration not encoded in campaign key,nitrate,,3,EtOH/H2O (fractions not encoded in campaign key),,Acido acetico,5.0,40.0,18.0,,,,,,Automated solvothermal synthesis,Automated vial; exact geometry in source SI,,,,no solid product,,peer_reviewed_high_throughput_literature,Author-assigned HT-PXRD/CV campaign outcome,direct_machine_readable_campaign_key,v13_source_rare_earth_landscape.csv,SOURCE_VERIFIED_SINGLE_CURATION_PASS,False,"Evidence-only: absolute precursor amounts, ligand:metal ratio, and solvent volume are not encoded in the public campaign key.",0,Failed / no solid product,no solid product,Exact author label 'no solid product' -> class 0,False,False,False,Campaign key explicitly reports no solid product.
V13-REHT-0915,MG2-87-19,10.1039/d5sc09992g,10.5281/zenodo.17902549,https://doi.org/10.1039/d5sc09992g,https://doi.org/10.5281/zenodo.17902549,"Mapping the crystallization landscape of rare earth MOFs: a high-throughput investigation of structure, kinetics, and selectivity",PAIR::sc::trimellitic acid,,trimellitic acid,,,Aromatic tricarboxylate,Sc,rare-earth nitrate salt(s); hydration not encoded in campaign key,nitrate,,3,EtOH/H2O (fractions not encoded in campaign key),,Acido acetico,5.0,40.0,18.0,,,,,,Automated solvothermal synthesis,Automated vial; exact geometry in source SI,,,,no solid product,,peer_reviewed_high_throughput_literature,Author-assigned HT-PXRD/CV campaign outcome,direct_machine_readable_campaign_key,v13_source_rare_earth_landscape.csv,SOURCE_VERIFIED_SINGLE_CURATION_PASS,False,"Evidence-only: absolute precursor amounts, ligand:metal ratio, and solvent volume are not encoded in the public campaign key.",0,Failed / no solid product,no solid product,Exact author label 'no solid product' -> class 0,False,False,False,Campaign key explicitly reports no solid product.
V13-REHT-0916,MG2-87-20,10.1039/d5sc09992g,10.5281/zenodo.17902549,https://doi.org/10.1039/d5sc09992g,https://doi.org/10.5281/zenodo.17902549,"Mapping the crystallization landscape of rare earth MOFs: a high-throughput investigation of structure, kinetics, and selectivity",PAIR::sc::pyromellitic acid,,pyromellitic acid,,,Aromatic tetracarboxylate,Sc,rare-earth nitrate salt(s); hydration not encoded in campaign key,nitrate,,3,EtOH/H2O (fractions not encoded in campaign key),,Acido acetico,5.0,40.0,18.0,,,,,,Automated solvothermal synthesis,Automated vial; exact geometry in source SI,0.121,0.121,0.121,no crystalline product,,peer_reviewed_high_throughput_literature,Author-assigned HT-PXRD/CV campaign outcome,direct_machine_readable_campaign_key,v13_source_rare_earth_landscape.csv,SOURCE_VERIFIED_SINGLE_CURATION_PASS,False,"Evidence-only: absolute precursor amounts, ligand:metal ratio, and solvent volume are not encoded in the public campaign key.",1,Amorphous / no crystalline product,no crystalline product,Exact author label 'no crystalline product' -> class 1,True,False,False,HT-PXRD campaign key explicitly reports no crystalline product.
V13-REHT-0917,MG2-87-21,10.1039/d5sc09992g,10.5281/zenodo.17902549,https://doi.org/10.1039/d5sc09992g,https://doi.org/10.5281/zenodo.17902549,"Mapping the crystallization landscape of rare earth MOFs: a high-throughput investigation of structure, kinetics, and selectivity",PAIR::sc::mellitic acid,,mellitic acid,,,Aromatic hexacarboxylate,Sc,rare-earth nitrate salt(s); hydration not encoded in campaign key,nitrate,,3,EtOH/H2O (fractions not encoded in campaign key),,Acido acetico,5.0,40.0,18.0,,,,,,Automated solvothermal synthesis,Automated vial; exact geometry in source SI,0.128,0.128,0.128,no crystalline product,,peer_reviewed_high_throughput_literature,Author-assigned HT-PXRD/CV campaign outcome,direct_machine_readable_campaign_key,v13_source_rare_earth_landscape.csv,SOURCE_VERIFIED_SINGLE_CURATION_PASS,False,"Evidence-only: absolute precursor amounts, ligand:metal ratio, and solvent volume are not encoded in the public campaign key.",1,Amorphous / no crystalline product,no crystalline product,Exact author label 'no crystalline product' -> class 1,True,False,False,HT-PXRD campaign key explicitly reports no crystalline product.
V13-REHT-0918,MG2-87-22,10.1039/d5sc09992g,10.5281/zenodo.17902549,https://doi.org/10.1039/d5sc09992g,https://doi.org/10.5281/zenodo.17902549,"Mapping the crystallization landscape of rare earth MOFs: a high-throughput investigation of structure, kinetics, and selectivity","PAIR::sc::terephthalic acid (1,4-bdc)",,"terephthalic acid (1,4-BDC)",,,Aromatic dicarboxylate,Sc,rare-earth nitrate salt(s); hydration not encoded in campaign key,nitrate,,3,EtOH/H2O (fractions not encoded in campaign key),,Acido acetico,10.0,40.0,18.0,,,,,,Automated solvothermal synthesis,Automated vial; exact geometry in source SI,,,,no solid product,,peer_reviewed_high_throughput_literature,Author-assigned HT-PXRD/CV campaign outcome,direct_machine_readable_campaign_key,v13_source_rare_earth_landscape.csv,SOURCE_VERIFIED_SINGLE_CURATION_PASS,False,"Evidence-only: absolute precursor amounts, ligand:metal ratio, and solvent volume are not encoded in the public campaign key.",0,Failed / no solid product,no solid product,Exact author label 'no solid product' -> class 0,False,False,False,Campaign key explicitly reports no solid product.
V13-REHT-0919,MG2-87-23,10.1039/d5sc09992g,10.5281/zenodo.17902549,https://doi.org/10.1039/d5sc09992g,https://doi.org/10.5281/zenodo.17902549,"Mapping the crystallization landscape of rare earth MOFs: a high-throughput investigation of structure, kinetics, and selectivity","PAIR::sc::phthalic acid (1,2-bdc)",,"phthalic acid (1,2-BDC)",,,Aromatic dicarboxylate,Sc,rare-earth nitrate salt(s); hydration not encoded in campaign key,nitrate,,3,EtOH/H2O (fractions not encoded in campaign key),,Acido acetico,10.0,40.0,18.0,,,,,,Automated solvothermal synthesis,Automated vial; exact geometry in source SI,,,,no solid product,,peer_reviewed_high_throughput_literature,Author-assigned HT-PXRD/CV campaign outcome,direct_machine_readable_campaign_key,v13_source_rare_earth_landscape.csv,SOURCE_VERIFIED_SINGLE_CURATION_PASS,False,"Evidence-only: absolute precursor amounts, ligand:metal ratio, and solvent volume are not encoded in the public campaign key.",0,Failed / no solid product,no solid product,Exact author label 'no solid product' -> class 0,False,False,False,Campaign key explicitly reports no solid product.
V13-REHT-0920,MG2-87-24,10.1039/d5sc09992g,10.5281/zenodo.17902549,https://doi.org/10.1039/d5sc09992g,https://doi.org/10.5281/zenodo.17902549,"Mapping the crystallization landscape of rare earth MOFs: a high-throughput investigation of structure, kinetics, and selectivity","PAIR::sc::isophthalic acid (1,3-bdc)",,"isophthalic acid (1,3-BDC)",,,Aromatic dicarboxylate,Sc,rare-earth nitrate salt(s); hydration not encoded in campaign key,nitrate,,3,EtOH/H2O (fractions not encoded in campaign key),,Acido acetico,10.0,40.0,18.0,,,,,,Automated solvothermal synthesis,Automated vial; exact geometry in source SI,,,,no solid product,,peer_reviewed_high_throughput_literature,Author-assigned HT-PXRD/CV campaign outcome,direct_machine_readable_campaign_key,v13_source_rare_earth_landscape.csv,SOURCE_VERIFIED_SINGLE_CURATION_PASS,False,"Evidence-only: absolute precursor amounts, ligand:metal ratio, and solvent volume are not encoded in the public campaign key.",0,Failed / no solid product,no solid product,Exact author label 'no solid product' -> class 0,False,False,False,Campaign key explicitly reports no solid product.
V13-REHT-0921,MG2-87-25,10.1039/d5sc09992g,10.5281/zenodo.17902549,https://doi.org/10.1039/d5sc09992g,https://doi.org/10.5281/zenodo.17902549,"Mapping the crystallization landscape of rare earth MOFs: a high-throughput investigation of structure, kinetics, and selectivity","PAIR::sc::benzene-1,3,5-tricarboxylic acid (h3btc)",,"benzene-1,3,5-tricarboxylic acid (H3BTC)",,,Aromatic tricarboxylate,Sc,rare-earth nitrate salt(s); hydration not encoded in campaign key,nitrate,,3,EtOH/H2O (fractions not encoded in campaign key),,Acido acetico,10.0,40.0,18.0,,,,,,Automated solvothermal synthesis,Automated vial; exact geometry in source SI,0.154,10.152,0.154,no crystalline product,,peer_reviewed_high_throughput_literature,Author-assigned HT-PXRD/CV campaign outcome,direct_machine_readable_campaign_key,v13_source_rare_earth_landscape.csv,SOURCE_VERIFIED_SINGLE_CURATION_PASS,False,"Evidence-only: absolute precursor amounts, ligand:metal ratio, and solvent volume are not encoded in the public campaign key.",1,Amorphous / no crystalline product,no crystalline product,Exact author label 'no crystalline product' -> class 1,True,False,False,HT-PXRD campaign key explicitly reports no crystalline product.
V13-REHT-0922,MG2-87-26,10.1039/d5sc09992g,10.5281/zenodo.17902549,https://doi.org/10.1039/d5sc09992g,https://doi.org/10.5281/zenodo.17902549,"Mapping the crystallization landscape of rare earth MOFs: a high-throughput investigation of structure, kinetics, and selectivity",PAIR::sc::trimellitic acid,,trimellitic acid,,,Aromatic tricarboxylate,Sc,rare-earth nitrate salt(s); hydration not encoded in campaign key,nitrate,,3,EtOH/H2O (fractions not encoded in campaign key),,Acido acetico,10.0,40.0,18.0,,,,,,Automated solvothermal synthesis,Automated vial; exact geometry in source SI,,,,no solid product,,peer_reviewed_high_throughput_literature,Author-assigned HT-PXRD/CV campaign outcome,direct_machine_readable_campaign_key,v13_source_rare_earth_landscape.csv,SOURCE_VERIFIED_SINGLE_CURATION_PASS,False,"Evidence-only: absolute precursor amounts, ligand:metal ratio, and solvent volume are not encoded in the public campaign key.",0,Failed / no solid product,no solid product,Exact author label 'no solid product' -> class 0,False,False,False,Campaign key explicitly reports no solid product.
V13-REHT-0923,MG2-87-27,10.1039/d5sc09992g,10.5281/zenodo.17902549,https://doi.org/10.1039/d5sc09992g,https://doi.org/10.5281/zenodo.17902549,"Mapping the crystallization landscape of rare earth MOFs: a high-throughput investigation of structure, kinetics, and selectivity",PAIR::sc::pyromellitic acid,,pyromellitic acid,,,Aromatic tetracarboxylate,Sc,rare-earth nitrate salt(s); hydration not encoded in campaign key,nitrate,,3,EtOH/H2O (fractions not encoded in campaign key),,Acido acetico,10.0,40.0,18.0,,,,,,Automated solvothermal synthesis,Automated vial; exact geometry in source SI,0.167,1.254,0.167,no crystalline product,,peer_reviewed_high_throughput_literature,Author-assigned HT-PXRD/CV campaign outcome,direct_machine_readable_campaign_key,v13_source_rare_earth_landscape.csv,SOURCE_VERIFIED_SINGLE_CURATION_PASS,False,"Evidence-only: absolute precursor amounts, ligand:metal ratio, and solvent volume are not encoded in the public campaign key.",1,Amorphous / no crystalline product,no crystalline product,Exact author label 'no crystalline product' -> class 1,True,False,False,HT-PXRD campaign key explicitly reports no crystalline product.
V13-REHT-0924,MG2-87-28,10.1039/d5sc09992g,10.5281/zenodo.17902549,https://doi.org/10.1039/d5sc09992g,https://doi.org/10.5281/zenodo.17902549,"Mapping the crystallization landscape of rare earth MOFs: a high-throughput investigation of structure, kinetics, and selectivity",PAIR::sc::mellitic acid,,mellitic acid,,,Aromatic hexacarboxylate,Sc,rare-earth nitrate salt(s); hydration not encoded in campaign key,nitrate,,3,EtOH/H2O (fractions not encoded in campaign key),,Acido acetico,10.0,40.0,18.0,,,,,,Automated solvothermal synthesis,Automated vial; exact geometry in source SI,0.172,,0.172,no crystalline product,,peer_reviewed_high_throughput_literature,Author-assigned HT-PXRD/CV campaign outcome,direct_machine_readable_campaign_key,v13_source_rare_earth_landscape.csv,SOURCE_VERIFIED_SINGLE_CURATION_PASS,False,"Evidence-only: absolute precursor amounts, ligand:metal ratio, and solvent volume are not encoded in the public campaign key.",1,Amorphous / no crystalline product,no crystalline product,Exact author label 'no crystalline product' -> class 1,True,False,False,HT-PXRD campaign key explicitly reports no crystalline product.
V13-REHT-0925,MG2-87-29,10.1039/d5sc09992g,10.5281/zenodo.17902549,https://doi.org/10.1039/d5sc09992g,https://doi.org/10.5281/zenodo.17902549,"Mapping the crystallization landscape of rare earth MOFs: a high-throughput investigation of structure, kinetics, and selectivity","PAIR::y::terephthalic acid (1,4-bdc)",,"terephthalic acid (1,4-BDC)",,,Aromatic dicarboxylate,Y,rare-earth nitrate salt(s); hydration not encoded in campaign key,nitrate,,3,EtOH/H2O (fractions not encoded in campaign key),,Nessuno,0.0,40.0,18.0,,,,,,Automated solvothermal synthesis,Automated vial; exact geometry in source SI,,,,no solid product,,peer_reviewed_high_throughput_literature,Author-assigned HT-PXRD/CV campaign outcome,direct_machine_readable_campaign_key,v13_source_rare_earth_landscape.csv,SOURCE_VERIFIED_SINGLE_CURATION_PASS,False,"Evidence-only: absolute precursor amounts, ligand:metal ratio, and solvent volume are not encoded in the public campaign key.",0,Failed / no solid product,no solid product,Exact author label 'no solid product' -> class 0,False,False,False,Campaign key explicitly reports no solid product.
V13-REHT-0926,MG2-87-30,10.1039/d5sc09992g,10.5281/zenodo.17902549,https://doi.org/10.1039/d5sc09992g,https://doi.org/10.5281/zenodo.17902549,"Mapping the crystallization landscape of rare earth MOFs: a high-throughput investigation of structure, kinetics, and selectivity","PAIR::y::phthalic acid (1,2-bdc)",,"phthalic acid (1,2-BDC)",,,Aromatic dicarboxylate,Y,rare-earth nitrate salt(s); hydration not encoded in campaign key,nitrate,,3,EtOH/H2O (fractions not encoded in campaign key),,Nessuno,0.0,40.0,18.0,,,,,,Automated solvothermal synthesis,Automated vial; exact geometry in source SI,,,,no solid product,,peer_reviewed_high_throughput_literature,Author-assigned HT-PXRD/CV campaign outcome,direct_machine_readable_campaign_key,v13_source_rare_earth_landscape.csv,SOURCE_VERIFIED_SINGLE_CURATION_PASS,False,"Evidence-only: absolute precursor amounts, ligand:metal ratio, and solvent volume are not encoded in the public campaign key.",0,Failed / no solid product,no solid product,Exact author label 'no solid product' -> class 0,False,False,False,Campaign key explicitly reports no solid product.
V13-REHT-0927,MG2-87-31,10.1039/d5sc09992g,10.5281/zenodo.17902549,https://doi.org/10.1039/d5sc09992g,https://doi.org/10.5281/zenodo.17902549,"Mapping the crystallization landscape of rare earth MOFs: a high-throughput investigation of structure, kinetics, and selectivity","PAIR::y::isophthalic acid (1,3-bdc)",,"isophthalic acid (1,3-BDC)",,,Aromatic dicarboxylate,Y,rare-earth nitrate salt(s); hydration not encoded in campaign key,nitrate,,3,EtOH/H2O (fractions not encoded in campaign key),,Nessuno,0.0,40.0,18.0,,,,,,Automated solvothermal synthesis,Automated vial; exact geometry in source SI,,,,no solid product,,peer_reviewed_high_throughput_literature,Author-assigned HT-PXRD/CV campaign outcome,direct_machine_readable_campaign_key,v13_source_rare_earth_landscape.csv,SOURCE_VERIFIED_SINGLE_CURATION_PASS,False,"Evidence-only: absolute precursor amounts, ligand:metal ratio, and solvent volume are not encoded in the public campaign key.",0,Failed / no solid product,no solid product,Exact author label 'no solid product' -> class 0,False,False,False,Campaign key explicitly reports no solid product.
V13-REHT-0932,MG2-87-36,10.1039/d5sc09992g,10.5281/zenodo.17902549,https://doi.org/10.1039/d5sc09992g,https://doi.org/10.5281/zenodo.17902549,"Mapping the crystallization landscape of rare earth MOFs: a high-throughput investigation of structure, kinetics, and selectivity","PAIR::y::terephthalic acid (1,4-bdc)",,"terephthalic acid (1,4-BDC)",,,Aromatic dicarboxylate,Y,rare-earth nitrate salt(s); hydration not encoded in campaign key,nitrate,,3,EtOH/H2O (fractions not encoded in campaign key),,Acido acetico,2.0,40.0,18.0,,,,,,Automated solvothermal synthesis,Automated vial; exact geometry in source SI,,,,no solid product,,peer_reviewed_high_throughput_literature,Author-assigned HT-PXRD/CV campaign outcome,direct_machine_readable_campaign_key,v13_source_rare_earth_landscape.csv,SOURCE_VERIFIED_SINGLE_CURATION_PASS,False,"Evidence-only: absolute precursor amounts, ligand:metal ratio, and solvent volume are not encoded in the public campaign key.",0,Failed / no solid product,no solid product,Exact author label 'no solid product' -> class 0,False,False,False,Campaign key explicitly reports no solid product.
V13-REHT-0933,MG2-87-37,10.1039/d5sc09992g,10.5281/zenodo.17902549,https://doi.org/10.1039/d5sc09992g,https://doi.org/10.5281/zenodo.17902549,"Mapping the crystallization landscape of rare earth MOFs: a high-throughput investigation of structure, kinetics, and selectivity","PAIR::y::phthalic acid (1,2-bdc)",,"phthalic acid (1,2-BDC)",,,Aromatic dicarboxylate,Y,rare-earth nitrate salt(s); hydration not encoded in campaign key,nitrate,,3,EtOH/H2O (fractions not encoded in campaign key),,Acido acetico,2.0,40.0,18.0,,,,,,Automated solvothermal synthesis,Automated vial; exact geometry in source SI,,,,no solid product,,peer_reviewed_high_throughput_literature,Author-assigned HT-PXRD/CV campaign outcome,direct_machine_readable_campaign_key,v13_source_rare_earth_landscape.csv,SOURCE_VERIFIED_SINGLE_CURATION_PASS,False,"Evidence-only: absolute precursor amounts, ligand:metal ratio, and solvent volume are not encoded in the public campaign key.",0,Failed / no solid product,no solid product,Exact author label 'no solid product' -> class 0,False,False,False,Campaign key explicitly reports no solid product.
V13-REHT-0934,MG2-87-38,10.1039/d5sc09992g,10.5281/zenodo.17902549,https://doi.org/10.1039/d5sc09992g,https://doi.org/10.5281/zenodo.17902549,"Mapping the crystallization landscape of rare earth MOFs: a high-throughput investigation of structure, kinetics, and selectivity","PAIR::y::isophthalic acid (1,3-bdc)",,"isophthalic acid (1,3-BDC)",,,Aromatic dicarboxylate,Y,rare-earth nitrate salt(s); hydration not encoded in campaign key,nitrate,,3,EtOH/H2O (fractions not encoded in campaign key),,Acido acetico,2.0,40.0,18.0,,,,,,Automated solvothermal synthesis,Automated vial; exact geometry in source SI,,,,no solid product,,peer_reviewed_high_throughput_literature,Author-assigned HT-PXRD/CV campaign outcome,direct_machine_readable_campaign_key,v13_source_rare_earth_landscape.csv,SOURCE_VERIFIED_SINGLE_CURATION_PASS,False,"Evidence-only: absolute precursor amounts, ligand:metal ratio, and solvent volume are not encoded in the public campaign key.",0,Failed / no solid product,no solid product,Exact author label 'no solid product' -> class 0,False,False,False,Campaign key explicitly reports no solid product.
V13-REHT-0935,MG2-87-39,10.1039/d5sc09992g,10.5281/zenodo.17902549,https://doi.org/10.1039/d5sc09992g,https://doi.org/10.5281/zenodo.17902549,"Mapping the crystallization landscape of rare earth MOFs: a high-throughput investigation of structure, kinetics, and selectivity","PAIR::y::benzene-1,3,5-tricarboxylic acid (h3btc)",,"benzene-1,3,5-tricarboxylic acid (H3BTC)",,,Aromatic tricarboxylate,Y,rare-earth nitrate salt(s); hydration not encoded in campaign key,nitrate,,3,EtOH/H2O (fractions not encoded in campaign key),,Acido acetico,2.0,40.0,18.0,,,,,,Automated solvothermal synthesis,Automated vial; exact geometry in source SI,,,,no solid product,,peer_reviewed_high_throughput_literature,Author-assigned HT-PXRD/CV campaign outcome,direct_machine_readable_campaign_key,v13_source_rare_earth_landscape.csv,SOURCE_VERIFIED_SINGLE_CURATION_PASS,False,"Evidence-only: absolute precursor amounts, ligand:metal ratio, and solvent volume are not encoded in the public campaign key.",0,Failed / no solid product,no solid product,Exact author label 'no solid product' -> class 0,False,False,False,Campaign key explicitly reports no solid product.
V13-REHT-0939,MG2-87-43,10.1039/d5sc09992g,10.5281/zenodo.17902549,https://doi.org/10.1039/d5sc09992g,https://doi.org/10.5281/zenodo.17902549,"Mapping the crystallization landscape of rare earth MOFs: a high-throughput investigation of structure, kinetics, and selectivity","PAIR::y::terephthalic acid (1,4-bdc)",,"terephthalic acid (1,4-BDC)",,,Aromatic dicarboxylate,Y,rare-earth nitrate salt(s); hydration not encoded in campaign key,nitrate,,3,EtOH/H2O (fractions not encoded in campaign key),,Acido acetico,5.0,40.0,18.0,,,,,,Automated solvothermal synthesis,Automated vial; exact geometry in source SI,,,,no solid product,,peer_reviewed_high_throughput_literature,Author-assigned HT-PXRD/CV campaign outcome,direct_machine_readable_campaign_key,v13_source_rare_earth_landscape.csv,SOURCE_VERIFIED_SINGLE_CURATION_PASS,False,"Evidence-only: absolute precursor amounts, ligand:metal ratio, and solvent volume are not encoded in the public campaign key.",0,Failed / no solid product,no solid product,Exact author label 'no solid product' -> class 0,False,False,False,Campaign key explicitly reports no solid product.
V13-REHT-0940,MG2-87-44,10.1039/d5sc09992g,10.5281/zenodo.17902549,https://doi.org/10.1039/d5sc09992g,https://doi.org/10.5281/zenodo.17902549,"Mapping the crystallization landscape of rare earth MOFs: a high-throughput investigation of structure, kinetics, and selectivity","PAIR::y::phthalic acid (1,2-bdc)",,"phthalic acid (1,2-BDC)",,,Aromatic dicarboxylate,Y,rare-earth nitrate salt(s); hydration not encoded in campaign key,nitrate,,3,EtOH/H2O (fractions not encoded in campaign key),,Acido acetico,5.0,40.0,18.0,,,,,,Automated solvothermal synthesis,Automated vial; exact geometry in source SI,,,,no solid product,,peer_reviewed_high_throughput_literature,Author-assigned HT-PXRD/CV campaign outcome,direct_machine_readable_campaign_key,v13_source_rare_earth_landscape.csv,SOURCE_VERIFIED_SINGLE_CURATION_PASS,False,"Evidence-only: absolute precursor amounts, ligand:metal ratio, and solvent volume are not encoded in the public campaign key.",0,Failed / no solid product,no solid product,Exact author label 'no solid product' -> class 0,False,False,False,Campaign key explicitly reports no solid product.
V13-REHT-0941,MG2-87-45,10.1039/d5sc09992g,10.5281/zenodo.17902549,https://doi.org/10.1039/d5sc09992g,https://doi.org/10.5281/zenodo.17902549,"Mapping the crystallization landscape of rare earth MOFs: a high-throughput investigation of structure, kinetics, and selectivity","PAIR::y::isophthalic acid (1,3-bdc)",,"isophthalic acid (1,3-BDC)",,,Aromatic dicarboxylate,Y,rare-earth nitrate salt(s); hydration not encoded in campaign key,nitrate,,3,EtOH/H2O (fractions not encoded in campaign key),,Acido acetico,5.0,40.0,18.0,,,,,,Automated solvothermal synthesis,Automated vial; exact geometry in source SI,,,,no solid product,,peer_reviewed_high_throughput_literature,Author-assigned HT-PXRD/CV campaign outcome,direct_machine_readable_campaign_key,v13_source_rare_earth_landscape.csv,SOURCE_VERIFIED_SINGLE_CURATION_PASS,False,"Evidence-only: absolute precursor amounts, ligand:metal ratio, and solvent volume are not encoded in the public campaign key.",0,Failed / no solid product,no solid product,Exact author label 'no solid product' -> class 0,False,False,False,Campaign key explicitly reports no solid product.
V13-REHT-0942,MG2-87-46,10.1039/d5sc09992g,10.5281/zenodo.17902549,https://doi.org/10.1039/d5sc09992g,https://doi.org/10.5281/zenodo.17902549,"Mapping the crystallization landscape of rare earth MOFs: a high-throughput investigation of structure, kinetics, and selectivity","PAIR::y::benzene-1,3,5-tricarboxylic acid (h3btc)",,"benzene-1,3,5-tricarboxylic acid (H3BTC)",,,Aromatic tricarboxylate,Y,rare-earth nitrate salt(s); hydration not encoded in campaign key,nitrate,,3,EtOH/H2O (fractions not encoded in campaign key),,Acido acetico,5.0,40.0,18.0,,,,,,Automated solvothermal synthesis,Automated vial; exact geometry in source SI,,,,no solid product,,peer_reviewed_high_throughput_literature,Author-assigned HT-PXRD/CV campaign outcome,direct_machine_readable_campaign_key,v13_source_rare_earth_landscape.csv,SOURCE_VERIFIED_SINGLE_CURATION_PASS,False,"Evidence-only: absolute precursor amounts, ligand:metal ratio, and solvent volume are not encoded in the public campaign key.",0,Failed / no solid product,no solid product,Exact author label 'no solid product' -> class 0,False,False,False,Campaign key explicitly reports no solid product.
V13-REHT-0943,MG2-87-47,10.1039/d5sc09992g,10.5281/zenodo.17902549,https://doi.org/10.1039/d5sc09992g,https://doi.org/10.5281/zenodo.17902549,"Mapping the crystallization landscape of rare earth MOFs: a high-throughput investigation of structure, kinetics, and selectivity",PAIR::y::trimellitic acid,,trimellitic acid,,,Aromatic tricarboxylate,Y,rare-earth nitrate salt(s); hydration not encoded in campaign key,nitrate,,3,EtOH/H2O (fractions not encoded in campaign key),,Acido acetico,5.0,40.0,18.0,,,,,,Automated solvothermal synthesis,Automated vial; exact geometry in source SI,,,,no crystalline product,,peer_reviewed_high_throughput_literature,Author-assigned HT-PXRD/CV campaign outcome,direct_machine_readable_campaign_key,v13_source_rare_earth_landscape.csv,SOURCE_VERIFIED_SINGLE_CURATION_PASS,False,"Evidence-only: absolute precursor amounts, ligand:metal ratio, and solvent volume are not encoded in the public campaign key.",1,Amorphous / no crystalline product,no crystalline product,Exact author label 'no crystalline product' -> class 1,True,False,False,HT-PXRD campaign key explicitly reports no crystalline product.
V13-REHT-0944,MG2-87-48,10.1039/d5sc09992g,10.5281/zenodo.17902549,https://doi.org/10.1039/d5sc09992g,https://doi.org/10.5281/zenodo.17902549,"Mapping the crystallization landscape of rare earth MOFs: a high-throughput investigation of structure, kinetics, and selectivity",PAIR::y::pyromellitic acid,,pyromellitic acid,,,Aromatic tetracarboxylate,Y,rare-earth nitrate salt(s); hydration not encoded in campaign key,nitrate,,3,EtOH/H2O (fractions not encoded in campaign key),,Acido acetico,5.0,40.0,18.0,,,,,,Automated solvothermal synthesis,Automated vial; exact geometry in source SI,,,,no crystalline product,,peer_reviewed_high_throughput_literature,Author-assigned HT-PXRD/CV campaign outcome,direct_machine_readable_campaign_key,v13_source_rare_earth_landscape.csv,SOURCE_VERIFIED_SINGLE_CURATION_PASS,False,"Evidence-only: absolute precursor amounts, ligand:metal ratio, and solvent volume are not encoded in the public campaign key.",1,Amorphous / no crystalline product,no crystalline product,Exact author label 'no crystalline product' -> class 1,True,False,False,HT-PXRD campaign key explicitly reports no crystalline product.
V13-REHT-0946,MG2-87-50,10.1039/d5sc09992g,10.5281/zenodo.17902549,https://doi.org/10.1039/d5sc09992g,https://doi.org/10.5281/zenodo.17902549,"Mapping the crystallization landscape of rare earth MOFs: a high-throughput investigation of structure, kinetics, and selectivity","PAIR::y::terephthalic acid (1,4-bdc)",,"terephthalic acid (1,4-BDC)",,,Aromatic dicarboxylate,Y,rare-earth nitrate salt(s); hydration not encoded in campaign key,nitrate,,3,EtOH/H2O (fractions not encoded in campaign key),,Acido acetico,10.0,40.0,18.0,,,,,,Automated solvothermal synthesis,Automated vial; exact geometry in source SI,,,,no solid product,,peer_reviewed_high_throughput_literature,Author-assigned HT-PXRD/CV campaign outcome,direct_machine_readable_campaign_key,v13_source_rare_earth_landscape.csv,SOURCE_VERIFIED_SINGLE_CURATION_PASS,False,"Evidence-only: absolute precursor amounts, ligand:metal ratio, and solvent volume are not encoded in the public campaign key.",0,Failed / no solid product,no solid product,Exact author label 'no solid product' -> class 0,False,False,False,Campaign key explicitly reports no solid product.
V13-REHT-0947,MG2-87-51,10.1039/d5sc09992g,10.5281/zenodo.17902549,https://doi.org/10.1039/d5sc09992g,https://doi.org/10.5281/zenodo.17902549,"Mapping the crystallization landscape of rare earth MOFs: a high-throughput investigation of structure, kinetics, and selectivity","PAIR::y::phthalic acid (1,2-bdc)",,"phthalic acid (1,2-BDC)",,,Aromatic dicarboxylate,Y,rare-earth nitrate salt(s); hydration not encoded in campaign key,nitrate,,3,EtOH/H2O (fractions not encoded in campaign key),,Acido acetico,10.0,40.0,18.0,,,,,,Automated solvothermal synthesis,Automated vial; exact geometry in source SI,,,,no solid product,,peer_reviewed_high_throughput_literature,Author-assigned HT-PXRD/CV campaign outcome,direct_machine_readable_campaign_key,v13_source_rare_earth_landscape.csv,SOURCE_VERIFIED_SINGLE_CURATION_PASS,False,"Evidence-only: absolute precursor amounts, ligand:metal ratio, and solvent volume are not encoded in the public campaign key.",0,Failed / no solid product,no solid product,Exact author label 'no solid product' -> class 0,False,False,False,Campaign key explicitly reports no solid product.
V13-REHT-0948,MG2-87-52,10.1039/d5sc09992g,10.5281/zenodo.17902549,https://doi.org/10.1039/d5sc09992g,https://doi.org/10.5281/zenodo.17902549,"Mapping the crystallization landscape of rare earth MOFs: a high-throughput investigation of structure, kinetics, and selectivity","PAIR::y::isophthalic acid (1,3-bdc)",,"isophthalic acid (1,3-BDC)",,,Aromatic dicarboxylate,Y,rare-earth nitrate salt(s); hydration not encoded in campaign key,nitrate,,3,EtOH/H2O (fractions not encoded in campaign key),,Acido acetico,10.0,40.0,18.0,,,,,,Automated solvothermal synthesis,Automated vial; exact geometry in source SI,,,,no solid product,,peer_reviewed_high_throughput_literature,Author-assigned HT-PXRD/CV campaign outcome,direct_machine_readable_campaign_key,v13_source_rare_earth_landscape.csv,SOURCE_VERIFIED_SINGLE_CURATION_PASS,False,"Evidence-only: absolute precursor amounts, ligand:metal ratio, and solvent volume are not encoded in the public campaign key.",0,Failed / no solid product,no solid product,Exact author label 'no solid product' -> class 0,False,False,False,Campaign key explicitly reports no solid product.
V13-REHT-0949,MG2-87-53,10.1039/d5sc09992g,10.5281/zenodo.17902549,https://doi.org/10.1039/d5sc09992g,https://doi.org/10.5281/zenodo.17902549,"Mapping the crystallization landscape of rare earth MOFs: a high-throughput investigation of structure, kinetics, and selectivity","PAIR::y::benzene-1,3,5-tricarboxylic acid (h3btc)",,"benzene-1,3,5-tricarboxylic acid (H3BTC)",,,Aromatic tricarboxylate,Y,rare-earth nitrate salt(s); hydration not encoded in campaign key,nitrate,,3,EtOH/H2O (fractions not encoded in campaign key),,Acido acetico,10.0,40.0,18.0,,,,,,Automated solvothermal synthesis,Automated vial; exact geometry in source SI,,,,no solid product,,peer_reviewed_high_throughput_literature,Author-assigned HT-PXRD/CV campaign outcome,direct_machine_readable_campaign_key,v13_source_rare_earth_landscape.csv,SOURCE_VERIFIED_SINGLE_CURATION_PASS,False,"Evidence-only: absolute precursor amounts, ligand:metal ratio, and solvent volume are not encoded in the public campaign key.",0,Failed / no solid product,no solid product,Exact author label 'no solid product' -> class 0,False,False,False,Campaign key explicitly reports no solid product.
V13-REHT-0950,MG2-87-54,10.1039/d5sc09992g,10.5281/zenodo.17902549,https://doi.org/10.1039/d5sc09992g,https://doi.org/10.5281/zenodo.17902549,"Mapping the crystallization landscape of rare earth MOFs: a high-throughput investigation of structure, kinetics, and selectivity",PAIR::y::trimellitic acid,,trimellitic acid,,,Aromatic tricarboxylate,Y,rare-earth nitrate salt(s); hydration not encoded in campaign key,nitrate,,3,EtOH/H2O (fractions not encoded in campaign key),,Acido acetico,10.0,40.0,18.0,,,,,,Automated solvothermal synthesis,Automated vial; exact geometry in source SI,,0.339,0.339,no crystalline product,,peer_reviewed_high_throughput_literature,Author-assigned HT-PXRD/CV campaign outcome,direct_machine_readable_campaign_key,v13_source_rare_earth_landscape.csv,SOURCE_VERIFIED_SINGLE_CURATION_PASS,False,"Evidence-only: absolute precursor amounts, ligand:metal ratio, and solvent volume are not encoded in the public campaign key.",1,Amorphous / no crystalline product,no crystalline product,Exact author label 'no crystalline product' -> class 1,True,False,False,HT-PXRD campaign key explicitly reports no crystalline product.
V13-REHT-0951,MG2-87-55,10.1039/d5sc09992g,10.5281/zenodo.17902549,https://doi.org/10.1039/d5sc09992g,https://doi.org/10.5281/zenodo.17902549,"Mapping the crystallization landscape of rare earth MOFs: a high-throughput investigation of structure, kinetics, and selectivity",PAIR::y::pyromellitic acid,,pyromellitic acid,,,Aromatic tetracarboxylate,Y,rare-earth nitrate salt(s); hydration not encoded in campaign key,nitrate,,3,EtOH/H2O (fractions not encoded in campaign key),,Acido acetico,10.0,40.0,18.0,,,,,,Automated solvothermal synthesis,Automated vial; exact geometry in source SI,14.343,14.343,14.343,no crystalline product,,peer_reviewed_high_throughput_literature,Author-assigned HT-PXRD/CV campaign outcome,direct_machine_readable_campaign_key,v13_source_rare_earth_landscape.csv,SOURCE_VERIFIED_SINGLE_CURATION_PASS,False,"Evidence-only: absolute precursor amounts, ligand:metal ratio, and solvent volume are not encoded in the public campaign key.",1,Amorphous / no crystalline product,no crystalline product,Exact author label 'no crystalline product' -> class 1,True,False,False,HT-PXRD campaign key explicitly reports no crystalline product.
V13-REHT-0952,MG2-87-56,10.1039/d5sc09992g,10.5281/zenodo.17902549,https://doi.org/10.1039/d5sc09992g,https://doi.org/10.5281/zenodo.17902549,"Mapping the crystallization landscape of rare earth MOFs: a high-throughput investigation of structure, kinetics, and selectivity",PAIR::y::mellitic acid,,mellitic acid,,,Aromatic hexacarboxylate,Y,rare-earth nitrate salt(s); hydration not encoded in campaign key,nitrate,,3,EtOH/H2O (fractions not encoded in campaign key),,Acido acetico,10.0,40.0,18.0,,,,,,Automated solvothermal synthesis,Automated vial; exact geometry in source SI,0.352,0.352,0.352,no crystalline product,,peer_reviewed_high_throughput_literature,Author-assigned HT-PXRD/CV campaign outcome,direct_machine_readable_campaign_key,v13_source_rare_earth_landscape.csv,SOURCE_VERIFIED_SINGLE_CURATION_PASS,False,"Evidence-only: absolute precursor amounts, ligand:metal ratio, and solvent volume are not encoded in the public campaign key.",1,Amorphous / no crystalline product,no crystalline product,Exact author label 'no crystalline product' -> class 1,True,False,False,HT-PXRD campaign key explicitly reports no crystalline product.
V13-REHT-0953,MG2-87-57,10.1039/d5sc09992g,10.5281/zenodo.17902549,https://doi.org/10.1039/d5sc09992g,https://doi.org/10.5281/zenodo.17902549,"Mapping the crystallization landscape of rare earth MOFs: a high-throughput investigation of structure, kinetics, and selectivity","PAIR::la::terephthalic acid (1,4-bdc)",,"terephthalic acid (1,4-BDC)",,,Aromatic dicarboxylate,La,rare-earth nitrate salt(s); hydration not encoded in campaign key,nitrate,,3,EtOH/H2O (fractions not encoded in campaign key),,Nessuno,0.0,40.0,18.0,,,,,,Automated solvothermal synthesis,Automated vial; exact geometry in source SI,,,,no solid product,,peer_reviewed_high_throughput_literature,Author-assigned HT-PXRD/CV campaign outcome,direct_machine_readable_campaign_key,v13_source_rare_earth_landscape.csv,SOURCE_VERIFIED_SINGLE_CURATION_PASS,False,"Evidence-only: absolute precursor amounts, ligand:metal ratio, and solvent volume are not encoded in the public campaign key.",0,Failed / no solid product,no solid product,Exact author label 'no solid product' -> class 0,False,False,False,Campaign key explicitly reports no solid product.
V13-REHT-0954,MG2-87-58,10.1039/d5sc09992g,10.5281/zenodo.17902549,https://doi.org/10.1039/d5sc09992g,https://doi.org/10.5281/zenodo.17902549,"Mapping the crystallization landscape of rare earth MOFs: a high-throughput investigation of structure, kinetics, and selectivity","PAIR::la::phthalic acid (1,2-bdc)",,"phthalic acid (1,2-BDC)",,,Aromatic dicarboxylate,La,rare-earth nitrate salt(s); hydration not encoded in campaign key,nitrate,,3,EtOH/H2O (fractions not encoded in campaign key),,Nessuno,0.0,40.0,18.0,,,,,,Automated solvothermal synthesis,Automated vial; exact geometry in source SI,,,,no solid product,,peer_reviewed_high_throughput_literature,Author-assigned HT-PXRD/CV campaign outcome,direct_machine_readable_campaign_key,v13_source_rare_earth_landscape.csv,SOURCE_VERIFIED_SINGLE_CURATION_PASS,False,"Evidence-only: absolute precursor amounts, ligand:metal ratio, and solvent volume are not encoded in the public campaign key.",0,Failed / no solid product,no solid product,Exact author label 'no solid product' -> class 0,False,False,False,Campaign key explicitly reports no solid product.
V13-REHT-0955,MG2-87-59,10.1039/d5sc09992g,10.5281/zenodo.17902549,https://doi.org/10.1039/d5sc09992g,https://doi.org/10.5281/zenodo.17902549,"Mapping the crystallization landscape of rare earth MOFs: a high-throughput investigation of structure, kinetics, and selectivity","PAIR::la::isophthalic acid (1,3-bdc)",,"isophthalic acid (1,3-BDC)",,,Aromatic dicarboxylate,La,rare-earth nitrate salt(s); hydration not encoded in campaign key,nitrate,,3,EtOH/H2O (fractions not encoded in campaign key),,Nessuno,0.0,40.0,18.0,,,,,,Automated solvothermal synthesis,Automated vial; exact geometry in source SI,,,,no solid product,,peer_reviewed_high_throughput_literature,Author-assigned HT-PXRD/CV campaign outcome,direct_machine_readable_campaign_key,v13_source_rare_earth_landscape.csv,SOURCE_VERIFIED_SINGLE_CURATION_PASS,False,"Evidence-only: absolute precursor amounts, ligand:metal ratio, and solvent volume are not encoded in the public campaign key.",0,Failed / no solid product,no solid product,Exact author label 'no solid product' -> class 0,False,False,False,Campaign key explicitly reports no solid product.
V13-REHT-0960,MG2-87-64,10.1039/d5sc09992g,10.5281/zenodo.17902549,https://doi.org/10.1039/d5sc09992g,https://doi.org/10.5281/zenodo.17902549,"Mapping the crystallization landscape of rare earth MOFs: a high-throughput investigation of structure, kinetics, and selectivity","PAIR::la::terephthalic acid (1,4-bdc)",,"terephthalic acid (1,4-BDC)",,,Aromatic dicarboxylate,La,rare-earth nitrate salt(s); hydration not encoded in campaign key,nitrate,,3,EtOH/H2O (fractions not encoded in campaign key),,Acido acetico,2.0,40.0,18.0,,,,,,Automated solvothermal synthesis,Automated vial; exact geometry in source SI,,,,no solid product,,peer_reviewed_high_throughput_literature,Author-assigned HT-PXRD/CV campaign outcome,direct_machine_readable_campaign_key,v13_source_rare_earth_landscape.csv,SOURCE_VERIFIED_SINGLE_CURATION_PASS,False,"Evidence-only: absolute precursor amounts, ligand:metal ratio, and solvent volume are not encoded in the public campaign key.",0,Failed / no solid product,no solid product,Exact author label 'no solid product' -> class 0,False,False,False,Campaign key explicitly reports no solid product.
V13-REHT-0961,MG2-87-65,10.1039/d5sc09992g,10.5281/zenodo.17902549,https://doi.org/10.1039/d5sc09992g,https://doi.org/10.5281/zenodo.17902549,"Mapping the crystallization landscape of rare earth MOFs: a high-throughput investigation of structure, kinetics, and selectivity","PAIR::la::phthalic acid (1,2-bdc)",,"phthalic acid (1,2-BDC)",,,Aromatic dicarboxylate,La,rare-earth nitrate salt(s); hydration not encoded in campaign key,nitrate,,3,EtOH/H2O (fractions not encoded in campaign key),,Acido acetico,2.0,40.0,18.0,,,,,,Automated solvothermal synthesis,Automated vial; exact geometry in source SI,,0.953,0.953,no solid product,,peer_reviewed_high_throughput_literature,Author-assigned HT-PXRD/CV campaign outcome,direct_machine_readable_campaign_key,v13_source_rare_earth_landscape.csv,SOURCE_VERIFIED_SINGLE_CURATION_PASS,False,"Evidence-only: absolute precursor amounts, ligand:metal ratio, and solvent volume are not encoded in the public campaign key.",0,Failed / no solid product,no solid product,Exact author label 'no solid product' -> class 0,False,False,False,Campaign key explicitly reports no solid product.
V13-REHT-0962,MG2-87-66,10.1039/d5sc09992g,10.5281/zenodo.17902549,https://doi.org/10.1039/d5sc09992g,https://doi.org/10.5281/zenodo.17902549,"Mapping the crystallization landscape of rare earth MOFs: a high-throughput investigation of structure, kinetics, and selectivity","PAIR::la::isophthalic acid (1,3-bdc)",,"isophthalic acid (1,3-BDC)",,,Aromatic dicarboxylate,La,rare-earth nitrate salt(s); hydration not encoded in campaign key,nitrate,,3,EtOH/H2O (fractions not encoded in campaign key),,Acido acetico,2.0,40.0,18.0,,,,,,Automated solvothermal synthesis,Automated vial; exact geometry in source SI,10.416,,10.416,no solid product,,peer_reviewed_high_throughput_literature,Author-assigned HT-PXRD/CV campaign outcome,direct_machine_readable_campaign_key,v13_source_rare_earth_landscape.csv,SOURCE_VERIFIED_SINGLE_CURATION_PASS,False,"Evidence-only: absolute precursor amounts, ligand:metal ratio, and solvent volume are not encoded in the public campaign key.",0,Failed / no solid product,no solid product,Exact author label 'no solid product' -> class 0,False,False,False,Campaign key explicitly reports no solid product.
V13-REHT-0967,MG2-87-71,10.1039/d5sc09992g,10.5281/zenodo.17902549,https://doi.org/10.1039/d5sc09992g,https://doi.org/10.5281/zenodo.17902549,"Mapping the crystallization landscape of rare earth MOFs: a high-throughput investigation of structure, kinetics, and selectivity","PAIR::la::terephthalic acid (1,4-bdc)",,"terephthalic acid (1,4-BDC)",,,Aromatic dicarboxylate,La,rare-earth nitrate salt(s); hydration not encoded in campaign key,nitrate,,3,EtOH/H2O (fractions not encoded in campaign key),,Acido acetico,5.0,40.0,18.0,,,,,,Automated solvothermal synthesis,Automated vial; exact geometry in source SI,,,,no solid product,,peer_reviewed_high_throughput_literature,Author-assigned HT-PXRD/CV campaign outcome,direct_machine_readable_campaign_key,v13_source_rare_earth_landscape.csv,SOURCE_VERIFIED_SINGLE_CURATION_PASS,False,"Evidence-only: absolute precursor amounts, ligand:metal ratio, and solvent volume are not encoded in the public campaign key.",0,Failed / no solid product,no solid product,Exact author label 'no solid product' -> class 0,False,False,False,Campaign key explicitly reports no solid product.
V13-REHT-0968,MG2-87-72,10.1039/d5sc09992g,10.5281/zenodo.17902549,https://doi.org/10.1039/d5sc09992g,https://doi.org/10.5281/zenodo.17902549,"Mapping the crystallization landscape of rare earth MOFs: a high-throughput investigation of structure, kinetics, and selectivity","PAIR::la::phthalic acid (1,2-bdc)",,"phthalic acid (1,2-BDC)",,,Aromatic dicarboxylate,La,rare-earth nitrate salt(s); hydration not encoded in campaign key,nitrate,,3,EtOH/H2O (fractions not encoded in campaign key),,Acido acetico,5.0,40.0,18.0,,,,,,Automated solvothermal synthesis,Automated vial; exact geometry in source SI,,,,no solid product,,peer_reviewed_high_throughput_literature,Author-assigned HT-PXRD/CV campaign outcome,direct_machine_readable_campaign_key,v13_source_rare_earth_landscape.csv,SOURCE_VERIFIED_SINGLE_CURATION_PASS,False,"Evidence-only: absolute precursor amounts, ligand:metal ratio, and solvent volume are not encoded in the public campaign key.",0,Failed / no solid product,no solid product,Exact author label 'no solid product' -> class 0,False,False,False,Campaign key explicitly reports no solid product.
V13-REHT-0969,MG2-87-73,10.1039/d5sc09992g,10.5281/zenodo.17902549,https://doi.org/10.1039/d5sc09992g,https://doi.org/10.5281/zenodo.17902549,"Mapping the crystallization landscape of rare earth MOFs: a high-throughput investigation of structure, kinetics, and selectivity","PAIR::la::isophthalic acid (1,3-bdc)",,"isophthalic acid (1,3-BDC)",,,Aromatic dicarboxylate,La,rare-earth nitrate salt(s); hydration not encoded in campaign key,nitrate,,3,EtOH/H2O (fractions not encoded in campaign key),,Acido acetico,5.0,40.0,18.0,,,,,,Automated solvothermal synthesis,Automated vial; exact geometry in source SI,,,,no solid product,,peer_reviewed_high_throughput_literature,Author-assigned HT-PXRD/CV campaign outcome,direct_machine_readable_campaign_key,v13_source_rare_earth_landscape.csv,SOURCE_VERIFIED_SINGLE_CURATION_PASS,False,"Evidence-only: absolute precursor amounts, ligand:metal ratio, and solvent volume are not encoded in the public campaign key.",0,Failed / no solid product,no solid product,Exact author label 'no solid product' -> class 0,False,False,False,Campaign key explicitly reports no solid product.
V13-REHT-0974,MG2-87-78,10.1039/d5sc09992g,10.5281/zenodo.17902549,https://doi.org/10.1039/d5sc09992g,https://doi.org/10.5281/zenodo.17902549,"Mapping the crystallization landscape of rare earth MOFs: a high-throughput investigation of structure, kinetics, and selectivity","PAIR::la::terephthalic acid (1,4-bdc)",,"terephthalic acid (1,4-BDC)",,,Aromatic dicarboxylate,La,rare-earth nitrate salt(s); hydration not encoded in campaign key,nitrate,,3,EtOH/H2O (fractions not encoded in campaign key),,Acido acetico,10.0,40.0,18.0,,,,,,Automated solvothermal synthesis,Automated vial; exact geometry in source SI,,,,no solid product,,peer_reviewed_high_throughput_literature,Author-assigned HT-PXRD/CV campaign outcome,direct_machine_readable_campaign_key,v13_source_rare_earth_landscape.csv,SOURCE_VERIFIED_SINGLE_CURATION_PASS,False,"Evidence-only: absolute precursor amounts, ligand:metal ratio, and solvent volume are not encoded in the public campaign key.",0,Failed / no solid product,no solid product,Exact author label 'no solid product' -> class 0,False,False,False,Campaign key explicitly reports no solid product.
V13-REHT-0975,MG2-87-79,10.1039/d5sc09992g,10.5281/zenodo.17902549,https://doi.org/10.1039/d5sc09992g,https://doi.org/10.5281/zenodo.17902549,"Mapping the crystallization landscape of rare earth MOFs: a high-throughput investigation of structure, kinetics, and selectivity","PAIR::la::phthalic acid (1,2-bdc)",,"phthalic acid (1,2-BDC)",,,Aromatic dicarboxylate,La,rare-earth nitrate salt(s); hydration not encoded in campaign key,nitrate,,3,EtOH/H2O (fractions not encoded in campaign key),,Acido acetico,10.0,40.0,18.0,,,,,,Automated solvothermal synthesis,Automated vial; exact geometry in source SI,,,,no solid product,,peer_reviewed_high_throughput_literature,Author-assigned HT-PXRD/CV campaign outcome,direct_machine_readable_campaign_key,v13_source_rare_earth_landscape.csv,SOURCE_VERIFIED_SINGLE_CURATION_PASS,False,"Evidence-only: absolute precursor amounts, ligand:metal ratio, and solvent volume are not encoded in the public campaign key.",0,Failed / no solid product,no solid product,Exact author label 'no solid product' -> class 0,False,False,False,Campaign key explicitly reports no solid product.
V13-REHT-0976,MG2-87-80,10.1039/d5sc09992g,10.5281/zenodo.17902549,https://doi.org/10.1039/d5sc09992g,https://doi.org/10.5281/zenodo.17902549,"Mapping the crystallization landscape of rare earth MOFs: a high-throughput investigation of structure, kinetics, and selectivity","PAIR::la::isophthalic acid (1,3-bdc)",,"isophthalic acid (1,3-BDC)",,,Aromatic dicarboxylate,La,rare-earth nitrate salt(s); hydration not encoded in campaign key,nitrate,,3,EtOH/H2O (fractions not encoded in campaign key),,Acido acetico,10.0,40.0,18.0,,,,,,Automated solvothermal synthesis,Automated vial; exact geometry in source SI,,,,no solid product,,peer_reviewed_high_throughput_literature,Author-assigned HT-PXRD/CV campaign outcome,direct_machine_readable_campaign_key,v13_source_rare_earth_landscape.csv,SOURCE_VERIFIED_SINGLE_CURATION_PASS,False,"Evidence-only: absolute precursor amounts, ligand:metal ratio, and solvent volume are not encoded in the public campaign key.",0,Failed / no solid product,no solid product,Exact author label 'no solid product' -> class 0,False,False,False,Campaign key explicitly reports no solid product.
V13-REHT-0978,MG2-87-82,10.1039/d5sc09992g,10.5281/zenodo.17902549,https://doi.org/10.1039/d5sc09992g,https://doi.org/10.5281/zenodo.17902549,"Mapping the crystallization landscape of rare earth MOFs: a high-throughput investigation of structure, kinetics, and selectivity",PAIR::la::trimellitic acid,,trimellitic acid,,,Aromatic tricarboxylate,La,rare-earth nitrate salt(s); hydration not encoded in campaign key,nitrate,,3,EtOH/H2O (fractions not encoded in campaign key),,Acido acetico,10.0,40.0,18.0,,,,,,Automated solvothermal synthesis,Automated vial; exact geometry in source SI,19.526,19.526,19.526,no crystalline product,,peer_reviewed_high_throughput_literature,Author-assigned HT-PXRD/CV campaign outcome,direct_machine_readable_campaign_key,v13_source_rare_earth_landscape.csv,SOURCE_VERIFIED_SINGLE_CURATION_PASS,False,"Evidence-only: absolute precursor amounts, ligand:metal ratio, and solvent volume are not encoded in the public campaign key.",1,Amorphous / no crystalline product,no crystalline product,Exact author label 'no crystalline product' -> class 1,True,False,False,HT-PXRD campaign key explicitly reports no crystalline product.
V13-REHT-0981,MG2-88-01,10.1039/d5sc09992g,10.5281/zenodo.17902549,https://doi.org/10.1039/d5sc09992g,https://doi.org/10.5281/zenodo.17902549,"Mapping the crystallization landscape of rare earth MOFs: a high-throughput investigation of structure, kinetics, and selectivity","PAIR::ce::terephthalic acid (1,4-bdc)",,"terephthalic acid (1,4-BDC)",,,Aromatic dicarboxylate,Ce,rare-earth nitrate salt(s); hydration not encoded in campaign key,nitrate,,3,EtOH/H2O (fractions not encoded in campaign key),,Nessuno,0.0,40.0,18.0,,,,,,Automated solvothermal synthesis,Automated vial; exact geometry in source SI,,18.998,18.998,no solid product,,peer_reviewed_high_throughput_literature,Author-assigned HT-PXRD/CV campaign outcome,direct_machine_readable_campaign_key,v13_source_rare_earth_landscape.csv,SOURCE_VERIFIED_SINGLE_CURATION_PASS,False,"Evidence-only: absolute precursor amounts, ligand:metal ratio, and solvent volume are not encoded in the public campaign key.",0,Failed / no solid product,no solid product,Exact author label 'no solid product' -> class 0,False,False,False,Campaign key explicitly reports no solid product.
V13-REHT-0982,MG2-88-02,10.1039/d5sc09992g,10.5281/zenodo.17902549,https://doi.org/10.1039/d5sc09992g,https://doi.org/10.5281/zenodo.17902549,"Mapping the crystallization landscape of rare earth MOFs: a high-throughput investigation of structure, kinetics, and selectivity","PAIR::ce::phthalic acid (1,2-bdc)",,"phthalic acid (1,2-BDC)",,,Aromatic dicarboxylate,Ce,rare-earth nitrate salt(s); hydration not encoded in campaign key,nitrate,,3,EtOH/H2O (fractions not encoded in campaign key),,Nessuno,0.0,40.0,18.0,,,,,,Automated solvothermal synthesis,Automated vial; exact geometry in source SI,,,,no solid product,,peer_reviewed_high_throughput_literature,Author-assigned HT-PXRD/CV campaign outcome,direct_machine_readable_campaign_key,v13_source_rare_earth_landscape.csv,SOURCE_VERIFIED_SINGLE_CURATION_PASS,False,"Evidence-only: absolute precursor amounts, ligand:metal ratio, and solvent volume are not encoded in the public campaign key.",0,Failed / no solid product,no solid product,Exact author label 'no solid product' -> class 0,False,False,False,Campaign key explicitly reports no solid product.
V13-REHT-0983,MG2-88-03,10.1039/d5sc09992g,10.5281/zenodo.17902549,https://doi.org/10.1039/d5sc09992g,https://doi.org/10.5281/zenodo.17902549,"Mapping the crystallization landscape of rare earth MOFs: a high-throughput investigation of structure, kinetics, and selectivity","PAIR::ce::isophthalic acid (1,3-bdc)",,"isophthalic acid (1,3-BDC)",,,Aromatic dicarboxylate,Ce,rare-earth nitrate salt(s); hydration not encoded in campaign key,nitrate,,3,EtOH/H2O (fractions not encoded in campaign key),,Nessuno,0.0,40.0,18.0,,,,,,Automated solvothermal synthesis,Automated vial; exact geometry in source SI,,,,no solid product,,peer_reviewed_high_throughput_literature,Author-assigned HT-PXRD/CV campaign outcome,direct_machine_readable_campaign_key,v13_source_rare_earth_landscape.csv,SOURCE_VERIFIED_SINGLE_CURATION_PASS,False,"Evidence-only: absolute precursor amounts, ligand:metal ratio, and solvent volume are not encoded in the public campaign key.",0,Failed / no solid product,no solid product,Exact author label 'no solid product' -> class 0,False,False,False,Campaign key explicitly reports no solid product.
V13-REHT-0988,MG2-88-08,10.1039/d5sc09992g,10.5281/zenodo.17902549,https://doi.org/10.1039/d5sc09992g,https://doi.org/10.5281/zenodo.17902549,"Mapping the crystallization landscape of rare earth MOFs: a high-throughput investigation of structure, kinetics, and selectivity","PAIR::ce::terephthalic acid (1,4-bdc)",,"terephthalic acid (1,4-BDC)",,,Aromatic dicarboxylate,Ce,rare-earth nitrate salt(s); hydration not encoded in campaign key,nitrate,,3,EtOH/H2O (fractions not encoded in campaign key),,Acido acetico,2.0,40.0,18.0,,,,,,Automated solvothermal synthesis,Automated vial; exact geometry in source SI,,,,no solid product,,peer_reviewed_high_throughput_literature,Author-assigned HT-PXRD/CV campaign outcome,direct_machine_readable_campaign_key,v13_source_rare_earth_landscape.csv,SOURCE_VERIFIED_SINGLE_CURATION_PASS,False,"Evidence-only: absolute precursor amounts, ligand:metal ratio, and solvent volume are not encoded in the public campaign key.",0,Failed / no solid product,no solid product,Exact author label 'no solid product' -> class 0,False,False,False,Campaign key explicitly reports no solid product.
V13-REHT-0989,MG2-88-09,10.1039/d5sc09992g,10.5281/zenodo.17902549,https://doi.org/10.1039/d5sc09992g,https://doi.org/10.5281/zenodo.17902549,"Mapping the crystallization landscape of rare earth MOFs: a high-throughput investigation of structure, kinetics, and selectivity","PAIR::ce::phthalic acid (1,2-bdc)",,"phthalic acid (1,2-BDC)",,,Aromatic dicarboxylate,Ce,rare-earth nitrate salt(s); hydration not encoded in campaign key,nitrate,,3,EtOH/H2O (fractions not encoded in campaign key),,Acido acetico,2.0,40.0,18.0,,,,,,Automated solvothermal synthesis,Automated vial; exact geometry in source SI,,,,no solid product,,peer_reviewed_high_throughput_literature,Author-assigned HT-PXRD/CV campaign outcome,direct_machine_readable_campaign_key,v13_source_rare_earth_landscape.csv,SOURCE_VERIFIED_SINGLE_CURATION_PASS,False,"Evidence-only: absolute precursor amounts, ligand:metal ratio, and solvent volume are not encoded in the public campaign key.",0,Failed / no solid product,no solid product,Exact author label 'no solid product' -> class 0,False,False,False,Campaign key explicitly reports no solid product.
V13-REHT-0990,MG2-88-10,10.1039/d5sc09992g,10.5281/zenodo.17902549,https://doi.org/10.1039/d5sc09992g,https://doi.org/10.5281/zenodo.17902549,"Mapping the crystallization landscape of rare earth MOFs: a high-throughput investigation of structure, kinetics, and selectivity","PAIR::ce::isophthalic acid (1,3-bdc)",,"isophthalic acid (1,3-BDC)",,,Aromatic dicarboxylate,Ce,rare-earth nitrate salt(s); hydration not encoded in campaign key,nitrate,,3,EtOH/H2O (fractions not encoded in campaign key),,Acido acetico,2.0,40.0,18.0,,,,,,Automated solvothermal synthesis,Automated vial; exact geometry in source SI,,,,no solid product,,peer_reviewed_high_throughput_literature,Author-assigned HT-PXRD/CV campaign outcome,direct_machine_readable_campaign_key,v13_source_rare_earth_landscape.csv,SOURCE_VERIFIED_SINGLE_CURATION_PASS,False,"Evidence-only: absolute precursor amounts, ligand:metal ratio, and solvent volume are not encoded in the public campaign key.",0,Failed / no solid product,no solid product,Exact author label 'no solid product' -> class 0,False,False,False,Campaign key explicitly reports no solid product.
V13-REHT-0995,MG2-88-15,10.1039/d5sc09992g,10.5281/zenodo.17902549,https://doi.org/10.1039/d5sc09992g,https://doi.org/10.5281/zenodo.17902549,"Mapping the crystallization landscape of rare earth MOFs: a high-throughput investigation of structure, kinetics, and selectivity","PAIR::ce::terephthalic acid (1,4-bdc)",,"terephthalic acid (1,4-BDC)",,,Aromatic dicarboxylate,Ce,rare-earth nitrate salt(s); hydration not encoded in campaign key,nitrate,,3,EtOH/H2O (fractions not encoded in campaign key),,Acido acetico,5.0,40.0,18.0,,,,,,Automated solvothermal synthesis,Automated vial; exact geometry in source SI,,,,no solid product,,peer_reviewed_high_throughput_literature,Author-assigned HT-PXRD/CV campaign outcome,direct_machine_readable_campaign_key,v13_source_rare_earth_landscape.csv,SOURCE_VERIFIED_SINGLE_CURATION_PASS,False,"Evidence-only: absolute precursor amounts, ligand:metal ratio, and solvent volume are not encoded in the public campaign key.",0,Failed / no solid product,no solid product,Exact author label 'no solid product' -> class 0,False,False,False,Campaign key explicitly reports no solid product.
V13-REHT-0996,MG2-88-16,10.1039/d5sc09992g,10.5281/zenodo.17902549,https://doi.org/10.1039/d5sc09992g,https://doi.org/10.5281/zenodo.17902549,"Mapping the crystallization landscape of rare earth MOFs: a high-throughput investigation of structure, kinetics, and selectivity","PAIR::ce::phthalic acid (1,2-bdc)",,"phthalic acid (1,2-BDC)",,,Aromatic dicarboxylate,Ce,rare-earth nitrate salt(s); hydration not encoded in campaign key,nitrate,,3,EtOH/H2O (fractions not encoded in campaign key),,Acido acetico,5.0,40.0,18.0,,,,,,Automated solvothermal synthesis,Automated vial; exact geometry in source SI,,,,no solid product,,peer_reviewed_high_throughput_literature,Author-assigned HT-PXRD/CV campaign outcome,direct_machine_readable_campaign_key,v13_source_rare_earth_landscape.csv,SOURCE_VERIFIED_SINGLE_CURATION_PASS,False,"Evidence-only: absolute precursor amounts, ligand:metal ratio, and solvent volume are not encoded in the public campaign key.",0,Failed / no solid product,no solid product,Exact author label 'no solid product' -> class 0,False,False,False,Campaign key explicitly reports no solid product.
V13-REHT-0997,MG2-88-17,10.1039/d5sc09992g,10.5281/zenodo.17902549,https://doi.org/10.1039/d5sc09992g,https://doi.org/10.5281/zenodo.17902549,"Mapping the crystallization landscape of rare earth MOFs: a high-throughput investigation of structure, kinetics, and selectivity","PAIR::ce::isophthalic acid (1,3-bdc)",,"isophthalic acid (1,3-BDC)",,,Aromatic dicarboxylate,Ce,rare-earth nitrate salt(s); hydration not encoded in campaign key,nitrate,,3,EtOH/H2O (fractions not encoded in campaign key),,Acido acetico,5.0,40.0,18.0,,,,,,Automated solvothermal synthesis,Automated vial; exact geometry in source SI,,,,no solid product,,peer_reviewed_high_throughput_literature,Author-assigned HT-PXRD/CV campaign outcome,direct_machine_readable_campaign_key,v13_source_rare_earth_landscape.csv,SOURCE_VERIFIED_SINGLE_CURATION_PASS,False,"Evidence-only: absolute precursor amounts, ligand:metal ratio, and solvent volume are not encoded in the public campaign key.",0,Failed / no solid product,no solid product,Exact author label 'no solid product' -> class 0,False,False,False,Campaign key explicitly reports no solid product.
V13-REHT-1002,MG2-88-22,10.1039/d5sc09992g,10.5281/zenodo.17902549,https://doi.org/10.1039/d5sc09992g,https://doi.org/10.5281/zenodo.17902549,"Mapping the crystallization landscape of rare earth MOFs: a high-throughput investigation of structure, kinetics, and selectivity","PAIR::ce::terephthalic acid (1,4-bdc)",,"terephthalic acid (1,4-BDC)",,,Aromatic dicarboxylate,Ce,rare-earth nitrate salt(s); hydration not encoded in campaign key,nitrate,,3,EtOH/H2O (fractions not encoded in campaign key),,Acido acetico,10.0,40.0,18.0,,,,,,Automated solvothermal synthesis,Automated vial; exact geometry in source SI,,,,no solid product,,peer_reviewed_high_throughput_literature,Author-assigned HT-PXRD/CV campaign outcome,direct_machine_readable_campaign_key,v13_source_rare_earth_landscape.csv,SOURCE_VERIFIED_SINGLE_CURATION_PASS,False,"Evidence-only: absolute precursor amounts, ligand:metal ratio, and solvent volume are not encoded in the public campaign key.",0,Failed / no solid product,no solid product,Exact author label 'no solid product' -> class 0,False,False,False,Campaign key explicitly reports no solid product.
V13-REHT-1003,MG2-88-23,10.1039/d5sc09992g,10.5281/zenodo.17902549,https://doi.org/10.1039/d5sc09992g,https://doi.org/10.5281/zenodo.17902549,"Mapping the crystallization landscape of rare earth MOFs: a high-throughput investigation of structure, kinetics, and selectivity","PAIR::ce::phthalic acid (1,2-bdc)",,"phthalic acid (1,2-BDC)",,,Aromatic dicarboxylate,Ce,rare-earth nitrate salt(s); hydration not encoded in campaign key,nitrate,,3,EtOH/H2O (fractions not encoded in campaign key),,Acido acetico,10.0,40.0,18.0,,,,,,Automated solvothermal synthesis,Automated vial; exact geometry in source SI,,,,no solid product,,peer_reviewed_high_throughput_literature,Author-assigned HT-PXRD/CV campaign outcome,direct_machine_readable_campaign_key,v13_source_rare_earth_landscape.csv,SOURCE_VERIFIED_SINGLE_CURATION_PASS,False,"Evidence-only: absolute precursor amounts, ligand:metal ratio, and solvent volume are not encoded in the public campaign key.",0,Failed / no solid product,no solid product,Exact author label 'no solid product' -> class 0,False,False,False,Campaign key explicitly reports no solid product.
V13-REHT-1004,MG2-88-24,10.1039/d5sc09992g,10.5281/zenodo.17902549,https://doi.org/10.1039/d5sc09992g,https://doi.org/10.5281/zenodo.17902549,"Mapping the crystallization landscape of rare earth MOFs: a high-throughput investigation of structure, kinetics, and selectivity","PAIR::ce::isophthalic acid (1,3-bdc)",,"isophthalic acid (1,3-BDC)",,,Aromatic dicarboxylate,Ce,rare-earth nitrate salt(s); hydration not encoded in campaign key,nitrate,,3,EtOH/H2O (fractions not encoded in campaign key),,Acido acetico,10.0,40.0,18.0,,,,,,Automated solvothermal synthesis,Automated vial; exact geometry in source SI,,,,no solid product,,peer_reviewed_high_throughput_literature,Author-assigned HT-PXRD/CV campaign outcome,direct_machine_readable_campaign_key,v13_source_rare_earth_landscape.csv,SOURCE_VERIFIED_SINGLE_CURATION_PASS,False,"Evidence-only: absolute precursor amounts, ligand:metal ratio, and solvent volume are not encoded in the public campaign key.",0,Failed / no solid product,no solid product,Exact author label 'no solid product' -> class 0,False,False,False,Campaign key explicitly reports no solid product.
V13-REHT-1006,MG2-88-26,10.1039/d5sc09992g,10.5281/zenodo.17902549,https://doi.org/10.1039/d5sc09992g,https://doi.org/10.5281/zenodo.17902549,"Mapping the crystallization landscape of rare earth MOFs: a high-throughput investigation of structure, kinetics, and selectivity",PAIR::ce::trimellitic acid,,trimellitic acid,,,Aromatic tricarboxylate,Ce,rare-earth nitrate salt(s); hydration not encoded in campaign key,nitrate,,3,EtOH/H2O (fractions not encoded in campaign key),,Acido acetico,10.0,40.0,18.0,,,,,,Automated solvothermal synthesis,Automated vial; exact geometry in source SI,10.157,19.156,10.157,no crystalline product,,peer_reviewed_high_throughput_literature,Author-assigned HT-PXRD/CV campaign outcome,direct_machine_readable_campaign_key,v13_source_rare_earth_landscape.csv,SOURCE_VERIFIED_SINGLE_CURATION_PASS,False,"Evidence-only: absolute precursor amounts, ligand:metal ratio, and solvent volume are not encoded in the public campaign key.",1,Amorphous / no crystalline product,no crystalline product,Exact author label 'no crystalline product' -> class 1,True,False,False,HT-PXRD campaign key explicitly reports no crystalline product.
V13-REHT-1009,MG2-88-29,10.1039/d5sc09992g,10.5281/zenodo.17902549,https://doi.org/10.1039/d5sc09992g,https://doi.org/10.5281/zenodo.17902549,"Mapping the crystallization landscape of rare earth MOFs: a high-throughput investigation of structure, kinetics, and selectivity","PAIR::pr::terephthalic acid (1,4-bdc)",,"terephthalic acid (1,4-BDC)",,,Aromatic dicarboxylate,Pr,rare-earth nitrate salt(s); hydration not encoded in campaign key,nitrate,,3,EtOH/H2O (fractions not encoded in campaign key),,Nessuno,0.0,40.0,18.0,,,,,,Automated solvothermal synthesis,Automated vial; exact geometry in source SI,,,,no solid product,,peer_reviewed_high_throughput_literature,Author-assigned HT-PXRD/CV campaign outcome,direct_machine_readable_campaign_key,v13_source_rare_earth_landscape.csv,SOURCE_VERIFIED_SINGLE_CURATION_PASS,False,"Evidence-only: absolute precursor amounts, ligand:metal ratio, and solvent volume are not encoded in the public campaign key.",0,Failed / no solid product,no solid product,Exact author label 'no solid product' -> class 0,False,False,False,Campaign key explicitly reports no solid product.
V13-REHT-1010,MG2-88-30,10.1039/d5sc09992g,10.5281/zenodo.17902549,https://doi.org/10.1039/d5sc09992g,https://doi.org/10.5281/zenodo.17902549,"Mapping the crystallization landscape of rare earth MOFs: a high-throughput investigation of structure, kinetics, and selectivity","PAIR::pr::phthalic acid (1,2-bdc)",,"phthalic acid (1,2-BDC)",,,Aromatic dicarboxylate,Pr,rare-earth nitrate salt(s); hydration not encoded in campaign key,nitrate,,3,EtOH/H2O (fractions not encoded in campaign key),,Nessuno,0.0,40.0,18.0,,,,,,Automated solvothermal synthesis,Automated vial; exact geometry in source SI,,,,no solid product,,peer_reviewed_high_throughput_literature,Author-assigned HT-PXRD/CV campaign outcome,direct_machine_readable_campaign_key,v13_source_rare_earth_landscape.csv,SOURCE_VERIFIED_SINGLE_CURATION_PASS,False,"Evidence-only: absolute precursor amounts, ligand:metal ratio, and solvent volume are not encoded in the public campaign key.",0,Failed / no solid product,no solid product,Exact author label 'no solid product' -> class 0,False,False,False,Campaign key explicitly reports no solid product.
V13-REHT-1011,MG2-88-31,10.1039/d5sc09992g,10.5281/zenodo.17902549,https://doi.org/10.1039/d5sc09992g,https://doi.org/10.5281/zenodo.17902549,"Mapping the crystallization landscape of rare earth MOFs: a high-throughput investigation of structure, kinetics, and selectivity","PAIR::pr::isophthalic acid (1,3-bdc)",,"isophthalic acid (1,3-BDC)",,,Aromatic dicarboxylate,Pr,rare-earth nitrate salt(s); hydration not encoded in campaign key,nitrate,,3,EtOH/H2O (fractions not encoded in campaign key),,Nessuno,0.0,40.0,18.0,,,,,,Automated solvothermal synthesis,Automated vial; exact geometry in source SI,14.191,,14.191,no solid product,,peer_reviewed_high_throughput_literature,Author-assigned HT-PXRD/CV campaign outcome,direct_machine_readable_campaign_key,v13_source_rare_earth_landscape.csv,SOURCE_VERIFIED_SINGLE_CURATION_PASS,False,"Evidence-only: absolute precursor amounts, ligand:metal ratio, and solvent volume are not encoded in the public campaign key.",0,Failed / no solid product,no solid product,Exact author label 'no solid product' -> class 0,False,False,False,Campaign key explicitly reports no solid product.
V13-REHT-1016,MG2-88-36,10.1039/d5sc09992g,10.5281/zenodo.17902549,https://doi.org/10.1039/d5sc09992g,https://doi.org/10.5281/zenodo.17902549,"Mapping the crystallization landscape of rare earth MOFs: a high-throughput investigation of structure, kinetics, and selectivity","PAIR::pr::terephthalic acid (1,4-bdc)",,"terephthalic acid (1,4-BDC)",,,Aromatic dicarboxylate,Pr,rare-earth nitrate salt(s); hydration not encoded in campaign key,nitrate,,3,EtOH/H2O (fractions not encoded in campaign key),,Acido acetico,2.0,40.0,18.0,,,,,,Automated solvothermal synthesis,Automated vial; exact geometry in source SI,,,,no solid product,,peer_reviewed_high_throughput_literature,Author-assigned HT-PXRD/CV campaign outcome,direct_machine_readable_campaign_key,v13_source_rare_earth_landscape.csv,SOURCE_VERIFIED_SINGLE_CURATION_PASS,False,"Evidence-only: absolute precursor amounts, ligand:metal ratio, and solvent volume are not encoded in the public campaign key.",0,Failed / no solid product,no solid product,Exact author label 'no solid product' -> class 0,False,False,False,Campaign key explicitly reports no solid product.
V13-REHT-1017,MG2-88-37,10.1039/d5sc09992g,10.5281/zenodo.17902549,https://doi.org/10.1039/d5sc09992g,https://doi.org/10.5281/zenodo.17902549,"Mapping the crystallization landscape of rare earth MOFs: a high-throughput investigation of structure, kinetics, and selectivity","PAIR::pr::phthalic acid (1,2-bdc)",,"phthalic acid (1,2-BDC)",,,Aromatic dicarboxylate,Pr,rare-earth nitrate salt(s); hydration not encoded in campaign key,nitrate,,3,EtOH/H2O (fractions not encoded in campaign key),,Acido acetico,2.0,40.0,18.0,,,,,,Automated solvothermal synthesis,Automated vial; exact geometry in source SI,0.776,,0.776,no solid product,,peer_reviewed_high_throughput_literature,Author-assigned HT-PXRD/CV campaign outcome,direct_machine_readable_campaign_key,v13_source_rare_earth_landscape.csv,SOURCE_VERIFIED_SINGLE_CURATION_PASS,False,"Evidence-only: absolute precursor amounts, ligand:metal ratio, and solvent volume are not encoded in the public campaign key.",0,Failed / no solid product,no solid product,Exact author label 'no solid product' -> class 0,False,False,False,Campaign key explicitly reports no solid product.
V13-REHT-1018,MG2-88-38,10.1039/d5sc09992g,10.5281/zenodo.17902549,https://doi.org/10.1039/d5sc09992g,https://doi.org/10.5281/zenodo.17902549,"Mapping the crystallization landscape of rare earth MOFs: a high-throughput investigation of structure, kinetics, and selectivity","PAIR::pr::isophthalic acid (1,3-bdc)",,"isophthalic acid (1,3-BDC)",,,Aromatic dicarboxylate,Pr,rare-earth nitrate salt(s); hydration not encoded in campaign key,nitrate,,3,EtOH/H2O (fractions not encoded in campaign key),,Acido acetico,2.0,40.0,18.0,,,,,,Automated solvothermal synthesis,Automated vial; exact geometry in source SI,,,,no solid product,,peer_reviewed_high_throughput_literature,Author-assigned HT-PXRD/CV campaign outcome,direct_machine_readable_campaign_key,v13_source_rare_earth_landscape.csv,SOURCE_VERIFIED_SINGLE_CURATION_PASS,False,"Evidence-only: absolute precursor amounts, ligand:metal ratio, and solvent volume are not encoded in the public campaign key.",0,Failed / no solid product,no solid product,Exact author label 'no solid product' -> class 0,False,False,False,Campaign key explicitly reports no solid product.
V13-REHT-1023,MG2-88-43,10.1039/d5sc09992g,10.5281/zenodo.17902549,https://doi.org/10.1039/d5sc09992g,https://doi.org/10.5281/zenodo.17902549,"Mapping the crystallization landscape of rare earth MOFs: a high-throughput investigation of structure, kinetics, and selectivity","PAIR::pr::terephthalic acid (1,4-bdc)",,"terephthalic acid (1,4-BDC)",,,Aromatic dicarboxylate,Pr,rare-earth nitrate salt(s); hydration not encoded in campaign key,nitrate,,3,EtOH/H2O (fractions not encoded in campaign key),,Acido acetico,5.0,40.0,18.0,,,,,,Automated solvothermal synthesis,Automated vial; exact geometry in source SI,,,,no solid product,,peer_reviewed_high_throughput_literature,Author-assigned HT-PXRD/CV campaign outcome,direct_machine_readable_campaign_key,v13_source_rare_earth_landscape.csv,SOURCE_VERIFIED_SINGLE_CURATION_PASS,False,"Evidence-only: absolute precursor amounts, ligand:metal ratio, and solvent volume are not encoded in the public campaign key.",0,Failed / no solid product,no solid product,Exact author label 'no solid product' -> class 0,False,False,False,Campaign key explicitly reports no solid product.
V13-REHT-1024,MG2-88-44,10.1039/d5sc09992g,10.5281/zenodo.17902549,https://doi.org/10.1039/d5sc09992g,https://doi.org/10.5281/zenodo.17902549,"Mapping the crystallization landscape of rare earth MOFs: a high-throughput investigation of structure, kinetics, and selectivity","PAIR::pr::phthalic acid (1,2-bdc)",,"phthalic acid (1,2-BDC)",,,Aromatic dicarboxylate,Pr,rare-earth nitrate salt(s); hydration not encoded in campaign key,nitrate,,3,EtOH/H2O (fractions not encoded in campaign key),,Acido acetico,5.0,40.0,18.0,,,,,,Automated solvothermal synthesis,Automated vial; exact geometry in source SI,,,,no solid product,,peer_reviewed_high_throughput_literature,Author-assigned HT-PXRD/CV campaign outcome,direct_machine_readable_campaign_key,v13_source_rare_earth_landscape.csv,SOURCE_VERIFIED_SINGLE_CURATION_PASS,False,"Evidence-only: absolute precursor amounts, ligand:metal ratio, and solvent volume are not encoded in the public campaign key.",0,Failed / no solid product,no solid product,Exact author label 'no solid product' -> class 0,False,False,False,Campaign key explicitly reports no solid product.
V13-REHT-1025,MG2-88-45,10.1039/d5sc09992g,10.5281/zenodo.17902549,https://doi.org/10.1039/d5sc09992g,https://doi.org/10.5281/zenodo.17902549,"Mapping the crystallization landscape of rare earth MOFs: a high-throughput investigation of structure, kinetics, and selectivity","PAIR::pr::isophthalic acid (1,3-bdc)",,"isophthalic acid (1,3-BDC)",,,Aromatic dicarboxylate,Pr,rare-earth nitrate salt(s); hydration not encoded in campaign key,nitrate,,3,EtOH/H2O (fractions not encoded in campaign key),,Acido acetico,5.0,40.0,18.0,,,,,,Automated solvothermal synthesis,Automated vial; exact geometry in source SI,,,,no solid product,,peer_reviewed_high_throughput_literature,Author-assigned HT-PXRD/CV campaign outcome,direct_machine_readable_campaign_key,v13_source_rare_earth_landscape.csv,SOURCE_VERIFIED_SINGLE_CURATION_PASS,False,"Evidence-only: absolute precursor amounts, ligand:metal ratio, and solvent volume are not encoded in the public campaign key.",0,Failed / no solid product,no solid product,Exact author label 'no solid product' -> class 0,False,False,False,Campaign key explicitly reports no solid product.
V13-REHT-1030,MG2-88-50,10.1039/d5sc09992g,10.5281/zenodo.17902549,https://doi.org/10.1039/d5sc09992g,https://doi.org/10.5281/zenodo.17902549,"Mapping the crystallization landscape of rare earth MOFs: a high-throughput investigation of structure, kinetics, and selectivity","PAIR::pr::terephthalic acid (1,4-bdc)",,"terephthalic acid (1,4-BDC)",,,Aromatic dicarboxylate,Pr,rare-earth nitrate salt(s); hydration not encoded in campaign key,nitrate,,3,EtOH/H2O (fractions not encoded in campaign key),,Acido acetico,10.0,40.0,18.0,,,,,,Automated solvothermal synthesis,Automated vial; exact geometry in source SI,,,,no solid product,,peer_reviewed_high_throughput_literature,Author-assigned HT-PXRD/CV campaign outcome,direct_machine_readable_campaign_key,v13_source_rare_earth_landscape.csv,SOURCE_VERIFIED_SINGLE_CURATION_PASS,False,"Evidence-only: absolute precursor amounts, ligand:metal ratio, and solvent volume are not encoded in the public campaign key.",0,Failed / no solid product,no solid product,Exact author label 'no solid product' -> class 0,False,False,False,Campaign key explicitly reports no solid product.
V13-REHT-1031,MG2-88-51,10.1039/d5sc09992g,10.5281/zenodo.17902549,https://doi.org/10.1039/d5sc09992g,https://doi.org/10.5281/zenodo.17902549,"Mapping the crystallization landscape of rare earth MOFs: a high-throughput investigation of structure, kinetics, and selectivity","PAIR::pr::phthalic acid (1,2-bdc)",,"phthalic acid (1,2-BDC)",,,Aromatic dicarboxylate,Pr,rare-earth nitrate salt(s); hydration not encoded in campaign key,nitrate,,3,EtOH/H2O (fractions not encoded in campaign key),,Acido acetico,10.0,40.0,18.0,,,,,,Automated solvothermal synthesis,Automated vial; exact geometry in source SI,,,,no solid product,,peer_reviewed_high_throughput_literature,Author-assigned HT-PXRD/CV campaign outcome,direct_machine_readable_campaign_key,v13_source_rare_earth_landscape.csv,SOURCE_VERIFIED_SINGLE_CURATION_PASS,False,"Evidence-only: absolute precursor amounts, ligand:metal ratio, and solvent volume are not encoded in the public campaign key.",0,Failed / no solid product,no solid product,Exact author label 'no solid product' -> class 0,False,False,False,Campaign key explicitly reports no solid product.
V13-REHT-1032,MG2-88-52,10.1039/d5sc09992g,10.5281/zenodo.17902549,https://doi.org/10.1039/d5sc09992g,https://doi.org/10.5281/zenodo.17902549,"Mapping the crystallization landscape of rare earth MOFs: a high-throughput investigation of structure, kinetics, and selectivity","PAIR::pr::isophthalic acid (1,3-bdc)",,"isophthalic acid (1,3-BDC)",,,Aromatic dicarboxylate,Pr,rare-earth nitrate salt(s); hydration not encoded in campaign key,nitrate,,3,EtOH/H2O (fractions not encoded in campaign key),,Acido acetico,10.0,40.0,18.0,,,,,,Automated solvothermal synthesis,Automated vial; exact geometry in source SI,,6.322,6.322,no solid product,,peer_reviewed_high_throughput_literature,Author-assigned HT-PXRD/CV campaign outcome,direct_machine_readable_campaign_key,v13_source_rare_earth_landscape.csv,SOURCE_VERIFIED_SINGLE_CURATION_PASS,False,"Evidence-only: absolute precursor amounts, ligand:metal ratio, and solvent volume are not encoded in the public campaign key.",0,Failed / no solid product,no solid product,Exact author label 'no solid product' -> class 0,False,False,False,Campaign key explicitly reports no solid product.
V13-REHT-1034,MG2-88-54,10.1039/d5sc09992g,10.5281/zenodo.17902549,https://doi.org/10.1039/d5sc09992g,https://doi.org/10.5281/zenodo.17902549,"Mapping the crystallization landscape of rare earth MOFs: a high-throughput investigation of structure, kinetics, and selectivity",PAIR::pr::trimellitic acid,,trimellitic acid,,,Aromatic tricarboxylate,Pr,rare-earth nitrate salt(s); hydration not encoded in campaign key,nitrate,,3,EtOH/H2O (fractions not encoded in campaign key),,Acido acetico,10.0,40.0,18.0,,,,,,Automated solvothermal synthesis,Automated vial; exact geometry in source SI,14.34,,14.34,no crystalline product,,peer_reviewed_high_throughput_literature,Author-assigned HT-PXRD/CV campaign outcome,direct_machine_readable_campaign_key,v13_source_rare_earth_landscape.csv,SOURCE_VERIFIED_SINGLE_CURATION_PASS,False,"Evidence-only: absolute precursor amounts, ligand:metal ratio, and solvent volume are not encoded in the public campaign key.",1,Amorphous / no crystalline product,no crystalline product,Exact author label 'no crystalline product' -> class 1,True,False,False,HT-PXRD campaign key explicitly reports no crystalline product.
V13-REHT-1037,MG2-88-57,10.1039/d5sc09992g,10.5281/zenodo.17902549,https://doi.org/10.1039/d5sc09992g,https://doi.org/10.5281/zenodo.17902549,"Mapping the crystallization landscape of rare earth MOFs: a high-throughput investigation of structure, kinetics, and selectivity","PAIR::nd::terephthalic acid (1,4-bdc)",,"terephthalic acid (1,4-BDC)",,,Aromatic dicarboxylate,Nd,rare-earth nitrate salt(s); hydration not encoded in campaign key,nitrate,,3,EtOH/H2O (fractions not encoded in campaign key),,Nessuno,0.0,40.0,18.0,,,,,,Automated solvothermal synthesis,Automated vial; exact geometry in source SI,,,,no solid product,,peer_reviewed_high_throughput_literature,Author-assigned HT-PXRD/CV campaign outcome,direct_machine_readable_campaign_key,v13_source_rare_earth_landscape.csv,SOURCE_VERIFIED_SINGLE_CURATION_PASS,False,"Evidence-only: absolute precursor amounts, ligand:metal ratio, and solvent volume are not encoded in the public campaign key.",0,Failed / no solid product,no solid product,Exact author label 'no solid product' -> class 0,False,False,False,Campaign key explicitly reports no solid product.
V13-REHT-1038,MG2-88-58,10.1039/d5sc09992g,10.5281/zenodo.17902549,https://doi.org/10.1039/d5sc09992g,https://doi.org/10.5281/zenodo.17902549,"Mapping the crystallization landscape of rare earth MOFs: a high-throughput investigation of structure, kinetics, and selectivity","PAIR::nd::phthalic acid (1,2-bdc)",,"phthalic acid (1,2-BDC)",,,Aromatic dicarboxylate,Nd,rare-earth nitrate salt(s); hydration not encoded in campaign key,nitrate,,3,EtOH/H2O (fractions not encoded in campaign key),,Nessuno,0.0,40.0,18.0,,,,,,Automated solvothermal synthesis,Automated vial; exact geometry in source SI,,,,no solid product,,peer_reviewed_high_throughput_literature,Author-assigned HT-PXRD/CV campaign outcome,direct_machine_readable_campaign_key,v13_source_rare_earth_landscape.csv,SOURCE_VERIFIED_SINGLE_CURATION_PASS,False,"Evidence-only: absolute precursor amounts, ligand:metal ratio, and solvent volume are not encoded in the public campaign key.",0,Failed / no solid product,no solid product,Exact author label 'no solid product' -> class 0,False,False,False,Campaign key explicitly reports no solid product.
V13-REHT-1039,MG2-88-59,10.1039/d5sc09992g,10.5281/zenodo.17902549,https://doi.org/10.1039/d5sc09992g,https://doi.org/10.5281/zenodo.17902549,"Mapping the crystallization landscape of rare earth MOFs: a high-throughput investigation of structure, kinetics, and selectivity","PAIR::nd::isophthalic acid (1,3-bdc)",,"isophthalic acid (1,3-BDC)",,,Aromatic dicarboxylate,Nd,rare-earth nitrate salt(s); hydration not encoded in campaign key,nitrate,,3,EtOH/H2O (fractions not encoded in campaign key),,Nessuno,0.0,40.0,18.0,,,,,,Automated solvothermal synthesis,Automated vial; exact geometry in source SI,,,,no solid product,,peer_reviewed_high_throughput_literature,Author-assigned HT-PXRD/CV campaign outcome,direct_machine_readable_campaign_key,v13_source_rare_earth_landscape.csv,SOURCE_VERIFIED_SINGLE_CURATION_PASS,False,"Evidence-only: absolute precursor amounts, ligand:metal ratio, and solvent volume are not encoded in the public campaign key.",0,Failed / no solid product,no solid product,Exact author label 'no solid product' -> class 0,False,False,False,Campaign key explicitly reports no solid product.
V13-REHT-1044,MG2-88-64,10.1039/d5sc09992g,10.5281/zenodo.17902549,https://doi.org/10.1039/d5sc09992g,https://doi.org/10.5281/zenodo.17902549,"Mapping the crystallization landscape of rare earth MOFs: a high-throughput investigation of structure, kinetics, and selectivity","PAIR::nd::terephthalic acid (1,4-bdc)",,"terephthalic acid (1,4-BDC)",,,Aromatic dicarboxylate,Nd,rare-earth nitrate salt(s); hydration not encoded in campaign key,nitrate,,3,EtOH/H2O (fractions not encoded in campaign key),,Acido acetico,2.0,40.0,18.0,,,,,,Automated solvothermal synthesis,Automated vial; exact geometry in source SI,,,,no solid product,,peer_reviewed_high_throughput_literature,Author-assigned HT-PXRD/CV campaign outcome,direct_machine_readable_campaign_key,v13_source_rare_earth_landscape.csv,SOURCE_VERIFIED_SINGLE_CURATION_PASS,False,"Evidence-only: absolute precursor amounts, ligand:metal ratio, and solvent volume are not encoded in the public campaign key.",0,Failed / no solid product,no solid product,Exact author label 'no solid product' -> class 0,False,False,False,Campaign key explicitly reports no solid product.
V13-REHT-1045,MG2-88-65,10.1039/d5sc09992g,10.5281/zenodo.17902549,https://doi.org/10.1039/d5sc09992g,https://doi.org/10.5281/zenodo.17902549,"Mapping the crystallization landscape of rare earth MOFs: a high-throughput investigation of structure, kinetics, and selectivity","PAIR::nd::phthalic acid (1,2-bdc)",,"phthalic acid (1,2-BDC)",,,Aromatic dicarboxylate,Nd,rare-earth nitrate salt(s); hydration not encoded in campaign key,nitrate,,3,EtOH/H2O (fractions not encoded in campaign key),,Acido acetico,2.0,40.0,18.0,,,,,,Automated solvothermal synthesis,Automated vial; exact geometry in source SI,,,,no solid product,,peer_reviewed_high_throughput_literature,Author-assigned HT-PXRD/CV campaign outcome,direct_machine_readable_campaign_key,v13_source_rare_earth_landscape.csv,SOURCE_VERIFIED_SINGLE_CURATION_PASS,False,"Evidence-only: absolute precursor amounts, ligand:metal ratio, and solvent volume are not encoded in the public campaign key.",0,Failed / no solid product,no solid product,Exact author label 'no solid product' -> class 0,False,False,False,Campaign key explicitly reports no solid product.
V13-REHT-1046,MG2-88-66,10.1039/d5sc09992g,10.5281/zenodo.17902549,https://doi.org/10.1039/d5sc09992g,https://doi.org/10.5281/zenodo.17902549,"Mapping the crystallization landscape of rare earth MOFs: a high-throughput investigation of structure, kinetics, and selectivity","PAIR::nd::isophthalic acid (1,3-bdc)",,"isophthalic acid (1,3-BDC)",,,Aromatic dicarboxylate,Nd,rare-earth nitrate salt(s); hydration not encoded in campaign key,nitrate,,3,EtOH/H2O (fractions not encoded in campaign key),,Acido acetico,2.0,40.0,18.0,,,,,,Automated solvothermal synthesis,Automated vial; exact geometry in source SI,,,,no solid product,,peer_reviewed_high_throughput_literature,Author-assigned HT-PXRD/CV campaign outcome,direct_machine_readable_campaign_key,v13_source_rare_earth_landscape.csv,SOURCE_VERIFIED_SINGLE_CURATION_PASS,False,"Evidence-only: absolute precursor amounts, ligand:metal ratio, and solvent volume are not encoded in the public campaign key.",0,Failed / no solid product,no solid product,Exact author label 'no solid product' -> class 0,False,False,False,Campaign key explicitly reports no solid product.
V13-REHT-1051,MG2-88-71,10.1039/d5sc09992g,10.5281/zenodo.17902549,https://doi.org/10.1039/d5sc09992g,https://doi.org/10.5281/zenodo.17902549,"Mapping the crystallization landscape of rare earth MOFs: a high-throughput investigation of structure, kinetics, and selectivity","PAIR::nd::terephthalic acid (1,4-bdc)",,"terephthalic acid (1,4-BDC)",,,Aromatic dicarboxylate,Nd,rare-earth nitrate salt(s); hydration not encoded in campaign key,nitrate,,3,EtOH/H2O (fractions not encoded in campaign key),,Acido acetico,5.0,40.0,18.0,,,,,,Automated solvothermal synthesis,Automated vial; exact geometry in source SI,,,,no solid product,,peer_reviewed_high_throughput_literature,Author-assigned HT-PXRD/CV campaign outcome,direct_machine_readable_campaign_key,v13_source_rare_earth_landscape.csv,SOURCE_VERIFIED_SINGLE_CURATION_PASS,False,"Evidence-only: absolute precursor amounts, ligand:metal ratio, and solvent volume are not encoded in the public campaign key.",0,Failed / no solid product,no solid product,Exact author label 'no solid product' -> class 0,False,False,False,Campaign key explicitly reports no solid product.
V13-REHT-1052,MG2-88-72,10.1039/d5sc09992g,10.5281/zenodo.17902549,https://doi.org/10.1039/d5sc09992g,https://doi.org/10.5281/zenodo.17902549,"Mapping the crystallization landscape of rare earth MOFs: a high-throughput investigation of structure, kinetics, and selectivity","PAIR::nd::phthalic acid (1,2-bdc)",,"phthalic acid (1,2-BDC)",,,Aromatic dicarboxylate,Nd,rare-earth nitrate salt(s); hydration not encoded in campaign key,nitrate,,3,EtOH/H2O (fractions not encoded in campaign key),,Acido acetico,5.0,40.0,18.0,,,,,,Automated solvothermal synthesis,Automated vial; exact geometry in source SI,,,,no solid product,,peer_reviewed_high_throughput_literature,Author-assigned HT-PXRD/CV campaign outcome,direct_machine_readable_campaign_key,v13_source_rare_earth_landscape.csv,SOURCE_VERIFIED_SINGLE_CURATION_PASS,False,"Evidence-only: absolute precursor amounts, ligand:metal ratio, and solvent volume are not encoded in the public campaign key.",0,Failed / no solid product,no solid product,Exact author label 'no solid product' -> class 0,False,False,False,Campaign key explicitly reports no solid product.
V13-REHT-1053,MG2-88-73,10.1039/d5sc09992g,10.5281/zenodo.17902549,https://doi.org/10.1039/d5sc09992g,https://doi.org/10.5281/zenodo.17902549,"Mapping the crystallization landscape of rare earth MOFs: a high-throughput investigation of structure, kinetics, and selectivity","PAIR::nd::isophthalic acid (1,3-bdc)",,"isophthalic acid (1,3-BDC)",,,Aromatic dicarboxylate,Nd,rare-earth nitrate salt(s); hydration not encoded in campaign key,nitrate,,3,EtOH/H2O (fractions not encoded in campaign key),,Acido acetico,5.0,40.0,18.0,,,,,,Automated solvothermal synthesis,Automated vial; exact geometry in source SI,14.465,,14.465,no solid product,,peer_reviewed_high_throughput_literature,Author-assigned HT-PXRD/CV campaign outcome,direct_machine_readable_campaign_key,v13_source_rare_earth_landscape.csv,SOURCE_VERIFIED_SINGLE_CURATION_PASS,False,"Evidence-only: absolute precursor amounts, ligand:metal ratio, and solvent volume are not encoded in the public campaign key.",0,Failed / no solid product,no solid product,Exact author label 'no solid product' -> class 0,False,False,False,Campaign key explicitly reports no solid product.
V13-REHT-1058,MG2-88-78,10.1039/d5sc09992g,10.5281/zenodo.17902549,https://doi.org/10.1039/d5sc09992g,https://doi.org/10.5281/zenodo.17902549,"Mapping the crystallization landscape of rare earth MOFs: a high-throughput investigation of structure, kinetics, and selectivity","PAIR::nd::terephthalic acid (1,4-bdc)",,"terephthalic acid (1,4-BDC)",,,Aromatic dicarboxylate,Nd,rare-earth nitrate salt(s); hydration not encoded in campaign key,nitrate,,3,EtOH/H2O (fractions not encoded in campaign key),,Acido acetico,10.0,40.0,18.0,,,,,,Automated solvothermal synthesis,Automated vial; exact geometry in source SI,,,,no solid product,,peer_reviewed_high_throughput_literature,Author-assigned HT-PXRD/CV campaign outcome,direct_machine_readable_campaign_key,v13_source_rare_earth_landscape.csv,SOURCE_VERIFIED_SINGLE_CURATION_PASS,False,"Evidence-only: absolute precursor amounts, ligand:metal ratio, and solvent volume are not encoded in the public campaign key.",0,Failed / no solid product,no solid product,Exact author label 'no solid product' -> class 0,False,False,False,Campaign key explicitly reports no solid product.
V13-REHT-1059,MG2-88-79,10.1039/d5sc09992g,10.5281/zenodo.17902549,https://doi.org/10.1039/d5sc09992g,https://doi.org/10.5281/zenodo.17902549,"Mapping the crystallization landscape of rare earth MOFs: a high-throughput investigation of structure, kinetics, and selectivity","PAIR::nd::phthalic acid (1,2-bdc)",,"phthalic acid (1,2-BDC)",,,Aromatic dicarboxylate,Nd,rare-earth nitrate salt(s); hydration not encoded in campaign key,nitrate,,3,EtOH/H2O (fractions not encoded in campaign key),,Acido acetico,10.0,40.0,18.0,,,,,,Automated solvothermal synthesis,Automated vial; exact geometry in source SI,,,,no solid product,,peer_reviewed_high_throughput_literature,Author-assigned HT-PXRD/CV campaign outcome,direct_machine_readable_campaign_key,v13_source_rare_earth_landscape.csv,SOURCE_VERIFIED_SINGLE_CURATION_PASS,False,"Evidence-only: absolute precursor amounts, ligand:metal ratio, and solvent volume are not encoded in the public campaign key.",0,Failed / no solid product,no solid product,Exact author label 'no solid product' -> class 0,False,False,False,Campaign key explicitly reports no solid product.
V13-REHT-1060,MG2-88-80,10.1039/d5sc09992g,10.5281/zenodo.17902549,https://doi.org/10.1039/d5sc09992g,https://doi.org/10.5281/zenodo.17902549,"Mapping the crystallization landscape of rare earth MOFs: a high-throughput investigation of structure, kinetics, and selectivity","PAIR::nd::isophthalic acid (1,3-bdc)",,"isophthalic acid (1,3-BDC)",,,Aromatic dicarboxylate,Nd,rare-earth nitrate salt(s); hydration not encoded in campaign key,nitrate,,3,EtOH/H2O (fractions not encoded in campaign key),,Acido acetico,10.0,40.0,18.0,,,,,,Automated solvothermal synthesis,Automated vial; exact geometry in source SI,,,,no solid product,,peer_reviewed_high_throughput_literature,Author-assigned HT-PXRD/CV campaign outcome,direct_machine_readable_campaign_key,v13_source_rare_earth_landscape.csv,SOURCE_VERIFIED_SINGLE_CURATION_PASS,False,"Evidence-only: absolute precursor amounts, ligand:metal ratio, and solvent volume are not encoded in the public campaign key.",0,Failed / no solid product,no solid product,Exact author label 'no solid product' -> class 0,False,False,False,Campaign key explicitly reports no solid product.
V13-REHT-1062,MG2-88-82,10.1039/d5sc09992g,10.5281/zenodo.17902549,https://doi.org/10.1039/d5sc09992g,https://doi.org/10.5281/zenodo.17902549,"Mapping the crystallization landscape of rare earth MOFs: a high-throughput investigation of structure, kinetics, and selectivity",PAIR::nd::trimellitic acid,,trimellitic acid,,,Aromatic tricarboxylate,Nd,rare-earth nitrate salt(s); hydration not encoded in campaign key,nitrate,,3,EtOH/H2O (fractions not encoded in campaign key),,Acido acetico,10.0,40.0,18.0,,,,,,Automated solvothermal synthesis,Automated vial; exact geometry in source SI,19.515,,19.515,no crystalline product,,peer_reviewed_high_throughput_literature,Author-assigned HT-PXRD/CV campaign outcome,direct_machine_readable_campaign_key,v13_source_rare_earth_landscape.csv,SOURCE_VERIFIED_SINGLE_CURATION_PASS,False,"Evidence-only: absolute precursor amounts, ligand:metal ratio, and solvent volume are not encoded in the public campaign key.",1,Amorphous / no crystalline product,no crystalline product,Exact author label 'no crystalline product' -> class 1,True,False,False,HT-PXRD campaign key explicitly reports no crystalline product.
V13-REHT-1065,MG2-89-01,10.1039/d5sc09992g,10.5281/zenodo.17902549,https://doi.org/10.1039/d5sc09992g,https://doi.org/10.5281/zenodo.17902549,"Mapping the crystallization landscape of rare earth MOFs: a high-throughput investigation of structure, kinetics, and selectivity","PAIR::sm::terephthalic acid (1,4-bdc)",,"terephthalic acid (1,4-BDC)",,,Aromatic dicarboxylate,Sm,rare-earth nitrate salt(s); hydration not encoded in campaign key,nitrate,,3,EtOH/H2O (fractions not encoded in campaign key),,Nessuno,0.0,40.0,18.0,,,,,,Automated solvothermal synthesis,Automated vial; exact geometry in source SI,,,,no solid product,,peer_reviewed_high_throughput_literature,Author-assigned HT-PXRD/CV campaign outcome,direct_machine_readable_campaign_key,v13_source_rare_earth_landscape.csv,SOURCE_VERIFIED_SINGLE_CURATION_PASS,False,"Evidence-only: absolute precursor amounts, ligand:metal ratio, and solvent volume are not encoded in the public campaign key.",0,Failed / no solid product,no solid product,Exact author label 'no solid product' -> class 0,False,False,False,Campaign key explicitly reports no solid product.
V13-REHT-1066,MG2-89-02,10.1039/d5sc09992g,10.5281/zenodo.17902549,https://doi.org/10.1039/d5sc09992g,https://doi.org/10.5281/zenodo.17902549,"Mapping the crystallization landscape of rare earth MOFs: a high-throughput investigation of structure, kinetics, and selectivity","PAIR::sm::phthalic acid (1,2-bdc)",,"phthalic acid (1,2-BDC)",,,Aromatic dicarboxylate,Sm,rare-earth nitrate salt(s); hydration not encoded in campaign key,nitrate,,3,EtOH/H2O (fractions not encoded in campaign key),,Nessuno,0.0,40.0,18.0,,,,,,Automated solvothermal synthesis,Automated vial; exact geometry in source SI,,,,no solid product,,peer_reviewed_high_throughput_literature,Author-assigned HT-PXRD/CV campaign outcome,direct_machine_readable_campaign_key,v13_source_rare_earth_landscape.csv,SOURCE_VERIFIED_SINGLE_CURATION_PASS,False,"Evidence-only: absolute precursor amounts, ligand:metal ratio, and solvent volume are not encoded in the public campaign key.",0,Failed / no solid product,no solid product,Exact author label 'no solid product' -> class 0,False,False,False,Campaign key explicitly reports no solid product.
V13-REHT-1067,MG2-89-03,10.1039/d5sc09992g,10.5281/zenodo.17902549,https://doi.org/10.1039/d5sc09992g,https://doi.org/10.5281/zenodo.17902549,"Mapping the crystallization landscape of rare earth MOFs: a high-throughput investigation of structure, kinetics, and selectivity","PAIR::sm::isophthalic acid (1,3-bdc)",,"isophthalic acid (1,3-BDC)",,,Aromatic dicarboxylate,Sm,rare-earth nitrate salt(s); hydration not encoded in campaign key,nitrate,,3,EtOH/H2O (fractions not encoded in campaign key),,Nessuno,0.0,40.0,18.0,,,,,,Automated solvothermal synthesis,Automated vial; exact geometry in source SI,,,,no solid product,,peer_reviewed_high_throughput_literature,Author-assigned HT-PXRD/CV campaign outcome,direct_machine_readable_campaign_key,v13_source_rare_earth_landscape.csv,SOURCE_VERIFIED_SINGLE_CURATION_PASS,False,"Evidence-only: absolute precursor amounts, ligand:metal ratio, and solvent volume are not encoded in the public campaign key.",0,Failed / no solid product,no solid product,Exact author label 'no solid product' -> class 0,False,False,False,Campaign key explicitly reports no solid product.
V13-REHT-1072,MG2-89-08,10.1039/d5sc09992g,10.5281/zenodo.17902549,https://doi.org/10.1039/d5sc09992g,https://doi.org/10.5281/zenodo.17902549,"Mapping the crystallization landscape of rare earth MOFs: a high-throughput investigation of structure, kinetics, and selectivity","PAIR::sm::terephthalic acid (1,4-bdc)",,"terephthalic acid (1,4-BDC)",,,Aromatic dicarboxylate,Sm,rare-earth nitrate salt(s); hydration not encoded in campaign key,nitrate,,3,EtOH/H2O (fractions not encoded in campaign key),,Acido acetico,2.0,40.0,18.0,,,,,,Automated solvothermal synthesis,Automated vial; exact geometry in source SI,,,,no solid product,,peer_reviewed_high_throughput_literature,Author-assigned HT-PXRD/CV campaign outcome,direct_machine_readable_campaign_key,v13_source_rare_earth_landscape.csv,SOURCE_VERIFIED_SINGLE_CURATION_PASS,False,"Evidence-only: absolute precursor amounts, ligand:metal ratio, and solvent volume are not encoded in the public campaign key.",0,Failed / no solid product,no solid product,Exact author label 'no solid product' -> class 0,False,False,False,Campaign key explicitly reports no solid product.
V13-REHT-1073,MG2-89-09,10.1039/d5sc09992g,10.5281/zenodo.17902549,https://doi.org/10.1039/d5sc09992g,https://doi.org/10.5281/zenodo.17902549,"Mapping the crystallization landscape of rare earth MOFs: a high-throughput investigation of structure, kinetics, and selectivity","PAIR::sm::phthalic acid (1,2-bdc)",,"phthalic acid (1,2-BDC)",,,Aromatic dicarboxylate,Sm,rare-earth nitrate salt(s); hydration not encoded in campaign key,nitrate,,3,EtOH/H2O (fractions not encoded in campaign key),,Acido acetico,2.0,40.0,18.0,,,,,,Automated solvothermal synthesis,Automated vial; exact geometry in source SI,,,,no solid product,,peer_reviewed_high_throughput_literature,Author-assigned HT-PXRD/CV campaign outcome,direct_machine_readable_campaign_key,v13_source_rare_earth_landscape.csv,SOURCE_VERIFIED_SINGLE_CURATION_PASS,False,"Evidence-only: absolute precursor amounts, ligand:metal ratio, and solvent volume are not encoded in the public campaign key.",0,Failed / no solid product,no solid product,Exact author label 'no solid product' -> class 0,False,False,False,Campaign key explicitly reports no solid product.
V13-REHT-1074,MG2-89-10,10.1039/d5sc09992g,10.5281/zenodo.17902549,https://doi.org/10.1039/d5sc09992g,https://doi.org/10.5281/zenodo.17902549,"Mapping the crystallization landscape of rare earth MOFs: a high-throughput investigation of structure, kinetics, and selectivity","PAIR::sm::isophthalic acid (1,3-bdc)",,"isophthalic acid (1,3-BDC)",,,Aromatic dicarboxylate,Sm,rare-earth nitrate salt(s); hydration not encoded in campaign key,nitrate,,3,EtOH/H2O (fractions not encoded in campaign key),,Acido acetico,2.0,40.0,18.0,,,,,,Automated solvothermal synthesis,Automated vial; exact geometry in source SI,,,,no solid product,,peer_reviewed_high_throughput_literature,Author-assigned HT-PXRD/CV campaign outcome,direct_machine_readable_campaign_key,v13_source_rare_earth_landscape.csv,SOURCE_VERIFIED_SINGLE_CURATION_PASS,False,"Evidence-only: absolute precursor amounts, ligand:metal ratio, and solvent volume are not encoded in the public campaign key.",0,Failed / no solid product,no solid product,Exact author label 'no solid product' -> class 0,False,False,False,Campaign key explicitly reports no solid product.
V13-REHT-1079,MG2-89-15,10.1039/d5sc09992g,10.5281/zenodo.17902549,https://doi.org/10.1039/d5sc09992g,https://doi.org/10.5281/zenodo.17902549,"Mapping the crystallization landscape of rare earth MOFs: a high-throughput investigation of structure, kinetics, and selectivity","PAIR::sm::terephthalic acid (1,4-bdc)",,"terephthalic acid (1,4-BDC)",,,Aromatic dicarboxylate,Sm,rare-earth nitrate salt(s); hydration not encoded in campaign key,nitrate,,3,EtOH/H2O (fractions not encoded in campaign key),,Acido acetico,5.0,40.0,18.0,,,,,,Automated solvothermal synthesis,Automated vial; exact geometry in source SI,,,,no solid product,,peer_reviewed_high_throughput_literature,Author-assigned HT-PXRD/CV campaign outcome,direct_machine_readable_campaign_key,v13_source_rare_earth_landscape.csv,SOURCE_VERIFIED_SINGLE_CURATION_PASS,False,"Evidence-only: absolute precursor amounts, ligand:metal ratio, and solvent volume are not encoded in the public campaign key.",0,Failed / no solid product,no solid product,Exact author label 'no solid product' -> class 0,False,False,False,Campaign key explicitly reports no solid product.
V13-REHT-1080,MG2-89-16,10.1039/d5sc09992g,10.5281/zenodo.17902549,https://doi.org/10.1039/d5sc09992g,https://doi.org/10.5281/zenodo.17902549,"Mapping the crystallization landscape of rare earth MOFs: a high-throughput investigation of structure, kinetics, and selectivity","PAIR::sm::phthalic acid (1,2-bdc)",,"phthalic acid (1,2-BDC)",,,Aromatic dicarboxylate,Sm,rare-earth nitrate salt(s); hydration not encoded in campaign key,nitrate,,3,EtOH/H2O (fractions not encoded in campaign key),,Acido acetico,5.0,40.0,18.0,,,,,,Automated solvothermal synthesis,Automated vial; exact geometry in source SI,,,,no solid product,,peer_reviewed_high_throughput_literature,Author-assigned HT-PXRD/CV campaign outcome,direct_machine_readable_campaign_key,v13_source_rare_earth_landscape.csv,SOURCE_VERIFIED_SINGLE_CURATION_PASS,False,"Evidence-only: absolute precursor amounts, ligand:metal ratio, and solvent volume are not encoded in the public campaign key.",0,Failed / no solid product,no solid product,Exact author label 'no solid product' -> class 0,False,False,False,Campaign key explicitly reports no solid product.
V13-REHT-1081,MG2-89-17,10.1039/d5sc09992g,10.5281/zenodo.17902549,https://doi.org/10.1039/d5sc09992g,https://doi.org/10.5281/zenodo.17902549,"Mapping the crystallization landscape of rare earth MOFs: a high-throughput investigation of structure, kinetics, and selectivity","PAIR::sm::isophthalic acid (1,3-bdc)",,"isophthalic acid (1,3-BDC)",,,Aromatic dicarboxylate,Sm,rare-earth nitrate salt(s); hydration not encoded in campaign key,nitrate,,3,EtOH/H2O (fractions not encoded in campaign key),,Acido acetico,5.0,40.0,18.0,,,,,,Automated solvothermal synthesis,Automated vial; exact geometry in source SI,,,,no solid product,,peer_reviewed_high_throughput_literature,Author-assigned HT-PXRD/CV campaign outcome,direct_machine_readable_campaign_key,v13_source_rare_earth_landscape.csv,SOURCE_VERIFIED_SINGLE_CURATION_PASS,False,"Evidence-only: absolute precursor amounts, ligand:metal ratio, and solvent volume are not encoded in the public campaign key.",0,Failed / no solid product,no solid product,Exact author label 'no solid product' -> class 0,False,False,False,Campaign key explicitly reports no solid product.
V13-REHT-1086,MG2-89-22,10.1039/d5sc09992g,10.5281/zenodo.17902549,https://doi.org/10.1039/d5sc09992g,https://doi.org/10.5281/zenodo.17902549,"Mapping the crystallization landscape of rare earth MOFs: a high-throughput investigation of structure, kinetics, and selectivity","PAIR::sm::terephthalic acid (1,4-bdc)",,"terephthalic acid (1,4-BDC)",,,Aromatic dicarboxylate,Sm,rare-earth nitrate salt(s); hydration not encoded in campaign key,nitrate,,3,EtOH/H2O (fractions not encoded in campaign key),,Acido acetico,10.0,40.0,18.0,,,,,,Automated solvothermal synthesis,Automated vial; exact geometry in source SI,,,,no solid product,,peer_reviewed_high_throughput_literature,Author-assigned HT-PXRD/CV campaign outcome,direct_machine_readable_campaign_key,v13_source_rare_earth_landscape.csv,SOURCE_VERIFIED_SINGLE_CURATION_PASS,False,"Evidence-only: absolute precursor amounts, ligand:metal ratio, and solvent volume are not encoded in the public campaign key.",0,Failed / no solid product,no solid product,Exact author label 'no solid product' -> class 0,False,False,False,Campaign key explicitly reports no solid product.
V13-REHT-1087,MG2-89-23,10.1039/d5sc09992g,10.5281/zenodo.17902549,https://doi.org/10.1039/d5sc09992g,https://doi.org/10.5281/zenodo.17902549,"Mapping the crystallization landscape of rare earth MOFs: a high-throughput investigation of structure, kinetics, and selectivity","PAIR::sm::phthalic acid (1,2-bdc)",,"phthalic acid (1,2-BDC)",,,Aromatic dicarboxylate,Sm,rare-earth nitrate salt(s); hydration not encoded in campaign key,nitrate,,3,EtOH/H2O (fractions not encoded in campaign key),,Acido acetico,10.0,40.0,18.0,,,,,,Automated solvothermal synthesis,Automated vial; exact geometry in source SI,,,,no solid product,,peer_reviewed_high_throughput_literature,Author-assigned HT-PXRD/CV campaign outcome,direct_machine_readable_campaign_key,v13_source_rare_earth_landscape.csv,SOURCE_VERIFIED_SINGLE_CURATION_PASS,False,"Evidence-only: absolute precursor amounts, ligand:metal ratio, and solvent volume are not encoded in the public campaign key.",0,Failed / no solid product,no solid product,Exact author label 'no solid product' -> class 0,False,False,False,Campaign key explicitly reports no solid product.
V13-REHT-1088,MG2-89-24,10.1039/d5sc09992g,10.5281/zenodo.17902549,https://doi.org/10.1039/d5sc09992g,https://doi.org/10.5281/zenodo.17902549,"Mapping the crystallization landscape of rare earth MOFs: a high-throughput investigation of structure, kinetics, and selectivity","PAIR::sm::isophthalic acid (1,3-bdc)",,"isophthalic acid (1,3-BDC)",,,Aromatic dicarboxylate,Sm,rare-earth nitrate salt(s); hydration not encoded in campaign key,nitrate,,3,EtOH/H2O (fractions not encoded in campaign key),,Acido acetico,10.0,40.0,18.0,,,,,,Automated solvothermal synthesis,Automated vial; exact geometry in source SI,,,,no solid product,,peer_reviewed_high_throughput_literature,Author-assigned HT-PXRD/CV campaign outcome,direct_machine_readable_campaign_key,v13_source_rare_earth_landscape.csv,SOURCE_VERIFIED_SINGLE_CURATION_PASS,False,"Evidence-only: absolute precursor amounts, ligand:metal ratio, and solvent volume are not encoded in the public campaign key.",0,Failed / no solid product,no solid product,Exact author label 'no solid product' -> class 0,False,False,False,Campaign key explicitly reports no solid product.
V13-REHT-1093,MG2-89-29,10.1039/d5sc09992g,10.5281/zenodo.17902549,https://doi.org/10.1039/d5sc09992g,https://doi.org/10.5281/zenodo.17902549,"Mapping the crystallization landscape of rare earth MOFs: a high-throughput investigation of structure, kinetics, and selectivity","PAIR::eu::terephthalic acid (1,4-bdc)",,"terephthalic acid (1,4-BDC)",,,Aromatic dicarboxylate,Eu,rare-earth nitrate salt(s); hydration not encoded in campaign key,nitrate,,3,EtOH/H2O (fractions not encoded in campaign key),,Nessuno,0.0,40.0,18.0,,,,,,Automated solvothermal synthesis,Automated vial; exact geometry in source SI,,,,no solid product,,peer_reviewed_high_throughput_literature,Author-assigned HT-PXRD/CV campaign outcome,direct_machine_readable_campaign_key,v13_source_rare_earth_landscape.csv,SOURCE_VERIFIED_SINGLE_CURATION_PASS,False,"Evidence-only: absolute precursor amounts, ligand:metal ratio, and solvent volume are not encoded in the public campaign key.",0,Failed / no solid product,no solid product,Exact author label 'no solid product' -> class 0,False,False,False,Campaign key explicitly reports no solid product.
V13-REHT-1094,MG2-89-30,10.1039/d5sc09992g,10.5281/zenodo.17902549,https://doi.org/10.1039/d5sc09992g,https://doi.org/10.5281/zenodo.17902549,"Mapping the crystallization landscape of rare earth MOFs: a high-throughput investigation of structure, kinetics, and selectivity","PAIR::eu::phthalic acid (1,2-bdc)",,"phthalic acid (1,2-BDC)",,,Aromatic dicarboxylate,Eu,rare-earth nitrate salt(s); hydration not encoded in campaign key,nitrate,,3,EtOH/H2O (fractions not encoded in campaign key),,Nessuno,0.0,40.0,18.0,,,,,,Automated solvothermal synthesis,Automated vial; exact geometry in source SI,,,,no solid product,,peer_reviewed_high_throughput_literature,Author-assigned HT-PXRD/CV campaign outcome,direct_machine_readable_campaign_key,v13_source_rare_earth_landscape.csv,SOURCE_VERIFIED_SINGLE_CURATION_PASS,False,"Evidence-only: absolute precursor amounts, ligand:metal ratio, and solvent volume are not encoded in the public campaign key.",0,Failed / no solid product,no solid product,Exact author label 'no solid product' -> class 0,False,False,False,Campaign key explicitly reports no solid product.
V13-REHT-1095,MG2-89-31,10.1039/d5sc09992g,10.5281/zenodo.17902549,https://doi.org/10.1039/d5sc09992g,https://doi.org/10.5281/zenodo.17902549,"Mapping the crystallization landscape of rare earth MOFs: a high-throughput investigation of structure, kinetics, and selectivity","PAIR::eu::isophthalic acid (1,3-bdc)",,"isophthalic acid (1,3-BDC)",,,Aromatic dicarboxylate,Eu,rare-earth nitrate salt(s); hydration not encoded in campaign key,nitrate,,3,EtOH/H2O (fractions not encoded in campaign key),,Nessuno,0.0,40.0,18.0,,,,,,Automated solvothermal synthesis,Automated vial; exact geometry in source SI,0.192,,0.192,no solid product,,peer_reviewed_high_throughput_literature,Author-assigned HT-PXRD/CV campaign outcome,direct_machine_readable_campaign_key,v13_source_rare_earth_landscape.csv,SOURCE_VERIFIED_SINGLE_CURATION_PASS,False,"Evidence-only: absolute precursor amounts, ligand:metal ratio, and solvent volume are not encoded in the public campaign key.",0,Failed / no solid product,no solid product,Exact author label 'no solid product' -> class 0,False,False,False,Campaign key explicitly reports no solid product.
V13-REHT-1100,MG2-89-36,10.1039/d5sc09992g,10.5281/zenodo.17902549,https://doi.org/10.1039/d5sc09992g,https://doi.org/10.5281/zenodo.17902549,"Mapping the crystallization landscape of rare earth MOFs: a high-throughput investigation of structure, kinetics, and selectivity","PAIR::eu::terephthalic acid (1,4-bdc)",,"terephthalic acid (1,4-BDC)",,,Aromatic dicarboxylate,Eu,rare-earth nitrate salt(s); hydration not encoded in campaign key,nitrate,,3,EtOH/H2O (fractions not encoded in campaign key),,Acido acetico,2.0,40.0,18.0,,,,,,Automated solvothermal synthesis,Automated vial; exact geometry in source SI,,,,no solid product,,peer_reviewed_high_throughput_literature,Author-assigned HT-PXRD/CV campaign outcome,direct_machine_readable_campaign_key,v13_source_rare_earth_landscape.csv,SOURCE_VERIFIED_SINGLE_CURATION_PASS,False,"Evidence-only: absolute precursor amounts, ligand:metal ratio, and solvent volume are not encoded in the public campaign key.",0,Failed / no solid product,no solid product,Exact author label 'no solid product' -> class 0,False,False,False,Campaign key explicitly reports no solid product.
V13-REHT-1101,MG2-89-37,10.1039/d5sc09992g,10.5281/zenodo.17902549,https://doi.org/10.1039/d5sc09992g,https://doi.org/10.5281/zenodo.17902549,"Mapping the crystallization landscape of rare earth MOFs: a high-throughput investigation of structure, kinetics, and selectivity","PAIR::eu::phthalic acid (1,2-bdc)",,"phthalic acid (1,2-BDC)",,,Aromatic dicarboxylate,Eu,rare-earth nitrate salt(s); hydration not encoded in campaign key,nitrate,,3,EtOH/H2O (fractions not encoded in campaign key),,Acido acetico,2.0,40.0,18.0,,,,,,Automated solvothermal synthesis,Automated vial; exact geometry in source SI,14.226,,14.226,no solid product,,peer_reviewed_high_throughput_literature,Author-assigned HT-PXRD/CV campaign outcome,direct_machine_readable_campaign_key,v13_source_rare_earth_landscape.csv,SOURCE_VERIFIED_SINGLE_CURATION_PASS,False,"Evidence-only: absolute precursor amounts, ligand:metal ratio, and solvent volume are not encoded in the public campaign key.",0,Failed / no solid product,no solid product,Exact author label 'no solid product' -> class 0,False,False,False,Campaign key explicitly reports no solid product.
V13-REHT-1102,MG2-89-38,10.1039/d5sc09992g,10.5281/zenodo.17902549,https://doi.org/10.1039/d5sc09992g,https://doi.org/10.5281/zenodo.17902549,"Mapping the crystallization landscape of rare earth MOFs: a high-throughput investigation of structure, kinetics, and selectivity","PAIR::eu::isophthalic acid (1,3-bdc)",,"isophthalic acid (1,3-BDC)",,,Aromatic dicarboxylate,Eu,rare-earth nitrate salt(s); hydration not encoded in campaign key,nitrate,,3,EtOH/H2O (fractions not encoded in campaign key),,Acido acetico,2.0,40.0,18.0,,,,,,Automated solvothermal synthesis,Automated vial; exact geometry in source SI,,,,no solid product,,peer_reviewed_high_throughput_literature,Author-assigned HT-PXRD/CV campaign outcome,direct_machine_readable_campaign_key,v13_source_rare_earth_landscape.csv,SOURCE_VERIFIED_SINGLE_CURATION_PASS,False,"Evidence-only: absolute precursor amounts, ligand:metal ratio, and solvent volume are not encoded in the public campaign key.",0,Failed / no solid product,no solid product,Exact author label 'no solid product' -> class 0,False,False,False,Campaign key explicitly reports no solid product.
V13-REHT-1107,MG2-89-43,10.1039/d5sc09992g,10.5281/zenodo.17902549,https://doi.org/10.1039/d5sc09992g,https://doi.org/10.5281/zenodo.17902549,"Mapping the crystallization landscape of rare earth MOFs: a high-throughput investigation of structure, kinetics, and selectivity","PAIR::eu::terephthalic acid (1,4-bdc)",,"terephthalic acid (1,4-BDC)",,,Aromatic dicarboxylate,Eu,rare-earth nitrate salt(s); hydration not encoded in campaign key,nitrate,,3,EtOH/H2O (fractions not encoded in campaign key),,Acido acetico,5.0,40.0,18.0,,,,,,Automated solvothermal synthesis,Automated vial; exact geometry in source SI,,,,no solid product,,peer_reviewed_high_throughput_literature,Author-assigned HT-PXRD/CV campaign outcome,direct_machine_readable_campaign_key,v13_source_rare_earth_landscape.csv,SOURCE_VERIFIED_SINGLE_CURATION_PASS,False,"Evidence-only: absolute precursor amounts, ligand:metal ratio, and solvent volume are not encoded in the public campaign key.",0,Failed / no solid product,no solid product,Exact author label 'no solid product' -> class 0,False,False,False,Campaign key explicitly reports no solid product.
V13-REHT-1108,MG2-89-44,10.1039/d5sc09992g,10.5281/zenodo.17902549,https://doi.org/10.1039/d5sc09992g,https://doi.org/10.5281/zenodo.17902549,"Mapping the crystallization landscape of rare earth MOFs: a high-throughput investigation of structure, kinetics, and selectivity","PAIR::eu::phthalic acid (1,2-bdc)",,"phthalic acid (1,2-BDC)",,,Aromatic dicarboxylate,Eu,rare-earth nitrate salt(s); hydration not encoded in campaign key,nitrate,,3,EtOH/H2O (fractions not encoded in campaign key),,Acido acetico,5.0,40.0,18.0,,,,,,Automated solvothermal synthesis,Automated vial; exact geometry in source SI,,,,no solid product,,peer_reviewed_high_throughput_literature,Author-assigned HT-PXRD/CV campaign outcome,direct_machine_readable_campaign_key,v13_source_rare_earth_landscape.csv,SOURCE_VERIFIED_SINGLE_CURATION_PASS,False,"Evidence-only: absolute precursor amounts, ligand:metal ratio, and solvent volume are not encoded in the public campaign key.",0,Failed / no solid product,no solid product,Exact author label 'no solid product' -> class 0,False,False,False,Campaign key explicitly reports no solid product.
V13-REHT-1109,MG2-89-45,10.1039/d5sc09992g,10.5281/zenodo.17902549,https://doi.org/10.1039/d5sc09992g,https://doi.org/10.5281/zenodo.17902549,"Mapping the crystallization landscape of rare earth MOFs: a high-throughput investigation of structure, kinetics, and selectivity","PAIR::eu::isophthalic acid (1,3-bdc)",,"isophthalic acid (1,3-BDC)",,,Aromatic dicarboxylate,Eu,rare-earth nitrate salt(s); hydration not encoded in campaign key,nitrate,,3,EtOH/H2O (fractions not encoded in campaign key),,Acido acetico,5.0,40.0,18.0,,,,,,Automated solvothermal synthesis,Automated vial; exact geometry in source SI,,,,no solid product,,peer_reviewed_high_throughput_literature,Author-assigned HT-PXRD/CV campaign outcome,direct_machine_readable_campaign_key,v13_source_rare_earth_landscape.csv,SOURCE_VERIFIED_SINGLE_CURATION_PASS,False,"Evidence-only: absolute precursor amounts, ligand:metal ratio, and solvent volume are not encoded in the public campaign key.",0,Failed / no solid product,no solid product,Exact author label 'no solid product' -> class 0,False,False,False,Campaign key explicitly reports no solid product.
V13-REHT-1114,MG2-89-50,10.1039/d5sc09992g,10.5281/zenodo.17902549,https://doi.org/10.1039/d5sc09992g,https://doi.org/10.5281/zenodo.17902549,"Mapping the crystallization landscape of rare earth MOFs: a high-throughput investigation of structure, kinetics, and selectivity","PAIR::eu::terephthalic acid (1,4-bdc)",,"terephthalic acid (1,4-BDC)",,,Aromatic dicarboxylate,Eu,rare-earth nitrate salt(s); hydration not encoded in campaign key,nitrate,,3,EtOH/H2O (fractions not encoded in campaign key),,Acido acetico,10.0,40.0,18.0,,,,,,Automated solvothermal synthesis,Automated vial; exact geometry in source SI,,,,no solid product,,peer_reviewed_high_throughput_literature,Author-assigned HT-PXRD/CV campaign outcome,direct_machine_readable_campaign_key,v13_source_rare_earth_landscape.csv,SOURCE_VERIFIED_SINGLE_CURATION_PASS,False,"Evidence-only: absolute precursor amounts, ligand:metal ratio, and solvent volume are not encoded in the public campaign key.",0,Failed / no solid product,no solid product,Exact author label 'no solid product' -> class 0,False,False,False,Campaign key explicitly reports no solid product.
V13-REHT-1115,MG2-89-51,10.1039/d5sc09992g,10.5281/zenodo.17902549,https://doi.org/10.1039/d5sc09992g,https://doi.org/10.5281/zenodo.17902549,"Mapping the crystallization landscape of rare earth MOFs: a high-throughput investigation of structure, kinetics, and selectivity","PAIR::eu::phthalic acid (1,2-bdc)",,"phthalic acid (1,2-BDC)",,,Aromatic dicarboxylate,Eu,rare-earth nitrate salt(s); hydration not encoded in campaign key,nitrate,,3,EtOH/H2O (fractions not encoded in campaign key),,Acido acetico,10.0,40.0,18.0,,,,,,Automated solvothermal synthesis,Automated vial; exact geometry in source SI,,,,no solid product,,peer_reviewed_high_throughput_literature,Author-assigned HT-PXRD/CV campaign outcome,direct_machine_readable_campaign_key,v13_source_rare_earth_landscape.csv,SOURCE_VERIFIED_SINGLE_CURATION_PASS,False,"Evidence-only: absolute precursor amounts, ligand:metal ratio, and solvent volume are not encoded in the public campaign key.",0,Failed / no solid product,no solid product,Exact author label 'no solid product' -> class 0,False,False,False,Campaign key explicitly reports no solid product.
V13-REHT-1116,MG2-89-52,10.1039/d5sc09992g,10.5281/zenodo.17902549,https://doi.org/10.1039/d5sc09992g,https://doi.org/10.5281/zenodo.17902549,"Mapping the crystallization landscape of rare earth MOFs: a high-throughput investigation of structure, kinetics, and selectivity","PAIR::eu::isophthalic acid (1,3-bdc)",,"isophthalic acid (1,3-BDC)",,,Aromatic dicarboxylate,Eu,rare-earth nitrate salt(s); hydration not encoded in campaign key,nitrate,,3,EtOH/H2O (fractions not encoded in campaign key),,Acido acetico,10.0,40.0,18.0,,,,,,Automated solvothermal synthesis,Automated vial; exact geometry in source SI,,,,no solid product,,peer_reviewed_high_throughput_literature,Author-assigned HT-PXRD/CV campaign outcome,direct_machine_readable_campaign_key,v13_source_rare_earth_landscape.csv,SOURCE_VERIFIED_SINGLE_CURATION_PASS,False,"Evidence-only: absolute precursor amounts, ligand:metal ratio, and solvent volume are not encoded in the public campaign key.",0,Failed / no solid product,no solid product,Exact author label 'no solid product' -> class 0,False,False,False,Campaign key explicitly reports no solid product.
V13-REHT-1121,MG2-89-57,10.1039/d5sc09992g,10.5281/zenodo.17902549,https://doi.org/10.1039/d5sc09992g,https://doi.org/10.5281/zenodo.17902549,"Mapping the crystallization landscape of rare earth MOFs: a high-throughput investigation of structure, kinetics, and selectivity","PAIR::gd::terephthalic acid (1,4-bdc)",,"terephthalic acid (1,4-BDC)",,,Aromatic dicarboxylate,Gd,rare-earth nitrate salt(s); hydration not encoded in campaign key,nitrate,,3,EtOH/H2O (fractions not encoded in campaign key),,Nessuno,0.0,40.0,18.0,,,,,,Automated solvothermal synthesis,Automated vial; exact geometry in source SI,,,,no solid product,,peer_reviewed_high_throughput_literature,Author-assigned HT-PXRD/CV campaign outcome,direct_machine_readable_campaign_key,v13_source_rare_earth_landscape.csv,SOURCE_VERIFIED_SINGLE_CURATION_PASS,False,"Evidence-only: absolute precursor amounts, ligand:metal ratio, and solvent volume are not encoded in the public campaign key.",0,Failed / no solid product,no solid product,Exact author label 'no solid product' -> class 0,False,False,False,Campaign key explicitly reports no solid product.
V13-REHT-1122,MG2-89-58,10.1039/d5sc09992g,10.5281/zenodo.17902549,https://doi.org/10.1039/d5sc09992g,https://doi.org/10.5281/zenodo.17902549,"Mapping the crystallization landscape of rare earth MOFs: a high-throughput investigation of structure, kinetics, and selectivity","PAIR::gd::phthalic acid (1,2-bdc)",,"phthalic acid (1,2-BDC)",,,Aromatic dicarboxylate,Gd,rare-earth nitrate salt(s); hydration not encoded in campaign key,nitrate,,3,EtOH/H2O (fractions not encoded in campaign key),,Nessuno,0.0,40.0,18.0,,,,,,Automated solvothermal synthesis,Automated vial; exact geometry in source SI,,,,no solid product,,peer_reviewed_high_throughput_literature,Author-assigned HT-PXRD/CV campaign outcome,direct_machine_readable_campaign_key,v13_source_rare_earth_landscape.csv,SOURCE_VERIFIED_SINGLE_CURATION_PASS,False,"Evidence-only: absolute precursor amounts, ligand:metal ratio, and solvent volume are not encoded in the public campaign key.",0,Failed / no solid product,no solid product,Exact author label 'no solid product' -> class 0,False,False,False,Campaign key explicitly reports no solid product.
V13-REHT-1123,MG2-89-59,10.1039/d5sc09992g,10.5281/zenodo.17902549,https://doi.org/10.1039/d5sc09992g,https://doi.org/10.5281/zenodo.17902549,"Mapping the crystallization landscape of rare earth MOFs: a high-throughput investigation of structure, kinetics, and selectivity","PAIR::gd::isophthalic acid (1,3-bdc)",,"isophthalic acid (1,3-BDC)",,,Aromatic dicarboxylate,Gd,rare-earth nitrate salt(s); hydration not encoded in campaign key,nitrate,,3,EtOH/H2O (fractions not encoded in campaign key),,Nessuno,0.0,40.0,18.0,,,,,,Automated solvothermal synthesis,Automated vial; exact geometry in source SI,,,,no solid product,,peer_reviewed_high_throughput_literature,Author-assigned HT-PXRD/CV campaign outcome,direct_machine_readable_campaign_key,v13_source_rare_earth_landscape.csv,SOURCE_VERIFIED_SINGLE_CURATION_PASS,False,"Evidence-only: absolute precursor amounts, ligand:metal ratio, and solvent volume are not encoded in the public campaign key.",0,Failed / no solid product,no solid product,Exact author label 'no solid product' -> class 0,False,False,False,Campaign key explicitly reports no solid product.
V13-REHT-1128,MG2-89-64,10.1039/d5sc09992g,10.5281/zenodo.17902549,https://doi.org/10.1039/d5sc09992g,https://doi.org/10.5281/zenodo.17902549,"Mapping the crystallization landscape of rare earth MOFs: a high-throughput investigation of structure, kinetics, and selectivity","PAIR::gd::terephthalic acid (1,4-bdc)",,"terephthalic acid (1,4-BDC)",,,Aromatic dicarboxylate,Gd,rare-earth nitrate salt(s); hydration not encoded in campaign key,nitrate,,3,EtOH/H2O (fractions not encoded in campaign key),,Acido acetico,2.0,40.0,18.0,,,,,,Automated solvothermal synthesis,Automated vial; exact geometry in source SI,,,,no solid product,,peer_reviewed_high_throughput_literature,Author-assigned HT-PXRD/CV campaign outcome,direct_machine_readable_campaign_key,v13_source_rare_earth_landscape.csv,SOURCE_VERIFIED_SINGLE_CURATION_PASS,False,"Evidence-only: absolute precursor amounts, ligand:metal ratio, and solvent volume are not encoded in the public campaign key.",0,Failed / no solid product,no solid product,Exact author label 'no solid product' -> class 0,False,False,False,Campaign key explicitly reports no solid product.
V13-REHT-1129,MG2-89-65,10.1039/d5sc09992g,10.5281/zenodo.17902549,https://doi.org/10.1039/d5sc09992g,https://doi.org/10.5281/zenodo.17902549,"Mapping the crystallization landscape of rare earth MOFs: a high-throughput investigation of structure, kinetics, and selectivity","PAIR::gd::phthalic acid (1,2-bdc)",,"phthalic acid (1,2-BDC)",,,Aromatic dicarboxylate,Gd,rare-earth nitrate salt(s); hydration not encoded in campaign key,nitrate,,3,EtOH/H2O (fractions not encoded in campaign key),,Acido acetico,2.0,40.0,18.0,,,,,,Automated solvothermal synthesis,Automated vial; exact geometry in source SI,,,,no solid product,,peer_reviewed_high_throughput_literature,Author-assigned HT-PXRD/CV campaign outcome,direct_machine_readable_campaign_key,v13_source_rare_earth_landscape.csv,SOURCE_VERIFIED_SINGLE_CURATION_PASS,False,"Evidence-only: absolute precursor amounts, ligand:metal ratio, and solvent volume are not encoded in the public campaign key.",0,Failed / no solid product,no solid product,Exact author label 'no solid product' -> class 0,False,False,False,Campaign key explicitly reports no solid product.
V13-REHT-1130,MG2-89-66,10.1039/d5sc09992g,10.5281/zenodo.17902549,https://doi.org/10.1039/d5sc09992g,https://doi.org/10.5281/zenodo.17902549,"Mapping the crystallization landscape of rare earth MOFs: a high-throughput investigation of structure, kinetics, and selectivity","PAIR::gd::isophthalic acid (1,3-bdc)",,"isophthalic acid (1,3-BDC)",,,Aromatic dicarboxylate,Gd,rare-earth nitrate salt(s); hydration not encoded in campaign key,nitrate,,3,EtOH/H2O (fractions not encoded in campaign key),,Acido acetico,2.0,40.0,18.0,,,,,,Automated solvothermal synthesis,Automated vial; exact geometry in source SI,,,,no solid product,,peer_reviewed_high_throughput_literature,Author-assigned HT-PXRD/CV campaign outcome,direct_machine_readable_campaign_key,v13_source_rare_earth_landscape.csv,SOURCE_VERIFIED_SINGLE_CURATION_PASS,False,"Evidence-only: absolute precursor amounts, ligand:metal ratio, and solvent volume are not encoded in the public campaign key.",0,Failed / no solid product,no solid product,Exact author label 'no solid product' -> class 0,False,False,False,Campaign key explicitly reports no solid product.
V13-REHT-1135,MG2-89-71,10.1039/d5sc09992g,10.5281/zenodo.17902549,https://doi.org/10.1039/d5sc09992g,https://doi.org/10.5281/zenodo.17902549,"Mapping the crystallization landscape of rare earth MOFs: a high-throughput investigation of structure, kinetics, and selectivity","PAIR::gd::terephthalic acid (1,4-bdc)",,"terephthalic acid (1,4-BDC)",,,Aromatic dicarboxylate,Gd,rare-earth nitrate salt(s); hydration not encoded in campaign key,nitrate,,3,EtOH/H2O (fractions not encoded in campaign key),,Acido acetico,5.0,40.0,18.0,,,,,,Automated solvothermal synthesis,Automated vial; exact geometry in source SI,,,,no solid product,,peer_reviewed_high_throughput_literature,Author-assigned HT-PXRD/CV campaign outcome,direct_machine_readable_campaign_key,v13_source_rare_earth_landscape.csv,SOURCE_VERIFIED_SINGLE_CURATION_PASS,False,"Evidence-only: absolute precursor amounts, ligand:metal ratio, and solvent volume are not encoded in the public campaign key.",0,Failed / no solid product,no solid product,Exact author label 'no solid product' -> class 0,False,False,False,Campaign key explicitly reports no solid product.
V13-REHT-1136,MG2-89-72,10.1039/d5sc09992g,10.5281/zenodo.17902549,https://doi.org/10.1039/d5sc09992g,https://doi.org/10.5281/zenodo.17902549,"Mapping the crystallization landscape of rare earth MOFs: a high-throughput investigation of structure, kinetics, and selectivity","PAIR::gd::phthalic acid (1,2-bdc)",,"phthalic acid (1,2-BDC)",,,Aromatic dicarboxylate,Gd,rare-earth nitrate salt(s); hydration not encoded in campaign key,nitrate,,3,EtOH/H2O (fractions not encoded in campaign key),,Acido acetico,5.0,40.0,18.0,,,,,,Automated solvothermal synthesis,Automated vial; exact geometry in source SI,,,,no solid product,,peer_reviewed_high_throughput_literature,Author-assigned HT-PXRD/CV campaign outcome,direct_machine_readable_campaign_key,v13_source_rare_earth_landscape.csv,SOURCE_VERIFIED_SINGLE_CURATION_PASS,False,"Evidence-only: absolute precursor amounts, ligand:metal ratio, and solvent volume are not encoded in the public campaign key.",0,Failed / no solid product,no solid product,Exact author label 'no solid product' -> class 0,False,False,False,Campaign key explicitly reports no solid product.
V13-REHT-1137,MG2-89-73,10.1039/d5sc09992g,10.5281/zenodo.17902549,https://doi.org/10.1039/d5sc09992g,https://doi.org/10.5281/zenodo.17902549,"Mapping the crystallization landscape of rare earth MOFs: a high-throughput investigation of structure, kinetics, and selectivity","PAIR::gd::isophthalic acid (1,3-bdc)",,"isophthalic acid (1,3-BDC)",,,Aromatic dicarboxylate,Gd,rare-earth nitrate salt(s); hydration not encoded in campaign key,nitrate,,3,EtOH/H2O (fractions not encoded in campaign key),,Acido acetico,5.0,40.0,18.0,,,,,,Automated solvothermal synthesis,Automated vial; exact geometry in source SI,,,,no solid product,,peer_reviewed_high_throughput_literature,Author-assigned HT-PXRD/CV campaign outcome,direct_machine_readable_campaign_key,v13_source_rare_earth_landscape.csv,SOURCE_VERIFIED_SINGLE_CURATION_PASS,False,"Evidence-only: absolute precursor amounts, ligand:metal ratio, and solvent volume are not encoded in the public campaign key.",0,Failed / no solid product,no solid product,Exact author label 'no solid product' -> class 0,False,False,False,Campaign key explicitly reports no solid product.
V13-REHT-1142,MG2-89-78,10.1039/d5sc09992g,10.5281/zenodo.17902549,https://doi.org/10.1039/d5sc09992g,https://doi.org/10.5281/zenodo.17902549,"Mapping the crystallization landscape of rare earth MOFs: a high-throughput investigation of structure, kinetics, and selectivity","PAIR::gd::terephthalic acid (1,4-bdc)",,"terephthalic acid (1,4-BDC)",,,Aromatic dicarboxylate,Gd,rare-earth nitrate salt(s); hydration not encoded in campaign key,nitrate,,3,EtOH/H2O (fractions not encoded in campaign key),,Acido acetico,10.0,40.0,18.0,,,,,,Automated solvothermal synthesis,Automated vial; exact geometry in source SI,,,,no solid product,,peer_reviewed_high_throughput_literature,Author-assigned HT-PXRD/CV campaign outcome,direct_machine_readable_campaign_key,v13_source_rare_earth_landscape.csv,SOURCE_VERIFIED_SINGLE_CURATION_PASS,False,"Evidence-only: absolute precursor amounts, ligand:metal ratio, and solvent volume are not encoded in the public campaign key.",0,Failed / no solid product,no solid product,Exact author label 'no solid product' -> class 0,False,False,False,Campaign key explicitly reports no solid product.
V13-REHT-1143,MG2-89-79,10.1039/d5sc09992g,10.5281/zenodo.17902549,https://doi.org/10.1039/d5sc09992g,https://doi.org/10.5281/zenodo.17902549,"Mapping the crystallization landscape of rare earth MOFs: a high-throughput investigation of structure, kinetics, and selectivity","PAIR::gd::phthalic acid (1,2-bdc)",,"phthalic acid (1,2-BDC)",,,Aromatic dicarboxylate,Gd,rare-earth nitrate salt(s); hydration not encoded in campaign key,nitrate,,3,EtOH/H2O (fractions not encoded in campaign key),,Acido acetico,10.0,40.0,18.0,,,,,,Automated solvothermal synthesis,Automated vial; exact geometry in source SI,,,,no solid product,,peer_reviewed_high_throughput_literature,Author-assigned HT-PXRD/CV campaign outcome,direct_machine_readable_campaign_key,v13_source_rare_earth_landscape.csv,SOURCE_VERIFIED_SINGLE_CURATION_PASS,False,"Evidence-only: absolute precursor amounts, ligand:metal ratio, and solvent volume are not encoded in the public campaign key.",0,Failed / no solid product,no solid product,Exact author label 'no solid product' -> class 0,False,False,False,Campaign key explicitly reports no solid product.
V13-REHT-1144,MG2-89-80,10.1039/d5sc09992g,10.5281/zenodo.17902549,https://doi.org/10.1039/d5sc09992g,https://doi.org/10.5281/zenodo.17902549,"Mapping the crystallization landscape of rare earth MOFs: a high-throughput investigation of structure, kinetics, and selectivity","PAIR::gd::isophthalic acid (1,3-bdc)",,"isophthalic acid (1,3-BDC)",,,Aromatic dicarboxylate,Gd,rare-earth nitrate salt(s); hydration not encoded in campaign key,nitrate,,3,EtOH/H2O (fractions not encoded in campaign key),,Acido acetico,10.0,40.0,18.0,,,,,,Automated solvothermal synthesis,Automated vial; exact geometry in source SI,,,,no solid product,,peer_reviewed_high_throughput_literature,Author-assigned HT-PXRD/CV campaign outcome,direct_machine_readable_campaign_key,v13_source_rare_earth_landscape.csv,SOURCE_VERIFIED_SINGLE_CURATION_PASS,False,"Evidence-only: absolute precursor amounts, ligand:metal ratio, and solvent volume are not encoded in the public campaign key.",0,Failed / no solid product,no solid product,Exact author label 'no solid product' -> class 0,False,False,False,Campaign key explicitly reports no solid product.
V13-REHT-1149,MG2-90-01,10.1039/d5sc09992g,10.5281/zenodo.17902549,https://doi.org/10.1039/d5sc09992g,https://doi.org/10.5281/zenodo.17902549,"Mapping the crystallization landscape of rare earth MOFs: a high-throughput investigation of structure, kinetics, and selectivity","PAIR::tb::terephthalic acid (1,4-bdc)",,"terephthalic acid (1,4-BDC)",,,Aromatic dicarboxylate,Tb,rare-earth nitrate salt(s); hydration not encoded in campaign key,nitrate,,3,EtOH/H2O (fractions not encoded in campaign key),,Nessuno,0.0,40.0,18.0,,,,,,Automated solvothermal synthesis,Automated vial; exact geometry in source SI,,,,no solid product,,peer_reviewed_high_throughput_literature,Author-assigned HT-PXRD/CV campaign outcome,direct_machine_readable_campaign_key,v13_source_rare_earth_landscape.csv,SOURCE_VERIFIED_SINGLE_CURATION_PASS,False,"Evidence-only: absolute precursor amounts, ligand:metal ratio, and solvent volume are not encoded in the public campaign key.",0,Failed / no solid product,no solid product,Exact author label 'no solid product' -> class 0,False,False,False,Campaign key explicitly reports no solid product.
V13-REHT-1150,MG2-90-02,10.1039/d5sc09992g,10.5281/zenodo.17902549,https://doi.org/10.1039/d5sc09992g,https://doi.org/10.5281/zenodo.17902549,"Mapping the crystallization landscape of rare earth MOFs: a high-throughput investigation of structure, kinetics, and selectivity","PAIR::tb::phthalic acid (1,2-bdc)",,"phthalic acid (1,2-BDC)",,,Aromatic dicarboxylate,Tb,rare-earth nitrate salt(s); hydration not encoded in campaign key,nitrate,,3,EtOH/H2O (fractions not encoded in campaign key),,Nessuno,0.0,40.0,18.0,,,,,,Automated solvothermal synthesis,Automated vial; exact geometry in source SI,,,,no solid product,,peer_reviewed_high_throughput_literature,Author-assigned HT-PXRD/CV campaign outcome,direct_machine_readable_campaign_key,v13_source_rare_earth_landscape.csv,SOURCE_VERIFIED_SINGLE_CURATION_PASS,False,"Evidence-only: absolute precursor amounts, ligand:metal ratio, and solvent volume are not encoded in the public campaign key.",0,Failed / no solid product,no solid product,Exact author label 'no solid product' -> class 0,False,False,False,Campaign key explicitly reports no solid product.
V13-REHT-1151,MG2-90-03,10.1039/d5sc09992g,10.5281/zenodo.17902549,https://doi.org/10.1039/d5sc09992g,https://doi.org/10.5281/zenodo.17902549,"Mapping the crystallization landscape of rare earth MOFs: a high-throughput investigation of structure, kinetics, and selectivity","PAIR::tb::isophthalic acid (1,3-bdc)",,"isophthalic acid (1,3-BDC)",,,Aromatic dicarboxylate,Tb,rare-earth nitrate salt(s); hydration not encoded in campaign key,nitrate,,3,EtOH/H2O (fractions not encoded in campaign key),,Nessuno,0.0,40.0,18.0,,,,,,Automated solvothermal synthesis,Automated vial; exact geometry in source SI,,,,no solid product,,peer_reviewed_high_throughput_literature,Author-assigned HT-PXRD/CV campaign outcome,direct_machine_readable_campaign_key,v13_source_rare_earth_landscape.csv,SOURCE_VERIFIED_SINGLE_CURATION_PASS,False,"Evidence-only: absolute precursor amounts, ligand:metal ratio, and solvent volume are not encoded in the public campaign key.",0,Failed / no solid product,no solid product,Exact author label 'no solid product' -> class 0,False,False,False,Campaign key explicitly reports no solid product.
V13-REHT-1156,MG2-90-08,10.1039/d5sc09992g,10.5281/zenodo.17902549,https://doi.org/10.1039/d5sc09992g,https://doi.org/10.5281/zenodo.17902549,"Mapping the crystallization landscape of rare earth MOFs: a high-throughput investigation of structure, kinetics, and selectivity","PAIR::tb::terephthalic acid (1,4-bdc)",,"terephthalic acid (1,4-BDC)",,,Aromatic dicarboxylate,Tb,rare-earth nitrate salt(s); hydration not encoded in campaign key,nitrate,,3,EtOH/H2O (fractions not encoded in campaign key),,Acido acetico,2.0,40.0,18.0,,,,,,Automated solvothermal synthesis,Automated vial; exact geometry in source SI,,,,no solid product,,peer_reviewed_high_throughput_literature,Author-assigned HT-PXRD/CV campaign outcome,direct_machine_readable_campaign_key,v13_source_rare_earth_landscape.csv,SOURCE_VERIFIED_SINGLE_CURATION_PASS,False,"Evidence-only: absolute precursor amounts, ligand:metal ratio, and solvent volume are not encoded in the public campaign key.",0,Failed / no solid product,no solid product,Exact author label 'no solid product' -> class 0,False,False,False,Campaign key explicitly reports no solid product.
V13-REHT-1157,MG2-90-09,10.1039/d5sc09992g,10.5281/zenodo.17902549,https://doi.org/10.1039/d5sc09992g,https://doi.org/10.5281/zenodo.17902549,"Mapping the crystallization landscape of rare earth MOFs: a high-throughput investigation of structure, kinetics, and selectivity","PAIR::tb::phthalic acid (1,2-bdc)",,"phthalic acid (1,2-BDC)",,,Aromatic dicarboxylate,Tb,rare-earth nitrate salt(s); hydration not encoded in campaign key,nitrate,,3,EtOH/H2O (fractions not encoded in campaign key),,Acido acetico,2.0,40.0,18.0,,,,,,Automated solvothermal synthesis,Automated vial; exact geometry in source SI,,,,no solid product,,peer_reviewed_high_throughput_literature,Author-assigned HT-PXRD/CV campaign outcome,direct_machine_readable_campaign_key,v13_source_rare_earth_landscape.csv,SOURCE_VERIFIED_SINGLE_CURATION_PASS,False,"Evidence-only: absolute precursor amounts, ligand:metal ratio, and solvent volume are not encoded in the public campaign key.",0,Failed / no solid product,no solid product,Exact author label 'no solid product' -> class 0,False,False,False,Campaign key explicitly reports no solid product.
V13-REHT-1158,MG2-90-10,10.1039/d5sc09992g,10.5281/zenodo.17902549,https://doi.org/10.1039/d5sc09992g,https://doi.org/10.5281/zenodo.17902549,"Mapping the crystallization landscape of rare earth MOFs: a high-throughput investigation of structure, kinetics, and selectivity","PAIR::tb::isophthalic acid (1,3-bdc)",,"isophthalic acid (1,3-BDC)",,,Aromatic dicarboxylate,Tb,rare-earth nitrate salt(s); hydration not encoded in campaign key,nitrate,,3,EtOH/H2O (fractions not encoded in campaign key),,Acido acetico,2.0,40.0,18.0,,,,,,Automated solvothermal synthesis,Automated vial; exact geometry in source SI,,,,no solid product,,peer_reviewed_high_throughput_literature,Author-assigned HT-PXRD/CV campaign outcome,direct_machine_readable_campaign_key,v13_source_rare_earth_landscape.csv,SOURCE_VERIFIED_SINGLE_CURATION_PASS,False,"Evidence-only: absolute precursor amounts, ligand:metal ratio, and solvent volume are not encoded in the public campaign key.",0,Failed / no solid product,no solid product,Exact author label 'no solid product' -> class 0,False,False,False,Campaign key explicitly reports no solid product.
V13-REHT-1163,MG2-90-15,10.1039/d5sc09992g,10.5281/zenodo.17902549,https://doi.org/10.1039/d5sc09992g,https://doi.org/10.5281/zenodo.17902549,"Mapping the crystallization landscape of rare earth MOFs: a high-throughput investigation of structure, kinetics, and selectivity","PAIR::tb::terephthalic acid (1,4-bdc)",,"terephthalic acid (1,4-BDC)",,,Aromatic dicarboxylate,Tb,rare-earth nitrate salt(s); hydration not encoded in campaign key,nitrate,,3,EtOH/H2O (fractions not encoded in campaign key),,Acido acetico,5.0,40.0,18.0,,,,,,Automated solvothermal synthesis,Automated vial; exact geometry in source SI,,,,no solid product,,peer_reviewed_high_throughput_literature,Author-assigned HT-PXRD/CV campaign outcome,direct_machine_readable_campaign_key,v13_source_rare_earth_landscape.csv,SOURCE_VERIFIED_SINGLE_CURATION_PASS,False,"Evidence-only: absolute precursor amounts, ligand:metal ratio, and solvent volume are not encoded in the public campaign key.",0,Failed / no solid product,no solid product,Exact author label 'no solid product' -> class 0,False,False,False,Campaign key explicitly reports no solid product.
V13-REHT-1164,MG2-90-16,10.1039/d5sc09992g,10.5281/zenodo.17902549,https://doi.org/10.1039/d5sc09992g,https://doi.org/10.5281/zenodo.17902549,"Mapping the crystallization landscape of rare earth MOFs: a high-throughput investigation of structure, kinetics, and selectivity","PAIR::tb::phthalic acid (1,2-bdc)",,"phthalic acid (1,2-BDC)",,,Aromatic dicarboxylate,Tb,rare-earth nitrate salt(s); hydration not encoded in campaign key,nitrate,,3,EtOH/H2O (fractions not encoded in campaign key),,Acido acetico,5.0,40.0,18.0,,,,,,Automated solvothermal synthesis,Automated vial; exact geometry in source SI,,,,no solid product,,peer_reviewed_high_throughput_literature,Author-assigned HT-PXRD/CV campaign outcome,direct_machine_readable_campaign_key,v13_source_rare_earth_landscape.csv,SOURCE_VERIFIED_SINGLE_CURATION_PASS,False,"Evidence-only: absolute precursor amounts, ligand:metal ratio, and solvent volume are not encoded in the public campaign key.",0,Failed / no solid product,no solid product,Exact author label 'no solid product' -> class 0,False,False,False,Campaign key explicitly reports no solid product.
V13-REHT-1165,MG2-90-17,10.1039/d5sc09992g,10.5281/zenodo.17902549,https://doi.org/10.1039/d5sc09992g,https://doi.org/10.5281/zenodo.17902549,"Mapping the crystallization landscape of rare earth MOFs: a high-throughput investigation of structure, kinetics, and selectivity","PAIR::tb::isophthalic acid (1,3-bdc)",,"isophthalic acid (1,3-BDC)",,,Aromatic dicarboxylate,Tb,rare-earth nitrate salt(s); hydration not encoded in campaign key,nitrate,,3,EtOH/H2O (fractions not encoded in campaign key),,Acido acetico,5.0,40.0,18.0,,,,,,Automated solvothermal synthesis,Automated vial; exact geometry in source SI,,,,no solid product,,peer_reviewed_high_throughput_literature,Author-assigned HT-PXRD/CV campaign outcome,direct_machine_readable_campaign_key,v13_source_rare_earth_landscape.csv,SOURCE_VERIFIED_SINGLE_CURATION_PASS,False,"Evidence-only: absolute precursor amounts, ligand:metal ratio, and solvent volume are not encoded in the public campaign key.",0,Failed / no solid product,no solid product,Exact author label 'no solid product' -> class 0,False,False,False,Campaign key explicitly reports no solid product.
V13-REHT-1170,MG2-90-22,10.1039/d5sc09992g,10.5281/zenodo.17902549,https://doi.org/10.1039/d5sc09992g,https://doi.org/10.5281/zenodo.17902549,"Mapping the crystallization landscape of rare earth MOFs: a high-throughput investigation of structure, kinetics, and selectivity","PAIR::tb::terephthalic acid (1,4-bdc)",,"terephthalic acid (1,4-BDC)",,,Aromatic dicarboxylate,Tb,rare-earth nitrate salt(s); hydration not encoded in campaign key,nitrate,,3,EtOH/H2O (fractions not encoded in campaign key),,Acido acetico,10.0,40.0,18.0,,,,,,Automated solvothermal synthesis,Automated vial; exact geometry in source SI,,,,no solid product,,peer_reviewed_high_throughput_literature,Author-assigned HT-PXRD/CV campaign outcome,direct_machine_readable_campaign_key,v13_source_rare_earth_landscape.csv,SOURCE_VERIFIED_SINGLE_CURATION_PASS,False,"Evidence-only: absolute precursor amounts, ligand:metal ratio, and solvent volume are not encoded in the public campaign key.",0,Failed / no solid product,no solid product,Exact author label 'no solid product' -> class 0,False,False,False,Campaign key explicitly reports no solid product.
V13-REHT-1171,MG2-90-23,10.1039/d5sc09992g,10.5281/zenodo.17902549,https://doi.org/10.1039/d5sc09992g,https://doi.org/10.5281/zenodo.17902549,"Mapping the crystallization landscape of rare earth MOFs: a high-throughput investigation of structure, kinetics, and selectivity","PAIR::tb::phthalic acid (1,2-bdc)",,"phthalic acid (1,2-BDC)",,,Aromatic dicarboxylate,Tb,rare-earth nitrate salt(s); hydration not encoded in campaign key,nitrate,,3,EtOH/H2O (fractions not encoded in campaign key),,Acido acetico,10.0,40.0,18.0,,,,,,Automated solvothermal synthesis,Automated vial; exact geometry in source SI,,,,no solid product,,peer_reviewed_high_throughput_literature,Author-assigned HT-PXRD/CV campaign outcome,direct_machine_readable_campaign_key,v13_source_rare_earth_landscape.csv,SOURCE_VERIFIED_SINGLE_CURATION_PASS,False,"Evidence-only: absolute precursor amounts, ligand:metal ratio, and solvent volume are not encoded in the public campaign key.",0,Failed / no solid product,no solid product,Exact author label 'no solid product' -> class 0,False,False,False,Campaign key explicitly reports no solid product.
V13-REHT-1172,MG2-90-24,10.1039/d5sc09992g,10.5281/zenodo.17902549,https://doi.org/10.1039/d5sc09992g,https://doi.org/10.5281/zenodo.17902549,"Mapping the crystallization landscape of rare earth MOFs: a high-throughput investigation of structure, kinetics, and selectivity","PAIR::tb::isophthalic acid (1,3-bdc)",,"isophthalic acid (1,3-BDC)",,,Aromatic dicarboxylate,Tb,rare-earth nitrate salt(s); hydration not encoded in campaign key,nitrate,,3,EtOH/H2O (fractions not encoded in campaign key),,Acido acetico,10.0,40.0,18.0,,,,,,Automated solvothermal synthesis,Automated vial; exact geometry in source SI,,,,no solid product,,peer_reviewed_high_throughput_literature,Author-assigned HT-PXRD/CV campaign outcome,direct_machine_readable_campaign_key,v13_source_rare_earth_landscape.csv,SOURCE_VERIFIED_SINGLE_CURATION_PASS,False,"Evidence-only: absolute precursor amounts, ligand:metal ratio, and solvent volume are not encoded in the public campaign key.",0,Failed / no solid product,no solid product,Exact author label 'no solid product' -> class 0,False,False,False,Campaign key explicitly reports no solid product.
V13-REHT-1174,MG2-90-26,10.1039/d5sc09992g,10.5281/zenodo.17902549,https://doi.org/10.1039/d5sc09992g,https://doi.org/10.5281/zenodo.17902549,"Mapping the crystallization landscape of rare earth MOFs: a high-throughput investigation of structure, kinetics, and selectivity",PAIR::tb::trimellitic acid,,trimellitic acid,,,Aromatic tricarboxylate,Tb,rare-earth nitrate salt(s); hydration not encoded in campaign key,nitrate,,3,EtOH/H2O (fractions not encoded in campaign key),,Acido acetico,10.0,40.0,18.0,,,,,,Automated solvothermal synthesis,Automated vial; exact geometry in source SI,,4.156,4.156,no crystalline product,,peer_reviewed_high_throughput_literature,Author-assigned HT-PXRD/CV campaign outcome,direct_machine_readable_campaign_key,v13_source_rare_earth_landscape.csv,SOURCE_VERIFIED_SINGLE_CURATION_PASS,False,"Evidence-only: absolute precursor amounts, ligand:metal ratio, and solvent volume are not encoded in the public campaign key.",1,Amorphous / no crystalline product,no crystalline product,Exact author label 'no crystalline product' -> class 1,True,False,False,HT-PXRD campaign key explicitly reports no crystalline product.
V13-REHT-1177,MG2-90-29,10.1039/d5sc09992g,10.5281/zenodo.17902549,https://doi.org/10.1039/d5sc09992g,https://doi.org/10.5281/zenodo.17902549,"Mapping the crystallization landscape of rare earth MOFs: a high-throughput investigation of structure, kinetics, and selectivity","PAIR::dy::terephthalic acid (1,4-bdc)",,"terephthalic acid (1,4-BDC)",,,Aromatic dicarboxylate,Dy,rare-earth nitrate salt(s); hydration not encoded in campaign key,nitrate,,3,EtOH/H2O (fractions not encoded in campaign key),,Nessuno,0.0,40.0,18.0,,,,,,Automated solvothermal synthesis,Automated vial; exact geometry in source SI,,,,no solid product,,peer_reviewed_high_throughput_literature,Author-assigned HT-PXRD/CV campaign outcome,direct_machine_readable_campaign_key,v13_source_rare_earth_landscape.csv,SOURCE_VERIFIED_SINGLE_CURATION_PASS,False,"Evidence-only: absolute precursor amounts, ligand:metal ratio, and solvent volume are not encoded in the public campaign key.",0,Failed / no solid product,no solid product,Exact author label 'no solid product' -> class 0,False,False,False,Campaign key explicitly reports no solid product.
V13-REHT-1178,MG2-90-30,10.1039/d5sc09992g,10.5281/zenodo.17902549,https://doi.org/10.1039/d5sc09992g,https://doi.org/10.5281/zenodo.17902549,"Mapping the crystallization landscape of rare earth MOFs: a high-throughput investigation of structure, kinetics, and selectivity","PAIR::dy::phthalic acid (1,2-bdc)",,"phthalic acid (1,2-BDC)",,,Aromatic dicarboxylate,Dy,rare-earth nitrate salt(s); hydration not encoded in campaign key,nitrate,,3,EtOH/H2O (fractions not encoded in campaign key),,Nessuno,0.0,40.0,18.0,,,,,,Automated solvothermal synthesis,Automated vial; exact geometry in source SI,,,,no solid product,,peer_reviewed_high_throughput_literature,Author-assigned HT-PXRD/CV campaign outcome,direct_machine_readable_campaign_key,v13_source_rare_earth_landscape.csv,SOURCE_VERIFIED_SINGLE_CURATION_PASS,False,"Evidence-only: absolute precursor amounts, ligand:metal ratio, and solvent volume are not encoded in the public campaign key.",0,Failed / no solid product,no solid product,Exact author label 'no solid product' -> class 0,False,False,False,Campaign key explicitly reports no solid product.
V13-REHT-1179,MG2-90-31,10.1039/d5sc09992g,10.5281/zenodo.17902549,https://doi.org/10.1039/d5sc09992g,https://doi.org/10.5281/zenodo.17902549,"Mapping the crystallization landscape of rare earth MOFs: a high-throughput investigation of structure, kinetics, and selectivity","PAIR::dy::isophthalic acid (1,3-bdc)",,"isophthalic acid (1,3-BDC)",,,Aromatic dicarboxylate,Dy,rare-earth nitrate salt(s); hydration not encoded in campaign key,nitrate,,3,EtOH/H2O (fractions not encoded in campaign key),,Nessuno,0.0,40.0,18.0,,,,,,Automated solvothermal synthesis,Automated vial; exact geometry in source SI,,,,no solid product,,peer_reviewed_high_throughput_literature,Author-assigned HT-PXRD/CV campaign outcome,direct_machine_readable_campaign_key,v13_source_rare_earth_landscape.csv,SOURCE_VERIFIED_SINGLE_CURATION_PASS,False,"Evidence-only: absolute precursor amounts, ligand:metal ratio, and solvent volume are not encoded in the public campaign key.",0,Failed / no solid product,no solid product,Exact author label 'no solid product' -> class 0,False,False,False,Campaign key explicitly reports no solid product.
V13-REHT-1184,MG2-90-36,10.1039/d5sc09992g,10.5281/zenodo.17902549,https://doi.org/10.1039/d5sc09992g,https://doi.org/10.5281/zenodo.17902549,"Mapping the crystallization landscape of rare earth MOFs: a high-throughput investigation of structure, kinetics, and selectivity","PAIR::dy::terephthalic acid (1,4-bdc)",,"terephthalic acid (1,4-BDC)",,,Aromatic dicarboxylate,Dy,rare-earth nitrate salt(s); hydration not encoded in campaign key,nitrate,,3,EtOH/H2O (fractions not encoded in campaign key),,Acido acetico,2.0,40.0,18.0,,,,,,Automated solvothermal synthesis,Automated vial; exact geometry in source SI,,,,no solid product,,peer_reviewed_high_throughput_literature,Author-assigned HT-PXRD/CV campaign outcome,direct_machine_readable_campaign_key,v13_source_rare_earth_landscape.csv,SOURCE_VERIFIED_SINGLE_CURATION_PASS,False,"Evidence-only: absolute precursor amounts, ligand:metal ratio, and solvent volume are not encoded in the public campaign key.",0,Failed / no solid product,no solid product,Exact author label 'no solid product' -> class 0,False,False,False,Campaign key explicitly reports no solid product.
V13-REHT-1185,MG2-90-37,10.1039/d5sc09992g,10.5281/zenodo.17902549,https://doi.org/10.1039/d5sc09992g,https://doi.org/10.5281/zenodo.17902549,"Mapping the crystallization landscape of rare earth MOFs: a high-throughput investigation of structure, kinetics, and selectivity","PAIR::dy::phthalic acid (1,2-bdc)",,"phthalic acid (1,2-BDC)",,,Aromatic dicarboxylate,Dy,rare-earth nitrate salt(s); hydration not encoded in campaign key,nitrate,,3,EtOH/H2O (fractions not encoded in campaign key),,Acido acetico,2.0,40.0,18.0,,,,,,Automated solvothermal synthesis,Automated vial; exact geometry in source SI,,,,no solid product,,peer_reviewed_high_throughput_literature,Author-assigned HT-PXRD/CV campaign outcome,direct_machine_readable_campaign_key,v13_source_rare_earth_landscape.csv,SOURCE_VERIFIED_SINGLE_CURATION_PASS,False,"Evidence-only: absolute precursor amounts, ligand:metal ratio, and solvent volume are not encoded in the public campaign key.",0,Failed / no solid product,no solid product,Exact author label 'no solid product' -> class 0,False,False,False,Campaign key explicitly reports no solid product.
V13-REHT-1186,MG2-90-38,10.1039/d5sc09992g,10.5281/zenodo.17902549,https://doi.org/10.1039/d5sc09992g,https://doi.org/10.5281/zenodo.17902549,"Mapping the crystallization landscape of rare earth MOFs: a high-throughput investigation of structure, kinetics, and selectivity","PAIR::dy::isophthalic acid (1,3-bdc)",,"isophthalic acid (1,3-BDC)",,,Aromatic dicarboxylate,Dy,rare-earth nitrate salt(s); hydration not encoded in campaign key,nitrate,,3,EtOH/H2O (fractions not encoded in campaign key),,Acido acetico,2.0,40.0,18.0,,,,,,Automated solvothermal synthesis,Automated vial; exact geometry in source SI,,,,no solid product,,peer_reviewed_high_throughput_literature,Author-assigned HT-PXRD/CV campaign outcome,direct_machine_readable_campaign_key,v13_source_rare_earth_landscape.csv,SOURCE_VERIFIED_SINGLE_CURATION_PASS,False,"Evidence-only: absolute precursor amounts, ligand:metal ratio, and solvent volume are not encoded in the public campaign key.",0,Failed / no solid product,no solid product,Exact author label 'no solid product' -> class 0,False,False,False,Campaign key explicitly reports no solid product.
V13-REHT-1191,MG2-90-43,10.1039/d5sc09992g,10.5281/zenodo.17902549,https://doi.org/10.1039/d5sc09992g,https://doi.org/10.5281/zenodo.17902549,"Mapping the crystallization landscape of rare earth MOFs: a high-throughput investigation of structure, kinetics, and selectivity","PAIR::dy::terephthalic acid (1,4-bdc)",,"terephthalic acid (1,4-BDC)",,,Aromatic dicarboxylate,Dy,rare-earth nitrate salt(s); hydration not encoded in campaign key,nitrate,,3,EtOH/H2O (fractions not encoded in campaign key),,Acido acetico,5.0,40.0,18.0,,,,,,Automated solvothermal synthesis,Automated vial; exact geometry in source SI,,,,no solid product,,peer_reviewed_high_throughput_literature,Author-assigned HT-PXRD/CV campaign outcome,direct_machine_readable_campaign_key,v13_source_rare_earth_landscape.csv,SOURCE_VERIFIED_SINGLE_CURATION_PASS,False,"Evidence-only: absolute precursor amounts, ligand:metal ratio, and solvent volume are not encoded in the public campaign key.",0,Failed / no solid product,no solid product,Exact author label 'no solid product' -> class 0,False,False,False,Campaign key explicitly reports no solid product.
V13-REHT-1192,MG2-90-44,10.1039/d5sc09992g,10.5281/zenodo.17902549,https://doi.org/10.1039/d5sc09992g,https://doi.org/10.5281/zenodo.17902549,"Mapping the crystallization landscape of rare earth MOFs: a high-throughput investigation of structure, kinetics, and selectivity","PAIR::dy::phthalic acid (1,2-bdc)",,"phthalic acid (1,2-BDC)",,,Aromatic dicarboxylate,Dy,rare-earth nitrate salt(s); hydration not encoded in campaign key,nitrate,,3,EtOH/H2O (fractions not encoded in campaign key),,Acido acetico,5.0,40.0,18.0,,,,,,Automated solvothermal synthesis,Automated vial; exact geometry in source SI,,,,no solid product,,peer_reviewed_high_throughput_literature,Author-assigned HT-PXRD/CV campaign outcome,direct_machine_readable_campaign_key,v13_source_rare_earth_landscape.csv,SOURCE_VERIFIED_SINGLE_CURATION_PASS,False,"Evidence-only: absolute precursor amounts, ligand:metal ratio, and solvent volume are not encoded in the public campaign key.",0,Failed / no solid product,no solid product,Exact author label 'no solid product' -> class 0,False,False,False,Campaign key explicitly reports no solid product.
V13-REHT-1193,MG2-90-45,10.1039/d5sc09992g,10.5281/zenodo.17902549,https://doi.org/10.1039/d5sc09992g,https://doi.org/10.5281/zenodo.17902549,"Mapping the crystallization landscape of rare earth MOFs: a high-throughput investigation of structure, kinetics, and selectivity","PAIR::dy::isophthalic acid (1,3-bdc)",,"isophthalic acid (1,3-BDC)",,,Aromatic dicarboxylate,Dy,rare-earth nitrate salt(s); hydration not encoded in campaign key,nitrate,,3,EtOH/H2O (fractions not encoded in campaign key),,Acido acetico,5.0,40.0,18.0,,,,,,Automated solvothermal synthesis,Automated vial; exact geometry in source SI,0.28,,0.28,no solid product,,peer_reviewed_high_throughput_literature,Author-assigned HT-PXRD/CV campaign outcome,direct_machine_readable_campaign_key,v13_source_rare_earth_landscape.csv,SOURCE_VERIFIED_SINGLE_CURATION_PASS,False,"Evidence-only: absolute precursor amounts, ligand:metal ratio, and solvent volume are not encoded in the public campaign key.",0,Failed / no solid product,no solid product,Exact author label 'no solid product' -> class 0,False,False,False,Campaign key explicitly reports no solid product.
V13-REHT-1198,MG2-90-50,10.1039/d5sc09992g,10.5281/zenodo.17902549,https://doi.org/10.1039/d5sc09992g,https://doi.org/10.5281/zenodo.17902549,"Mapping the crystallization landscape of rare earth MOFs: a high-throughput investigation of structure, kinetics, and selectivity","PAIR::dy::terephthalic acid (1,4-bdc)",,"terephthalic acid (1,4-BDC)",,,Aromatic dicarboxylate,Dy,rare-earth nitrate salt(s); hydration not encoded in campaign key,nitrate,,3,EtOH/H2O (fractions not encoded in campaign key),,Acido acetico,10.0,40.0,18.0,,,,,,Automated solvothermal synthesis,Automated vial; exact geometry in source SI,,,,no solid product,,peer_reviewed_high_throughput_literature,Author-assigned HT-PXRD/CV campaign outcome,direct_machine_readable_campaign_key,v13_source_rare_earth_landscape.csv,SOURCE_VERIFIED_SINGLE_CURATION_PASS,False,"Evidence-only: absolute precursor amounts, ligand:metal ratio, and solvent volume are not encoded in the public campaign key.",0,Failed / no solid product,no solid product,Exact author label 'no solid product' -> class 0,False,False,False,Campaign key explicitly reports no solid product.
V13-REHT-1199,MG2-90-51,10.1039/d5sc09992g,10.5281/zenodo.17902549,https://doi.org/10.1039/d5sc09992g,https://doi.org/10.5281/zenodo.17902549,"Mapping the crystallization landscape of rare earth MOFs: a high-throughput investigation of structure, kinetics, and selectivity","PAIR::dy::phthalic acid (1,2-bdc)",,"phthalic acid (1,2-BDC)",,,Aromatic dicarboxylate,Dy,rare-earth nitrate salt(s); hydration not encoded in campaign key,nitrate,,3,EtOH/H2O (fractions not encoded in campaign key),,Acido acetico,10.0,40.0,18.0,,,,,,Automated solvothermal synthesis,Automated vial; exact geometry in source SI,2.316,,2.316,no solid product,,peer_reviewed_high_throughput_literature,Author-assigned HT-PXRD/CV campaign outcome,direct_machine_readable_campaign_key,v13_source_rare_earth_landscape.csv,SOURCE_VERIFIED_SINGLE_CURATION_PASS,False,"Evidence-only: absolute precursor amounts, ligand:metal ratio, and solvent volume are not encoded in the public campaign key.",0,Failed / no solid product,no solid product,Exact author label 'no solid product' -> class 0,False,False,False,Campaign key explicitly reports no solid product.
V13-REHT-1200,MG2-90-52,10.1039/d5sc09992g,10.5281/zenodo.17902549,https://doi.org/10.1039/d5sc09992g,https://doi.org/10.5281/zenodo.17902549,"Mapping the crystallization landscape of rare earth MOFs: a high-throughput investigation of structure, kinetics, and selectivity","PAIR::dy::isophthalic acid (1,3-bdc)",,"isophthalic acid (1,3-BDC)",,,Aromatic dicarboxylate,Dy,rare-earth nitrate salt(s); hydration not encoded in campaign key,nitrate,,3,EtOH/H2O (fractions not encoded in campaign key),,Acido acetico,10.0,40.0,18.0,,,,,,Automated solvothermal synthesis,Automated vial; exact geometry in source SI,,,,no solid product,,peer_reviewed_high_throughput_literature,Author-assigned HT-PXRD/CV campaign outcome,direct_machine_readable_campaign_key,v13_source_rare_earth_landscape.csv,SOURCE_VERIFIED_SINGLE_CURATION_PASS,False,"Evidence-only: absolute precursor amounts, ligand:metal ratio, and solvent volume are not encoded in the public campaign key.",0,Failed / no solid product,no solid product,Exact author label 'no solid product' -> class 0,False,False,False,Campaign key explicitly reports no solid product.
V13-REHT-1201,MG2-90-53,10.1039/d5sc09992g,10.5281/zenodo.17902549,https://doi.org/10.1039/d5sc09992g,https://doi.org/10.5281/zenodo.17902549,"Mapping the crystallization landscape of rare earth MOFs: a high-throughput investigation of structure, kinetics, and selectivity","PAIR::dy::benzene-1,3,5-tricarboxylic acid (h3btc)",,"benzene-1,3,5-tricarboxylic acid (H3BTC)",,,Aromatic tricarboxylate,Dy,rare-earth nitrate salt(s); hydration not encoded in campaign key,nitrate,,3,EtOH/H2O (fractions not encoded in campaign key),,Acido acetico,10.0,40.0,18.0,,,,,,Automated solvothermal synthesis,Automated vial; exact geometry in source SI,,,,no solid product,,peer_reviewed_high_throughput_literature,Author-assigned HT-PXRD/CV campaign outcome,direct_machine_readable_campaign_key,v13_source_rare_earth_landscape.csv,SOURCE_VERIFIED_SINGLE_CURATION_PASS,False,"Evidence-only: absolute precursor amounts, ligand:metal ratio, and solvent volume are not encoded in the public campaign key.",0,Failed / no solid product,no solid product,Exact author label 'no solid product' -> class 0,False,False,False,Campaign key explicitly reports no solid product.
V13-REHT-1203,MG2-90-55,10.1039/d5sc09992g,10.5281/zenodo.17902549,https://doi.org/10.1039/d5sc09992g,https://doi.org/10.5281/zenodo.17902549,"Mapping the crystallization landscape of rare earth MOFs: a high-throughput investigation of structure, kinetics, and selectivity",PAIR::dy::pyromellitic acid,,pyromellitic acid,,,Aromatic tetracarboxylate,Dy,rare-earth nitrate salt(s); hydration not encoded in campaign key,nitrate,,3,EtOH/H2O (fractions not encoded in campaign key),,Acido acetico,10.0,40.0,18.0,,,,,,Automated solvothermal synthesis,Automated vial; exact geometry in source SI,,,,no solid product,,peer_reviewed_high_throughput_literature,Author-assigned HT-PXRD/CV campaign outcome,direct_machine_readable_campaign_key,v13_source_rare_earth_landscape.csv,SOURCE_VERIFIED_SINGLE_CURATION_PASS,False,"Evidence-only: absolute precursor amounts, ligand:metal ratio, and solvent volume are not encoded in the public campaign key.",0,Failed / no solid product,no solid product,Exact author label 'no solid product' -> class 0,False,False,False,Campaign key explicitly reports no solid product.
V13-REHT-1205,MG2-90-57,10.1039/d5sc09992g,10.5281/zenodo.17902549,https://doi.org/10.1039/d5sc09992g,https://doi.org/10.5281/zenodo.17902549,"Mapping the crystallization landscape of rare earth MOFs: a high-throughput investigation of structure, kinetics, and selectivity","PAIR::ho::terephthalic acid (1,4-bdc)",,"terephthalic acid (1,4-BDC)",,,Aromatic dicarboxylate,Ho,rare-earth nitrate salt(s); hydration not encoded in campaign key,nitrate,,3,EtOH/H2O (fractions not encoded in campaign key),,Nessuno,0.0,40.0,18.0,,,,,,Automated solvothermal synthesis,Automated vial; exact geometry in source SI,2.355,,2.355,no solid product,,peer_reviewed_high_throughput_literature,Author-assigned HT-PXRD/CV campaign outcome,direct_machine_readable_campaign_key,v13_source_rare_earth_landscape.csv,SOURCE_VERIFIED_SINGLE_CURATION_PASS,False,"Evidence-only: absolute precursor amounts, ligand:metal ratio, and solvent volume are not encoded in the public campaign key.",0,Failed / no solid product,no solid product,Exact author label 'no solid product' -> class 0,False,False,False,Campaign key explicitly reports no solid product.
V13-REHT-1206,MG2-90-58,10.1039/d5sc09992g,10.5281/zenodo.17902549,https://doi.org/10.1039/d5sc09992g,https://doi.org/10.5281/zenodo.17902549,"Mapping the crystallization landscape of rare earth MOFs: a high-throughput investigation of structure, kinetics, and selectivity","PAIR::ho::phthalic acid (1,2-bdc)",,"phthalic acid (1,2-BDC)",,,Aromatic dicarboxylate,Ho,rare-earth nitrate salt(s); hydration not encoded in campaign key,nitrate,,3,EtOH/H2O (fractions not encoded in campaign key),,Nessuno,0.0,40.0,18.0,,,,,,Automated solvothermal synthesis,Automated vial; exact geometry in source SI,,,,no solid product,,peer_reviewed_high_throughput_literature,Author-assigned HT-PXRD/CV campaign outcome,direct_machine_readable_campaign_key,v13_source_rare_earth_landscape.csv,SOURCE_VERIFIED_SINGLE_CURATION_PASS,False,"Evidence-only: absolute precursor amounts, ligand:metal ratio, and solvent volume are not encoded in the public campaign key.",0,Failed / no solid product,no solid product,Exact author label 'no solid product' -> class 0,False,False,False,Campaign key explicitly reports no solid product.
V13-REHT-1207,MG2-90-59,10.1039/d5sc09992g,10.5281/zenodo.17902549,https://doi.org/10.1039/d5sc09992g,https://doi.org/10.5281/zenodo.17902549,"Mapping the crystallization landscape of rare earth MOFs: a high-throughput investigation of structure, kinetics, and selectivity","PAIR::ho::isophthalic acid (1,3-bdc)",,"isophthalic acid (1,3-BDC)",,,Aromatic dicarboxylate,Ho,rare-earth nitrate salt(s); hydration not encoded in campaign key,nitrate,,3,EtOH/H2O (fractions not encoded in campaign key),,Nessuno,0.0,40.0,18.0,,,,,,Automated solvothermal synthesis,Automated vial; exact geometry in source SI,,,,no solid product,,peer_reviewed_high_throughput_literature,Author-assigned HT-PXRD/CV campaign outcome,direct_machine_readable_campaign_key,v13_source_rare_earth_landscape.csv,SOURCE_VERIFIED_SINGLE_CURATION_PASS,False,"Evidence-only: absolute precursor amounts, ligand:metal ratio, and solvent volume are not encoded in the public campaign key.",0,Failed / no solid product,no solid product,Exact author label 'no solid product' -> class 0,False,False,False,Campaign key explicitly reports no solid product.
V13-REHT-1212,MG2-90-64,10.1039/d5sc09992g,10.5281/zenodo.17902549,https://doi.org/10.1039/d5sc09992g,https://doi.org/10.5281/zenodo.17902549,"Mapping the crystallization landscape of rare earth MOFs: a high-throughput investigation of structure, kinetics, and selectivity","PAIR::ho::terephthalic acid (1,4-bdc)",,"terephthalic acid (1,4-BDC)",,,Aromatic dicarboxylate,Ho,rare-earth nitrate salt(s); hydration not encoded in campaign key,nitrate,,3,EtOH/H2O (fractions not encoded in campaign key),,Acido acetico,2.0,40.0,18.0,,,,,,Automated solvothermal synthesis,Automated vial; exact geometry in source SI,,,,no solid product,,peer_reviewed_high_throughput_literature,Author-assigned HT-PXRD/CV campaign outcome,direct_machine_readable_campaign_key,v13_source_rare_earth_landscape.csv,SOURCE_VERIFIED_SINGLE_CURATION_PASS,False,"Evidence-only: absolute precursor amounts, ligand:metal ratio, and solvent volume are not encoded in the public campaign key.",0,Failed / no solid product,no solid product,Exact author label 'no solid product' -> class 0,False,False,False,Campaign key explicitly reports no solid product.
V13-REHT-1213,MG2-90-65,10.1039/d5sc09992g,10.5281/zenodo.17902549,https://doi.org/10.1039/d5sc09992g,https://doi.org/10.5281/zenodo.17902549,"Mapping the crystallization landscape of rare earth MOFs: a high-throughput investigation of structure, kinetics, and selectivity","PAIR::ho::phthalic acid (1,2-bdc)",,"phthalic acid (1,2-BDC)",,,Aromatic dicarboxylate,Ho,rare-earth nitrate salt(s); hydration not encoded in campaign key,nitrate,,3,EtOH/H2O (fractions not encoded in campaign key),,Acido acetico,2.0,40.0,18.0,,,,,,Automated solvothermal synthesis,Automated vial; exact geometry in source SI,,,,no solid product,,peer_reviewed_high_throughput_literature,Author-assigned HT-PXRD/CV campaign outcome,direct_machine_readable_campaign_key,v13_source_rare_earth_landscape.csv,SOURCE_VERIFIED_SINGLE_CURATION_PASS,False,"Evidence-only: absolute precursor amounts, ligand:metal ratio, and solvent volume are not encoded in the public campaign key.",0,Failed / no solid product,no solid product,Exact author label 'no solid product' -> class 0,False,False,False,Campaign key explicitly reports no solid product.
V13-REHT-1214,MG2-90-66,10.1039/d5sc09992g,10.5281/zenodo.17902549,https://doi.org/10.1039/d5sc09992g,https://doi.org/10.5281/zenodo.17902549,"Mapping the crystallization landscape of rare earth MOFs: a high-throughput investigation of structure, kinetics, and selectivity","PAIR::ho::isophthalic acid (1,3-bdc)",,"isophthalic acid (1,3-BDC)",,,Aromatic dicarboxylate,Ho,rare-earth nitrate salt(s); hydration not encoded in campaign key,nitrate,,3,EtOH/H2O (fractions not encoded in campaign key),,Acido acetico,2.0,40.0,18.0,,,,,,Automated solvothermal synthesis,Automated vial; exact geometry in source SI,,,,no solid product,,peer_reviewed_high_throughput_literature,Author-assigned HT-PXRD/CV campaign outcome,direct_machine_readable_campaign_key,v13_source_rare_earth_landscape.csv,SOURCE_VERIFIED_SINGLE_CURATION_PASS,False,"Evidence-only: absolute precursor amounts, ligand:metal ratio, and solvent volume are not encoded in the public campaign key.",0,Failed / no solid product,no solid product,Exact author label 'no solid product' -> class 0,False,False,False,Campaign key explicitly reports no solid product.
V13-REHT-1215,MG2-90-67,10.1039/d5sc09992g,10.5281/zenodo.17902549,https://doi.org/10.1039/d5sc09992g,https://doi.org/10.5281/zenodo.17902549,"Mapping the crystallization landscape of rare earth MOFs: a high-throughput investigation of structure, kinetics, and selectivity","PAIR::ho::benzene-1,3,5-tricarboxylic acid (h3btc)",,"benzene-1,3,5-tricarboxylic acid (H3BTC)",,,Aromatic tricarboxylate,Ho,rare-earth nitrate salt(s); hydration not encoded in campaign key,nitrate,,3,EtOH/H2O (fractions not encoded in campaign key),,Acido acetico,2.0,40.0,18.0,,,,,,Automated solvothermal synthesis,Automated vial; exact geometry in source SI,,,,no crystalline product,,peer_reviewed_high_throughput_literature,Author-assigned HT-PXRD/CV campaign outcome,direct_machine_readable_campaign_key,v13_source_rare_earth_landscape.csv,SOURCE_VERIFIED_SINGLE_CURATION_PASS,False,"Evidence-only: absolute precursor amounts, ligand:metal ratio, and solvent volume are not encoded in the public campaign key.",1,Amorphous / no crystalline product,no crystalline product,Exact author label 'no crystalline product' -> class 1,True,False,False,HT-PXRD campaign key explicitly reports no crystalline product.
V13-REHT-1219,MG2-90-71,10.1039/d5sc09992g,10.5281/zenodo.17902549,https://doi.org/10.1039/d5sc09992g,https://doi.org/10.5281/zenodo.17902549,"Mapping the crystallization landscape of rare earth MOFs: a high-throughput investigation of structure, kinetics, and selectivity","PAIR::ho::terephthalic acid (1,4-bdc)",,"terephthalic acid (1,4-BDC)",,,Aromatic dicarboxylate,Ho,rare-earth nitrate salt(s); hydration not encoded in campaign key,nitrate,,3,EtOH/H2O (fractions not encoded in campaign key),,Acido acetico,5.0,40.0,18.0,,,,,,Automated solvothermal synthesis,Automated vial; exact geometry in source SI,,,,no solid product,,peer_reviewed_high_throughput_literature,Author-assigned HT-PXRD/CV campaign outcome,direct_machine_readable_campaign_key,v13_source_rare_earth_landscape.csv,SOURCE_VERIFIED_SINGLE_CURATION_PASS,False,"Evidence-only: absolute precursor amounts, ligand:metal ratio, and solvent volume are not encoded in the public campaign key.",0,Failed / no solid product,no solid product,Exact author label 'no solid product' -> class 0,False,False,False,Campaign key explicitly reports no solid product.
V13-REHT-1220,MG2-90-72,10.1039/d5sc09992g,10.5281/zenodo.17902549,https://doi.org/10.1039/d5sc09992g,https://doi.org/10.5281/zenodo.17902549,"Mapping the crystallization landscape of rare earth MOFs: a high-throughput investigation of structure, kinetics, and selectivity","PAIR::ho::phthalic acid (1,2-bdc)",,"phthalic acid (1,2-BDC)",,,Aromatic dicarboxylate,Ho,rare-earth nitrate salt(s); hydration not encoded in campaign key,nitrate,,3,EtOH/H2O (fractions not encoded in campaign key),,Acido acetico,5.0,40.0,18.0,,,,,,Automated solvothermal synthesis,Automated vial; exact geometry in source SI,,,,no solid product,,peer_reviewed_high_throughput_literature,Author-assigned HT-PXRD/CV campaign outcome,direct_machine_readable_campaign_key,v13_source_rare_earth_landscape.csv,SOURCE_VERIFIED_SINGLE_CURATION_PASS,False,"Evidence-only: absolute precursor amounts, ligand:metal ratio, and solvent volume are not encoded in the public campaign key.",0,Failed / no solid product,no solid product,Exact author label 'no solid product' -> class 0,False,False,False,Campaign key explicitly reports no solid product.
V13-REHT-1221,MG2-90-73,10.1039/d5sc09992g,10.5281/zenodo.17902549,https://doi.org/10.1039/d5sc09992g,https://doi.org/10.5281/zenodo.17902549,"Mapping the crystallization landscape of rare earth MOFs: a high-throughput investigation of structure, kinetics, and selectivity","PAIR::ho::isophthalic acid (1,3-bdc)",,"isophthalic acid (1,3-BDC)",,,Aromatic dicarboxylate,Ho,rare-earth nitrate salt(s); hydration not encoded in campaign key,nitrate,,3,EtOH/H2O (fractions not encoded in campaign key),,Acido acetico,5.0,40.0,18.0,,,,,,Automated solvothermal synthesis,Automated vial; exact geometry in source SI,,,,no solid product,,peer_reviewed_high_throughput_literature,Author-assigned HT-PXRD/CV campaign outcome,direct_machine_readable_campaign_key,v13_source_rare_earth_landscape.csv,SOURCE_VERIFIED_SINGLE_CURATION_PASS,False,"Evidence-only: absolute precursor amounts, ligand:metal ratio, and solvent volume are not encoded in the public campaign key.",0,Failed / no solid product,no solid product,Exact author label 'no solid product' -> class 0,False,False,False,Campaign key explicitly reports no solid product.
V13-REHT-1222,MG2-90-74,10.1039/d5sc09992g,10.5281/zenodo.17902549,https://doi.org/10.1039/d5sc09992g,https://doi.org/10.5281/zenodo.17902549,"Mapping the crystallization landscape of rare earth MOFs: a high-throughput investigation of structure, kinetics, and selectivity","PAIR::ho::benzene-1,3,5-tricarboxylic acid (h3btc)",,"benzene-1,3,5-tricarboxylic acid (H3BTC)",,,Aromatic tricarboxylate,Ho,rare-earth nitrate salt(s); hydration not encoded in campaign key,nitrate,,3,EtOH/H2O (fractions not encoded in campaign key),,Acido acetico,5.0,40.0,18.0,,,,,,Automated solvothermal synthesis,Automated vial; exact geometry in source SI,,,,no crystalline product,,peer_reviewed_high_throughput_literature,Author-assigned HT-PXRD/CV campaign outcome,direct_machine_readable_campaign_key,v13_source_rare_earth_landscape.csv,SOURCE_VERIFIED_SINGLE_CURATION_PASS,False,"Evidence-only: absolute precursor amounts, ligand:metal ratio, and solvent volume are not encoded in the public campaign key.",1,Amorphous / no crystalline product,no crystalline product,Exact author label 'no crystalline product' -> class 1,True,False,False,HT-PXRD campaign key explicitly reports no crystalline product.
V13-REHT-1226,MG2-90-78,10.1039/d5sc09992g,10.5281/zenodo.17902549,https://doi.org/10.1039/d5sc09992g,https://doi.org/10.5281/zenodo.17902549,"Mapping the crystallization landscape of rare earth MOFs: a high-throughput investigation of structure, kinetics, and selectivity","PAIR::ho::terephthalic acid (1,4-bdc)",,"terephthalic acid (1,4-BDC)",,,Aromatic dicarboxylate,Ho,rare-earth nitrate salt(s); hydration not encoded in campaign key,nitrate,,3,EtOH/H2O (fractions not encoded in campaign key),,Acido acetico,10.0,40.0,18.0,,,,,,Automated solvothermal synthesis,Automated vial; exact geometry in source SI,,,,no solid product,,peer_reviewed_high_throughput_literature,Author-assigned HT-PXRD/CV campaign outcome,direct_machine_readable_campaign_key,v13_source_rare_earth_landscape.csv,SOURCE_VERIFIED_SINGLE_CURATION_PASS,False,"Evidence-only: absolute precursor amounts, ligand:metal ratio, and solvent volume are not encoded in the public campaign key.",0,Failed / no solid product,no solid product,Exact author label 'no solid product' -> class 0,False,False,False,Campaign key explicitly reports no solid product.
V13-REHT-1227,MG2-90-79,10.1039/d5sc09992g,10.5281/zenodo.17902549,https://doi.org/10.1039/d5sc09992g,https://doi.org/10.5281/zenodo.17902549,"Mapping the crystallization landscape of rare earth MOFs: a high-throughput investigation of structure, kinetics, and selectivity","PAIR::ho::phthalic acid (1,2-bdc)",,"phthalic acid (1,2-BDC)",,,Aromatic dicarboxylate,Ho,rare-earth nitrate salt(s); hydration not encoded in campaign key,nitrate,,3,EtOH/H2O (fractions not encoded in campaign key),,Acido acetico,10.0,40.0,18.0,,,,,,Automated solvothermal synthesis,Automated vial; exact geometry in source SI,,,,no solid product,,peer_reviewed_high_throughput_literature,Author-assigned HT-PXRD/CV campaign outcome,direct_machine_readable_campaign_key,v13_source_rare_earth_landscape.csv,SOURCE_VERIFIED_SINGLE_CURATION_PASS,False,"Evidence-only: absolute precursor amounts, ligand:metal ratio, and solvent volume are not encoded in the public campaign key.",0,Failed / no solid product,no solid product,Exact author label 'no solid product' -> class 0,False,False,False,Campaign key explicitly reports no solid product.
V13-REHT-1228,MG2-90-80,10.1039/d5sc09992g,10.5281/zenodo.17902549,https://doi.org/10.1039/d5sc09992g,https://doi.org/10.5281/zenodo.17902549,"Mapping the crystallization landscape of rare earth MOFs: a high-throughput investigation of structure, kinetics, and selectivity","PAIR::ho::isophthalic acid (1,3-bdc)",,"isophthalic acid (1,3-BDC)",,,Aromatic dicarboxylate,Ho,rare-earth nitrate salt(s); hydration not encoded in campaign key,nitrate,,3,EtOH/H2O (fractions not encoded in campaign key),,Acido acetico,10.0,40.0,18.0,,,,,,Automated solvothermal synthesis,Automated vial; exact geometry in source SI,,,,no solid product,,peer_reviewed_high_throughput_literature,Author-assigned HT-PXRD/CV campaign outcome,direct_machine_readable_campaign_key,v13_source_rare_earth_landscape.csv,SOURCE_VERIFIED_SINGLE_CURATION_PASS,False,"Evidence-only: absolute precursor amounts, ligand:metal ratio, and solvent volume are not encoded in the public campaign key.",0,Failed / no solid product,no solid product,Exact author label 'no solid product' -> class 0,False,False,False,Campaign key explicitly reports no solid product.
V13-REHT-1229,MG2-90-81,10.1039/d5sc09992g,10.5281/zenodo.17902549,https://doi.org/10.1039/d5sc09992g,https://doi.org/10.5281/zenodo.17902549,"Mapping the crystallization landscape of rare earth MOFs: a high-throughput investigation of structure, kinetics, and selectivity","PAIR::ho::benzene-1,3,5-tricarboxylic acid (h3btc)",,"benzene-1,3,5-tricarboxylic acid (H3BTC)",,,Aromatic tricarboxylate,Ho,rare-earth nitrate salt(s); hydration not encoded in campaign key,nitrate,,3,EtOH/H2O (fractions not encoded in campaign key),,Acido acetico,10.0,40.0,18.0,,,,,,Automated solvothermal synthesis,Automated vial; exact geometry in source SI,0.51,,0.51,no solid product,,peer_reviewed_high_throughput_literature,Author-assigned HT-PXRD/CV campaign outcome,direct_machine_readable_campaign_key,v13_source_rare_earth_landscape.csv,SOURCE_VERIFIED_SINGLE_CURATION_PASS,False,"Evidence-only: absolute precursor amounts, ligand:metal ratio, and solvent volume are not encoded in the public campaign key.",0,Failed / no solid product,no solid product,Exact author label 'no solid product' -> class 0,False,False,False,Campaign key explicitly reports no solid product.
V13-REHT-1230,MG2-90-82,10.1039/d5sc09992g,10.5281/zenodo.17902549,https://doi.org/10.1039/d5sc09992g,https://doi.org/10.5281/zenodo.17902549,"Mapping the crystallization landscape of rare earth MOFs: a high-throughput investigation of structure, kinetics, and selectivity",PAIR::ho::trimellitic acid,,trimellitic acid,,,Aromatic tricarboxylate,Ho,rare-earth nitrate salt(s); hydration not encoded in campaign key,nitrate,,3,EtOH/H2O (fractions not encoded in campaign key),,Acido acetico,10.0,40.0,18.0,,,,,,Automated solvothermal synthesis,Automated vial; exact geometry in source SI,,,,no crystalline product,,peer_reviewed_high_throughput_literature,Author-assigned HT-PXRD/CV campaign outcome,direct_machine_readable_campaign_key,v13_source_rare_earth_landscape.csv,SOURCE_VERIFIED_SINGLE_CURATION_PASS,False,"Evidence-only: absolute precursor amounts, ligand:metal ratio, and solvent volume are not encoded in the public campaign key.",1,Amorphous / no crystalline product,no crystalline product,Exact author label 'no crystalline product' -> class 1,True,False,False,HT-PXRD campaign key explicitly reports no crystalline product.
V13-REHT-1233,MG2-91-01,10.1039/d5sc09992g,10.5281/zenodo.17902549,https://doi.org/10.1039/d5sc09992g,https://doi.org/10.5281/zenodo.17902549,"Mapping the crystallization landscape of rare earth MOFs: a high-throughput investigation of structure, kinetics, and selectivity","PAIR::er::terephthalic acid (1,4-bdc)",,"terephthalic acid (1,4-BDC)",,,Aromatic dicarboxylate,Er,rare-earth nitrate salt(s); hydration not encoded in campaign key,nitrate,,3,EtOH/H2O (fractions not encoded in campaign key),,Nessuno,0.0,40.0,18.0,,,,,,Automated solvothermal synthesis,Automated vial; exact geometry in source SI,,,,no solid product,,peer_reviewed_high_throughput_literature,Author-assigned HT-PXRD/CV campaign outcome,direct_machine_readable_campaign_key,v13_source_rare_earth_landscape.csv,SOURCE_VERIFIED_SINGLE_CURATION_PASS,False,"Evidence-only: absolute precursor amounts, ligand:metal ratio, and solvent volume are not encoded in the public campaign key.",0,Failed / no solid product,no solid product,Exact author label 'no solid product' -> class 0,False,False,False,Campaign key explicitly reports no solid product.
V13-REHT-1234,MG2-91-02,10.1039/d5sc09992g,10.5281/zenodo.17902549,https://doi.org/10.1039/d5sc09992g,https://doi.org/10.5281/zenodo.17902549,"Mapping the crystallization landscape of rare earth MOFs: a high-throughput investigation of structure, kinetics, and selectivity","PAIR::er::phthalic acid (1,2-bdc)",,"phthalic acid (1,2-BDC)",,,Aromatic dicarboxylate,Er,rare-earth nitrate salt(s); hydration not encoded in campaign key,nitrate,,3,EtOH/H2O (fractions not encoded in campaign key),,Nessuno,0.0,40.0,18.0,,,,,,Automated solvothermal synthesis,Automated vial; exact geometry in source SI,,,,no solid product,,peer_reviewed_high_throughput_literature,Author-assigned HT-PXRD/CV campaign outcome,direct_machine_readable_campaign_key,v13_source_rare_earth_landscape.csv,SOURCE_VERIFIED_SINGLE_CURATION_PASS,False,"Evidence-only: absolute precursor amounts, ligand:metal ratio, and solvent volume are not encoded in the public campaign key.",0,Failed / no solid product,no solid product,Exact author label 'no solid product' -> class 0,False,False,False,Campaign key explicitly reports no solid product.
V13-REHT-1235,MG2-91-03,10.1039/d5sc09992g,10.5281/zenodo.17902549,https://doi.org/10.1039/d5sc09992g,https://doi.org/10.5281/zenodo.17902549,"Mapping the crystallization landscape of rare earth MOFs: a high-throughput investigation of structure, kinetics, and selectivity","PAIR::er::isophthalic acid (1,3-bdc)",,"isophthalic acid (1,3-BDC)",,,Aromatic dicarboxylate,Er,rare-earth nitrate salt(s); hydration not encoded in campaign key,nitrate,,3,EtOH/H2O (fractions not encoded in campaign key),,Nessuno,0.0,40.0,18.0,,,,,,Automated solvothermal synthesis,Automated vial; exact geometry in source SI,,,,no solid product,,peer_reviewed_high_throughput_literature,Author-assigned HT-PXRD/CV campaign outcome,direct_machine_readable_campaign_key,v13_source_rare_earth_landscape.csv,SOURCE_VERIFIED_SINGLE_CURATION_PASS,False,"Evidence-only: absolute precursor amounts, ligand:metal ratio, and solvent volume are not encoded in the public campaign key.",0,Failed / no solid product,no solid product,Exact author label 'no solid product' -> class 0,False,False,False,Campaign key explicitly reports no solid product.
V13-REHT-1240,MG2-91-08,10.1039/d5sc09992g,10.5281/zenodo.17902549,https://doi.org/10.1039/d5sc09992g,https://doi.org/10.5281/zenodo.17902549,"Mapping the crystallization landscape of rare earth MOFs: a high-throughput investigation of structure, kinetics, and selectivity","PAIR::er::terephthalic acid (1,4-bdc)",,"terephthalic acid (1,4-BDC)",,,Aromatic dicarboxylate,Er,rare-earth nitrate salt(s); hydration not encoded in campaign key,nitrate,,3,EtOH/H2O (fractions not encoded in campaign key),,Acido acetico,2.0,40.0,18.0,,,,,,Automated solvothermal synthesis,Automated vial; exact geometry in source SI,,,,no solid product,,peer_reviewed_high_throughput_literature,Author-assigned HT-PXRD/CV campaign outcome,direct_machine_readable_campaign_key,v13_source_rare_earth_landscape.csv,SOURCE_VERIFIED_SINGLE_CURATION_PASS,False,"Evidence-only: absolute precursor amounts, ligand:metal ratio, and solvent volume are not encoded in the public campaign key.",0,Failed / no solid product,no solid product,Exact author label 'no solid product' -> class 0,False,False,False,Campaign key explicitly reports no solid product.
V13-REHT-1241,MG2-91-09,10.1039/d5sc09992g,10.5281/zenodo.17902549,https://doi.org/10.1039/d5sc09992g,https://doi.org/10.5281/zenodo.17902549,"Mapping the crystallization landscape of rare earth MOFs: a high-throughput investigation of structure, kinetics, and selectivity","PAIR::er::phthalic acid (1,2-bdc)",,"phthalic acid (1,2-BDC)",,,Aromatic dicarboxylate,Er,rare-earth nitrate salt(s); hydration not encoded in campaign key,nitrate,,3,EtOH/H2O (fractions not encoded in campaign key),,Acido acetico,2.0,40.0,18.0,,,,,,Automated solvothermal synthesis,Automated vial; exact geometry in source SI,,,,no solid product,,peer_reviewed_high_throughput_literature,Author-assigned HT-PXRD/CV campaign outcome,direct_machine_readable_campaign_key,v13_source_rare_earth_landscape.csv,SOURCE_VERIFIED_SINGLE_CURATION_PASS,False,"Evidence-only: absolute precursor amounts, ligand:metal ratio, and solvent volume are not encoded in the public campaign key.",0,Failed / no solid product,no solid product,Exact author label 'no solid product' -> class 0,False,False,False,Campaign key explicitly reports no solid product.
V13-REHT-1242,MG2-91-10,10.1039/d5sc09992g,10.5281/zenodo.17902549,https://doi.org/10.1039/d5sc09992g,https://doi.org/10.5281/zenodo.17902549,"Mapping the crystallization landscape of rare earth MOFs: a high-throughput investigation of structure, kinetics, and selectivity","PAIR::er::isophthalic acid (1,3-bdc)",,"isophthalic acid (1,3-BDC)",,,Aromatic dicarboxylate,Er,rare-earth nitrate salt(s); hydration not encoded in campaign key,nitrate,,3,EtOH/H2O (fractions not encoded in campaign key),,Acido acetico,2.0,40.0,18.0,,,,,,Automated solvothermal synthesis,Automated vial; exact geometry in source SI,,,,no solid product,,peer_reviewed_high_throughput_literature,Author-assigned HT-PXRD/CV campaign outcome,direct_machine_readable_campaign_key,v13_source_rare_earth_landscape.csv,SOURCE_VERIFIED_SINGLE_CURATION_PASS,False,"Evidence-only: absolute precursor amounts, ligand:metal ratio, and solvent volume are not encoded in the public campaign key.",0,Failed / no solid product,no solid product,Exact author label 'no solid product' -> class 0,False,False,False,Campaign key explicitly reports no solid product.
V13-REHT-1243,MG2-91-11,10.1039/d5sc09992g,10.5281/zenodo.17902549,https://doi.org/10.1039/d5sc09992g,https://doi.org/10.5281/zenodo.17902549,"Mapping the crystallization landscape of rare earth MOFs: a high-throughput investigation of structure, kinetics, and selectivity","PAIR::er::benzene-1,3,5-tricarboxylic acid (h3btc)",,"benzene-1,3,5-tricarboxylic acid (H3BTC)",,,Aromatic tricarboxylate,Er,rare-earth nitrate salt(s); hydration not encoded in campaign key,nitrate,,3,EtOH/H2O (fractions not encoded in campaign key),,Acido acetico,2.0,40.0,18.0,,,,,,Automated solvothermal synthesis,Automated vial; exact geometry in source SI,,,,no solid product,,peer_reviewed_high_throughput_literature,Author-assigned HT-PXRD/CV campaign outcome,direct_machine_readable_campaign_key,v13_source_rare_earth_landscape.csv,SOURCE_VERIFIED_SINGLE_CURATION_PASS,False,"Evidence-only: absolute precursor amounts, ligand:metal ratio, and solvent volume are not encoded in the public campaign key.",0,Failed / no solid product,no solid product,Exact author label 'no solid product' -> class 0,False,False,False,Campaign key explicitly reports no solid product.
V13-REHT-1247,MG2-91-15,10.1039/d5sc09992g,10.5281/zenodo.17902549,https://doi.org/10.1039/d5sc09992g,https://doi.org/10.5281/zenodo.17902549,"Mapping the crystallization landscape of rare earth MOFs: a high-throughput investigation of structure, kinetics, and selectivity","PAIR::er::terephthalic acid (1,4-bdc)",,"terephthalic acid (1,4-BDC)",,,Aromatic dicarboxylate,Er,rare-earth nitrate salt(s); hydration not encoded in campaign key,nitrate,,3,EtOH/H2O (fractions not encoded in campaign key),,Acido acetico,5.0,40.0,18.0,,,,,,Automated solvothermal synthesis,Automated vial; exact geometry in source SI,,,,no solid product,,peer_reviewed_high_throughput_literature,Author-assigned HT-PXRD/CV campaign outcome,direct_machine_readable_campaign_key,v13_source_rare_earth_landscape.csv,SOURCE_VERIFIED_SINGLE_CURATION_PASS,False,"Evidence-only: absolute precursor amounts, ligand:metal ratio, and solvent volume are not encoded in the public campaign key.",0,Failed / no solid product,no solid product,Exact author label 'no solid product' -> class 0,False,False,False,Campaign key explicitly reports no solid product.
V13-REHT-1248,MG2-91-16,10.1039/d5sc09992g,10.5281/zenodo.17902549,https://doi.org/10.1039/d5sc09992g,https://doi.org/10.5281/zenodo.17902549,"Mapping the crystallization landscape of rare earth MOFs: a high-throughput investigation of structure, kinetics, and selectivity","PAIR::er::phthalic acid (1,2-bdc)",,"phthalic acid (1,2-BDC)",,,Aromatic dicarboxylate,Er,rare-earth nitrate salt(s); hydration not encoded in campaign key,nitrate,,3,EtOH/H2O (fractions not encoded in campaign key),,Acido acetico,5.0,40.0,18.0,,,,,,Automated solvothermal synthesis,Automated vial; exact geometry in source SI,,,,no solid product,,peer_reviewed_high_throughput_literature,Author-assigned HT-PXRD/CV campaign outcome,direct_machine_readable_campaign_key,v13_source_rare_earth_landscape.csv,SOURCE_VERIFIED_SINGLE_CURATION_PASS,False,"Evidence-only: absolute precursor amounts, ligand:metal ratio, and solvent volume are not encoded in the public campaign key.",0,Failed / no solid product,no solid product,Exact author label 'no solid product' -> class 0,False,False,False,Campaign key explicitly reports no solid product.
V13-REHT-1249,MG2-91-17,10.1039/d5sc09992g,10.5281/zenodo.17902549,https://doi.org/10.1039/d5sc09992g,https://doi.org/10.5281/zenodo.17902549,"Mapping the crystallization landscape of rare earth MOFs: a high-throughput investigation of structure, kinetics, and selectivity","PAIR::er::isophthalic acid (1,3-bdc)",,"isophthalic acid (1,3-BDC)",,,Aromatic dicarboxylate,Er,rare-earth nitrate salt(s); hydration not encoded in campaign key,nitrate,,3,EtOH/H2O (fractions not encoded in campaign key),,Acido acetico,5.0,40.0,18.0,,,,,,Automated solvothermal synthesis,Automated vial; exact geometry in source SI,,,,no solid product,,peer_reviewed_high_throughput_literature,Author-assigned HT-PXRD/CV campaign outcome,direct_machine_readable_campaign_key,v13_source_rare_earth_landscape.csv,SOURCE_VERIFIED_SINGLE_CURATION_PASS,False,"Evidence-only: absolute precursor amounts, ligand:metal ratio, and solvent volume are not encoded in the public campaign key.",0,Failed / no solid product,no solid product,Exact author label 'no solid product' -> class 0,False,False,False,Campaign key explicitly reports no solid product.
V13-REHT-1250,MG2-91-18,10.1039/d5sc09992g,10.5281/zenodo.17902549,https://doi.org/10.1039/d5sc09992g,https://doi.org/10.5281/zenodo.17902549,"Mapping the crystallization landscape of rare earth MOFs: a high-throughput investigation of structure, kinetics, and selectivity","PAIR::er::benzene-1,3,5-tricarboxylic acid (h3btc)",,"benzene-1,3,5-tricarboxylic acid (H3BTC)",,,Aromatic tricarboxylate,Er,rare-earth nitrate salt(s); hydration not encoded in campaign key,nitrate,,3,EtOH/H2O (fractions not encoded in campaign key),,Acido acetico,5.0,40.0,18.0,,,,,,Automated solvothermal synthesis,Automated vial; exact geometry in source SI,,,,no solid product,,peer_reviewed_high_throughput_literature,Author-assigned HT-PXRD/CV campaign outcome,direct_machine_readable_campaign_key,v13_source_rare_earth_landscape.csv,SOURCE_VERIFIED_SINGLE_CURATION_PASS,False,"Evidence-only: absolute precursor amounts, ligand:metal ratio, and solvent volume are not encoded in the public campaign key.",0,Failed / no solid product,no solid product,Exact author label 'no solid product' -> class 0,False,False,False,Campaign key explicitly reports no solid product.
V13-REHT-1254,MG2-91-22,10.1039/d5sc09992g,10.5281/zenodo.17902549,https://doi.org/10.1039/d5sc09992g,https://doi.org/10.5281/zenodo.17902549,"Mapping the crystallization landscape of rare earth MOFs: a high-throughput investigation of structure, kinetics, and selectivity","PAIR::er::terephthalic acid (1,4-bdc)",,"terephthalic acid (1,4-BDC)",,,Aromatic dicarboxylate,Er,rare-earth nitrate salt(s); hydration not encoded in campaign key,nitrate,,3,EtOH/H2O (fractions not encoded in campaign key),,Acido acetico,10.0,40.0,18.0,,,,,,Automated solvothermal synthesis,Automated vial; exact geometry in source SI,,,,no solid product,,peer_reviewed_high_throughput_literature,Author-assigned HT-PXRD/CV campaign outcome,direct_machine_readable_campaign_key,v13_source_rare_earth_landscape.csv,SOURCE_VERIFIED_SINGLE_CURATION_PASS,False,"Evidence-only: absolute precursor amounts, ligand:metal ratio, and solvent volume are not encoded in the public campaign key.",0,Failed / no solid product,no solid product,Exact author label 'no solid product' -> class 0,False,False,False,Campaign key explicitly reports no solid product.
V13-REHT-1255,MG2-91-23,10.1039/d5sc09992g,10.5281/zenodo.17902549,https://doi.org/10.1039/d5sc09992g,https://doi.org/10.5281/zenodo.17902549,"Mapping the crystallization landscape of rare earth MOFs: a high-throughput investigation of structure, kinetics, and selectivity","PAIR::er::phthalic acid (1,2-bdc)",,"phthalic acid (1,2-BDC)",,,Aromatic dicarboxylate,Er,rare-earth nitrate salt(s); hydration not encoded in campaign key,nitrate,,3,EtOH/H2O (fractions not encoded in campaign key),,Acido acetico,10.0,40.0,18.0,,,,,,Automated solvothermal synthesis,Automated vial; exact geometry in source SI,,,,no solid product,,peer_reviewed_high_throughput_literature,Author-assigned HT-PXRD/CV campaign outcome,direct_machine_readable_campaign_key,v13_source_rare_earth_landscape.csv,SOURCE_VERIFIED_SINGLE_CURATION_PASS,False,"Evidence-only: absolute precursor amounts, ligand:metal ratio, and solvent volume are not encoded in the public campaign key.",0,Failed / no solid product,no solid product,Exact author label 'no solid product' -> class 0,False,False,False,Campaign key explicitly reports no solid product.
V13-REHT-1256,MG2-91-24,10.1039/d5sc09992g,10.5281/zenodo.17902549,https://doi.org/10.1039/d5sc09992g,https://doi.org/10.5281/zenodo.17902549,"Mapping the crystallization landscape of rare earth MOFs: a high-throughput investigation of structure, kinetics, and selectivity","PAIR::er::isophthalic acid (1,3-bdc)",,"isophthalic acid (1,3-BDC)",,,Aromatic dicarboxylate,Er,rare-earth nitrate salt(s); hydration not encoded in campaign key,nitrate,,3,EtOH/H2O (fractions not encoded in campaign key),,Acido acetico,10.0,40.0,18.0,,,,,,Automated solvothermal synthesis,Automated vial; exact geometry in source SI,,,,no solid product,,peer_reviewed_high_throughput_literature,Author-assigned HT-PXRD/CV campaign outcome,direct_machine_readable_campaign_key,v13_source_rare_earth_landscape.csv,SOURCE_VERIFIED_SINGLE_CURATION_PASS,False,"Evidence-only: absolute precursor amounts, ligand:metal ratio, and solvent volume are not encoded in the public campaign key.",0,Failed / no solid product,no solid product,Exact author label 'no solid product' -> class 0,False,False,False,Campaign key explicitly reports no solid product.
V13-REHT-1257,MG2-91-25,10.1039/d5sc09992g,10.5281/zenodo.17902549,https://doi.org/10.1039/d5sc09992g,https://doi.org/10.5281/zenodo.17902549,"Mapping the crystallization landscape of rare earth MOFs: a high-throughput investigation of structure, kinetics, and selectivity","PAIR::er::benzene-1,3,5-tricarboxylic acid (h3btc)",,"benzene-1,3,5-tricarboxylic acid (H3BTC)",,,Aromatic tricarboxylate,Er,rare-earth nitrate salt(s); hydration not encoded in campaign key,nitrate,,3,EtOH/H2O (fractions not encoded in campaign key),,Acido acetico,10.0,40.0,18.0,,,,,,Automated solvothermal synthesis,Automated vial; exact geometry in source SI,,,,no solid product,,peer_reviewed_high_throughput_literature,Author-assigned HT-PXRD/CV campaign outcome,direct_machine_readable_campaign_key,v13_source_rare_earth_landscape.csv,SOURCE_VERIFIED_SINGLE_CURATION_PASS,False,"Evidence-only: absolute precursor amounts, ligand:metal ratio, and solvent volume are not encoded in the public campaign key.",0,Failed / no solid product,no solid product,Exact author label 'no solid product' -> class 0,False,False,False,Campaign key explicitly reports no solid product.
V13-REHT-1258,MG2-91-26,10.1039/d5sc09992g,10.5281/zenodo.17902549,https://doi.org/10.1039/d5sc09992g,https://doi.org/10.5281/zenodo.17902549,"Mapping the crystallization landscape of rare earth MOFs: a high-throughput investigation of structure, kinetics, and selectivity",PAIR::er::trimellitic acid,,trimellitic acid,,,Aromatic tricarboxylate,Er,rare-earth nitrate salt(s); hydration not encoded in campaign key,nitrate,,3,EtOH/H2O (fractions not encoded in campaign key),,Acido acetico,10.0,40.0,18.0,,,,,,Automated solvothermal synthesis,Automated vial; exact geometry in source SI,,,,no crystalline product,,peer_reviewed_high_throughput_literature,Author-assigned HT-PXRD/CV campaign outcome,direct_machine_readable_campaign_key,v13_source_rare_earth_landscape.csv,SOURCE_VERIFIED_SINGLE_CURATION_PASS,False,"Evidence-only: absolute precursor amounts, ligand:metal ratio, and solvent volume are not encoded in the public campaign key.",1,Amorphous / no crystalline product,no crystalline product,Exact author label 'no crystalline product' -> class 1,True,False,False,HT-PXRD campaign key explicitly reports no crystalline product.
V13-REHT-1261,MG2-91-29,10.1039/d5sc09992g,10.5281/zenodo.17902549,https://doi.org/10.1039/d5sc09992g,https://doi.org/10.5281/zenodo.17902549,"Mapping the crystallization landscape of rare earth MOFs: a high-throughput investigation of structure, kinetics, and selectivity","PAIR::tm::terephthalic acid (1,4-bdc)",,"terephthalic acid (1,4-BDC)",,,Aromatic dicarboxylate,Tm,rare-earth nitrate salt(s); hydration not encoded in campaign key,nitrate,,3,EtOH/H2O (fractions not encoded in campaign key),,Nessuno,0.0,40.0,18.0,,,,,,Automated solvothermal synthesis,Automated vial; exact geometry in source SI,,,,no solid product,,peer_reviewed_high_throughput_literature,Author-assigned HT-PXRD/CV campaign outcome,direct_machine_readable_campaign_key,v13_source_rare_earth_landscape.csv,SOURCE_VERIFIED_SINGLE_CURATION_PASS,False,"Evidence-only: absolute precursor amounts, ligand:metal ratio, and solvent volume are not encoded in the public campaign key.",0,Failed / no solid product,no solid product,Exact author label 'no solid product' -> class 0,False,False,False,Campaign key explicitly reports no solid product.
V13-REHT-1262,MG2-91-30,10.1039/d5sc09992g,10.5281/zenodo.17902549,https://doi.org/10.1039/d5sc09992g,https://doi.org/10.5281/zenodo.17902549,"Mapping the crystallization landscape of rare earth MOFs: a high-throughput investigation of structure, kinetics, and selectivity","PAIR::tm::phthalic acid (1,2-bdc)",,"phthalic acid (1,2-BDC)",,,Aromatic dicarboxylate,Tm,rare-earth nitrate salt(s); hydration not encoded in campaign key,nitrate,,3,EtOH/H2O (fractions not encoded in campaign key),,Nessuno,0.0,40.0,18.0,,,,,,Automated solvothermal synthesis,Automated vial; exact geometry in source SI,,,,no solid product,,peer_reviewed_high_throughput_literature,Author-assigned HT-PXRD/CV campaign outcome,direct_machine_readable_campaign_key,v13_source_rare_earth_landscape.csv,SOURCE_VERIFIED_SINGLE_CURATION_PASS,False,"Evidence-only: absolute precursor amounts, ligand:metal ratio, and solvent volume are not encoded in the public campaign key.",0,Failed / no solid product,no solid product,Exact author label 'no solid product' -> class 0,False,False,False,Campaign key explicitly reports no solid product.
V13-REHT-1263,MG2-91-31,10.1039/d5sc09992g,10.5281/zenodo.17902549,https://doi.org/10.1039/d5sc09992g,https://doi.org/10.5281/zenodo.17902549,"Mapping the crystallization landscape of rare earth MOFs: a high-throughput investigation of structure, kinetics, and selectivity","PAIR::tm::isophthalic acid (1,3-bdc)",,"isophthalic acid (1,3-BDC)",,,Aromatic dicarboxylate,Tm,rare-earth nitrate salt(s); hydration not encoded in campaign key,nitrate,,3,EtOH/H2O (fractions not encoded in campaign key),,Nessuno,0.0,40.0,18.0,,,,,,Automated solvothermal synthesis,Automated vial; exact geometry in source SI,,,,no solid product,,peer_reviewed_high_throughput_literature,Author-assigned HT-PXRD/CV campaign outcome,direct_machine_readable_campaign_key,v13_source_rare_earth_landscape.csv,SOURCE_VERIFIED_SINGLE_CURATION_PASS,False,"Evidence-only: absolute precursor amounts, ligand:metal ratio, and solvent volume are not encoded in the public campaign key.",0,Failed / no solid product,no solid product,Exact author label 'no solid product' -> class 0,False,False,False,Campaign key explicitly reports no solid product.
V13-REHT-1264,MG2-91-32,10.1039/d5sc09992g,10.5281/zenodo.17902549,https://doi.org/10.1039/d5sc09992g,https://doi.org/10.5281/zenodo.17902549,"Mapping the crystallization landscape of rare earth MOFs: a high-throughput investigation of structure, kinetics, and selectivity","PAIR::tm::benzene-1,3,5-tricarboxylic acid (h3btc)",,"benzene-1,3,5-tricarboxylic acid (H3BTC)",,,Aromatic tricarboxylate,Tm,rare-earth nitrate salt(s); hydration not encoded in campaign key,nitrate,,3,EtOH/H2O (fractions not encoded in campaign key),,Nessuno,0.0,40.0,18.0,,,,,,Automated solvothermal synthesis,Automated vial; exact geometry in source SI,,,,no solid product,,peer_reviewed_high_throughput_literature,Author-assigned HT-PXRD/CV campaign outcome,direct_machine_readable_campaign_key,v13_source_rare_earth_landscape.csv,SOURCE_VERIFIED_SINGLE_CURATION_PASS,False,"Evidence-only: absolute precursor amounts, ligand:metal ratio, and solvent volume are not encoded in the public campaign key.",0,Failed / no solid product,no solid product,Exact author label 'no solid product' -> class 0,False,False,False,Campaign key explicitly reports no solid product.
V13-REHT-1268,MG2-91-36,10.1039/d5sc09992g,10.5281/zenodo.17902549,https://doi.org/10.1039/d5sc09992g,https://doi.org/10.5281/zenodo.17902549,"Mapping the crystallization landscape of rare earth MOFs: a high-throughput investigation of structure, kinetics, and selectivity","PAIR::tm::terephthalic acid (1,4-bdc)",,"terephthalic acid (1,4-BDC)",,,Aromatic dicarboxylate,Tm,rare-earth nitrate salt(s); hydration not encoded in campaign key,nitrate,,3,EtOH/H2O (fractions not encoded in campaign key),,Acido acetico,2.0,40.0,18.0,,,,,,Automated solvothermal synthesis,Automated vial; exact geometry in source SI,,,,no solid product,,peer_reviewed_high_throughput_literature,Author-assigned HT-PXRD/CV campaign outcome,direct_machine_readable_campaign_key,v13_source_rare_earth_landscape.csv,SOURCE_VERIFIED_SINGLE_CURATION_PASS,False,"Evidence-only: absolute precursor amounts, ligand:metal ratio, and solvent volume are not encoded in the public campaign key.",0,Failed / no solid product,no solid product,Exact author label 'no solid product' -> class 0,False,False,False,Campaign key explicitly reports no solid product.
V13-REHT-1269,MG2-91-37,10.1039/d5sc09992g,10.5281/zenodo.17902549,https://doi.org/10.1039/d5sc09992g,https://doi.org/10.5281/zenodo.17902549,"Mapping the crystallization landscape of rare earth MOFs: a high-throughput investigation of structure, kinetics, and selectivity","PAIR::tm::phthalic acid (1,2-bdc)",,"phthalic acid (1,2-BDC)",,,Aromatic dicarboxylate,Tm,rare-earth nitrate salt(s); hydration not encoded in campaign key,nitrate,,3,EtOH/H2O (fractions not encoded in campaign key),,Acido acetico,2.0,40.0,18.0,,,,,,Automated solvothermal synthesis,Automated vial; exact geometry in source SI,,,,no solid product,,peer_reviewed_high_throughput_literature,Author-assigned HT-PXRD/CV campaign outcome,direct_machine_readable_campaign_key,v13_source_rare_earth_landscape.csv,SOURCE_VERIFIED_SINGLE_CURATION_PASS,False,"Evidence-only: absolute precursor amounts, ligand:metal ratio, and solvent volume are not encoded in the public campaign key.",0,Failed / no solid product,no solid product,Exact author label 'no solid product' -> class 0,False,False,False,Campaign key explicitly reports no solid product.
V13-REHT-1270,MG2-91-38,10.1039/d5sc09992g,10.5281/zenodo.17902549,https://doi.org/10.1039/d5sc09992g,https://doi.org/10.5281/zenodo.17902549,"Mapping the crystallization landscape of rare earth MOFs: a high-throughput investigation of structure, kinetics, and selectivity","PAIR::tm::isophthalic acid (1,3-bdc)",,"isophthalic acid (1,3-BDC)",,,Aromatic dicarboxylate,Tm,rare-earth nitrate salt(s); hydration not encoded in campaign key,nitrate,,3,EtOH/H2O (fractions not encoded in campaign key),,Acido acetico,2.0,40.0,18.0,,,,,,Automated solvothermal synthesis,Automated vial; exact geometry in source SI,,,,no solid product,,peer_reviewed_high_throughput_literature,Author-assigned HT-PXRD/CV campaign outcome,direct_machine_readable_campaign_key,v13_source_rare_earth_landscape.csv,SOURCE_VERIFIED_SINGLE_CURATION_PASS,False,"Evidence-only: absolute precursor amounts, ligand:metal ratio, and solvent volume are not encoded in the public campaign key.",0,Failed / no solid product,no solid product,Exact author label 'no solid product' -> class 0,False,False,False,Campaign key explicitly reports no solid product.
V13-REHT-1271,MG2-91-39,10.1039/d5sc09992g,10.5281/zenodo.17902549,https://doi.org/10.1039/d5sc09992g,https://doi.org/10.5281/zenodo.17902549,"Mapping the crystallization landscape of rare earth MOFs: a high-throughput investigation of structure, kinetics, and selectivity","PAIR::tm::benzene-1,3,5-tricarboxylic acid (h3btc)",,"benzene-1,3,5-tricarboxylic acid (H3BTC)",,,Aromatic tricarboxylate,Tm,rare-earth nitrate salt(s); hydration not encoded in campaign key,nitrate,,3,EtOH/H2O (fractions not encoded in campaign key),,Acido acetico,2.0,40.0,18.0,,,,,,Automated solvothermal synthesis,Automated vial; exact geometry in source SI,,,,no solid product,,peer_reviewed_high_throughput_literature,Author-assigned HT-PXRD/CV campaign outcome,direct_machine_readable_campaign_key,v13_source_rare_earth_landscape.csv,SOURCE_VERIFIED_SINGLE_CURATION_PASS,False,"Evidence-only: absolute precursor amounts, ligand:metal ratio, and solvent volume are not encoded in the public campaign key.",0,Failed / no solid product,no solid product,Exact author label 'no solid product' -> class 0,False,False,False,Campaign key explicitly reports no solid product.
V13-REHT-1275,MG2-91-43,10.1039/d5sc09992g,10.5281/zenodo.17902549,https://doi.org/10.1039/d5sc09992g,https://doi.org/10.5281/zenodo.17902549,"Mapping the crystallization landscape of rare earth MOFs: a high-throughput investigation of structure, kinetics, and selectivity","PAIR::tm::terephthalic acid (1,4-bdc)",,"terephthalic acid (1,4-BDC)",,,Aromatic dicarboxylate,Tm,rare-earth nitrate salt(s); hydration not encoded in campaign key,nitrate,,3,EtOH/H2O (fractions not encoded in campaign key),,Acido acetico,5.0,40.0,18.0,,,,,,Automated solvothermal synthesis,Automated vial; exact geometry in source SI,,,,no solid product,,peer_reviewed_high_throughput_literature,Author-assigned HT-PXRD/CV campaign outcome,direct_machine_readable_campaign_key,v13_source_rare_earth_landscape.csv,SOURCE_VERIFIED_SINGLE_CURATION_PASS,False,"Evidence-only: absolute precursor amounts, ligand:metal ratio, and solvent volume are not encoded in the public campaign key.",0,Failed / no solid product,no solid product,Exact author label 'no solid product' -> class 0,False,False,False,Campaign key explicitly reports no solid product.
V13-REHT-1276,MG2-91-44,10.1039/d5sc09992g,10.5281/zenodo.17902549,https://doi.org/10.1039/d5sc09992g,https://doi.org/10.5281/zenodo.17902549,"Mapping the crystallization landscape of rare earth MOFs: a high-throughput investigation of structure, kinetics, and selectivity","PAIR::tm::phthalic acid (1,2-bdc)",,"phthalic acid (1,2-BDC)",,,Aromatic dicarboxylate,Tm,rare-earth nitrate salt(s); hydration not encoded in campaign key,nitrate,,3,EtOH/H2O (fractions not encoded in campaign key),,Acido acetico,5.0,40.0,18.0,,,,,,Automated solvothermal synthesis,Automated vial; exact geometry in source SI,,,,no solid product,,peer_reviewed_high_throughput_literature,Author-assigned HT-PXRD/CV campaign outcome,direct_machine_readable_campaign_key,v13_source_rare_earth_landscape.csv,SOURCE_VERIFIED_SINGLE_CURATION_PASS,False,"Evidence-only: absolute precursor amounts, ligand:metal ratio, and solvent volume are not encoded in the public campaign key.",0,Failed / no solid product,no solid product,Exact author label 'no solid product' -> class 0,False,False,False,Campaign key explicitly reports no solid product.
V13-REHT-1277,MG2-91-45,10.1039/d5sc09992g,10.5281/zenodo.17902549,https://doi.org/10.1039/d5sc09992g,https://doi.org/10.5281/zenodo.17902549,"Mapping the crystallization landscape of rare earth MOFs: a high-throughput investigation of structure, kinetics, and selectivity","PAIR::tm::isophthalic acid (1,3-bdc)",,"isophthalic acid (1,3-BDC)",,,Aromatic dicarboxylate,Tm,rare-earth nitrate salt(s); hydration not encoded in campaign key,nitrate,,3,EtOH/H2O (fractions not encoded in campaign key),,Acido acetico,5.0,40.0,18.0,,,,,,Automated solvothermal synthesis,Automated vial; exact geometry in source SI,,,,no solid product,,peer_reviewed_high_throughput_literature,Author-assigned HT-PXRD/CV campaign outcome,direct_machine_readable_campaign_key,v13_source_rare_earth_landscape.csv,SOURCE_VERIFIED_SINGLE_CURATION_PASS,False,"Evidence-only: absolute precursor amounts, ligand:metal ratio, and solvent volume are not encoded in the public campaign key.",0,Failed / no solid product,no solid product,Exact author label 'no solid product' -> class 0,False,False,False,Campaign key explicitly reports no solid product.
V13-REHT-1278,MG2-91-46,10.1039/d5sc09992g,10.5281/zenodo.17902549,https://doi.org/10.1039/d5sc09992g,https://doi.org/10.5281/zenodo.17902549,"Mapping the crystallization landscape of rare earth MOFs: a high-throughput investigation of structure, kinetics, and selectivity","PAIR::tm::benzene-1,3,5-tricarboxylic acid (h3btc)",,"benzene-1,3,5-tricarboxylic acid (H3BTC)",,,Aromatic tricarboxylate,Tm,rare-earth nitrate salt(s); hydration not encoded in campaign key,nitrate,,3,EtOH/H2O (fractions not encoded in campaign key),,Acido acetico,5.0,40.0,18.0,,,,,,Automated solvothermal synthesis,Automated vial; exact geometry in source SI,,,,no solid product,,peer_reviewed_high_throughput_literature,Author-assigned HT-PXRD/CV campaign outcome,direct_machine_readable_campaign_key,v13_source_rare_earth_landscape.csv,SOURCE_VERIFIED_SINGLE_CURATION_PASS,False,"Evidence-only: absolute precursor amounts, ligand:metal ratio, and solvent volume are not encoded in the public campaign key.",0,Failed / no solid product,no solid product,Exact author label 'no solid product' -> class 0,False,False,False,Campaign key explicitly reports no solid product.
V13-REHT-1279,MG2-91-47,10.1039/d5sc09992g,10.5281/zenodo.17902549,https://doi.org/10.1039/d5sc09992g,https://doi.org/10.5281/zenodo.17902549,"Mapping the crystallization landscape of rare earth MOFs: a high-throughput investigation of structure, kinetics, and selectivity",PAIR::tm::trimellitic acid,,trimellitic acid,,,Aromatic tricarboxylate,Tm,rare-earth nitrate salt(s); hydration not encoded in campaign key,nitrate,,3,EtOH/H2O (fractions not encoded in campaign key),,Acido acetico,5.0,40.0,18.0,,,,,,Automated solvothermal synthesis,Automated vial; exact geometry in source SI,,,,no crystalline product,,peer_reviewed_high_throughput_literature,Author-assigned HT-PXRD/CV campaign outcome,direct_machine_readable_campaign_key,v13_source_rare_earth_landscape.csv,SOURCE_VERIFIED_SINGLE_CURATION_PASS,False,"Evidence-only: absolute precursor amounts, ligand:metal ratio, and solvent volume are not encoded in the public campaign key.",1,Amorphous / no crystalline product,no crystalline product,Exact author label 'no crystalline product' -> class 1,True,False,False,HT-PXRD campaign key explicitly reports no crystalline product.
V13-REHT-1282,MG2-91-50,10.1039/d5sc09992g,10.5281/zenodo.17902549,https://doi.org/10.1039/d5sc09992g,https://doi.org/10.5281/zenodo.17902549,"Mapping the crystallization landscape of rare earth MOFs: a high-throughput investigation of structure, kinetics, and selectivity","PAIR::tm::terephthalic acid (1,4-bdc)",,"terephthalic acid (1,4-BDC)",,,Aromatic dicarboxylate,Tm,rare-earth nitrate salt(s); hydration not encoded in campaign key,nitrate,,3,EtOH/H2O (fractions not encoded in campaign key),,Acido acetico,10.0,40.0,18.0,,,,,,Automated solvothermal synthesis,Automated vial; exact geometry in source SI,,,,no solid product,,peer_reviewed_high_throughput_literature,Author-assigned HT-PXRD/CV campaign outcome,direct_machine_readable_campaign_key,v13_source_rare_earth_landscape.csv,SOURCE_VERIFIED_SINGLE_CURATION_PASS,False,"Evidence-only: absolute precursor amounts, ligand:metal ratio, and solvent volume are not encoded in the public campaign key.",0,Failed / no solid product,no solid product,Exact author label 'no solid product' -> class 0,False,False,False,Campaign key explicitly reports no solid product.
V13-REHT-1283,MG2-91-51,10.1039/d5sc09992g,10.5281/zenodo.17902549,https://doi.org/10.1039/d5sc09992g,https://doi.org/10.5281/zenodo.17902549,"Mapping the crystallization landscape of rare earth MOFs: a high-throughput investigation of structure, kinetics, and selectivity","PAIR::tm::phthalic acid (1,2-bdc)",,"phthalic acid (1,2-BDC)",,,Aromatic dicarboxylate,Tm,rare-earth nitrate salt(s); hydration not encoded in campaign key,nitrate,,3,EtOH/H2O (fractions not encoded in campaign key),,Acido acetico,10.0,40.0,18.0,,,,,,Automated solvothermal synthesis,Automated vial; exact geometry in source SI,,,,no solid product,,peer_reviewed_high_throughput_literature,Author-assigned HT-PXRD/CV campaign outcome,direct_machine_readable_campaign_key,v13_source_rare_earth_landscape.csv,SOURCE_VERIFIED_SINGLE_CURATION_PASS,False,"Evidence-only: absolute precursor amounts, ligand:metal ratio, and solvent volume are not encoded in the public campaign key.",0,Failed / no solid product,no solid product,Exact author label 'no solid product' -> class 0,False,False,False,Campaign key explicitly reports no solid product.
V13-REHT-1284,MG2-91-52,10.1039/d5sc09992g,10.5281/zenodo.17902549,https://doi.org/10.1039/d5sc09992g,https://doi.org/10.5281/zenodo.17902549,"Mapping the crystallization landscape of rare earth MOFs: a high-throughput investigation of structure, kinetics, and selectivity","PAIR::tm::isophthalic acid (1,3-bdc)",,"isophthalic acid (1,3-BDC)",,,Aromatic dicarboxylate,Tm,rare-earth nitrate salt(s); hydration not encoded in campaign key,nitrate,,3,EtOH/H2O (fractions not encoded in campaign key),,Acido acetico,10.0,40.0,18.0,,,,,,Automated solvothermal synthesis,Automated vial; exact geometry in source SI,,0.867,0.867,no solid product,,peer_reviewed_high_throughput_literature,Author-assigned HT-PXRD/CV campaign outcome,direct_machine_readable_campaign_key,v13_source_rare_earth_landscape.csv,SOURCE_VERIFIED_SINGLE_CURATION_PASS,False,"Evidence-only: absolute precursor amounts, ligand:metal ratio, and solvent volume are not encoded in the public campaign key.",0,Failed / no solid product,no solid product,Exact author label 'no solid product' -> class 0,False,False,False,Campaign key explicitly reports no solid product.
V13-REHT-1285,MG2-91-53,10.1039/d5sc09992g,10.5281/zenodo.17902549,https://doi.org/10.1039/d5sc09992g,https://doi.org/10.5281/zenodo.17902549,"Mapping the crystallization landscape of rare earth MOFs: a high-throughput investigation of structure, kinetics, and selectivity","PAIR::tm::benzene-1,3,5-tricarboxylic acid (h3btc)",,"benzene-1,3,5-tricarboxylic acid (H3BTC)",,,Aromatic tricarboxylate,Tm,rare-earth nitrate salt(s); hydration not encoded in campaign key,nitrate,,3,EtOH/H2O (fractions not encoded in campaign key),,Acido acetico,10.0,40.0,18.0,,,,,,Automated solvothermal synthesis,Automated vial; exact geometry in source SI,,,,no solid product,,peer_reviewed_high_throughput_literature,Author-assigned HT-PXRD/CV campaign outcome,direct_machine_readable_campaign_key,v13_source_rare_earth_landscape.csv,SOURCE_VERIFIED_SINGLE_CURATION_PASS,False,"Evidence-only: absolute precursor amounts, ligand:metal ratio, and solvent volume are not encoded in the public campaign key.",0,Failed / no solid product,no solid product,Exact author label 'no solid product' -> class 0,False,False,False,Campaign key explicitly reports no solid product.
V13-REHT-1286,MG2-91-54,10.1039/d5sc09992g,10.5281/zenodo.17902549,https://doi.org/10.1039/d5sc09992g,https://doi.org/10.5281/zenodo.17902549,"Mapping the crystallization landscape of rare earth MOFs: a high-throughput investigation of structure, kinetics, and selectivity",PAIR::tm::trimellitic acid,,trimellitic acid,,,Aromatic tricarboxylate,Tm,rare-earth nitrate salt(s); hydration not encoded in campaign key,nitrate,,3,EtOH/H2O (fractions not encoded in campaign key),,Acido acetico,10.0,40.0,18.0,,,,,,Automated solvothermal synthesis,Automated vial; exact geometry in source SI,,,,no crystalline product,,peer_reviewed_high_throughput_literature,Author-assigned HT-PXRD/CV campaign outcome,direct_machine_readable_campaign_key,v13_source_rare_earth_landscape.csv,SOURCE_VERIFIED_SINGLE_CURATION_PASS,False,"Evidence-only: absolute precursor amounts, ligand:metal ratio, and solvent volume are not encoded in the public campaign key.",1,Amorphous / no crystalline product,no crystalline product,Exact author label 'no crystalline product' -> class 1,True,False,False,HT-PXRD campaign key explicitly reports no crystalline product.
V13-REHT-1287,MG2-91-55,10.1039/d5sc09992g,10.5281/zenodo.17902549,https://doi.org/10.1039/d5sc09992g,https://doi.org/10.5281/zenodo.17902549,"Mapping the crystallization landscape of rare earth MOFs: a high-throughput investigation of structure, kinetics, and selectivity",PAIR::tm::pyromellitic acid,,pyromellitic acid,,,Aromatic tetracarboxylate,Tm,rare-earth nitrate salt(s); hydration not encoded in campaign key,nitrate,,3,EtOH/H2O (fractions not encoded in campaign key),,Acido acetico,10.0,40.0,18.0,,,,,,Automated solvothermal synthesis,Automated vial; exact geometry in source SI,10.348,,10.348,no solid product,,peer_reviewed_high_throughput_literature,Author-assigned HT-PXRD/CV campaign outcome,direct_machine_readable_campaign_key,v13_source_rare_earth_landscape.csv,SOURCE_VERIFIED_SINGLE_CURATION_PASS,False,"Evidence-only: absolute precursor amounts, ligand:metal ratio, and solvent volume are not encoded in the public campaign key.",0,Failed / no solid product,no solid product,Exact author label 'no solid product' -> class 0,False,False,False,Campaign key explicitly reports no solid product.
V13-REHT-1289,MG2-91-57,10.1039/d5sc09992g,10.5281/zenodo.17902549,https://doi.org/10.1039/d5sc09992g,https://doi.org/10.5281/zenodo.17902549,"Mapping the crystallization landscape of rare earth MOFs: a high-throughput investigation of structure, kinetics, and selectivity","PAIR::yb::terephthalic acid (1,4-bdc)",,"terephthalic acid (1,4-BDC)",,,Aromatic dicarboxylate,Yb,rare-earth nitrate salt(s); hydration not encoded in campaign key,nitrate,,3,EtOH/H2O (fractions not encoded in campaign key),,Nessuno,0.0,40.0,18.0,,,,,,Automated solvothermal synthesis,Automated vial; exact geometry in source SI,,,,no solid product,,peer_reviewed_high_throughput_literature,Author-assigned HT-PXRD/CV campaign outcome,direct_machine_readable_campaign_key,v13_source_rare_earth_landscape.csv,SOURCE_VERIFIED_SINGLE_CURATION_PASS,False,"Evidence-only: absolute precursor amounts, ligand:metal ratio, and solvent volume are not encoded in the public campaign key.",0,Failed / no solid product,no solid product,Exact author label 'no solid product' -> class 0,False,False,False,Campaign key explicitly reports no solid product.
V13-REHT-1290,MG2-91-58,10.1039/d5sc09992g,10.5281/zenodo.17902549,https://doi.org/10.1039/d5sc09992g,https://doi.org/10.5281/zenodo.17902549,"Mapping the crystallization landscape of rare earth MOFs: a high-throughput investigation of structure, kinetics, and selectivity","PAIR::yb::phthalic acid (1,2-bdc)",,"phthalic acid (1,2-BDC)",,,Aromatic dicarboxylate,Yb,rare-earth nitrate salt(s); hydration not encoded in campaign key,nitrate,,3,EtOH/H2O (fractions not encoded in campaign key),,Nessuno,0.0,40.0,18.0,,,,,,Automated solvothermal synthesis,Automated vial; exact geometry in source SI,,,,no solid product,,peer_reviewed_high_throughput_literature,Author-assigned HT-PXRD/CV campaign outcome,direct_machine_readable_campaign_key,v13_source_rare_earth_landscape.csv,SOURCE_VERIFIED_SINGLE_CURATION_PASS,False,"Evidence-only: absolute precursor amounts, ligand:metal ratio, and solvent volume are not encoded in the public campaign key.",0,Failed / no solid product,no solid product,Exact author label 'no solid product' -> class 0,False,False,False,Campaign key explicitly reports no solid product.
V13-REHT-1291,MG2-91-59,10.1039/d5sc09992g,10.5281/zenodo.17902549,https://doi.org/10.1039/d5sc09992g,https://doi.org/10.5281/zenodo.17902549,"Mapping the crystallization landscape of rare earth MOFs: a high-throughput investigation of structure, kinetics, and selectivity","PAIR::yb::isophthalic acid (1,3-bdc)",,"isophthalic acid (1,3-BDC)",,,Aromatic dicarboxylate,Yb,rare-earth nitrate salt(s); hydration not encoded in campaign key,nitrate,,3,EtOH/H2O (fractions not encoded in campaign key),,Nessuno,0.0,40.0,18.0,,,,,,Automated solvothermal synthesis,Automated vial; exact geometry in source SI,,,,no solid product,,peer_reviewed_high_throughput_literature,Author-assigned HT-PXRD/CV campaign outcome,direct_machine_readable_campaign_key,v13_source_rare_earth_landscape.csv,SOURCE_VERIFIED_SINGLE_CURATION_PASS,False,"Evidence-only: absolute precursor amounts, ligand:metal ratio, and solvent volume are not encoded in the public campaign key.",0,Failed / no solid product,no solid product,Exact author label 'no solid product' -> class 0,False,False,False,Campaign key explicitly reports no solid product.
V13-REHT-1292,MG2-91-60,10.1039/d5sc09992g,10.5281/zenodo.17902549,https://doi.org/10.1039/d5sc09992g,https://doi.org/10.5281/zenodo.17902549,"Mapping the crystallization landscape of rare earth MOFs: a high-throughput investigation of structure, kinetics, and selectivity","PAIR::yb::benzene-1,3,5-tricarboxylic acid (h3btc)",,"benzene-1,3,5-tricarboxylic acid (H3BTC)",,,Aromatic tricarboxylate,Yb,rare-earth nitrate salt(s); hydration not encoded in campaign key,nitrate,,3,EtOH/H2O (fractions not encoded in campaign key),,Nessuno,0.0,40.0,18.0,,,,,,Automated solvothermal synthesis,Automated vial; exact geometry in source SI,,,,no crystalline product,,peer_reviewed_high_throughput_literature,Author-assigned HT-PXRD/CV campaign outcome,direct_machine_readable_campaign_key,v13_source_rare_earth_landscape.csv,SOURCE_VERIFIED_SINGLE_CURATION_PASS,False,"Evidence-only: absolute precursor amounts, ligand:metal ratio, and solvent volume are not encoded in the public campaign key.",1,Amorphous / no crystalline product,no crystalline product,Exact author label 'no crystalline product' -> class 1,True,False,False,HT-PXRD campaign key explicitly reports no crystalline product.
V13-REHT-1296,MG2-91-64,10.1039/d5sc09992g,10.5281/zenodo.17902549,https://doi.org/10.1039/d5sc09992g,https://doi.org/10.5281/zenodo.17902549,"Mapping the crystallization landscape of rare earth MOFs: a high-throughput investigation of structure, kinetics, and selectivity","PAIR::yb::terephthalic acid (1,4-bdc)",,"terephthalic acid (1,4-BDC)",,,Aromatic dicarboxylate,Yb,rare-earth nitrate salt(s); hydration not encoded in campaign key,nitrate,,3,EtOH/H2O (fractions not encoded in campaign key),,Acido acetico,2.0,40.0,18.0,,,,,,Automated solvothermal synthesis,Automated vial; exact geometry in source SI,,,,no solid product,,peer_reviewed_high_throughput_literature,Author-assigned HT-PXRD/CV campaign outcome,direct_machine_readable_campaign_key,v13_source_rare_earth_landscape.csv,SOURCE_VERIFIED_SINGLE_CURATION_PASS,False,"Evidence-only: absolute precursor amounts, ligand:metal ratio, and solvent volume are not encoded in the public campaign key.",0,Failed / no solid product,no solid product,Exact author label 'no solid product' -> class 0,False,False,False,Campaign key explicitly reports no solid product.
V13-REHT-1297,MG2-91-65,10.1039/d5sc09992g,10.5281/zenodo.17902549,https://doi.org/10.1039/d5sc09992g,https://doi.org/10.5281/zenodo.17902549,"Mapping the crystallization landscape of rare earth MOFs: a high-throughput investigation of structure, kinetics, and selectivity","PAIR::yb::phthalic acid (1,2-bdc)",,"phthalic acid (1,2-BDC)",,,Aromatic dicarboxylate,Yb,rare-earth nitrate salt(s); hydration not encoded in campaign key,nitrate,,3,EtOH/H2O (fractions not encoded in campaign key),,Acido acetico,2.0,40.0,18.0,,,,,,Automated solvothermal synthesis,Automated vial; exact geometry in source SI,,,,no solid product,,peer_reviewed_high_throughput_literature,Author-assigned HT-PXRD/CV campaign outcome,direct_machine_readable_campaign_key,v13_source_rare_earth_landscape.csv,SOURCE_VERIFIED_SINGLE_CURATION_PASS,False,"Evidence-only: absolute precursor amounts, ligand:metal ratio, and solvent volume are not encoded in the public campaign key.",0,Failed / no solid product,no solid product,Exact author label 'no solid product' -> class 0,False,False,False,Campaign key explicitly reports no solid product.
V13-REHT-1298,MG2-91-66,10.1039/d5sc09992g,10.5281/zenodo.17902549,https://doi.org/10.1039/d5sc09992g,https://doi.org/10.5281/zenodo.17902549,"Mapping the crystallization landscape of rare earth MOFs: a high-throughput investigation of structure, kinetics, and selectivity","PAIR::yb::isophthalic acid (1,3-bdc)",,"isophthalic acid (1,3-BDC)",,,Aromatic dicarboxylate,Yb,rare-earth nitrate salt(s); hydration not encoded in campaign key,nitrate,,3,EtOH/H2O (fractions not encoded in campaign key),,Acido acetico,2.0,40.0,18.0,,,,,,Automated solvothermal synthesis,Automated vial; exact geometry in source SI,,,,no solid product,,peer_reviewed_high_throughput_literature,Author-assigned HT-PXRD/CV campaign outcome,direct_machine_readable_campaign_key,v13_source_rare_earth_landscape.csv,SOURCE_VERIFIED_SINGLE_CURATION_PASS,False,"Evidence-only: absolute precursor amounts, ligand:metal ratio, and solvent volume are not encoded in the public campaign key.",0,Failed / no solid product,no solid product,Exact author label 'no solid product' -> class 0,False,False,False,Campaign key explicitly reports no solid product.
V13-REHT-1299,MG2-91-67,10.1039/d5sc09992g,10.5281/zenodo.17902549,https://doi.org/10.1039/d5sc09992g,https://doi.org/10.5281/zenodo.17902549,"Mapping the crystallization landscape of rare earth MOFs: a high-throughput investigation of structure, kinetics, and selectivity","PAIR::yb::benzene-1,3,5-tricarboxylic acid (h3btc)",,"benzene-1,3,5-tricarboxylic acid (H3BTC)",,,Aromatic tricarboxylate,Yb,rare-earth nitrate salt(s); hydration not encoded in campaign key,nitrate,,3,EtOH/H2O (fractions not encoded in campaign key),,Acido acetico,2.0,40.0,18.0,,,,,,Automated solvothermal synthesis,Automated vial; exact geometry in source SI,,,,no solid product,,peer_reviewed_high_throughput_literature,Author-assigned HT-PXRD/CV campaign outcome,direct_machine_readable_campaign_key,v13_source_rare_earth_landscape.csv,SOURCE_VERIFIED_SINGLE_CURATION_PASS,False,"Evidence-only: absolute precursor amounts, ligand:metal ratio, and solvent volume are not encoded in the public campaign key.",0,Failed / no solid product,no solid product,Exact author label 'no solid product' -> class 0,False,False,False,Campaign key explicitly reports no solid product.
V13-REHT-1300,MG2-91-68,10.1039/d5sc09992g,10.5281/zenodo.17902549,https://doi.org/10.1039/d5sc09992g,https://doi.org/10.5281/zenodo.17902549,"Mapping the crystallization landscape of rare earth MOFs: a high-throughput investigation of structure, kinetics, and selectivity",PAIR::yb::trimellitic acid,,trimellitic acid,,,Aromatic tricarboxylate,Yb,rare-earth nitrate salt(s); hydration not encoded in campaign key,nitrate,,3,EtOH/H2O (fractions not encoded in campaign key),,Acido acetico,2.0,40.0,18.0,,,,,,Automated solvothermal synthesis,Automated vial; exact geometry in source SI,,,,no crystalline product,,peer_reviewed_high_throughput_literature,Author-assigned HT-PXRD/CV campaign outcome,direct_machine_readable_campaign_key,v13_source_rare_earth_landscape.csv,SOURCE_VERIFIED_SINGLE_CURATION_PASS,False,"Evidence-only: absolute precursor amounts, ligand:metal ratio, and solvent volume are not encoded in the public campaign key.",1,Amorphous / no crystalline product,no crystalline product,Exact author label 'no crystalline product' -> class 1,True,False,False,HT-PXRD campaign key explicitly reports no crystalline product.
V13-REHT-1303,MG2-91-71,10.1039/d5sc09992g,10.5281/zenodo.17902549,https://doi.org/10.1039/d5sc09992g,https://doi.org/10.5281/zenodo.17902549,"Mapping the crystallization landscape of rare earth MOFs: a high-throughput investigation of structure, kinetics, and selectivity","PAIR::yb::terephthalic acid (1,4-bdc)",,"terephthalic acid (1,4-BDC)",,,Aromatic dicarboxylate,Yb,rare-earth nitrate salt(s); hydration not encoded in campaign key,nitrate,,3,EtOH/H2O (fractions not encoded in campaign key),,Acido acetico,5.0,40.0,18.0,,,,,,Automated solvothermal synthesis,Automated vial; exact geometry in source SI,,,,no solid product,,peer_reviewed_high_throughput_literature,Author-assigned HT-PXRD/CV campaign outcome,direct_machine_readable_campaign_key,v13_source_rare_earth_landscape.csv,SOURCE_VERIFIED_SINGLE_CURATION_PASS,False,"Evidence-only: absolute precursor amounts, ligand:metal ratio, and solvent volume are not encoded in the public campaign key.",0,Failed / no solid product,no solid product,Exact author label 'no solid product' -> class 0,False,False,False,Campaign key explicitly reports no solid product.
V13-REHT-1304,MG2-91-72,10.1039/d5sc09992g,10.5281/zenodo.17902549,https://doi.org/10.1039/d5sc09992g,https://doi.org/10.5281/zenodo.17902549,"Mapping the crystallization landscape of rare earth MOFs: a high-throughput investigation of structure, kinetics, and selectivity","PAIR::yb::phthalic acid (1,2-bdc)",,"phthalic acid (1,2-BDC)",,,Aromatic dicarboxylate,Yb,rare-earth nitrate salt(s); hydration not encoded in campaign key,nitrate,,3,EtOH/H2O (fractions not encoded in campaign key),,Acido acetico,5.0,40.0,18.0,,,,,,Automated solvothermal synthesis,Automated vial; exact geometry in source SI,,,,no solid product,,peer_reviewed_high_throughput_literature,Author-assigned HT-PXRD/CV campaign outcome,direct_machine_readable_campaign_key,v13_source_rare_earth_landscape.csv,SOURCE_VERIFIED_SINGLE_CURATION_PASS,False,"Evidence-only: absolute precursor amounts, ligand:metal ratio, and solvent volume are not encoded in the public campaign key.",0,Failed / no solid product,no solid product,Exact author label 'no solid product' -> class 0,False,False,False,Campaign key explicitly reports no solid product.
V13-REHT-1305,MG2-91-73,10.1039/d5sc09992g,10.5281/zenodo.17902549,https://doi.org/10.1039/d5sc09992g,https://doi.org/10.5281/zenodo.17902549,"Mapping the crystallization landscape of rare earth MOFs: a high-throughput investigation of structure, kinetics, and selectivity","PAIR::yb::isophthalic acid (1,3-bdc)",,"isophthalic acid (1,3-BDC)",,,Aromatic dicarboxylate,Yb,rare-earth nitrate salt(s); hydration not encoded in campaign key,nitrate,,3,EtOH/H2O (fractions not encoded in campaign key),,Acido acetico,5.0,40.0,18.0,,,,,,Automated solvothermal synthesis,Automated vial; exact geometry in source SI,,,,no solid product,,peer_reviewed_high_throughput_literature,Author-assigned HT-PXRD/CV campaign outcome,direct_machine_readable_campaign_key,v13_source_rare_earth_landscape.csv,SOURCE_VERIFIED_SINGLE_CURATION_PASS,False,"Evidence-only: absolute precursor amounts, ligand:metal ratio, and solvent volume are not encoded in the public campaign key.",0,Failed / no solid product,no solid product,Exact author label 'no solid product' -> class 0,False,False,False,Campaign key explicitly reports no solid product.
V13-REHT-1306,MG2-91-74,10.1039/d5sc09992g,10.5281/zenodo.17902549,https://doi.org/10.1039/d5sc09992g,https://doi.org/10.5281/zenodo.17902549,"Mapping the crystallization landscape of rare earth MOFs: a high-throughput investigation of structure, kinetics, and selectivity","PAIR::yb::benzene-1,3,5-tricarboxylic acid (h3btc)",,"benzene-1,3,5-tricarboxylic acid (H3BTC)",,,Aromatic tricarboxylate,Yb,rare-earth nitrate salt(s); hydration not encoded in campaign key,nitrate,,3,EtOH/H2O (fractions not encoded in campaign key),,Acido acetico,5.0,40.0,18.0,,,,,,Automated solvothermal synthesis,Automated vial; exact geometry in source SI,,,,no solid product,,peer_reviewed_high_throughput_literature,Author-assigned HT-PXRD/CV campaign outcome,direct_machine_readable_campaign_key,v13_source_rare_earth_landscape.csv,SOURCE_VERIFIED_SINGLE_CURATION_PASS,False,"Evidence-only: absolute precursor amounts, ligand:metal ratio, and solvent volume are not encoded in the public campaign key.",0,Failed / no solid product,no solid product,Exact author label 'no solid product' -> class 0,False,False,False,Campaign key explicitly reports no solid product.
V13-REHT-1307,MG2-91-75,10.1039/d5sc09992g,10.5281/zenodo.17902549,https://doi.org/10.1039/d5sc09992g,https://doi.org/10.5281/zenodo.17902549,"Mapping the crystallization landscape of rare earth MOFs: a high-throughput investigation of structure, kinetics, and selectivity",PAIR::yb::trimellitic acid,,trimellitic acid,,,Aromatic tricarboxylate,Yb,rare-earth nitrate salt(s); hydration not encoded in campaign key,nitrate,,3,EtOH/H2O (fractions not encoded in campaign key),,Acido acetico,5.0,40.0,18.0,,,,,,Automated solvothermal synthesis,Automated vial; exact geometry in source SI,,,,no crystalline product,,peer_reviewed_high_throughput_literature,Author-assigned HT-PXRD/CV campaign outcome,direct_machine_readable_campaign_key,v13_source_rare_earth_landscape.csv,SOURCE_VERIFIED_SINGLE_CURATION_PASS,False,"Evidence-only: absolute precursor amounts, ligand:metal ratio, and solvent volume are not encoded in the public campaign key.",1,Amorphous / no crystalline product,no crystalline product,Exact author label 'no crystalline product' -> class 1,True,False,False,HT-PXRD campaign key explicitly reports no crystalline product.
V13-REHT-1310,MG2-91-78,10.1039/d5sc09992g,10.5281/zenodo.17902549,https://doi.org/10.1039/d5sc09992g,https://doi.org/10.5281/zenodo.17902549,"Mapping the crystallization landscape of rare earth MOFs: a high-throughput investigation of structure, kinetics, and selectivity","PAIR::yb::terephthalic acid (1,4-bdc)",,"terephthalic acid (1,4-BDC)",,,Aromatic dicarboxylate,Yb,rare-earth nitrate salt(s); hydration not encoded in campaign key,nitrate,,3,EtOH/H2O (fractions not encoded in campaign key),,Acido acetico,10.0,40.0,18.0,,,,,,Automated solvothermal synthesis,Automated vial; exact geometry in source SI,,,,no solid product,,peer_reviewed_high_throughput_literature,Author-assigned HT-PXRD/CV campaign outcome,direct_machine_readable_campaign_key,v13_source_rare_earth_landscape.csv,SOURCE_VERIFIED_SINGLE_CURATION_PASS,False,"Evidence-only: absolute precursor amounts, ligand:metal ratio, and solvent volume are not encoded in the public campaign key.",0,Failed / no solid product,no solid product,Exact author label 'no solid product' -> class 0,False,False,False,Campaign key explicitly reports no solid product.
V13-REHT-1311,MG2-91-79,10.1039/d5sc09992g,10.5281/zenodo.17902549,https://doi.org/10.1039/d5sc09992g,https://doi.org/10.5281/zenodo.17902549,"Mapping the crystallization landscape of rare earth MOFs: a high-throughput investigation of structure, kinetics, and selectivity","PAIR::yb::phthalic acid (1,2-bdc)",,"phthalic acid (1,2-BDC)",,,Aromatic dicarboxylate,Yb,rare-earth nitrate salt(s); hydration not encoded in campaign key,nitrate,,3,EtOH/H2O (fractions not encoded in campaign key),,Acido acetico,10.0,40.0,18.0,,,,,,Automated solvothermal synthesis,Automated vial; exact geometry in source SI,,,,no solid product,,peer_reviewed_high_throughput_literature,Author-assigned HT-PXRD/CV campaign outcome,direct_machine_readable_campaign_key,v13_source_rare_earth_landscape.csv,SOURCE_VERIFIED_SINGLE_CURATION_PASS,False,"Evidence-only: absolute precursor amounts, ligand:metal ratio, and solvent volume are not encoded in the public campaign key.",0,Failed / no solid product,no solid product,Exact author label 'no solid product' -> class 0,False,False,False,Campaign key explicitly reports no solid product.
V13-REHT-1312,MG2-91-80,10.1039/d5sc09992g,10.5281/zenodo.17902549,https://doi.org/10.1039/d5sc09992g,https://doi.org/10.5281/zenodo.17902549,"Mapping the crystallization landscape of rare earth MOFs: a high-throughput investigation of structure, kinetics, and selectivity","PAIR::yb::isophthalic acid (1,3-bdc)",,"isophthalic acid (1,3-BDC)",,,Aromatic dicarboxylate,Yb,rare-earth nitrate salt(s); hydration not encoded in campaign key,nitrate,,3,EtOH/H2O (fractions not encoded in campaign key),,Acido acetico,10.0,40.0,18.0,,,,,,Automated solvothermal synthesis,Automated vial; exact geometry in source SI,,,,no solid product,,peer_reviewed_high_throughput_literature,Author-assigned HT-PXRD/CV campaign outcome,direct_machine_readable_campaign_key,v13_source_rare_earth_landscape.csv,SOURCE_VERIFIED_SINGLE_CURATION_PASS,False,"Evidence-only: absolute precursor amounts, ligand:metal ratio, and solvent volume are not encoded in the public campaign key.",0,Failed / no solid product,no solid product,Exact author label 'no solid product' -> class 0,False,False,False,Campaign key explicitly reports no solid product.
V13-REHT-1313,MG2-91-81,10.1039/d5sc09992g,10.5281/zenodo.17902549,https://doi.org/10.1039/d5sc09992g,https://doi.org/10.5281/zenodo.17902549,"Mapping the crystallization landscape of rare earth MOFs: a high-throughput investigation of structure, kinetics, and selectivity","PAIR::yb::benzene-1,3,5-tricarboxylic acid (h3btc)",,"benzene-1,3,5-tricarboxylic acid (H3BTC)",,,Aromatic tricarboxylate,Yb,rare-earth nitrate salt(s); hydration not encoded in campaign key,nitrate,,3,EtOH/H2O (fractions not encoded in campaign key),,Acido acetico,10.0,40.0,18.0,,,,,,Automated solvothermal synthesis,Automated vial; exact geometry in source SI,,,,no solid product,,peer_reviewed_high_throughput_literature,Author-assigned HT-PXRD/CV campaign outcome,direct_machine_readable_campaign_key,v13_source_rare_earth_landscape.csv,SOURCE_VERIFIED_SINGLE_CURATION_PASS,False,"Evidence-only: absolute precursor amounts, ligand:metal ratio, and solvent volume are not encoded in the public campaign key.",0,Failed / no solid product,no solid product,Exact author label 'no solid product' -> class 0,False,False,False,Campaign key explicitly reports no solid product.
V13-REHT-1314,MG2-91-82,10.1039/d5sc09992g,10.5281/zenodo.17902549,https://doi.org/10.1039/d5sc09992g,https://doi.org/10.5281/zenodo.17902549,"Mapping the crystallization landscape of rare earth MOFs: a high-throughput investigation of structure, kinetics, and selectivity",PAIR::yb::trimellitic acid,,trimellitic acid,,,Aromatic tricarboxylate,Yb,rare-earth nitrate salt(s); hydration not encoded in campaign key,nitrate,,3,EtOH/H2O (fractions not encoded in campaign key),,Acido acetico,10.0,40.0,18.0,,,,,,Automated solvothermal synthesis,Automated vial; exact geometry in source SI,,,,no solid product,,peer_reviewed_high_throughput_literature,Author-assigned HT-PXRD/CV campaign outcome,direct_machine_readable_campaign_key,v13_source_rare_earth_landscape.csv,SOURCE_VERIFIED_SINGLE_CURATION_PASS,False,"Evidence-only: absolute precursor amounts, ligand:metal ratio, and solvent volume are not encoded in the public campaign key.",0,Failed / no solid product,no solid product,Exact author label 'no solid product' -> class 0,False,False,False,Campaign key explicitly reports no solid product.
V13-REHT-1317,MG2-92-01,10.1039/d5sc09992g,10.5281/zenodo.17902549,https://doi.org/10.1039/d5sc09992g,https://doi.org/10.5281/zenodo.17902549,"Mapping the crystallization landscape of rare earth MOFs: a high-throughput investigation of structure, kinetics, and selectivity","PAIR::lu::terephthalic acid (1,4-bdc)",,"terephthalic acid (1,4-BDC)",,,Aromatic dicarboxylate,Lu,rare-earth nitrate salt(s); hydration not encoded in campaign key,nitrate,,3,EtOH/H2O (fractions not encoded in campaign key),,Nessuno,0.0,40.0,18.0,,,,,,Automated solvothermal synthesis,Automated vial; exact geometry in source SI,,,,no solid product,,peer_reviewed_high_throughput_literature,Author-assigned HT-PXRD/CV campaign outcome,direct_machine_readable_campaign_key,v13_source_rare_earth_landscape.csv,SOURCE_VERIFIED_SINGLE_CURATION_PASS,False,"Evidence-only: absolute precursor amounts, ligand:metal ratio, and solvent volume are not encoded in the public campaign key.",0,Failed / no solid product,no solid product,Exact author label 'no solid product' -> class 0,False,False,False,Campaign key explicitly reports no solid product.
V13-REHT-1318,MG2-92-02,10.1039/d5sc09992g,10.5281/zenodo.17902549,https://doi.org/10.1039/d5sc09992g,https://doi.org/10.5281/zenodo.17902549,"Mapping the crystallization landscape of rare earth MOFs: a high-throughput investigation of structure, kinetics, and selectivity","PAIR::lu::phthalic acid (1,2-bdc)",,"phthalic acid (1,2-BDC)",,,Aromatic dicarboxylate,Lu,rare-earth nitrate salt(s); hydration not encoded in campaign key,nitrate,,3,EtOH/H2O (fractions not encoded in campaign key),,Nessuno,0.0,40.0,18.0,,,,,,Automated solvothermal synthesis,Automated vial; exact geometry in source SI,,,,no solid product,,peer_reviewed_high_throughput_literature,Author-assigned HT-PXRD/CV campaign outcome,direct_machine_readable_campaign_key,v13_source_rare_earth_landscape.csv,SOURCE_VERIFIED_SINGLE_CURATION_PASS,False,"Evidence-only: absolute precursor amounts, ligand:metal ratio, and solvent volume are not encoded in the public campaign key.",0,Failed / no solid product,no solid product,Exact author label 'no solid product' -> class 0,False,False,False,Campaign key explicitly reports no solid product.
V13-REHT-1319,MG2-92-03,10.1039/d5sc09992g,10.5281/zenodo.17902549,https://doi.org/10.1039/d5sc09992g,https://doi.org/10.5281/zenodo.17902549,"Mapping the crystallization landscape of rare earth MOFs: a high-throughput investigation of structure, kinetics, and selectivity","PAIR::lu::isophthalic acid (1,3-bdc)",,"isophthalic acid (1,3-BDC)",,,Aromatic dicarboxylate,Lu,rare-earth nitrate salt(s); hydration not encoded in campaign key,nitrate,,3,EtOH/H2O (fractions not encoded in campaign key),,Nessuno,0.0,40.0,18.0,,,,,,Automated solvothermal synthesis,Automated vial; exact geometry in source SI,,,,no solid product,,peer_reviewed_high_throughput_literature,Author-assigned HT-PXRD/CV campaign outcome,direct_machine_readable_campaign_key,v13_source_rare_earth_landscape.csv,SOURCE_VERIFIED_SINGLE_CURATION_PASS,False,"Evidence-only: absolute precursor amounts, ligand:metal ratio, and solvent volume are not encoded in the public campaign key.",0,Failed / no solid product,no solid product,Exact author label 'no solid product' -> class 0,False,False,False,Campaign key explicitly reports no solid product.
V13-REHT-1320,MG2-92-04,10.1039/d5sc09992g,10.5281/zenodo.17902549,https://doi.org/10.1039/d5sc09992g,https://doi.org/10.5281/zenodo.17902549,"Mapping the crystallization landscape of rare earth MOFs: a high-throughput investigation of structure, kinetics, and selectivity","PAIR::lu::benzene-1,3,5-tricarboxylic acid (h3btc)",,"benzene-1,3,5-tricarboxylic acid (H3BTC)",,,Aromatic tricarboxylate,Lu,rare-earth nitrate salt(s); hydration not encoded in campaign key,nitrate,,3,EtOH/H2O (fractions not encoded in campaign key),,Nessuno,0.0,40.0,18.0,,,,,,Automated solvothermal synthesis,Automated vial; exact geometry in source SI,,,,no crystalline product,,peer_reviewed_high_throughput_literature,Author-assigned HT-PXRD/CV campaign outcome,direct_machine_readable_campaign_key,v13_source_rare_earth_landscape.csv,SOURCE_VERIFIED_SINGLE_CURATION_PASS,False,"Evidence-only: absolute precursor amounts, ligand:metal ratio, and solvent volume are not encoded in the public campaign key.",1,Amorphous / no crystalline product,no crystalline product,Exact author label 'no crystalline product' -> class 1,True,False,False,HT-PXRD campaign key explicitly reports no crystalline product.
V13-REHT-1324,MG2-92-08,10.1039/d5sc09992g,10.5281/zenodo.17902549,https://doi.org/10.1039/d5sc09992g,https://doi.org/10.5281/zenodo.17902549,"Mapping the crystallization landscape of rare earth MOFs: a high-throughput investigation of structure, kinetics, and selectivity","PAIR::lu::terephthalic acid (1,4-bdc)",,"terephthalic acid (1,4-BDC)",,,Aromatic dicarboxylate,Lu,rare-earth nitrate salt(s); hydration not encoded in campaign key,nitrate,,3,EtOH/H2O (fractions not encoded in campaign key),,Acido acetico,2.0,40.0,18.0,,,,,,Automated solvothermal synthesis,Automated vial; exact geometry in source SI,,,,no solid product,,peer_reviewed_high_throughput_literature,Author-assigned HT-PXRD/CV campaign outcome,direct_machine_readable_campaign_key,v13_source_rare_earth_landscape.csv,SOURCE_VERIFIED_SINGLE_CURATION_PASS,False,"Evidence-only: absolute precursor amounts, ligand:metal ratio, and solvent volume are not encoded in the public campaign key.",0,Failed / no solid product,no solid product,Exact author label 'no solid product' -> class 0,False,False,False,Campaign key explicitly reports no solid product.
V13-REHT-1325,MG2-92-09,10.1039/d5sc09992g,10.5281/zenodo.17902549,https://doi.org/10.1039/d5sc09992g,https://doi.org/10.5281/zenodo.17902549,"Mapping the crystallization landscape of rare earth MOFs: a high-throughput investigation of structure, kinetics, and selectivity","PAIR::lu::phthalic acid (1,2-bdc)",,"phthalic acid (1,2-BDC)",,,Aromatic dicarboxylate,Lu,rare-earth nitrate salt(s); hydration not encoded in campaign key,nitrate,,3,EtOH/H2O (fractions not encoded in campaign key),,Acido acetico,2.0,40.0,18.0,,,,,,Automated solvothermal synthesis,Automated vial; exact geometry in source SI,,,,no solid product,,peer_reviewed_high_throughput_literature,Author-assigned HT-PXRD/CV campaign outcome,direct_machine_readable_campaign_key,v13_source_rare_earth_landscape.csv,SOURCE_VERIFIED_SINGLE_CURATION_PASS,False,"Evidence-only: absolute precursor amounts, ligand:metal ratio, and solvent volume are not encoded in the public campaign key.",0,Failed / no solid product,no solid product,Exact author label 'no solid product' -> class 0,False,False,False,Campaign key explicitly reports no solid product.
V13-REHT-1326,MG2-92-10,10.1039/d5sc09992g,10.5281/zenodo.17902549,https://doi.org/10.1039/d5sc09992g,https://doi.org/10.5281/zenodo.17902549,"Mapping the crystallization landscape of rare earth MOFs: a high-throughput investigation of structure, kinetics, and selectivity","PAIR::lu::isophthalic acid (1,3-bdc)",,"isophthalic acid (1,3-BDC)",,,Aromatic dicarboxylate,Lu,rare-earth nitrate salt(s); hydration not encoded in campaign key,nitrate,,3,EtOH/H2O (fractions not encoded in campaign key),,Acido acetico,2.0,40.0,18.0,,,,,,Automated solvothermal synthesis,Automated vial; exact geometry in source SI,,,,no solid product,,peer_reviewed_high_throughput_literature,Author-assigned HT-PXRD/CV campaign outcome,direct_machine_readable_campaign_key,v13_source_rare_earth_landscape.csv,SOURCE_VERIFIED_SINGLE_CURATION_PASS,False,"Evidence-only: absolute precursor amounts, ligand:metal ratio, and solvent volume are not encoded in the public campaign key.",0,Failed / no solid product,no solid product,Exact author label 'no solid product' -> class 0,False,False,False,Campaign key explicitly reports no solid product.
V13-REHT-1327,MG2-92-11,10.1039/d5sc09992g,10.5281/zenodo.17902549,https://doi.org/10.1039/d5sc09992g,https://doi.org/10.5281/zenodo.17902549,"Mapping the crystallization landscape of rare earth MOFs: a high-throughput investigation of structure, kinetics, and selectivity","PAIR::lu::benzene-1,3,5-tricarboxylic acid (h3btc)",,"benzene-1,3,5-tricarboxylic acid (H3BTC)",,,Aromatic tricarboxylate,Lu,rare-earth nitrate salt(s); hydration not encoded in campaign key,nitrate,,3,EtOH/H2O (fractions not encoded in campaign key),,Acido acetico,2.0,40.0,18.0,,,,,,Automated solvothermal synthesis,Automated vial; exact geometry in source SI,,,,no solid product,,peer_reviewed_high_throughput_literature,Author-assigned HT-PXRD/CV campaign outcome,direct_machine_readable_campaign_key,v13_source_rare_earth_landscape.csv,SOURCE_VERIFIED_SINGLE_CURATION_PASS,False,"Evidence-only: absolute precursor amounts, ligand:metal ratio, and solvent volume are not encoded in the public campaign key.",0,Failed / no solid product,no solid product,Exact author label 'no solid product' -> class 0,False,False,False,Campaign key explicitly reports no solid product.
V13-REHT-1328,MG2-92-12,10.1039/d5sc09992g,10.5281/zenodo.17902549,https://doi.org/10.1039/d5sc09992g,https://doi.org/10.5281/zenodo.17902549,"Mapping the crystallization landscape of rare earth MOFs: a high-throughput investigation of structure, kinetics, and selectivity",PAIR::lu::trimellitic acid,,trimellitic acid,,,Aromatic tricarboxylate,Lu,rare-earth nitrate salt(s); hydration not encoded in campaign key,nitrate,,3,EtOH/H2O (fractions not encoded in campaign key),,Acido acetico,2.0,40.0,18.0,,,,,,Automated solvothermal synthesis,Automated vial; exact geometry in source SI,,,,no solid product,,peer_reviewed_high_throughput_literature,Author-assigned HT-PXRD/CV campaign outcome,direct_machine_readable_campaign_key,v13_source_rare_earth_landscape.csv,SOURCE_VERIFIED_SINGLE_CURATION_PASS,False,"Evidence-only: absolute precursor amounts, ligand:metal ratio, and solvent volume are not encoded in the public campaign key.",0,Failed / no solid product,no solid product,Exact author label 'no solid product' -> class 0,False,False,False,Campaign key explicitly reports no solid product.
V13-REHT-1331,MG2-92-15,10.1039/d5sc09992g,10.5281/zenodo.17902549,https://doi.org/10.1039/d5sc09992g,https://doi.org/10.5281/zenodo.17902549,"Mapping the crystallization landscape of rare earth MOFs: a high-throughput investigation of structure, kinetics, and selectivity","PAIR::lu::terephthalic acid (1,4-bdc)",,"terephthalic acid (1,4-BDC)",,,Aromatic dicarboxylate,Lu,rare-earth nitrate salt(s); hydration not encoded in campaign key,nitrate,,3,EtOH/H2O (fractions not encoded in campaign key),,Acido acetico,5.0,40.0,18.0,,,,,,Automated solvothermal synthesis,Automated vial; exact geometry in source SI,,,,no solid product,,peer_reviewed_high_throughput_literature,Author-assigned HT-PXRD/CV campaign outcome,direct_machine_readable_campaign_key,v13_source_rare_earth_landscape.csv,SOURCE_VERIFIED_SINGLE_CURATION_PASS,False,"Evidence-only: absolute precursor amounts, ligand:metal ratio, and solvent volume are not encoded in the public campaign key.",0,Failed / no solid product,no solid product,Exact author label 'no solid product' -> class 0,False,False,False,Campaign key explicitly reports no solid product.
V13-REHT-1332,MG2-92-16,10.1039/d5sc09992g,10.5281/zenodo.17902549,https://doi.org/10.1039/d5sc09992g,https://doi.org/10.5281/zenodo.17902549,"Mapping the crystallization landscape of rare earth MOFs: a high-throughput investigation of structure, kinetics, and selectivity","PAIR::lu::phthalic acid (1,2-bdc)",,"phthalic acid (1,2-BDC)",,,Aromatic dicarboxylate,Lu,rare-earth nitrate salt(s); hydration not encoded in campaign key,nitrate,,3,EtOH/H2O (fractions not encoded in campaign key),,Acido acetico,5.0,40.0,18.0,,,,,,Automated solvothermal synthesis,Automated vial; exact geometry in source SI,,,,no solid product,,peer_reviewed_high_throughput_literature,Author-assigned HT-PXRD/CV campaign outcome,direct_machine_readable_campaign_key,v13_source_rare_earth_landscape.csv,SOURCE_VERIFIED_SINGLE_CURATION_PASS,False,"Evidence-only: absolute precursor amounts, ligand:metal ratio, and solvent volume are not encoded in the public campaign key.",0,Failed / no solid product,no solid product,Exact author label 'no solid product' -> class 0,False,False,False,Campaign key explicitly reports no solid product.
V13-REHT-1333,MG2-92-17,10.1039/d5sc09992g,10.5281/zenodo.17902549,https://doi.org/10.1039/d5sc09992g,https://doi.org/10.5281/zenodo.17902549,"Mapping the crystallization landscape of rare earth MOFs: a high-throughput investigation of structure, kinetics, and selectivity","PAIR::lu::isophthalic acid (1,3-bdc)",,"isophthalic acid (1,3-BDC)",,,Aromatic dicarboxylate,Lu,rare-earth nitrate salt(s); hydration not encoded in campaign key,nitrate,,3,EtOH/H2O (fractions not encoded in campaign key),,Acido acetico,5.0,40.0,18.0,,,,,,Automated solvothermal synthesis,Automated vial; exact geometry in source SI,,,,no solid product,,peer_reviewed_high_throughput_literature,Author-assigned HT-PXRD/CV campaign outcome,direct_machine_readable_campaign_key,v13_source_rare_earth_landscape.csv,SOURCE_VERIFIED_SINGLE_CURATION_PASS,False,"Evidence-only: absolute precursor amounts, ligand:metal ratio, and solvent volume are not encoded in the public campaign key.",0,Failed / no solid product,no solid product,Exact author label 'no solid product' -> class 0,False,False,False,Campaign key explicitly reports no solid product.
V13-REHT-1334,MG2-92-18,10.1039/d5sc09992g,10.5281/zenodo.17902549,https://doi.org/10.1039/d5sc09992g,https://doi.org/10.5281/zenodo.17902549,"Mapping the crystallization landscape of rare earth MOFs: a high-throughput investigation of structure, kinetics, and selectivity","PAIR::lu::benzene-1,3,5-tricarboxylic acid (h3btc)",,"benzene-1,3,5-tricarboxylic acid (H3BTC)",,,Aromatic tricarboxylate,Lu,rare-earth nitrate salt(s); hydration not encoded in campaign key,nitrate,,3,EtOH/H2O (fractions not encoded in campaign key),,Acido acetico,5.0,40.0,18.0,,,,,,Automated solvothermal synthesis,Automated vial; exact geometry in source SI,,,,no solid product,,peer_reviewed_high_throughput_literature,Author-assigned HT-PXRD/CV campaign outcome,direct_machine_readable_campaign_key,v13_source_rare_earth_landscape.csv,SOURCE_VERIFIED_SINGLE_CURATION_PASS,False,"Evidence-only: absolute precursor amounts, ligand:metal ratio, and solvent volume are not encoded in the public campaign key.",0,Failed / no solid product,no solid product,Exact author label 'no solid product' -> class 0,False,False,False,Campaign key explicitly reports no solid product.
V13-REHT-1335,MG2-92-19,10.1039/d5sc09992g,10.5281/zenodo.17902549,https://doi.org/10.1039/d5sc09992g,https://doi.org/10.5281/zenodo.17902549,"Mapping the crystallization landscape of rare earth MOFs: a high-throughput investigation of structure, kinetics, and selectivity",PAIR::lu::trimellitic acid,,trimellitic acid,,,Aromatic tricarboxylate,Lu,rare-earth nitrate salt(s); hydration not encoded in campaign key,nitrate,,3,EtOH/H2O (fractions not encoded in campaign key),,Acido acetico,5.0,40.0,18.0,,,,,,Automated solvothermal synthesis,Automated vial; exact geometry in source SI,,,,no solid product,,peer_reviewed_high_throughput_literature,Author-assigned HT-PXRD/CV campaign outcome,direct_machine_readable_campaign_key,v13_source_rare_earth_landscape.csv,SOURCE_VERIFIED_SINGLE_CURATION_PASS,False,"Evidence-only: absolute precursor amounts, ligand:metal ratio, and solvent volume are not encoded in the public campaign key.",0,Failed / no solid product,no solid product,Exact author label 'no solid product' -> class 0,False,False,False,Campaign key explicitly reports no solid product.
V13-REHT-1338,MG2-92-22,10.1039/d5sc09992g,10.5281/zenodo.17902549,https://doi.org/10.1039/d5sc09992g,https://doi.org/10.5281/zenodo.17902549,"Mapping the crystallization landscape of rare earth MOFs: a high-throughput investigation of structure, kinetics, and selectivity","PAIR::lu::terephthalic acid (1,4-bdc)",,"terephthalic acid (1,4-BDC)",,,Aromatic dicarboxylate,Lu,rare-earth nitrate salt(s); hydration not encoded in campaign key,nitrate,,3,EtOH/H2O (fractions not encoded in campaign key),,Acido acetico,10.0,40.0,18.0,,,,,,Automated solvothermal synthesis,Automated vial; exact geometry in source SI,,,,no solid product,,peer_reviewed_high_throughput_literature,Author-assigned HT-PXRD/CV campaign outcome,direct_machine_readable_campaign_key,v13_source_rare_earth_landscape.csv,SOURCE_VERIFIED_SINGLE_CURATION_PASS,False,"Evidence-only: absolute precursor amounts, ligand:metal ratio, and solvent volume are not encoded in the public campaign key.",0,Failed / no solid product,no solid product,Exact author label 'no solid product' -> class 0,False,False,False,Campaign key explicitly reports no solid product.
V13-REHT-1339,MG2-92-23,10.1039/d5sc09992g,10.5281/zenodo.17902549,https://doi.org/10.1039/d5sc09992g,https://doi.org/10.5281/zenodo.17902549,"Mapping the crystallization landscape of rare earth MOFs: a high-throughput investigation of structure, kinetics, and selectivity","PAIR::lu::phthalic acid (1,2-bdc)",,"phthalic acid (1,2-BDC)",,,Aromatic dicarboxylate,Lu,rare-earth nitrate salt(s); hydration not encoded in campaign key,nitrate,,3,EtOH/H2O (fractions not encoded in campaign key),,Acido acetico,10.0,40.0,18.0,,,,,,Automated solvothermal synthesis,Automated vial; exact geometry in source SI,,,,no solid product,,peer_reviewed_high_throughput_literature,Author-assigned HT-PXRD/CV campaign outcome,direct_machine_readable_campaign_key,v13_source_rare_earth_landscape.csv,SOURCE_VERIFIED_SINGLE_CURATION_PASS,False,"Evidence-only: absolute precursor amounts, ligand:metal ratio, and solvent volume are not encoded in the public campaign key.",0,Failed / no solid product,no solid product,Exact author label 'no solid product' -> class 0,False,False,False,Campaign key explicitly reports no solid product.
V13-REHT-1340,MG2-92-24,10.1039/d5sc09992g,10.5281/zenodo.17902549,https://doi.org/10.1039/d5sc09992g,https://doi.org/10.5281/zenodo.17902549,"Mapping the crystallization landscape of rare earth MOFs: a high-throughput investigation of structure, kinetics, and selectivity","PAIR::lu::isophthalic acid (1,3-bdc)",,"isophthalic acid (1,3-BDC)",,,Aromatic dicarboxylate,Lu,rare-earth nitrate salt(s); hydration not encoded in campaign key,nitrate,,3,EtOH/H2O (fractions not encoded in campaign key),,Acido acetico,10.0,40.0,18.0,,,,,,Automated solvothermal synthesis,Automated vial; exact geometry in source SI,,,,no solid product,,peer_reviewed_high_throughput_literature,Author-assigned HT-PXRD/CV campaign outcome,direct_machine_readable_campaign_key,v13_source_rare_earth_landscape.csv,SOURCE_VERIFIED_SINGLE_CURATION_PASS,False,"Evidence-only: absolute precursor amounts, ligand:metal ratio, and solvent volume are not encoded in the public campaign key.",0,Failed / no solid product,no solid product,Exact author label 'no solid product' -> class 0,False,False,False,Campaign key explicitly reports no solid product.
V13-REHT-1341,MG2-92-25,10.1039/d5sc09992g,10.5281/zenodo.17902549,https://doi.org/10.1039/d5sc09992g,https://doi.org/10.5281/zenodo.17902549,"Mapping the crystallization landscape of rare earth MOFs: a high-throughput investigation of structure, kinetics, and selectivity","PAIR::lu::benzene-1,3,5-tricarboxylic acid (h3btc)",,"benzene-1,3,5-tricarboxylic acid (H3BTC)",,,Aromatic tricarboxylate,Lu,rare-earth nitrate salt(s); hydration not encoded in campaign key,nitrate,,3,EtOH/H2O (fractions not encoded in campaign key),,Acido acetico,10.0,40.0,18.0,,,,,,Automated solvothermal synthesis,Automated vial; exact geometry in source SI,,,,no solid product,,peer_reviewed_high_throughput_literature,Author-assigned HT-PXRD/CV campaign outcome,direct_machine_readable_campaign_key,v13_source_rare_earth_landscape.csv,SOURCE_VERIFIED_SINGLE_CURATION_PASS,False,"Evidence-only: absolute precursor amounts, ligand:metal ratio, and solvent volume are not encoded in the public campaign key.",0,Failed / no solid product,no solid product,Exact author label 'no solid product' -> class 0,False,False,False,Campaign key explicitly reports no solid product.
V13-REHT-1342,MG2-92-26,10.1039/d5sc09992g,10.5281/zenodo.17902549,https://doi.org/10.1039/d5sc09992g,https://doi.org/10.5281/zenodo.17902549,"Mapping the crystallization landscape of rare earth MOFs: a high-throughput investigation of structure, kinetics, and selectivity",PAIR::lu::trimellitic acid,,trimellitic acid,,,Aromatic tricarboxylate,Lu,rare-earth nitrate salt(s); hydration not encoded in campaign key,nitrate,,3,EtOH/H2O (fractions not encoded in campaign key),,Acido acetico,10.0,40.0,18.0,,,,,,Automated solvothermal synthesis,Automated vial; exact geometry in source SI,,,,no solid product,,peer_reviewed_high_throughput_literature,Author-assigned HT-PXRD/CV campaign outcome,direct_machine_readable_campaign_key,v13_source_rare_earth_landscape.csv,SOURCE_VERIFIED_SINGLE_CURATION_PASS,False,"Evidence-only: absolute precursor amounts, ligand:metal ratio, and solvent volume are not encoded in the public campaign key.",0,Failed / no solid product,no solid product,Exact author label 'no solid product' -> class 0,False,False,False,Campaign key explicitly reports no solid product.
V13-REHT-1350,MG2-100-06,10.1039/d5sc09992g,10.5281/zenodo.17902549,https://doi.org/10.1039/d5sc09992g,https://doi.org/10.5281/zenodo.17902549,"Mapping the crystallization landscape of rare earth MOFs: a high-throughput investigation of structure, kinetics, and selectivity",PAIR::la+lu::trimellitic acid,,trimellitic acid,,,Aromatic tricarboxylate,La+Lu,rare-earth nitrate salt(s); hydration not encoded in campaign key,nitrate,,3,EtOH/H2O (fractions not encoded in campaign key),,Acido acetico,2.0,80.0,1.0,,,,,,Automated solvothermal synthesis,Automated vial; exact geometry in source SI,,,,no solid product,,peer_reviewed_high_throughput_literature,Author-assigned HT-PXRD/CV campaign outcome,direct_machine_readable_campaign_key,v13_source_rare_earth_landscape.csv,SOURCE_VERIFIED_SINGLE_CURATION_PASS,False,"Evidence-only: absolute precursor amounts, ligand:metal ratio, and solvent volume are not encoded in the public campaign key.",0,Failed / no solid product,no solid product,Exact author label 'no solid product' -> class 0,False,False,False,Campaign key explicitly reports no solid product.
V13-REHT-1354,MG2-100-10,10.1039/d5sc09992g,10.5281/zenodo.17902549,https://doi.org/10.1039/d5sc09992g,https://doi.org/10.5281/zenodo.17902549,"Mapping the crystallization landscape of rare earth MOFs: a high-throughput investigation of structure, kinetics, and selectivity",PAIR::la+lu::trimellitic acid,,trimellitic acid,,,Aromatic tricarboxylate,La+Lu,rare-earth nitrate salt(s); hydration not encoded in campaign key,nitrate,,3,EtOH/H2O (fractions not encoded in campaign key),,Acido acetico,5.0,80.0,1.0,,,,,,Automated solvothermal synthesis,Automated vial; exact geometry in source SI,,,,no solid product,,peer_reviewed_high_throughput_literature,Author-assigned HT-PXRD/CV campaign outcome,direct_machine_readable_campaign_key,v13_source_rare_earth_landscape.csv,SOURCE_VERIFIED_SINGLE_CURATION_PASS,False,"Evidence-only: absolute precursor amounts, ligand:metal ratio, and solvent volume are not encoded in the public campaign key.",0,Failed / no solid product,no solid product,Exact author label 'no solid product' -> class 0,False,False,False,Campaign key explicitly reports no solid product.
V13-REHT-1358,MG2-100-14,10.1039/d5sc09992g,10.5281/zenodo.17902549,https://doi.org/10.1039/d5sc09992g,https://doi.org/10.5281/zenodo.17902549,"Mapping the crystallization landscape of rare earth MOFs: a high-throughput investigation of structure, kinetics, and selectivity",PAIR::la+lu::trimellitic acid,,trimellitic acid,,,Aromatic tricarboxylate,La+Lu,rare-earth nitrate salt(s); hydration not encoded in campaign key,nitrate,,3,EtOH/H2O (fractions not encoded in campaign key),,Acido acetico,10.0,80.0,1.0,,,,,,Automated solvothermal synthesis,Automated vial; exact geometry in source SI,,,,no solid product,,peer_reviewed_high_throughput_literature,Author-assigned HT-PXRD/CV campaign outcome,direct_machine_readable_campaign_key,v13_source_rare_earth_landscape.csv,SOURCE_VERIFIED_SINGLE_CURATION_PASS,False,"Evidence-only: absolute precursor amounts, ligand:metal ratio, and solvent volume are not encoded in the public campaign key.",0,Failed / no solid product,no solid product,Exact author label 'no solid product' -> class 0,False,False,False,Campaign key explicitly reports no solid product.
V13-REHT-1359,MG2-100-15,10.1039/d5sc09992g,10.5281/zenodo.17902549,https://doi.org/10.1039/d5sc09992g,https://doi.org/10.5281/zenodo.17902549,"Mapping the crystallization landscape of rare earth MOFs: a high-throughput investigation of structure, kinetics, and selectivity",PAIR::la+lu::pyromellitic acid,,pyromellitic acid,,,Aromatic tetracarboxylate,La+Lu,rare-earth nitrate salt(s); hydration not encoded in campaign key,nitrate,,3,EtOH/H2O (fractions not encoded in campaign key),,Acido acetico,10.0,80.0,1.0,,,,,,Automated solvothermal synthesis,Automated vial; exact geometry in source SI,,,,no solid product,,peer_reviewed_high_throughput_literature,Author-assigned HT-PXRD/CV campaign outcome,direct_machine_readable_campaign_key,v13_source_rare_earth_landscape.csv,SOURCE_VERIFIED_SINGLE_CURATION_PASS,False,"Evidence-only: absolute precursor amounts, ligand:metal ratio, and solvent volume are not encoded in the public campaign key.",0,Failed / no solid product,no solid product,Exact author label 'no solid product' -> class 0,False,False,False,Campaign key explicitly reports no solid product.
V13-REHT-1362,MG2-101-02,10.1039/d5sc09992g,10.5281/zenodo.17902549,https://doi.org/10.1039/d5sc09992g,https://doi.org/10.5281/zenodo.17902549,"Mapping the crystallization landscape of rare earth MOFs: a high-throughput investigation of structure, kinetics, and selectivity",PAIR::la+lu::trimellitic acid,,trimellitic acid,,,Aromatic tricarboxylate,La+Lu,rare-earth nitrate salt(s); hydration not encoded in campaign key,nitrate,,3,EtOH/H2O (fractions not encoded in campaign key),,Nessuno,0.0,60.0,1.0,,,,,,Automated solvothermal synthesis,Automated vial; exact geometry in source SI,,,,no solid product,,peer_reviewed_high_throughput_literature,Author-assigned HT-PXRD/CV campaign outcome,direct_machine_readable_campaign_key,v13_source_rare_earth_landscape.csv,SOURCE_VERIFIED_SINGLE_CURATION_PASS,False,"Evidence-only: absolute precursor amounts, ligand:metal ratio, and solvent volume are not encoded in the public campaign key.",0,Failed / no solid product,no solid product,Exact author label 'no solid product' -> class 0,False,False,False,Campaign key explicitly reports no solid product.
V13-REHT-1364,MG2-101-04,10.1039/d5sc09992g,10.5281/zenodo.17902549,https://doi.org/10.1039/d5sc09992g,https://doi.org/10.5281/zenodo.17902549,"Mapping the crystallization landscape of rare earth MOFs: a high-throughput investigation of structure, kinetics, and selectivity",PAIR::la+lu::mellitic acid,,mellitic acid,,,Aromatic hexacarboxylate,La+Lu,rare-earth nitrate salt(s); hydration not encoded in campaign key,nitrate,,3,EtOH/H2O (fractions not encoded in campaign key),,Nessuno,0.0,60.0,1.0,,,,,,Automated solvothermal synthesis,Automated vial; exact geometry in source SI,0.019,0.351,0.019,no crystalline product,,peer_reviewed_high_throughput_literature,Author-assigned HT-PXRD/CV campaign outcome,direct_machine_readable_campaign_key,v13_source_rare_earth_landscape.csv,SOURCE_VERIFIED_SINGLE_CURATION_PASS,False,"Evidence-only: absolute precursor amounts, ligand:metal ratio, and solvent volume are not encoded in the public campaign key.",1,Amorphous / no crystalline product,no crystalline product,Exact author label 'no crystalline product' -> class 1,True,False,False,HT-PXRD campaign key explicitly reports no crystalline product.
V13-REHT-1366,MG2-101-06,10.1039/d5sc09992g,10.5281/zenodo.17902549,https://doi.org/10.1039/d5sc09992g,https://doi.org/10.5281/zenodo.17902549,"Mapping the crystallization landscape of rare earth MOFs: a high-throughput investigation of structure, kinetics, and selectivity",PAIR::la+lu::trimellitic acid,,trimellitic acid,,,Aromatic tricarboxylate,La+Lu,rare-earth nitrate salt(s); hydration not encoded in campaign key,nitrate,,3,EtOH/H2O (fractions not encoded in campaign key),,Acido acetico,2.0,60.0,1.0,,,,,,Automated solvothermal synthesis,Automated vial; exact geometry in source SI,,,,no solid product,,peer_reviewed_high_throughput_literature,Author-assigned HT-PXRD/CV campaign outcome,direct_machine_readable_campaign_key,v13_source_rare_earth_landscape.csv,SOURCE_VERIFIED_SINGLE_CURATION_PASS,False,"Evidence-only: absolute precursor amounts, ligand:metal ratio, and solvent volume are not encoded in the public campaign key.",0,Failed / no solid product,no solid product,Exact author label 'no solid product' -> class 0,False,False,False,Campaign key explicitly reports no solid product.
V13-REHT-1368,MG2-101-08,10.1039/d5sc09992g,10.5281/zenodo.17902549,https://doi.org/10.1039/d5sc09992g,https://doi.org/10.5281/zenodo.17902549,"Mapping the crystallization landscape of rare earth MOFs: a high-throughput investigation of structure, kinetics, and selectivity",PAIR::la+lu::mellitic acid,,mellitic acid,,,Aromatic hexacarboxylate,La+Lu,rare-earth nitrate salt(s); hydration not encoded in campaign key,nitrate,,3,EtOH/H2O (fractions not encoded in campaign key),,Acido acetico,2.0,60.0,1.0,,,,,,Automated solvothermal synthesis,Automated vial; exact geometry in source SI,0.045,0.21,0.045,no crystalline product,,peer_reviewed_high_throughput_literature,Author-assigned HT-PXRD/CV campaign outcome,direct_machine_readable_campaign_key,v13_source_rare_earth_landscape.csv,SOURCE_VERIFIED_SINGLE_CURATION_PASS,False,"Evidence-only: absolute precursor amounts, ligand:metal ratio, and solvent volume are not encoded in the public campaign key.",1,Amorphous / no crystalline product,no crystalline product,Exact author label 'no crystalline product' -> class 1,True,False,False,HT-PXRD campaign key explicitly reports no crystalline product.
V13-REHT-1370,MG2-101-10,10.1039/d5sc09992g,10.5281/zenodo.17902549,https://doi.org/10.1039/d5sc09992g,https://doi.org/10.5281/zenodo.17902549,"Mapping the crystallization landscape of rare earth MOFs: a high-throughput investigation of structure, kinetics, and selectivity",PAIR::la+lu::trimellitic acid,,trimellitic acid,,,Aromatic tricarboxylate,La+Lu,rare-earth nitrate salt(s); hydration not encoded in campaign key,nitrate,,3,EtOH/H2O (fractions not encoded in campaign key),,Acido acetico,5.0,60.0,1.0,,,,,,Automated solvothermal synthesis,Automated vial; exact geometry in source SI,,,,no solid product,,peer_reviewed_high_throughput_literature,Author-assigned HT-PXRD/CV campaign outcome,direct_machine_readable_campaign_key,v13_source_rare_earth_landscape.csv,SOURCE_VERIFIED_SINGLE_CURATION_PASS,False,"Evidence-only: absolute precursor amounts, ligand:metal ratio, and solvent volume are not encoded in the public campaign key.",0,Failed / no solid product,no solid product,Exact author label 'no solid product' -> class 0,False,False,False,Campaign key explicitly reports no solid product.
V13-REHT-1371,MG2-101-11,10.1039/d5sc09992g,10.5281/zenodo.17902549,https://doi.org/10.1039/d5sc09992g,https://doi.org/10.5281/zenodo.17902549,"Mapping the crystallization landscape of rare earth MOFs: a high-throughput investigation of structure, kinetics, and selectivity",PAIR::la+lu::pyromellitic acid,,pyromellitic acid,,,Aromatic tetracarboxylate,La+Lu,rare-earth nitrate salt(s); hydration not encoded in campaign key,nitrate,,3,EtOH/H2O (fractions not encoded in campaign key),,Acido acetico,5.0,60.0,1.0,,,,,,Automated solvothermal synthesis,Automated vial; exact geometry in source SI,,,,no solid product,,peer_reviewed_high_throughput_literature,Author-assigned HT-PXRD/CV campaign outcome,direct_machine_readable_campaign_key,v13_source_rare_earth_landscape.csv,SOURCE_VERIFIED_SINGLE_CURATION_PASS,False,"Evidence-only: absolute precursor amounts, ligand:metal ratio, and solvent volume are not encoded in the public campaign key.",0,Failed / no solid product,no solid product,Exact author label 'no solid product' -> class 0,False,False,False,Campaign key explicitly reports no solid product.
V13-REHT-1372,MG2-101-12,10.1039/d5sc09992g,10.5281/zenodo.17902549,https://doi.org/10.1039/d5sc09992g,https://doi.org/10.5281/zenodo.17902549,"Mapping the crystallization landscape of rare earth MOFs: a high-throughput investigation of structure, kinetics, and selectivity",PAIR::la+lu::mellitic acid,,mellitic acid,,,Aromatic hexacarboxylate,La+Lu,rare-earth nitrate salt(s); hydration not encoded in campaign key,nitrate,,3,EtOH/H2O (fractions not encoded in campaign key),,Acido acetico,5.0,60.0,1.0,,,,,,Automated solvothermal synthesis,Automated vial; exact geometry in source SI,0.071,0.402,0.071,no crystalline product,,peer_reviewed_high_throughput_literature,Author-assigned HT-PXRD/CV campaign outcome,direct_machine_readable_campaign_key,v13_source_rare_earth_landscape.csv,SOURCE_VERIFIED_SINGLE_CURATION_PASS,False,"Evidence-only: absolute precursor amounts, ligand:metal ratio, and solvent volume are not encoded in the public campaign key.",1,Amorphous / no crystalline product,no crystalline product,Exact author label 'no crystalline product' -> class 1,True,False,False,HT-PXRD campaign key explicitly reports no crystalline product.
V13-REHT-1374,MG2-101-14,10.1039/d5sc09992g,10.5281/zenodo.17902549,https://doi.org/10.1039/d5sc09992g,https://doi.org/10.5281/zenodo.17902549,"Mapping the crystallization landscape of rare earth MOFs: a high-throughput investigation of structure, kinetics, and selectivity",PAIR::la+lu::trimellitic acid,,trimellitic acid,,,Aromatic tricarboxylate,La+Lu,rare-earth nitrate salt(s); hydration not encoded in campaign key,nitrate,,3,EtOH/H2O (fractions not encoded in campaign key),,Acido acetico,10.0,60.0,1.0,,,,,,Automated solvothermal synthesis,Automated vial; exact geometry in source SI,,,,no solid product,,peer_reviewed_high_throughput_literature,Author-assigned HT-PXRD/CV campaign outcome,direct_machine_readable_campaign_key,v13_source_rare_earth_landscape.csv,SOURCE_VERIFIED_SINGLE_CURATION_PASS,False,"Evidence-only: absolute precursor amounts, ligand:metal ratio, and solvent volume are not encoded in the public campaign key.",0,Failed / no solid product,no solid product,Exact author label 'no solid product' -> class 0,False,False,False,Campaign key explicitly reports no solid product.
V13-REHT-1375,MG2-101-15,10.1039/d5sc09992g,10.5281/zenodo.17902549,https://doi.org/10.1039/d5sc09992g,https://doi.org/10.5281/zenodo.17902549,"Mapping the crystallization landscape of rare earth MOFs: a high-throughput investigation of structure, kinetics, and selectivity",PAIR::la+lu::pyromellitic acid,,pyromellitic acid,,,Aromatic tetracarboxylate,La+Lu,rare-earth nitrate salt(s); hydration not encoded in campaign key,nitrate,,3,EtOH/H2O (fractions not encoded in campaign key),,Acido acetico,10.0,60.0,1.0,,,,,,Automated solvothermal synthesis,Automated vial; exact geometry in source SI,,,,no solid product,,peer_reviewed_high_throughput_literature,Author-assigned HT-PXRD/CV campaign outcome,direct_machine_readable_campaign_key,v13_source_rare_earth_landscape.csv,SOURCE_VERIFIED_SINGLE_CURATION_PASS,False,"Evidence-only: absolute precursor amounts, ligand:metal ratio, and solvent volume are not encoded in the public campaign key.",0,Failed / no solid product,no solid product,Exact author label 'no solid product' -> class 0,False,False,False,Campaign key explicitly reports no solid product.
V13-REHT-1376,MG2-101-16,10.1039/d5sc09992g,10.5281/zenodo.17902549,https://doi.org/10.1039/d5sc09992g,https://doi.org/10.5281/zenodo.17902549,"Mapping the crystallization landscape of rare earth MOFs: a high-throughput investigation of structure, kinetics, and selectivity",PAIR::la+lu::mellitic acid,,mellitic acid,,,Aromatic hexacarboxylate,La+Lu,rare-earth nitrate salt(s); hydration not encoded in campaign key,nitrate,,3,EtOH/H2O (fractions not encoded in campaign key),,Acido acetico,10.0,60.0,1.0,,,,,,Automated solvothermal synthesis,Automated vial; exact geometry in source SI,0.097,0.097,0.097,no crystalline product,,peer_reviewed_high_throughput_literature,Author-assigned HT-PXRD/CV campaign outcome,direct_machine_readable_campaign_key,v13_source_rare_earth_landscape.csv,SOURCE_VERIFIED_SINGLE_CURATION_PASS,False,"Evidence-only: absolute precursor amounts, ligand:metal ratio, and solvent volume are not encoded in the public campaign key.",1,Amorphous / no crystalline product,no crystalline product,Exact author label 'no crystalline product' -> class 1,True,False,False,HT-PXRD campaign key explicitly reports no crystalline product.
V13-REHT-1378,MG2-102-02,10.1039/d5sc09992g,10.5281/zenodo.17902549,https://doi.org/10.1039/d5sc09992g,https://doi.org/10.5281/zenodo.17902549,"Mapping the crystallization landscape of rare earth MOFs: a high-throughput investigation of structure, kinetics, and selectivity",PAIR::la+lu::trimellitic acid,,trimellitic acid,,,Aromatic tricarboxylate,La+Lu,rare-earth nitrate salt(s); hydration not encoded in campaign key,nitrate,,3,EtOH/H2O (fractions not encoded in campaign key),,Nessuno,0.0,40.0,1.0,,,,,,Automated solvothermal synthesis,Automated vial; exact geometry in source SI,,,,no solid product,,peer_reviewed_high_throughput_literature,Author-assigned HT-PXRD/CV campaign outcome,direct_machine_readable_campaign_key,v13_source_rare_earth_landscape.csv,SOURCE_VERIFIED_SINGLE_CURATION_PASS,False,"Evidence-only: absolute precursor amounts, ligand:metal ratio, and solvent volume are not encoded in the public campaign key.",0,Failed / no solid product,no solid product,Exact author label 'no solid product' -> class 0,False,False,False,Campaign key explicitly reports no solid product.
V13-REHT-1379,MG2-102-03,10.1039/d5sc09992g,10.5281/zenodo.17902549,https://doi.org/10.1039/d5sc09992g,https://doi.org/10.5281/zenodo.17902549,"Mapping the crystallization landscape of rare earth MOFs: a high-throughput investigation of structure, kinetics, and selectivity",PAIR::la+lu::pyromellitic acid,,pyromellitic acid,,,Aromatic tetracarboxylate,La+Lu,rare-earth nitrate salt(s); hydration not encoded in campaign key,nitrate,,3,EtOH/H2O (fractions not encoded in campaign key),,Nessuno,0.0,40.0,1.0,,,,,,Automated solvothermal synthesis,Automated vial; exact geometry in source SI,,,,no solid product,,peer_reviewed_high_throughput_literature,Author-assigned HT-PXRD/CV campaign outcome,direct_machine_readable_campaign_key,v13_source_rare_earth_landscape.csv,SOURCE_VERIFIED_SINGLE_CURATION_PASS,False,"Evidence-only: absolute precursor amounts, ligand:metal ratio, and solvent volume are not encoded in the public campaign key.",0,Failed / no solid product,no solid product,Exact author label 'no solid product' -> class 0,False,False,False,Campaign key explicitly reports no solid product.
V13-REHT-1380,MG2-102-04,10.1039/d5sc09992g,10.5281/zenodo.17902549,https://doi.org/10.1039/d5sc09992g,https://doi.org/10.5281/zenodo.17902549,"Mapping the crystallization landscape of rare earth MOFs: a high-throughput investigation of structure, kinetics, and selectivity",PAIR::la+lu::mellitic acid,,mellitic acid,,,Aromatic hexacarboxylate,La+Lu,rare-earth nitrate salt(s); hydration not encoded in campaign key,nitrate,,3,EtOH/H2O (fractions not encoded in campaign key),,Nessuno,0.0,40.0,1.0,,,,,,Automated solvothermal synthesis,Automated vial; exact geometry in source SI,0.02,0.02,0.02,no crystalline product,,peer_reviewed_high_throughput_literature,Author-assigned HT-PXRD/CV campaign outcome,direct_machine_readable_campaign_key,v13_source_rare_earth_landscape.csv,SOURCE_VERIFIED_SINGLE_CURATION_PASS,False,"Evidence-only: absolute precursor amounts, ligand:metal ratio, and solvent volume are not encoded in the public campaign key.",1,Amorphous / no crystalline product,no crystalline product,Exact author label 'no crystalline product' -> class 1,True,False,False,HT-PXRD campaign key explicitly reports no crystalline product.
V13-REHT-1382,MG2-102-06,10.1039/d5sc09992g,10.5281/zenodo.17902549,https://doi.org/10.1039/d5sc09992g,https://doi.org/10.5281/zenodo.17902549,"Mapping the crystallization landscape of rare earth MOFs: a high-throughput investigation of structure, kinetics, and selectivity",PAIR::la+lu::trimellitic acid,,trimellitic acid,,,Aromatic tricarboxylate,La+Lu,rare-earth nitrate salt(s); hydration not encoded in campaign key,nitrate,,3,EtOH/H2O (fractions not encoded in campaign key),,Acido acetico,2.0,40.0,1.0,,,,,,Automated solvothermal synthesis,Automated vial; exact geometry in source SI,,,,no solid product,,peer_reviewed_high_throughput_literature,Author-assigned HT-PXRD/CV campaign outcome,direct_machine_readable_campaign_key,v13_source_rare_earth_landscape.csv,SOURCE_VERIFIED_SINGLE_CURATION_PASS,False,"Evidence-only: absolute precursor amounts, ligand:metal ratio, and solvent volume are not encoded in the public campaign key.",0,Failed / no solid product,no solid product,Exact author label 'no solid product' -> class 0,False,False,False,Campaign key explicitly reports no solid product.
V13-REHT-1384,MG2-102-08,10.1039/d5sc09992g,10.5281/zenodo.17902549,https://doi.org/10.1039/d5sc09992g,https://doi.org/10.5281/zenodo.17902549,"Mapping the crystallization landscape of rare earth MOFs: a high-throughput investigation of structure, kinetics, and selectivity",PAIR::la+lu::mellitic acid,,mellitic acid,,,Aromatic hexacarboxylate,La+Lu,rare-earth nitrate salt(s); hydration not encoded in campaign key,nitrate,,3,EtOH/H2O (fractions not encoded in campaign key),,Acido acetico,2.0,40.0,1.0,,,,,,Automated solvothermal synthesis,Automated vial; exact geometry in source SI,0.047,0.047,0.047,no crystalline product,,peer_reviewed_high_throughput_literature,Author-assigned HT-PXRD/CV campaign outcome,direct_machine_readable_campaign_key,v13_source_rare_earth_landscape.csv,SOURCE_VERIFIED_SINGLE_CURATION_PASS,False,"Evidence-only: absolute precursor amounts, ligand:metal ratio, and solvent volume are not encoded in the public campaign key.",1,Amorphous / no crystalline product,no crystalline product,Exact author label 'no crystalline product' -> class 1,True,False,False,HT-PXRD campaign key explicitly reports no crystalline product.
V13-REHT-1386,MG2-102-10,10.1039/d5sc09992g,10.5281/zenodo.17902549,https://doi.org/10.1039/d5sc09992g,https://doi.org/10.5281/zenodo.17902549,"Mapping the crystallization landscape of rare earth MOFs: a high-throughput investigation of structure, kinetics, and selectivity",PAIR::la+lu::trimellitic acid,,trimellitic acid,,,Aromatic tricarboxylate,La+Lu,rare-earth nitrate salt(s); hydration not encoded in campaign key,nitrate,,3,EtOH/H2O (fractions not encoded in campaign key),,Acido acetico,5.0,40.0,1.0,,,,,,Automated solvothermal synthesis,Automated vial; exact geometry in source SI,,,,no solid product,,peer_reviewed_high_throughput_literature,Author-assigned HT-PXRD/CV campaign outcome,direct_machine_readable_campaign_key,v13_source_rare_earth_landscape.csv,SOURCE_VERIFIED_SINGLE_CURATION_PASS,False,"Evidence-only: absolute precursor amounts, ligand:metal ratio, and solvent volume are not encoded in the public campaign key.",0,Failed / no solid product,no solid product,Exact author label 'no solid product' -> class 0,False,False,False,Campaign key explicitly reports no solid product.
V13-REHT-1387,MG2-102-11,10.1039/d5sc09992g,10.5281/zenodo.17902549,https://doi.org/10.1039/d5sc09992g,https://doi.org/10.5281/zenodo.17902549,"Mapping the crystallization landscape of rare earth MOFs: a high-throughput investigation of structure, kinetics, and selectivity",PAIR::la+lu::pyromellitic acid,,pyromellitic acid,,,Aromatic tetracarboxylate,La+Lu,rare-earth nitrate salt(s); hydration not encoded in campaign key,nitrate,,3,EtOH/H2O (fractions not encoded in campaign key),,Acido acetico,5.0,40.0,1.0,,,,,,Automated solvothermal synthesis,Automated vial; exact geometry in source SI,,,,no solid product,,peer_reviewed_high_throughput_literature,Author-assigned HT-PXRD/CV campaign outcome,direct_machine_readable_campaign_key,v13_source_rare_earth_landscape.csv,SOURCE_VERIFIED_SINGLE_CURATION_PASS,False,"Evidence-only: absolute precursor amounts, ligand:metal ratio, and solvent volume are not encoded in the public campaign key.",0,Failed / no solid product,no solid product,Exact author label 'no solid product' -> class 0,False,False,False,Campaign key explicitly reports no solid product.
V13-REHT-1388,MG2-102-12,10.1039/d5sc09992g,10.5281/zenodo.17902549,https://doi.org/10.1039/d5sc09992g,https://doi.org/10.5281/zenodo.17902549,"Mapping the crystallization landscape of rare earth MOFs: a high-throughput investigation of structure, kinetics, and selectivity",PAIR::la+lu::mellitic acid,,mellitic acid,,,Aromatic hexacarboxylate,La+Lu,rare-earth nitrate salt(s); hydration not encoded in campaign key,nitrate,,3,EtOH/H2O (fractions not encoded in campaign key),,Acido acetico,5.0,40.0,1.0,,,,,,Automated solvothermal synthesis,Automated vial; exact geometry in source SI,0.074,0.907,0.074,no crystalline product,,peer_reviewed_high_throughput_literature,Author-assigned HT-PXRD/CV campaign outcome,direct_machine_readable_campaign_key,v13_source_rare_earth_landscape.csv,SOURCE_VERIFIED_SINGLE_CURATION_PASS,False,"Evidence-only: absolute precursor amounts, ligand:metal ratio, and solvent volume are not encoded in the public campaign key.",1,Amorphous / no crystalline product,no crystalline product,Exact author label 'no crystalline product' -> class 1,True,False,False,HT-PXRD campaign key explicitly reports no crystalline product.
V13-REHT-1390,MG2-102-14,10.1039/d5sc09992g,10.5281/zenodo.17902549,https://doi.org/10.1039/d5sc09992g,https://doi.org/10.5281/zenodo.17902549,"Mapping the crystallization landscape of rare earth MOFs: a high-throughput investigation of structure, kinetics, and selectivity",PAIR::la+lu::trimellitic acid,,trimellitic acid,,,Aromatic tricarboxylate,La+Lu,rare-earth nitrate salt(s); hydration not encoded in campaign key,nitrate,,3,EtOH/H2O (fractions not encoded in campaign key),,Acido acetico,10.0,40.0,1.0,,,,,,Automated solvothermal synthesis,Automated vial; exact geometry in source SI,,,,no solid product,,peer_reviewed_high_throughput_literature,Author-assigned HT-PXRD/CV campaign outcome,direct_machine_readable_campaign_key,v13_source_rare_earth_landscape.csv,SOURCE_VERIFIED_SINGLE_CURATION_PASS,False,"Evidence-only: absolute precursor amounts, ligand:metal ratio, and solvent volume are not encoded in the public campaign key.",0,Failed / no solid product,no solid product,Exact author label 'no solid product' -> class 0,False,False,False,Campaign key explicitly reports no solid product.
V13-REHT-1391,MG2-102-15,10.1039/d5sc09992g,10.5281/zenodo.17902549,https://doi.org/10.1039/d5sc09992g,https://doi.org/10.5281/zenodo.17902549,"Mapping the crystallization landscape of rare earth MOFs: a high-throughput investigation of structure, kinetics, and selectivity",PAIR::la+lu::pyromellitic acid,,pyromellitic acid,,,Aromatic tetracarboxylate,La+Lu,rare-earth nitrate salt(s); hydration not encoded in campaign key,nitrate,,3,EtOH/H2O (fractions not encoded in campaign key),,Acido acetico,10.0,40.0,1.0,,,,,,Automated solvothermal synthesis,Automated vial; exact geometry in source SI,,,,no solid product,,peer_reviewed_high_throughput_literature,Author-assigned HT-PXRD/CV campaign outcome,direct_machine_readable_campaign_key,v13_source_rare_earth_landscape.csv,SOURCE_VERIFIED_SINGLE_CURATION_PASS,False,"Evidence-only: absolute precursor amounts, ligand:metal ratio, and solvent volume are not encoded in the public campaign key.",0,Failed / no solid product,no solid product,Exact author label 'no solid product' -> class 0,False,False,False,Campaign key explicitly reports no solid product.
V13-REHT-1392,MG2-102-16,10.1039/d5sc09992g,10.5281/zenodo.17902549,https://doi.org/10.1039/d5sc09992g,https://doi.org/10.5281/zenodo.17902549,"Mapping the crystallization landscape of rare earth MOFs: a high-throughput investigation of structure, kinetics, and selectivity",PAIR::la+lu::mellitic acid,,mellitic acid,,,Aromatic hexacarboxylate,La+Lu,rare-earth nitrate salt(s); hydration not encoded in campaign key,nitrate,,3,EtOH/H2O (fractions not encoded in campaign key),,Acido acetico,10.0,40.0,1.0,,,,,,Automated solvothermal synthesis,Automated vial; exact geometry in source SI,0.101,0.101,0.101,no crystalline product,,peer_reviewed_high_throughput_literature,Author-assigned HT-PXRD/CV campaign outcome,direct_machine_readable_campaign_key,v13_source_rare_earth_landscape.csv,SOURCE_VERIFIED_SINGLE_CURATION_PASS,False,"Evidence-only: absolute precursor amounts, ligand:metal ratio, and solvent volume are not encoded in the public campaign key.",1,Amorphous / no crystalline product,no crystalline product,Exact author label 'no crystalline product' -> class 1,True,False,False,HT-PXRD campaign key explicitly reports no crystalline product.
V13-REHT-1402,MG2-103-10,10.1039/d5sc09992g,10.5281/zenodo.17902549,https://doi.org/10.1039/d5sc09992g,https://doi.org/10.5281/zenodo.17902549,"Mapping the crystallization landscape of rare earth MOFs: a high-throughput investigation of structure, kinetics, and selectivity",PAIR::la+gd::trimellitic acid,,trimellitic acid,,,Aromatic tricarboxylate,La+Gd,rare-earth nitrate salt(s); hydration not encoded in campaign key,nitrate,,3,EtOH/H2O (fractions not encoded in campaign key),,Acido acetico,5.0,80.0,1.0,,,,,,Automated solvothermal synthesis,Automated vial; exact geometry in source SI,0.727,,0.727,no solid product,,peer_reviewed_high_throughput_literature,Author-assigned HT-PXRD/CV campaign outcome,direct_machine_readable_campaign_key,v13_source_rare_earth_landscape.csv,SOURCE_VERIFIED_SINGLE_CURATION_PASS,False,"Evidence-only: absolute precursor amounts, ligand:metal ratio, and solvent volume are not encoded in the public campaign key.",0,Failed / no solid product,no solid product,Exact author label 'no solid product' -> class 0,False,False,False,Campaign key explicitly reports no solid product.
V13-REHT-1406,MG2-103-14,10.1039/d5sc09992g,10.5281/zenodo.17902549,https://doi.org/10.1039/d5sc09992g,https://doi.org/10.5281/zenodo.17902549,"Mapping the crystallization landscape of rare earth MOFs: a high-throughput investigation of structure, kinetics, and selectivity",PAIR::la+gd::trimellitic acid,,trimellitic acid,,,Aromatic tricarboxylate,La+Gd,rare-earth nitrate salt(s); hydration not encoded in campaign key,nitrate,,3,EtOH/H2O (fractions not encoded in campaign key),,Acido acetico,10.0,80.0,1.0,,,,,,Automated solvothermal synthesis,Automated vial; exact geometry in source SI,,,,no solid product,,peer_reviewed_high_throughput_literature,Author-assigned HT-PXRD/CV campaign outcome,direct_machine_readable_campaign_key,v13_source_rare_earth_landscape.csv,SOURCE_VERIFIED_SINGLE_CURATION_PASS,False,"Evidence-only: absolute precursor amounts, ligand:metal ratio, and solvent volume are not encoded in the public campaign key.",0,Failed / no solid product,no solid product,Exact author label 'no solid product' -> class 0,False,False,False,Campaign key explicitly reports no solid product.
V13-REHT-1412,MG2-104-04,10.1039/d5sc09992g,10.5281/zenodo.17902549,https://doi.org/10.1039/d5sc09992g,https://doi.org/10.5281/zenodo.17902549,"Mapping the crystallization landscape of rare earth MOFs: a high-throughput investigation of structure, kinetics, and selectivity",PAIR::la+gd::mellitic acid,,mellitic acid,,,Aromatic hexacarboxylate,La+Gd,rare-earth nitrate salt(s); hydration not encoded in campaign key,nitrate,,3,EtOH/H2O (fractions not encoded in campaign key),,Nessuno,0.0,60.0,1.0,,,,,,Automated solvothermal synthesis,Automated vial; exact geometry in source SI,0.021,0.186,0.021,no crystalline product,,peer_reviewed_high_throughput_literature,Author-assigned HT-PXRD/CV campaign outcome,direct_machine_readable_campaign_key,v13_source_rare_earth_landscape.csv,SOURCE_VERIFIED_SINGLE_CURATION_PASS,False,"Evidence-only: absolute precursor amounts, ligand:metal ratio, and solvent volume are not encoded in the public campaign key.",1,Amorphous / no crystalline product,no crystalline product,Exact author label 'no crystalline product' -> class 1,True,False,False,HT-PXRD campaign key explicitly reports no crystalline product.
V13-REHT-1414,MG2-104-06,10.1039/d5sc09992g,10.5281/zenodo.17902549,https://doi.org/10.1039/d5sc09992g,https://doi.org/10.5281/zenodo.17902549,"Mapping the crystallization landscape of rare earth MOFs: a high-throughput investigation of structure, kinetics, and selectivity",PAIR::la+gd::trimellitic acid,,trimellitic acid,,,Aromatic tricarboxylate,La+Gd,rare-earth nitrate salt(s); hydration not encoded in campaign key,nitrate,,3,EtOH/H2O (fractions not encoded in campaign key),,Acido acetico,2.0,60.0,1.0,,,,,,Automated solvothermal synthesis,Automated vial; exact geometry in source SI,1.031,,1.031,no solid product,,peer_reviewed_high_throughput_literature,Author-assigned HT-PXRD/CV campaign outcome,direct_machine_readable_campaign_key,v13_source_rare_earth_landscape.csv,SOURCE_VERIFIED_SINGLE_CURATION_PASS,False,"Evidence-only: absolute precursor amounts, ligand:metal ratio, and solvent volume are not encoded in the public campaign key.",0,Failed / no solid product,no solid product,Exact author label 'no solid product' -> class 0,False,False,False,Campaign key explicitly reports no solid product.
V13-REHT-1416,MG2-104-08,10.1039/d5sc09992g,10.5281/zenodo.17902549,https://doi.org/10.1039/d5sc09992g,https://doi.org/10.5281/zenodo.17902549,"Mapping the crystallization landscape of rare earth MOFs: a high-throughput investigation of structure, kinetics, and selectivity",PAIR::la+gd::mellitic acid,,mellitic acid,,,Aromatic hexacarboxylate,La+Gd,rare-earth nitrate salt(s); hydration not encoded in campaign key,nitrate,,3,EtOH/H2O (fractions not encoded in campaign key),,Acido acetico,2.0,60.0,1.0,,,,,,Automated solvothermal synthesis,Automated vial; exact geometry in source SI,0.048,,0.048,no crystalline product,,peer_reviewed_high_throughput_literature,Author-assigned HT-PXRD/CV campaign outcome,direct_machine_readable_campaign_key,v13_source_rare_earth_landscape.csv,SOURCE_VERIFIED_SINGLE_CURATION_PASS,False,"Evidence-only: absolute precursor amounts, ligand:metal ratio, and solvent volume are not encoded in the public campaign key.",1,Amorphous / no crystalline product,no crystalline product,Exact author label 'no crystalline product' -> class 1,True,False,False,HT-PXRD campaign key explicitly reports no crystalline product.
V13-REHT-1418,MG2-104-10,10.1039/d5sc09992g,10.5281/zenodo.17902549,https://doi.org/10.1039/d5sc09992g,https://doi.org/10.5281/zenodo.17902549,"Mapping the crystallization landscape of rare earth MOFs: a high-throughput investigation of structure, kinetics, and selectivity",PAIR::la+gd::trimellitic acid,,trimellitic acid,,,Aromatic tricarboxylate,La+Gd,rare-earth nitrate salt(s); hydration not encoded in campaign key,nitrate,,3,EtOH/H2O (fractions not encoded in campaign key),,Acido acetico,5.0,60.0,1.0,,,,,,Automated solvothermal synthesis,Automated vial; exact geometry in source SI,1.058,,1.058,no solid product,,peer_reviewed_high_throughput_literature,Author-assigned HT-PXRD/CV campaign outcome,direct_machine_readable_campaign_key,v13_source_rare_earth_landscape.csv,SOURCE_VERIFIED_SINGLE_CURATION_PASS,False,"Evidence-only: absolute precursor amounts, ligand:metal ratio, and solvent volume are not encoded in the public campaign key.",0,Failed / no solid product,no solid product,Exact author label 'no solid product' -> class 0,False,False,False,Campaign key explicitly reports no solid product.
V13-REHT-1420,MG2-104-12,10.1039/d5sc09992g,10.5281/zenodo.17902549,https://doi.org/10.1039/d5sc09992g,https://doi.org/10.5281/zenodo.17902549,"Mapping the crystallization landscape of rare earth MOFs: a high-throughput investigation of structure, kinetics, and selectivity",PAIR::la+gd::mellitic acid,,mellitic acid,,,Aromatic hexacarboxylate,La+Gd,rare-earth nitrate salt(s); hydration not encoded in campaign key,nitrate,,3,EtOH/H2O (fractions not encoded in campaign key),,Acido acetico,5.0,60.0,1.0,,,,,,Automated solvothermal synthesis,Automated vial; exact geometry in source SI,0.075,,0.075,no crystalline product,,peer_reviewed_high_throughput_literature,Author-assigned HT-PXRD/CV campaign outcome,direct_machine_readable_campaign_key,v13_source_rare_earth_landscape.csv,SOURCE_VERIFIED_SINGLE_CURATION_PASS,False,"Evidence-only: absolute precursor amounts, ligand:metal ratio, and solvent volume are not encoded in the public campaign key.",1,Amorphous / no crystalline product,no crystalline product,Exact author label 'no crystalline product' -> class 1,True,False,False,HT-PXRD campaign key explicitly reports no crystalline product.
V13-REHT-1422,MG2-104-14,10.1039/d5sc09992g,10.5281/zenodo.17902549,https://doi.org/10.1039/d5sc09992g,https://doi.org/10.5281/zenodo.17902549,"Mapping the crystallization landscape of rare earth MOFs: a high-throughput investigation of structure, kinetics, and selectivity",PAIR::la+gd::trimellitic acid,,trimellitic acid,,,Aromatic tricarboxylate,La+Gd,rare-earth nitrate salt(s); hydration not encoded in campaign key,nitrate,,3,EtOH/H2O (fractions not encoded in campaign key),,Acido acetico,10.0,60.0,1.0,,,,,,Automated solvothermal synthesis,Automated vial; exact geometry in source SI,,,,no solid product,,peer_reviewed_high_throughput_literature,Author-assigned HT-PXRD/CV campaign outcome,direct_machine_readable_campaign_key,v13_source_rare_earth_landscape.csv,SOURCE_VERIFIED_SINGLE_CURATION_PASS,False,"Evidence-only: absolute precursor amounts, ligand:metal ratio, and solvent volume are not encoded in the public campaign key.",0,Failed / no solid product,no solid product,Exact author label 'no solid product' -> class 0,False,False,False,Campaign key explicitly reports no solid product.
V13-REHT-1423,MG2-104-15,10.1039/d5sc09992g,10.5281/zenodo.17902549,https://doi.org/10.1039/d5sc09992g,https://doi.org/10.5281/zenodo.17902549,"Mapping the crystallization landscape of rare earth MOFs: a high-throughput investigation of structure, kinetics, and selectivity",PAIR::la+gd::pyromellitic acid,,pyromellitic acid,,,Aromatic tetracarboxylate,La+Gd,rare-earth nitrate salt(s); hydration not encoded in campaign key,nitrate,,3,EtOH/H2O (fractions not encoded in campaign key),,Acido acetico,10.0,60.0,1.0,,,,,,Automated solvothermal synthesis,Automated vial; exact geometry in source SI,,,,no solid product,,peer_reviewed_high_throughput_literature,Author-assigned HT-PXRD/CV campaign outcome,direct_machine_readable_campaign_key,v13_source_rare_earth_landscape.csv,SOURCE_VERIFIED_SINGLE_CURATION_PASS,False,"Evidence-only: absolute precursor amounts, ligand:metal ratio, and solvent volume are not encoded in the public campaign key.",0,Failed / no solid product,no solid product,Exact author label 'no solid product' -> class 0,False,False,False,Campaign key explicitly reports no solid product.
V13-REHT-1424,MG2-104-16,10.1039/d5sc09992g,10.5281/zenodo.17902549,https://doi.org/10.1039/d5sc09992g,https://doi.org/10.5281/zenodo.17902549,"Mapping the crystallization landscape of rare earth MOFs: a high-throughput investigation of structure, kinetics, and selectivity",PAIR::la+gd::mellitic acid,,mellitic acid,,,Aromatic hexacarboxylate,La+Gd,rare-earth nitrate salt(s); hydration not encoded in campaign key,nitrate,,3,EtOH/H2O (fractions not encoded in campaign key),,Acido acetico,10.0,60.0,1.0,,,,,,Automated solvothermal synthesis,Automated vial; exact geometry in source SI,0.102,0.43,0.102,no crystalline product,,peer_reviewed_high_throughput_literature,Author-assigned HT-PXRD/CV campaign outcome,direct_machine_readable_campaign_key,v13_source_rare_earth_landscape.csv,SOURCE_VERIFIED_SINGLE_CURATION_PASS,False,"Evidence-only: absolute precursor amounts, ligand:metal ratio, and solvent volume are not encoded in the public campaign key.",1,Amorphous / no crystalline product,no crystalline product,Exact author label 'no crystalline product' -> class 1,True,False,False,HT-PXRD campaign key explicitly reports no crystalline product.
V13-REHT-1426,MG2-105-02,10.1039/d5sc09992g,10.5281/zenodo.17902549,https://doi.org/10.1039/d5sc09992g,https://doi.org/10.5281/zenodo.17902549,"Mapping the crystallization landscape of rare earth MOFs: a high-throughput investigation of structure, kinetics, and selectivity",PAIR::la+gd::trimellitic acid,,trimellitic acid,,,Aromatic tricarboxylate,La+Gd,rare-earth nitrate salt(s); hydration not encoded in campaign key,nitrate,,3,EtOH/H2O (fractions not encoded in campaign key),,Nessuno,0.0,40.0,1.0,,,,,,Automated solvothermal synthesis,Automated vial; exact geometry in source SI,,,,no solid product,,peer_reviewed_high_throughput_literature,Author-assigned HT-PXRD/CV campaign outcome,direct_machine_readable_campaign_key,v13_source_rare_earth_landscape.csv,SOURCE_VERIFIED_SINGLE_CURATION_PASS,False,"Evidence-only: absolute precursor amounts, ligand:metal ratio, and solvent volume are not encoded in the public campaign key.",0,Failed / no solid product,no solid product,Exact author label 'no solid product' -> class 0,False,False,False,Campaign key explicitly reports no solid product.
V13-REHT-1428,MG2-105-04,10.1039/d5sc09992g,10.5281/zenodo.17902549,https://doi.org/10.1039/d5sc09992g,https://doi.org/10.5281/zenodo.17902549,"Mapping the crystallization landscape of rare earth MOFs: a high-throughput investigation of structure, kinetics, and selectivity",PAIR::la+gd::mellitic acid,,mellitic acid,,,Aromatic hexacarboxylate,La+Gd,rare-earth nitrate salt(s); hydration not encoded in campaign key,nitrate,,3,EtOH/H2O (fractions not encoded in campaign key),,Nessuno,0.0,40.0,1.0,,,,,,Automated solvothermal synthesis,Automated vial; exact geometry in source SI,0.021,0.021,0.021,no crystalline product,,peer_reviewed_high_throughput_literature,Author-assigned HT-PXRD/CV campaign outcome,direct_machine_readable_campaign_key,v13_source_rare_earth_landscape.csv,SOURCE_VERIFIED_SINGLE_CURATION_PASS,False,"Evidence-only: absolute precursor amounts, ligand:metal ratio, and solvent volume are not encoded in the public campaign key.",1,Amorphous / no crystalline product,no crystalline product,Exact author label 'no crystalline product' -> class 1,True,False,False,HT-PXRD campaign key explicitly reports no crystalline product.
V13-REHT-1430,MG2-105-06,10.1039/d5sc09992g,10.5281/zenodo.17902549,https://doi.org/10.1039/d5sc09992g,https://doi.org/10.5281/zenodo.17902549,"Mapping the crystallization landscape of rare earth MOFs: a high-throughput investigation of structure, kinetics, and selectivity",PAIR::la+gd::trimellitic acid,,trimellitic acid,,,Aromatic tricarboxylate,La+Gd,rare-earth nitrate salt(s); hydration not encoded in campaign key,nitrate,,3,EtOH/H2O (fractions not encoded in campaign key),,Acido acetico,2.0,40.0,1.0,,,,,,Automated solvothermal synthesis,Automated vial; exact geometry in source SI,,,,no solid product,,peer_reviewed_high_throughput_literature,Author-assigned HT-PXRD/CV campaign outcome,direct_machine_readable_campaign_key,v13_source_rare_earth_landscape.csv,SOURCE_VERIFIED_SINGLE_CURATION_PASS,False,"Evidence-only: absolute precursor amounts, ligand:metal ratio, and solvent volume are not encoded in the public campaign key.",0,Failed / no solid product,no solid product,Exact author label 'no solid product' -> class 0,False,False,False,Campaign key explicitly reports no solid product.
V13-REHT-1432,MG2-105-08,10.1039/d5sc09992g,10.5281/zenodo.17902549,https://doi.org/10.1039/d5sc09992g,https://doi.org/10.5281/zenodo.17902549,"Mapping the crystallization landscape of rare earth MOFs: a high-throughput investigation of structure, kinetics, and selectivity",PAIR::la+gd::mellitic acid,,mellitic acid,,,Aromatic hexacarboxylate,La+Gd,rare-earth nitrate salt(s); hydration not encoded in campaign key,nitrate,,3,EtOH/H2O (fractions not encoded in campaign key),,Acido acetico,2.0,40.0,1.0,,,,,,Automated solvothermal synthesis,Automated vial; exact geometry in source SI,0.049,0.212,0.049,no crystalline product,,peer_reviewed_high_throughput_literature,Author-assigned HT-PXRD/CV campaign outcome,direct_machine_readable_campaign_key,v13_source_rare_earth_landscape.csv,SOURCE_VERIFIED_SINGLE_CURATION_PASS,False,"Evidence-only: absolute precursor amounts, ligand:metal ratio, and solvent volume are not encoded in the public campaign key.",1,Amorphous / no crystalline product,no crystalline product,Exact author label 'no crystalline product' -> class 1,True,False,False,HT-PXRD campaign key explicitly reports no crystalline product.
V13-REHT-1434,MG2-105-10,10.1039/d5sc09992g,10.5281/zenodo.17902549,https://doi.org/10.1039/d5sc09992g,https://doi.org/10.5281/zenodo.17902549,"Mapping the crystallization landscape of rare earth MOFs: a high-throughput investigation of structure, kinetics, and selectivity",PAIR::la+gd::trimellitic acid,,trimellitic acid,,,Aromatic tricarboxylate,La+Gd,rare-earth nitrate salt(s); hydration not encoded in campaign key,nitrate,,3,EtOH/H2O (fractions not encoded in campaign key),,Acido acetico,5.0,40.0,1.0,,,,,,Automated solvothermal synthesis,Automated vial; exact geometry in source SI,,,,no solid product,,peer_reviewed_high_throughput_literature,Author-assigned HT-PXRD/CV campaign outcome,direct_machine_readable_campaign_key,v13_source_rare_earth_landscape.csv,SOURCE_VERIFIED_SINGLE_CURATION_PASS,False,"Evidence-only: absolute precursor amounts, ligand:metal ratio, and solvent volume are not encoded in the public campaign key.",0,Failed / no solid product,no solid product,Exact author label 'no solid product' -> class 0,False,False,False,Campaign key explicitly reports no solid product.
V13-REHT-1436,MG2-105-12,10.1039/d5sc09992g,10.5281/zenodo.17902549,https://doi.org/10.1039/d5sc09992g,https://doi.org/10.5281/zenodo.17902549,"Mapping the crystallization landscape of rare earth MOFs: a high-throughput investigation of structure, kinetics, and selectivity",PAIR::la+gd::mellitic acid,,mellitic acid,,,Aromatic hexacarboxylate,La+Gd,rare-earth nitrate salt(s); hydration not encoded in campaign key,nitrate,,3,EtOH/H2O (fractions not encoded in campaign key),,Acido acetico,5.0,40.0,1.0,,,,,,Automated solvothermal synthesis,Automated vial; exact geometry in source SI,0.076,0.076,0.076,no crystalline product,,peer_reviewed_high_throughput_literature,Author-assigned HT-PXRD/CV campaign outcome,direct_machine_readable_campaign_key,v13_source_rare_earth_landscape.csv,SOURCE_VERIFIED_SINGLE_CURATION_PASS,False,"Evidence-only: absolute precursor amounts, ligand:metal ratio, and solvent volume are not encoded in the public campaign key.",1,Amorphous / no crystalline product,no crystalline product,Exact author label 'no crystalline product' -> class 1,True,False,False,HT-PXRD campaign key explicitly reports no crystalline product.
V13-REHT-1438,MG2-105-14,10.1039/d5sc09992g,10.5281/zenodo.17902549,https://doi.org/10.1039/d5sc09992g,https://doi.org/10.5281/zenodo.17902549,"Mapping the crystallization landscape of rare earth MOFs: a high-throughput investigation of structure, kinetics, and selectivity",PAIR::la+gd::trimellitic acid,,trimellitic acid,,,Aromatic tricarboxylate,La+Gd,rare-earth nitrate salt(s); hydration not encoded in campaign key,nitrate,,3,EtOH/H2O (fractions not encoded in campaign key),,Acido acetico,10.0,40.0,1.0,,,,,,Automated solvothermal synthesis,Automated vial; exact geometry in source SI,,,,no solid product,,peer_reviewed_high_throughput_literature,Author-assigned HT-PXRD/CV campaign outcome,direct_machine_readable_campaign_key,v13_source_rare_earth_landscape.csv,SOURCE_VERIFIED_SINGLE_CURATION_PASS,False,"Evidence-only: absolute precursor amounts, ligand:metal ratio, and solvent volume are not encoded in the public campaign key.",0,Failed / no solid product,no solid product,Exact author label 'no solid product' -> class 0,False,False,False,Campaign key explicitly reports no solid product.
V13-REHT-1439,MG2-105-15,10.1039/d5sc09992g,10.5281/zenodo.17902549,https://doi.org/10.1039/d5sc09992g,https://doi.org/10.5281/zenodo.17902549,"Mapping the crystallization landscape of rare earth MOFs: a high-throughput investigation of structure, kinetics, and selectivity",PAIR::la+gd::pyromellitic acid,,pyromellitic acid,,,Aromatic tetracarboxylate,La+Gd,rare-earth nitrate salt(s); hydration not encoded in campaign key,nitrate,,3,EtOH/H2O (fractions not encoded in campaign key),,Acido acetico,10.0,40.0,1.0,,,,,,Automated solvothermal synthesis,Automated vial; exact geometry in source SI,,,,no solid product,,peer_reviewed_high_throughput_literature,Author-assigned HT-PXRD/CV campaign outcome,direct_machine_readable_campaign_key,v13_source_rare_earth_landscape.csv,SOURCE_VERIFIED_SINGLE_CURATION_PASS,False,"Evidence-only: absolute precursor amounts, ligand:metal ratio, and solvent volume are not encoded in the public campaign key.",0,Failed / no solid product,no solid product,Exact author label 'no solid product' -> class 0,False,False,False,Campaign key explicitly reports no solid product.
V13-REHT-1440,MG2-105-16,10.1039/d5sc09992g,10.5281/zenodo.17902549,https://doi.org/10.1039/d5sc09992g,https://doi.org/10.5281/zenodo.17902549,"Mapping the crystallization landscape of rare earth MOFs: a high-throughput investigation of structure, kinetics, and selectivity",PAIR::la+gd::mellitic acid,,mellitic acid,,,Aromatic hexacarboxylate,La+Gd,rare-earth nitrate salt(s); hydration not encoded in campaign key,nitrate,,3,EtOH/H2O (fractions not encoded in campaign key),,Acido acetico,10.0,40.0,1.0,,,,,,Automated solvothermal synthesis,Automated vial; exact geometry in source SI,0.103,0.103,0.103,no crystalline product,,peer_reviewed_high_throughput_literature,Author-assigned HT-PXRD/CV campaign outcome,direct_machine_readable_campaign_key,v13_source_rare_earth_landscape.csv,SOURCE_VERIFIED_SINGLE_CURATION_PASS,False,"Evidence-only: absolute precursor amounts, ligand:metal ratio, and solvent volume are not encoded in the public campaign key.",1,Amorphous / no crystalline product,no crystalline product,Exact author label 'no crystalline product' -> class 1,True,False,False,HT-PXRD campaign key explicitly reports no crystalline product.
V13-REHT-1444,MG2-106-04,10.1039/d5sc09992g,10.5281/zenodo.17902549,https://doi.org/10.1039/d5sc09992g,https://doi.org/10.5281/zenodo.17902549,"Mapping the crystallization landscape of rare earth MOFs: a high-throughput investigation of structure, kinetics, and selectivity",PAIR::gd+lu::mellitic acid,,mellitic acid,,,Aromatic hexacarboxylate,Gd+Lu,rare-earth nitrate salt(s); hydration not encoded in campaign key,nitrate,,3,EtOH/H2O (fractions not encoded in campaign key),,Nessuno,0.0,80.0,1.0,,,,,,Automated solvothermal synthesis,Automated vial; exact geometry in source SI,0.021,0.021,0.021,no crystalline product,,peer_reviewed_high_throughput_literature,Author-assigned HT-PXRD/CV campaign outcome,direct_machine_readable_campaign_key,v13_source_rare_earth_landscape.csv,SOURCE_VERIFIED_SINGLE_CURATION_PASS,False,"Evidence-only: absolute precursor amounts, ligand:metal ratio, and solvent volume are not encoded in the public campaign key.",1,Amorphous / no crystalline product,no crystalline product,Exact author label 'no crystalline product' -> class 1,True,False,False,HT-PXRD campaign key explicitly reports no crystalline product.
V13-REHT-1445,MG2-106-05,10.1039/d5sc09992g,10.5281/zenodo.17902549,https://doi.org/10.1039/d5sc09992g,https://doi.org/10.5281/zenodo.17902549,"Mapping the crystallization landscape of rare earth MOFs: a high-throughput investigation of structure, kinetics, and selectivity","PAIR::gd+lu::benzene-1,3,5-tricarboxylic acid (h3btc)",,"benzene-1,3,5-tricarboxylic acid (H3BTC)",,,Aromatic tricarboxylate,Gd+Lu,rare-earth nitrate salt(s); hydration not encoded in campaign key,nitrate,,3,EtOH/H2O (fractions not encoded in campaign key),,Acido acetico,2.0,80.0,1.0,,,,,,Automated solvothermal synthesis,Automated vial; exact geometry in source SI,0.857,0.857,0.857,no crystalline product,,peer_reviewed_high_throughput_literature,Author-assigned HT-PXRD/CV campaign outcome,direct_machine_readable_campaign_key,v13_source_rare_earth_landscape.csv,SOURCE_VERIFIED_SINGLE_CURATION_PASS,False,"Evidence-only: absolute precursor amounts, ligand:metal ratio, and solvent volume are not encoded in the public campaign key.",1,Amorphous / no crystalline product,no crystalline product,Exact author label 'no crystalline product' -> class 1,True,False,False,HT-PXRD campaign key explicitly reports no crystalline product.
V13-REHT-1446,MG2-106-06,10.1039/d5sc09992g,10.5281/zenodo.17902549,https://doi.org/10.1039/d5sc09992g,https://doi.org/10.5281/zenodo.17902549,"Mapping the crystallization landscape of rare earth MOFs: a high-throughput investigation of structure, kinetics, and selectivity",PAIR::gd+lu::trimellitic acid,,trimellitic acid,,,Aromatic tricarboxylate,Gd+Lu,rare-earth nitrate salt(s); hydration not encoded in campaign key,nitrate,,3,EtOH/H2O (fractions not encoded in campaign key),,Acido acetico,2.0,80.0,1.0,,,,,,Automated solvothermal synthesis,Automated vial; exact geometry in source SI,,,,no solid product,,peer_reviewed_high_throughput_literature,Author-assigned HT-PXRD/CV campaign outcome,direct_machine_readable_campaign_key,v13_source_rare_earth_landscape.csv,SOURCE_VERIFIED_SINGLE_CURATION_PASS,False,"Evidence-only: absolute precursor amounts, ligand:metal ratio, and solvent volume are not encoded in the public campaign key.",0,Failed / no solid product,no solid product,Exact author label 'no solid product' -> class 0,False,False,False,Campaign key explicitly reports no solid product.
V13-REHT-1447,MG2-106-07,10.1039/d5sc09992g,10.5281/zenodo.17902549,https://doi.org/10.1039/d5sc09992g,https://doi.org/10.5281/zenodo.17902549,"Mapping the crystallization landscape of rare earth MOFs: a high-throughput investigation of structure, kinetics, and selectivity",PAIR::gd+lu::pyromellitic acid,,pyromellitic acid,,,Aromatic tetracarboxylate,Gd+Lu,rare-earth nitrate salt(s); hydration not encoded in campaign key,nitrate,,3,EtOH/H2O (fractions not encoded in campaign key),,Acido acetico,2.0,80.0,1.0,,,,,,Automated solvothermal synthesis,Automated vial; exact geometry in source SI,,,,no solid product,,peer_reviewed_high_throughput_literature,Author-assigned HT-PXRD/CV campaign outcome,direct_machine_readable_campaign_key,v13_source_rare_earth_landscape.csv,SOURCE_VERIFIED_SINGLE_CURATION_PASS,False,"Evidence-only: absolute precursor amounts, ligand:metal ratio, and solvent volume are not encoded in the public campaign key.",0,Failed / no solid product,no solid product,Exact author label 'no solid product' -> class 0,False,False,False,Campaign key explicitly reports no solid product.
V13-REHT-1448,MG2-106-08,10.1039/d5sc09992g,10.5281/zenodo.17902549,https://doi.org/10.1039/d5sc09992g,https://doi.org/10.5281/zenodo.17902549,"Mapping the crystallization landscape of rare earth MOFs: a high-throughput investigation of structure, kinetics, and selectivity",PAIR::gd+lu::mellitic acid,,mellitic acid,,,Aromatic hexacarboxylate,Gd+Lu,rare-earth nitrate salt(s); hydration not encoded in campaign key,nitrate,,3,EtOH/H2O (fractions not encoded in campaign key),,Acido acetico,2.0,80.0,1.0,,,,,,Automated solvothermal synthesis,Automated vial; exact geometry in source SI,0.048,0.048,0.048,no crystalline product,,peer_reviewed_high_throughput_literature,Author-assigned HT-PXRD/CV campaign outcome,direct_machine_readable_campaign_key,v13_source_rare_earth_landscape.csv,SOURCE_VERIFIED_SINGLE_CURATION_PASS,False,"Evidence-only: absolute precursor amounts, ligand:metal ratio, and solvent volume are not encoded in the public campaign key.",1,Amorphous / no crystalline product,no crystalline product,Exact author label 'no crystalline product' -> class 1,True,False,False,HT-PXRD campaign key explicitly reports no crystalline product.
V13-REHT-1449,MG2-106-09,10.1039/d5sc09992g,10.5281/zenodo.17902549,https://doi.org/10.1039/d5sc09992g,https://doi.org/10.5281/zenodo.17902549,"Mapping the crystallization landscape of rare earth MOFs: a high-throughput investigation of structure, kinetics, and selectivity","PAIR::gd+lu::benzene-1,3,5-tricarboxylic acid (h3btc)",,"benzene-1,3,5-tricarboxylic acid (H3BTC)",,,Aromatic tricarboxylate,Gd+Lu,rare-earth nitrate salt(s); hydration not encoded in campaign key,nitrate,,3,EtOH/H2O (fractions not encoded in campaign key),,Acido acetico,5.0,80.0,1.0,,,,,,Automated solvothermal synthesis,Automated vial; exact geometry in source SI,,,,no solid product,,peer_reviewed_high_throughput_literature,Author-assigned HT-PXRD/CV campaign outcome,direct_machine_readable_campaign_key,v13_source_rare_earth_landscape.csv,SOURCE_VERIFIED_SINGLE_CURATION_PASS,False,"Evidence-only: absolute precursor amounts, ligand:metal ratio, and solvent volume are not encoded in the public campaign key.",0,Failed / no solid product,no solid product,Exact author label 'no solid product' -> class 0,False,False,False,Campaign key explicitly reports no solid product.
V13-REHT-1450,MG2-106-10,10.1039/d5sc09992g,10.5281/zenodo.17902549,https://doi.org/10.1039/d5sc09992g,https://doi.org/10.5281/zenodo.17902549,"Mapping the crystallization landscape of rare earth MOFs: a high-throughput investigation of structure, kinetics, and selectivity",PAIR::gd+lu::trimellitic acid,,trimellitic acid,,,Aromatic tricarboxylate,Gd+Lu,rare-earth nitrate salt(s); hydration not encoded in campaign key,nitrate,,3,EtOH/H2O (fractions not encoded in campaign key),,Acido acetico,5.0,80.0,1.0,,,,,,Automated solvothermal synthesis,Automated vial; exact geometry in source SI,,,,no crystalline product,,peer_reviewed_high_throughput_literature,Author-assigned HT-PXRD/CV campaign outcome,direct_machine_readable_campaign_key,v13_source_rare_earth_landscape.csv,SOURCE_VERIFIED_SINGLE_CURATION_PASS,False,"Evidence-only: absolute precursor amounts, ligand:metal ratio, and solvent volume are not encoded in the public campaign key.",1,Amorphous / no crystalline product,no crystalline product,Exact author label 'no crystalline product' -> class 1,True,False,False,HT-PXRD campaign key explicitly reports no crystalline product.
V13-REHT-1451,MG2-106-11,10.1039/d5sc09992g,10.5281/zenodo.17902549,https://doi.org/10.1039/d5sc09992g,https://doi.org/10.5281/zenodo.17902549,"Mapping the crystallization landscape of rare earth MOFs: a high-throughput investigation of structure, kinetics, and selectivity",PAIR::gd+lu::pyromellitic acid,,pyromellitic acid,,,Aromatic tetracarboxylate,Gd+Lu,rare-earth nitrate salt(s); hydration not encoded in campaign key,nitrate,,3,EtOH/H2O (fractions not encoded in campaign key),,Acido acetico,5.0,80.0,1.0,,,,,,Automated solvothermal synthesis,Automated vial; exact geometry in source SI,,,,no solid product,,peer_reviewed_high_throughput_literature,Author-assigned HT-PXRD/CV campaign outcome,direct_machine_readable_campaign_key,v13_source_rare_earth_landscape.csv,SOURCE_VERIFIED_SINGLE_CURATION_PASS,False,"Evidence-only: absolute precursor amounts, ligand:metal ratio, and solvent volume are not encoded in the public campaign key.",0,Failed / no solid product,no solid product,Exact author label 'no solid product' -> class 0,False,False,False,Campaign key explicitly reports no solid product.
V13-REHT-1452,MG2-106-12,10.1039/d5sc09992g,10.5281/zenodo.17902549,https://doi.org/10.1039/d5sc09992g,https://doi.org/10.5281/zenodo.17902549,"Mapping the crystallization landscape of rare earth MOFs: a high-throughput investigation of structure, kinetics, and selectivity",PAIR::gd+lu::mellitic acid,,mellitic acid,,,Aromatic hexacarboxylate,Gd+Lu,rare-earth nitrate salt(s); hydration not encoded in campaign key,nitrate,,3,EtOH/H2O (fractions not encoded in campaign key),,Acido acetico,5.0,80.0,1.0,,,,,,Automated solvothermal synthesis,Automated vial; exact geometry in source SI,0.076,0.076,0.076,no crystalline product,,peer_reviewed_high_throughput_literature,Author-assigned HT-PXRD/CV campaign outcome,direct_machine_readable_campaign_key,v13_source_rare_earth_landscape.csv,SOURCE_VERIFIED_SINGLE_CURATION_PASS,False,"Evidence-only: absolute precursor amounts, ligand:metal ratio, and solvent volume are not encoded in the public campaign key.",1,Amorphous / no crystalline product,no crystalline product,Exact author label 'no crystalline product' -> class 1,True,False,False,HT-PXRD campaign key explicitly reports no crystalline product.
V13-REHT-1453,MG2-106-13,10.1039/d5sc09992g,10.5281/zenodo.17902549,https://doi.org/10.1039/d5sc09992g,https://doi.org/10.5281/zenodo.17902549,"Mapping the crystallization landscape of rare earth MOFs: a high-throughput investigation of structure, kinetics, and selectivity","PAIR::gd+lu::benzene-1,3,5-tricarboxylic acid (h3btc)",,"benzene-1,3,5-tricarboxylic acid (H3BTC)",,,Aromatic tricarboxylate,Gd+Lu,rare-earth nitrate salt(s); hydration not encoded in campaign key,nitrate,,3,EtOH/H2O (fractions not encoded in campaign key),,Acido acetico,10.0,80.0,1.0,,,,,,Automated solvothermal synthesis,Automated vial; exact geometry in source SI,,,,no solid product,,peer_reviewed_high_throughput_literature,Author-assigned HT-PXRD/CV campaign outcome,direct_machine_readable_campaign_key,v13_source_rare_earth_landscape.csv,SOURCE_VERIFIED_SINGLE_CURATION_PASS,False,"Evidence-only: absolute precursor amounts, ligand:metal ratio, and solvent volume are not encoded in the public campaign key.",0,Failed / no solid product,no solid product,Exact author label 'no solid product' -> class 0,False,False,False,Campaign key explicitly reports no solid product.
V13-REHT-1454,MG2-106-14,10.1039/d5sc09992g,10.5281/zenodo.17902549,https://doi.org/10.1039/d5sc09992g,https://doi.org/10.5281/zenodo.17902549,"Mapping the crystallization landscape of rare earth MOFs: a high-throughput investigation of structure, kinetics, and selectivity",PAIR::gd+lu::trimellitic acid,,trimellitic acid,,,Aromatic tricarboxylate,Gd+Lu,rare-earth nitrate salt(s); hydration not encoded in campaign key,nitrate,,3,EtOH/H2O (fractions not encoded in campaign key),,Acido acetico,10.0,80.0,1.0,,,,,,Automated solvothermal synthesis,Automated vial; exact geometry in source SI,,,,no solid product,,peer_reviewed_high_throughput_literature,Author-assigned HT-PXRD/CV campaign outcome,direct_machine_readable_campaign_key,v13_source_rare_earth_landscape.csv,SOURCE_VERIFIED_SINGLE_CURATION_PASS,False,"Evidence-only: absolute precursor amounts, ligand:metal ratio, and solvent volume are not encoded in the public campaign key.",0,Failed / no solid product,no solid product,Exact author label 'no solid product' -> class 0,False,False,False,Campaign key explicitly reports no solid product.
V13-REHT-1455,MG2-106-15,10.1039/d5sc09992g,10.5281/zenodo.17902549,https://doi.org/10.1039/d5sc09992g,https://doi.org/10.5281/zenodo.17902549,"Mapping the crystallization landscape of rare earth MOFs: a high-throughput investigation of structure, kinetics, and selectivity",PAIR::gd+lu::pyromellitic acid,,pyromellitic acid,,,Aromatic tetracarboxylate,Gd+Lu,rare-earth nitrate salt(s); hydration not encoded in campaign key,nitrate,,3,EtOH/H2O (fractions not encoded in campaign key),,Acido acetico,10.0,80.0,1.0,,,,,,Automated solvothermal synthesis,Automated vial; exact geometry in source SI,,,,no solid product,,peer_reviewed_high_throughput_literature,Author-assigned HT-PXRD/CV campaign outcome,direct_machine_readable_campaign_key,v13_source_rare_earth_landscape.csv,SOURCE_VERIFIED_SINGLE_CURATION_PASS,False,"Evidence-only: absolute precursor amounts, ligand:metal ratio, and solvent volume are not encoded in the public campaign key.",0,Failed / no solid product,no solid product,Exact author label 'no solid product' -> class 0,False,False,False,Campaign key explicitly reports no solid product.
V13-REHT-1456,MG2-106-16,10.1039/d5sc09992g,10.5281/zenodo.17902549,https://doi.org/10.1039/d5sc09992g,https://doi.org/10.5281/zenodo.17902549,"Mapping the crystallization landscape of rare earth MOFs: a high-throughput investigation of structure, kinetics, and selectivity",PAIR::gd+lu::mellitic acid,,mellitic acid,,,Aromatic hexacarboxylate,Gd+Lu,rare-earth nitrate salt(s); hydration not encoded in campaign key,nitrate,,3,EtOH/H2O (fractions not encoded in campaign key),,Acido acetico,10.0,80.0,1.0,,,,,,Automated solvothermal synthesis,Automated vial; exact geometry in source SI,0.103,0.103,0.103,no crystalline product,,peer_reviewed_high_throughput_literature,Author-assigned HT-PXRD/CV campaign outcome,direct_machine_readable_campaign_key,v13_source_rare_earth_landscape.csv,SOURCE_VERIFIED_SINGLE_CURATION_PASS,False,"Evidence-only: absolute precursor amounts, ligand:metal ratio, and solvent volume are not encoded in the public campaign key.",1,Amorphous / no crystalline product,no crystalline product,Exact author label 'no crystalline product' -> class 1,True,False,False,HT-PXRD campaign key explicitly reports no crystalline product.
V13-REHT-1459,MG2-107-03,10.1039/d5sc09992g,10.5281/zenodo.17902549,https://doi.org/10.1039/d5sc09992g,https://doi.org/10.5281/zenodo.17902549,"Mapping the crystallization landscape of rare earth MOFs: a high-throughput investigation of structure, kinetics, and selectivity",PAIR::gd+lu::pyromellitic acid,,pyromellitic acid,,,Aromatic tetracarboxylate,Gd+Lu,rare-earth nitrate salt(s); hydration not encoded in campaign key,nitrate,,3,EtOH/H2O (fractions not encoded in campaign key),,Nessuno,0.0,60.0,1.0,,,,,,Automated solvothermal synthesis,Automated vial; exact geometry in source SI,,,,no solid product,,peer_reviewed_high_throughput_literature,Author-assigned HT-PXRD/CV campaign outcome,direct_machine_readable_campaign_key,v13_source_rare_earth_landscape.csv,SOURCE_VERIFIED_SINGLE_CURATION_PASS,False,"Evidence-only: absolute precursor amounts, ligand:metal ratio, and solvent volume are not encoded in the public campaign key.",0,Failed / no solid product,no solid product,Exact author label 'no solid product' -> class 0,False,False,False,Campaign key explicitly reports no solid product.
V13-REHT-1460,MG2-107-04,10.1039/d5sc09992g,10.5281/zenodo.17902549,https://doi.org/10.1039/d5sc09992g,https://doi.org/10.5281/zenodo.17902549,"Mapping the crystallization landscape of rare earth MOFs: a high-throughput investigation of structure, kinetics, and selectivity",PAIR::gd+lu::mellitic acid,,mellitic acid,,,Aromatic hexacarboxylate,Gd+Lu,rare-earth nitrate salt(s); hydration not encoded in campaign key,nitrate,,3,EtOH/H2O (fractions not encoded in campaign key),,Nessuno,0.0,60.0,1.0,,,,,,Automated solvothermal synthesis,Automated vial; exact geometry in source SI,0.016,0.181,0.016,no crystalline product,,peer_reviewed_high_throughput_literature,Author-assigned HT-PXRD/CV campaign outcome,direct_machine_readable_campaign_key,v13_source_rare_earth_landscape.csv,SOURCE_VERIFIED_SINGLE_CURATION_PASS,False,"Evidence-only: absolute precursor amounts, ligand:metal ratio, and solvent volume are not encoded in the public campaign key.",1,Amorphous / no crystalline product,no crystalline product,Exact author label 'no crystalline product' -> class 1,True,False,False,HT-PXRD campaign key explicitly reports no crystalline product.
V13-REHT-1461,MG2-107-05,10.1039/d5sc09992g,10.5281/zenodo.17902549,https://doi.org/10.1039/d5sc09992g,https://doi.org/10.5281/zenodo.17902549,"Mapping the crystallization landscape of rare earth MOFs: a high-throughput investigation of structure, kinetics, and selectivity","PAIR::gd+lu::benzene-1,3,5-tricarboxylic acid (h3btc)",,"benzene-1,3,5-tricarboxylic acid (H3BTC)",,,Aromatic tricarboxylate,Gd+Lu,rare-earth nitrate salt(s); hydration not encoded in campaign key,nitrate,,3,EtOH/H2O (fractions not encoded in campaign key),,Acido acetico,2.0,60.0,1.0,,,,,,Automated solvothermal synthesis,Automated vial; exact geometry in source SI,0.686,0.686,0.686,no crystalline product,,peer_reviewed_high_throughput_literature,Author-assigned HT-PXRD/CV campaign outcome,direct_machine_readable_campaign_key,v13_source_rare_earth_landscape.csv,SOURCE_VERIFIED_SINGLE_CURATION_PASS,False,"Evidence-only: absolute precursor amounts, ligand:metal ratio, and solvent volume are not encoded in the public campaign key.",1,Amorphous / no crystalline product,no crystalline product,Exact author label 'no crystalline product' -> class 1,True,False,False,HT-PXRD campaign key explicitly reports no crystalline product.
V13-REHT-1462,MG2-107-06,10.1039/d5sc09992g,10.5281/zenodo.17902549,https://doi.org/10.1039/d5sc09992g,https://doi.org/10.5281/zenodo.17902549,"Mapping the crystallization landscape of rare earth MOFs: a high-throughput investigation of structure, kinetics, and selectivity",PAIR::gd+lu::trimellitic acid,,trimellitic acid,,,Aromatic tricarboxylate,Gd+Lu,rare-earth nitrate salt(s); hydration not encoded in campaign key,nitrate,,3,EtOH/H2O (fractions not encoded in campaign key),,Acido acetico,2.0,60.0,1.0,,,,,,Automated solvothermal synthesis,Automated vial; exact geometry in source SI,,,,no solid product,,peer_reviewed_high_throughput_literature,Author-assigned HT-PXRD/CV campaign outcome,direct_machine_readable_campaign_key,v13_source_rare_earth_landscape.csv,SOURCE_VERIFIED_SINGLE_CURATION_PASS,False,"Evidence-only: absolute precursor amounts, ligand:metal ratio, and solvent volume are not encoded in the public campaign key.",0,Failed / no solid product,no solid product,Exact author label 'no solid product' -> class 0,False,False,False,Campaign key explicitly reports no solid product.
V13-REHT-1463,MG2-107-07,10.1039/d5sc09992g,10.5281/zenodo.17902549,https://doi.org/10.1039/d5sc09992g,https://doi.org/10.5281/zenodo.17902549,"Mapping the crystallization landscape of rare earth MOFs: a high-throughput investigation of structure, kinetics, and selectivity",PAIR::gd+lu::pyromellitic acid,,pyromellitic acid,,,Aromatic tetracarboxylate,Gd+Lu,rare-earth nitrate salt(s); hydration not encoded in campaign key,nitrate,,3,EtOH/H2O (fractions not encoded in campaign key),,Acido acetico,2.0,60.0,1.0,,,,,,Automated solvothermal synthesis,Automated vial; exact geometry in source SI,,,,no solid product,,peer_reviewed_high_throughput_literature,Author-assigned HT-PXRD/CV campaign outcome,direct_machine_readable_campaign_key,v13_source_rare_earth_landscape.csv,SOURCE_VERIFIED_SINGLE_CURATION_PASS,False,"Evidence-only: absolute precursor amounts, ligand:metal ratio, and solvent volume are not encoded in the public campaign key.",0,Failed / no solid product,no solid product,Exact author label 'no solid product' -> class 0,False,False,False,Campaign key explicitly reports no solid product.
V13-REHT-1464,MG2-107-08,10.1039/d5sc09992g,10.5281/zenodo.17902549,https://doi.org/10.1039/d5sc09992g,https://doi.org/10.5281/zenodo.17902549,"Mapping the crystallization landscape of rare earth MOFs: a high-throughput investigation of structure, kinetics, and selectivity",PAIR::gd+lu::mellitic acid,,mellitic acid,,,Aromatic hexacarboxylate,Gd+Lu,rare-earth nitrate salt(s); hydration not encoded in campaign key,nitrate,,3,EtOH/H2O (fractions not encoded in campaign key),,Acido acetico,2.0,60.0,1.0,,,,,,Automated solvothermal synthesis,Automated vial; exact geometry in source SI,0.037,0.037,0.037,no crystalline product,,peer_reviewed_high_throughput_literature,Author-assigned HT-PXRD/CV campaign outcome,direct_machine_readable_campaign_key,v13_source_rare_earth_landscape.csv,SOURCE_VERIFIED_SINGLE_CURATION_PASS,False,"Evidence-only: absolute precursor amounts, ligand:metal ratio, and solvent volume are not encoded in the public campaign key.",1,Amorphous / no crystalline product,no crystalline product,Exact author label 'no crystalline product' -> class 1,True,False,False,HT-PXRD campaign key explicitly reports no crystalline product.
V13-REHT-1465,MG2-107-09,10.1039/d5sc09992g,10.5281/zenodo.17902549,https://doi.org/10.1039/d5sc09992g,https://doi.org/10.5281/zenodo.17902549,"Mapping the crystallization landscape of rare earth MOFs: a high-throughput investigation of structure, kinetics, and selectivity","PAIR::gd+lu::benzene-1,3,5-tricarboxylic acid (h3btc)",,"benzene-1,3,5-tricarboxylic acid (H3BTC)",,,Aromatic tricarboxylate,Gd+Lu,rare-earth nitrate salt(s); hydration not encoded in campaign key,nitrate,,3,EtOH/H2O (fractions not encoded in campaign key),,Acido acetico,5.0,60.0,1.0,,,,,,Automated solvothermal synthesis,Automated vial; exact geometry in source SI,,,,no solid product,,peer_reviewed_high_throughput_literature,Author-assigned HT-PXRD/CV campaign outcome,direct_machine_readable_campaign_key,v13_source_rare_earth_landscape.csv,SOURCE_VERIFIED_SINGLE_CURATION_PASS,False,"Evidence-only: absolute precursor amounts, ligand:metal ratio, and solvent volume are not encoded in the public campaign key.",0,Failed / no solid product,no solid product,Exact author label 'no solid product' -> class 0,False,False,False,Campaign key explicitly reports no solid product.
V13-REHT-1466,MG2-107-10,10.1039/d5sc09992g,10.5281/zenodo.17902549,https://doi.org/10.1039/d5sc09992g,https://doi.org/10.5281/zenodo.17902549,"Mapping the crystallization landscape of rare earth MOFs: a high-throughput investigation of structure, kinetics, and selectivity",PAIR::gd+lu::trimellitic acid,,trimellitic acid,,,Aromatic tricarboxylate,Gd+Lu,rare-earth nitrate salt(s); hydration not encoded in campaign key,nitrate,,3,EtOH/H2O (fractions not encoded in campaign key),,Acido acetico,5.0,60.0,1.0,,,,,,Automated solvothermal synthesis,Automated vial; exact geometry in source SI,0.713,,0.713,no crystalline product,,peer_reviewed_high_throughput_literature,Author-assigned HT-PXRD/CV campaign outcome,direct_machine_readable_campaign_key,v13_source_rare_earth_landscape.csv,SOURCE_VERIFIED_SINGLE_CURATION_PASS,False,"Evidence-only: absolute precursor amounts, ligand:metal ratio, and solvent volume are not encoded in the public campaign key.",1,Amorphous / no crystalline product,no crystalline product,Exact author label 'no crystalline product' -> class 1,True,False,False,HT-PXRD campaign key explicitly reports no crystalline product.
V13-REHT-1467,MG2-107-11,10.1039/d5sc09992g,10.5281/zenodo.17902549,https://doi.org/10.1039/d5sc09992g,https://doi.org/10.5281/zenodo.17902549,"Mapping the crystallization landscape of rare earth MOFs: a high-throughput investigation of structure, kinetics, and selectivity",PAIR::gd+lu::pyromellitic acid,,pyromellitic acid,,,Aromatic tetracarboxylate,Gd+Lu,rare-earth nitrate salt(s); hydration not encoded in campaign key,nitrate,,3,EtOH/H2O (fractions not encoded in campaign key),,Acido acetico,5.0,60.0,1.0,,,,,,Automated solvothermal synthesis,Automated vial; exact geometry in source SI,,,,no solid product,,peer_reviewed_high_throughput_literature,Author-assigned HT-PXRD/CV campaign outcome,direct_machine_readable_campaign_key,v13_source_rare_earth_landscape.csv,SOURCE_VERIFIED_SINGLE_CURATION_PASS,False,"Evidence-only: absolute precursor amounts, ligand:metal ratio, and solvent volume are not encoded in the public campaign key.",0,Failed / no solid product,no solid product,Exact author label 'no solid product' -> class 0,False,False,False,Campaign key explicitly reports no solid product.
V13-REHT-1468,MG2-107-12,10.1039/d5sc09992g,10.5281/zenodo.17902549,https://doi.org/10.1039/d5sc09992g,https://doi.org/10.5281/zenodo.17902549,"Mapping the crystallization landscape of rare earth MOFs: a high-throughput investigation of structure, kinetics, and selectivity",PAIR::gd+lu::mellitic acid,,mellitic acid,,,Aromatic hexacarboxylate,Gd+Lu,rare-earth nitrate salt(s); hydration not encoded in campaign key,nitrate,,3,EtOH/H2O (fractions not encoded in campaign key),,Acido acetico,5.0,60.0,1.0,,,,,,Automated solvothermal synthesis,Automated vial; exact geometry in source SI,0.058,0.058,0.058,no crystalline product,,peer_reviewed_high_throughput_literature,Author-assigned HT-PXRD/CV campaign outcome,direct_machine_readable_campaign_key,v13_source_rare_earth_landscape.csv,SOURCE_VERIFIED_SINGLE_CURATION_PASS,False,"Evidence-only: absolute precursor amounts, ligand:metal ratio, and solvent volume are not encoded in the public campaign key.",1,Amorphous / no crystalline product,no crystalline product,Exact author label 'no crystalline product' -> class 1,True,False,False,HT-PXRD campaign key explicitly reports no crystalline product.
V13-REHT-1469,MG2-107-13,10.1039/d5sc09992g,10.5281/zenodo.17902549,https://doi.org/10.1039/d5sc09992g,https://doi.org/10.5281/zenodo.17902549,"Mapping the crystallization landscape of rare earth MOFs: a high-throughput investigation of structure, kinetics, and selectivity","PAIR::gd+lu::benzene-1,3,5-tricarboxylic acid (h3btc)",,"benzene-1,3,5-tricarboxylic acid (H3BTC)",,,Aromatic tricarboxylate,Gd+Lu,rare-earth nitrate salt(s); hydration not encoded in campaign key,nitrate,,3,EtOH/H2O (fractions not encoded in campaign key),,Acido acetico,10.0,60.0,1.0,,,,,,Automated solvothermal synthesis,Automated vial; exact geometry in source SI,,,,no solid product,,peer_reviewed_high_throughput_literature,Author-assigned HT-PXRD/CV campaign outcome,direct_machine_readable_campaign_key,v13_source_rare_earth_landscape.csv,SOURCE_VERIFIED_SINGLE_CURATION_PASS,False,"Evidence-only: absolute precursor amounts, ligand:metal ratio, and solvent volume are not encoded in the public campaign key.",0,Failed / no solid product,no solid product,Exact author label 'no solid product' -> class 0,False,False,False,Campaign key explicitly reports no solid product.
V13-REHT-1470,MG2-107-14,10.1039/d5sc09992g,10.5281/zenodo.17902549,https://doi.org/10.1039/d5sc09992g,https://doi.org/10.5281/zenodo.17902549,"Mapping the crystallization landscape of rare earth MOFs: a high-throughput investigation of structure, kinetics, and selectivity",PAIR::gd+lu::trimellitic acid,,trimellitic acid,,,Aromatic tricarboxylate,Gd+Lu,rare-earth nitrate salt(s); hydration not encoded in campaign key,nitrate,,3,EtOH/H2O (fractions not encoded in campaign key),,Acido acetico,10.0,60.0,1.0,,,,,,Automated solvothermal synthesis,Automated vial; exact geometry in source SI,,,,no solid product,,peer_reviewed_high_throughput_literature,Author-assigned HT-PXRD/CV campaign outcome,direct_machine_readable_campaign_key,v13_source_rare_earth_landscape.csv,SOURCE_VERIFIED_SINGLE_CURATION_PASS,False,"Evidence-only: absolute precursor amounts, ligand:metal ratio, and solvent volume are not encoded in the public campaign key.",0,Failed / no solid product,no solid product,Exact author label 'no solid product' -> class 0,False,False,False,Campaign key explicitly reports no solid product.
V13-REHT-1471,MG2-107-15,10.1039/d5sc09992g,10.5281/zenodo.17902549,https://doi.org/10.1039/d5sc09992g,https://doi.org/10.5281/zenodo.17902549,"Mapping the crystallization landscape of rare earth MOFs: a high-throughput investigation of structure, kinetics, and selectivity",PAIR::gd+lu::pyromellitic acid,,pyromellitic acid,,,Aromatic tetracarboxylate,Gd+Lu,rare-earth nitrate salt(s); hydration not encoded in campaign key,nitrate,,3,EtOH/H2O (fractions not encoded in campaign key),,Acido acetico,10.0,60.0,1.0,,,,,,Automated solvothermal synthesis,Automated vial; exact geometry in source SI,,,,no solid product,,peer_reviewed_high_throughput_literature,Author-assigned HT-PXRD/CV campaign outcome,direct_machine_readable_campaign_key,v13_source_rare_earth_landscape.csv,SOURCE_VERIFIED_SINGLE_CURATION_PASS,False,"Evidence-only: absolute precursor amounts, ligand:metal ratio, and solvent volume are not encoded in the public campaign key.",0,Failed / no solid product,no solid product,Exact author label 'no solid product' -> class 0,False,False,False,Campaign key explicitly reports no solid product.
V13-REHT-1472,MG2-107-16,10.1039/d5sc09992g,10.5281/zenodo.17902549,https://doi.org/10.1039/d5sc09992g,https://doi.org/10.5281/zenodo.17902549,"Mapping the crystallization landscape of rare earth MOFs: a high-throughput investigation of structure, kinetics, and selectivity",PAIR::gd+lu::mellitic acid,,mellitic acid,,,Aromatic hexacarboxylate,Gd+Lu,rare-earth nitrate salt(s); hydration not encoded in campaign key,nitrate,,3,EtOH/H2O (fractions not encoded in campaign key),,Acido acetico,10.0,60.0,1.0,,,,,,Automated solvothermal synthesis,Automated vial; exact geometry in source SI,0.079,0.079,0.079,no crystalline product,,peer_reviewed_high_throughput_literature,Author-assigned HT-PXRD/CV campaign outcome,direct_machine_readable_campaign_key,v13_source_rare_earth_landscape.csv,SOURCE_VERIFIED_SINGLE_CURATION_PASS,False,"Evidence-only: absolute precursor amounts, ligand:metal ratio, and solvent volume are not encoded in the public campaign key.",1,Amorphous / no crystalline product,no crystalline product,Exact author label 'no crystalline product' -> class 1,True,False,False,HT-PXRD campaign key explicitly reports no crystalline product.
V13-REHT-1474,MG2-108-02,10.1039/d5sc09992g,10.5281/zenodo.17902549,https://doi.org/10.1039/d5sc09992g,https://doi.org/10.5281/zenodo.17902549,"Mapping the crystallization landscape of rare earth MOFs: a high-throughput investigation of structure, kinetics, and selectivity",PAIR::gd+lu::trimellitic acid,,trimellitic acid,,,Aromatic tricarboxylate,Gd+Lu,rare-earth nitrate salt(s); hydration not encoded in campaign key,nitrate,,3,EtOH/H2O (fractions not encoded in campaign key),,Nessuno,0.0,40.0,1.0,,,,,,Automated solvothermal synthesis,Automated vial; exact geometry in source SI,,,,no solid product,,peer_reviewed_high_throughput_literature,Author-assigned HT-PXRD/CV campaign outcome,direct_machine_readable_campaign_key,v13_source_rare_earth_landscape.csv,SOURCE_VERIFIED_SINGLE_CURATION_PASS,False,"Evidence-only: absolute precursor amounts, ligand:metal ratio, and solvent volume are not encoded in the public campaign key.",0,Failed / no solid product,no solid product,Exact author label 'no solid product' -> class 0,False,False,False,Campaign key explicitly reports no solid product.
V13-REHT-1475,MG2-108-03,10.1039/d5sc09992g,10.5281/zenodo.17902549,https://doi.org/10.1039/d5sc09992g,https://doi.org/10.5281/zenodo.17902549,"Mapping the crystallization landscape of rare earth MOFs: a high-throughput investigation of structure, kinetics, and selectivity",PAIR::gd+lu::pyromellitic acid,,pyromellitic acid,,,Aromatic tetracarboxylate,Gd+Lu,rare-earth nitrate salt(s); hydration not encoded in campaign key,nitrate,,3,EtOH/H2O (fractions not encoded in campaign key),,Nessuno,0.0,40.0,1.0,,,,,,Automated solvothermal synthesis,Automated vial; exact geometry in source SI,1.011,,1.011,no solid product,,peer_reviewed_high_throughput_literature,Author-assigned HT-PXRD/CV campaign outcome,direct_machine_readable_campaign_key,v13_source_rare_earth_landscape.csv,SOURCE_VERIFIED_SINGLE_CURATION_PASS,False,"Evidence-only: absolute precursor amounts, ligand:metal ratio, and solvent volume are not encoded in the public campaign key.",0,Failed / no solid product,no solid product,Exact author label 'no solid product' -> class 0,False,False,False,Campaign key explicitly reports no solid product.
V13-REHT-1476,MG2-108-04,10.1039/d5sc09992g,10.5281/zenodo.17902549,https://doi.org/10.1039/d5sc09992g,https://doi.org/10.5281/zenodo.17902549,"Mapping the crystallization landscape of rare earth MOFs: a high-throughput investigation of structure, kinetics, and selectivity",PAIR::gd+lu::mellitic acid,,mellitic acid,,,Aromatic hexacarboxylate,Gd+Lu,rare-earth nitrate salt(s); hydration not encoded in campaign key,nitrate,,3,EtOH/H2O (fractions not encoded in campaign key),,Nessuno,0.0,40.0,1.0,,,,,,Automated solvothermal synthesis,Automated vial; exact geometry in source SI,0.02,0.02,0.02,no crystalline product,,peer_reviewed_high_throughput_literature,Author-assigned HT-PXRD/CV campaign outcome,direct_machine_readable_campaign_key,v13_source_rare_earth_landscape.csv,SOURCE_VERIFIED_SINGLE_CURATION_PASS,False,"Evidence-only: absolute precursor amounts, ligand:metal ratio, and solvent volume are not encoded in the public campaign key.",1,Amorphous / no crystalline product,no crystalline product,Exact author label 'no crystalline product' -> class 1,True,False,False,HT-PXRD campaign key explicitly reports no crystalline product.
V13-REHT-1478,MG2-108-06,10.1039/d5sc09992g,10.5281/zenodo.17902549,https://doi.org/10.1039/d5sc09992g,https://doi.org/10.5281/zenodo.17902549,"Mapping the crystallization landscape of rare earth MOFs: a high-throughput investigation of structure, kinetics, and selectivity",PAIR::gd+lu::trimellitic acid,,trimellitic acid,,,Aromatic tricarboxylate,Gd+Lu,rare-earth nitrate salt(s); hydration not encoded in campaign key,nitrate,,3,EtOH/H2O (fractions not encoded in campaign key),,Acido acetico,2.0,40.0,1.0,,,,,,Automated solvothermal synthesis,Automated vial; exact geometry in source SI,,,,no solid product,,peer_reviewed_high_throughput_literature,Author-assigned HT-PXRD/CV campaign outcome,direct_machine_readable_campaign_key,v13_source_rare_earth_landscape.csv,SOURCE_VERIFIED_SINGLE_CURATION_PASS,False,"Evidence-only: absolute precursor amounts, ligand:metal ratio, and solvent volume are not encoded in the public campaign key.",0,Failed / no solid product,no solid product,Exact author label 'no solid product' -> class 0,False,False,False,Campaign key explicitly reports no solid product.
V13-REHT-1479,MG2-108-07,10.1039/d5sc09992g,10.5281/zenodo.17902549,https://doi.org/10.1039/d5sc09992g,https://doi.org/10.5281/zenodo.17902549,"Mapping the crystallization landscape of rare earth MOFs: a high-throughput investigation of structure, kinetics, and selectivity",PAIR::gd+lu::pyromellitic acid,,pyromellitic acid,,,Aromatic tetracarboxylate,Gd+Lu,rare-earth nitrate salt(s); hydration not encoded in campaign key,nitrate,,3,EtOH/H2O (fractions not encoded in campaign key),,Acido acetico,2.0,40.0,1.0,,,,,,Automated solvothermal synthesis,Automated vial; exact geometry in source SI,,,,no solid product,,peer_reviewed_high_throughput_literature,Author-assigned HT-PXRD/CV campaign outcome,direct_machine_readable_campaign_key,v13_source_rare_earth_landscape.csv,SOURCE_VERIFIED_SINGLE_CURATION_PASS,False,"Evidence-only: absolute precursor amounts, ligand:metal ratio, and solvent volume are not encoded in the public campaign key.",0,Failed / no solid product,no solid product,Exact author label 'no solid product' -> class 0,False,False,False,Campaign key explicitly reports no solid product.
V13-REHT-1480,MG2-108-08,10.1039/d5sc09992g,10.5281/zenodo.17902549,https://doi.org/10.1039/d5sc09992g,https://doi.org/10.5281/zenodo.17902549,"Mapping the crystallization landscape of rare earth MOFs: a high-throughput investigation of structure, kinetics, and selectivity",PAIR::gd+lu::mellitic acid,,mellitic acid,,,Aromatic hexacarboxylate,Gd+Lu,rare-earth nitrate salt(s); hydration not encoded in campaign key,nitrate,,3,EtOH/H2O (fractions not encoded in campaign key),,Acido acetico,2.0,40.0,1.0,,,,,,Automated solvothermal synthesis,Automated vial; exact geometry in source SI,0.212,0.048,0.048,no crystalline product,,peer_reviewed_high_throughput_literature,Author-assigned HT-PXRD/CV campaign outcome,direct_machine_readable_campaign_key,v13_source_rare_earth_landscape.csv,SOURCE_VERIFIED_SINGLE_CURATION_PASS,False,"Evidence-only: absolute precursor amounts, ligand:metal ratio, and solvent volume are not encoded in the public campaign key.",1,Amorphous / no crystalline product,no crystalline product,Exact author label 'no crystalline product' -> class 1,True,False,False,HT-PXRD campaign key explicitly reports no crystalline product.
V13-REHT-1481,MG2-108-09,10.1039/d5sc09992g,10.5281/zenodo.17902549,https://doi.org/10.1039/d5sc09992g,https://doi.org/10.5281/zenodo.17902549,"Mapping the crystallization landscape of rare earth MOFs: a high-throughput investigation of structure, kinetics, and selectivity","PAIR::gd+lu::benzene-1,3,5-tricarboxylic acid (h3btc)",,"benzene-1,3,5-tricarboxylic acid (H3BTC)",,,Aromatic tricarboxylate,Gd+Lu,rare-earth nitrate salt(s); hydration not encoded in campaign key,nitrate,,3,EtOH/H2O (fractions not encoded in campaign key),,Acido acetico,5.0,40.0,1.0,,,,,,Automated solvothermal synthesis,Automated vial; exact geometry in source SI,,,,no crystalline product,,peer_reviewed_high_throughput_literature,Author-assigned HT-PXRD/CV campaign outcome,direct_machine_readable_campaign_key,v13_source_rare_earth_landscape.csv,SOURCE_VERIFIED_SINGLE_CURATION_PASS,False,"Evidence-only: absolute precursor amounts, ligand:metal ratio, and solvent volume are not encoded in the public campaign key.",1,Amorphous / no crystalline product,no crystalline product,Exact author label 'no crystalline product' -> class 1,True,False,False,HT-PXRD campaign key explicitly reports no crystalline product.
V13-REHT-1482,MG2-108-10,10.1039/d5sc09992g,10.5281/zenodo.17902549,https://doi.org/10.1039/d5sc09992g,https://doi.org/10.5281/zenodo.17902549,"Mapping the crystallization landscape of rare earth MOFs: a high-throughput investigation of structure, kinetics, and selectivity",PAIR::gd+lu::trimellitic acid,,trimellitic acid,,,Aromatic tricarboxylate,Gd+Lu,rare-earth nitrate salt(s); hydration not encoded in campaign key,nitrate,,3,EtOH/H2O (fractions not encoded in campaign key),,Acido acetico,5.0,40.0,1.0,,,,,,Automated solvothermal synthesis,Automated vial; exact geometry in source SI,,,,no solid product,,peer_reviewed_high_throughput_literature,Author-assigned HT-PXRD/CV campaign outcome,direct_machine_readable_campaign_key,v13_source_rare_earth_landscape.csv,SOURCE_VERIFIED_SINGLE_CURATION_PASS,False,"Evidence-only: absolute precursor amounts, ligand:metal ratio, and solvent volume are not encoded in the public campaign key.",0,Failed / no solid product,no solid product,Exact author label 'no solid product' -> class 0,False,False,False,Campaign key explicitly reports no solid product.
V13-REHT-1483,MG2-108-11,10.1039/d5sc09992g,10.5281/zenodo.17902549,https://doi.org/10.1039/d5sc09992g,https://doi.org/10.5281/zenodo.17902549,"Mapping the crystallization landscape of rare earth MOFs: a high-throughput investigation of structure, kinetics, and selectivity",PAIR::gd+lu::pyromellitic acid,,pyromellitic acid,,,Aromatic tetracarboxylate,Gd+Lu,rare-earth nitrate salt(s); hydration not encoded in campaign key,nitrate,,3,EtOH/H2O (fractions not encoded in campaign key),,Acido acetico,5.0,40.0,1.0,,,,,,Automated solvothermal synthesis,Automated vial; exact geometry in source SI,,,,no solid product,,peer_reviewed_high_throughput_literature,Author-assigned HT-PXRD/CV campaign outcome,direct_machine_readable_campaign_key,v13_source_rare_earth_landscape.csv,SOURCE_VERIFIED_SINGLE_CURATION_PASS,False,"Evidence-only: absolute precursor amounts, ligand:metal ratio, and solvent volume are not encoded in the public campaign key.",0,Failed / no solid product,no solid product,Exact author label 'no solid product' -> class 0,False,False,False,Campaign key explicitly reports no solid product.
V13-REHT-1484,MG2-108-12,10.1039/d5sc09992g,10.5281/zenodo.17902549,https://doi.org/10.1039/d5sc09992g,https://doi.org/10.5281/zenodo.17902549,"Mapping the crystallization landscape of rare earth MOFs: a high-throughput investigation of structure, kinetics, and selectivity",PAIR::gd+lu::mellitic acid,,mellitic acid,,,Aromatic hexacarboxylate,Gd+Lu,rare-earth nitrate salt(s); hydration not encoded in campaign key,nitrate,,3,EtOH/H2O (fractions not encoded in campaign key),,Acido acetico,5.0,40.0,1.0,,,,,,Automated solvothermal synthesis,Automated vial; exact geometry in source SI,0.074,0.074,0.074,no crystalline product,,peer_reviewed_high_throughput_literature,Author-assigned HT-PXRD/CV campaign outcome,direct_machine_readable_campaign_key,v13_source_rare_earth_landscape.csv,SOURCE_VERIFIED_SINGLE_CURATION_PASS,False,"Evidence-only: absolute precursor amounts, ligand:metal ratio, and solvent volume are not encoded in the public campaign key.",1,Amorphous / no crystalline product,no crystalline product,Exact author label 'no crystalline product' -> class 1,True,False,False,HT-PXRD campaign key explicitly reports no crystalline product.
V13-REHT-1485,MG2-108-13,10.1039/d5sc09992g,10.5281/zenodo.17902549,https://doi.org/10.1039/d5sc09992g,https://doi.org/10.5281/zenodo.17902549,"Mapping the crystallization landscape of rare earth MOFs: a high-throughput investigation of structure, kinetics, and selectivity","PAIR::gd+lu::benzene-1,3,5-tricarboxylic acid (h3btc)",,"benzene-1,3,5-tricarboxylic acid (H3BTC)",,,Aromatic tricarboxylate,Gd+Lu,rare-earth nitrate salt(s); hydration not encoded in campaign key,nitrate,,3,EtOH/H2O (fractions not encoded in campaign key),,Acido acetico,10.0,40.0,1.0,,,,,,Automated solvothermal synthesis,Automated vial; exact geometry in source SI,,,,no solid product,,peer_reviewed_high_throughput_literature,Author-assigned HT-PXRD/CV campaign outcome,direct_machine_readable_campaign_key,v13_source_rare_earth_landscape.csv,SOURCE_VERIFIED_SINGLE_CURATION_PASS,False,"Evidence-only: absolute precursor amounts, ligand:metal ratio, and solvent volume are not encoded in the public campaign key.",0,Failed / no solid product,no solid product,Exact author label 'no solid product' -> class 0,False,False,False,Campaign key explicitly reports no solid product.
V13-REHT-1486,MG2-108-14,10.1039/d5sc09992g,10.5281/zenodo.17902549,https://doi.org/10.1039/d5sc09992g,https://doi.org/10.5281/zenodo.17902549,"Mapping the crystallization landscape of rare earth MOFs: a high-throughput investigation of structure, kinetics, and selectivity",PAIR::gd+lu::trimellitic acid,,trimellitic acid,,,Aromatic tricarboxylate,Gd+Lu,rare-earth nitrate salt(s); hydration not encoded in campaign key,nitrate,,3,EtOH/H2O (fractions not encoded in campaign key),,Acido acetico,10.0,40.0,1.0,,,,,,Automated solvothermal synthesis,Automated vial; exact geometry in source SI,,,,no solid product,,peer_reviewed_high_throughput_literature,Author-assigned HT-PXRD/CV campaign outcome,direct_machine_readable_campaign_key,v13_source_rare_earth_landscape.csv,SOURCE_VERIFIED_SINGLE_CURATION_PASS,False,"Evidence-only: absolute precursor amounts, ligand:metal ratio, and solvent volume are not encoded in the public campaign key.",0,Failed / no solid product,no solid product,Exact author label 'no solid product' -> class 0,False,False,False,Campaign key explicitly reports no solid product.
V13-REHT-1487,MG2-108-15,10.1039/d5sc09992g,10.5281/zenodo.17902549,https://doi.org/10.1039/d5sc09992g,https://doi.org/10.5281/zenodo.17902549,"Mapping the crystallization landscape of rare earth MOFs: a high-throughput investigation of structure, kinetics, and selectivity",PAIR::gd+lu::pyromellitic acid,,pyromellitic acid,,,Aromatic tetracarboxylate,Gd+Lu,rare-earth nitrate salt(s); hydration not encoded in campaign key,nitrate,,3,EtOH/H2O (fractions not encoded in campaign key),,Acido acetico,10.0,40.0,1.0,,,,,,Automated solvothermal synthesis,Automated vial; exact geometry in source SI,,,,no solid product,,peer_reviewed_high_throughput_literature,Author-assigned HT-PXRD/CV campaign outcome,direct_machine_readable_campaign_key,v13_source_rare_earth_landscape.csv,SOURCE_VERIFIED_SINGLE_CURATION_PASS,False,"Evidence-only: absolute precursor amounts, ligand:metal ratio, and solvent volume are not encoded in the public campaign key.",0,Failed / no solid product,no solid product,Exact author label 'no solid product' -> class 0,False,False,False,Campaign key explicitly reports no solid product.
V13-REHT-1488,MG2-108-16,10.1039/d5sc09992g,10.5281/zenodo.17902549,https://doi.org/10.1039/d5sc09992g,https://doi.org/10.5281/zenodo.17902549,"Mapping the crystallization landscape of rare earth MOFs: a high-throughput investigation of structure, kinetics, and selectivity",PAIR::gd+lu::mellitic acid,,mellitic acid,,,Aromatic hexacarboxylate,Gd+Lu,rare-earth nitrate salt(s); hydration not encoded in campaign key,nitrate,,3,EtOH/H2O (fractions not encoded in campaign key),,Acido acetico,10.0,40.0,1.0,,,,,,Automated solvothermal synthesis,Automated vial; exact geometry in source SI,0.102,0.102,0.102,no crystalline product,,peer_reviewed_high_throughput_literature,Author-assigned HT-PXRD/CV campaign outcome,direct_machine_readable_campaign_key,v13_source_rare_earth_landscape.csv,SOURCE_VERIFIED_SINGLE_CURATION_PASS,False,"Evidence-only: absolute precursor amounts, ligand:metal ratio, and solvent volume are not encoded in the public campaign key.",1,Amorphous / no crystalline product,no crystalline product,Exact author label 'no crystalline product' -> class 1,True,False,False,HT-PXRD campaign key explicitly reports no crystalline product.
V13-AMOF-WU-001,aZIF-8 direct aqueous synthesis,10.1038/s41467-019-13153-x,,https://doi.org/10.1038/s41467-019-13153-x,,Packaging and delivering enzymes by amorphous metal-organic frameworks,PAIR::zn::2-methylimidazole,amorphous ZIF (aZIF),2-methylimidazole,Cc1ncc[nH]1,LXBGSDVWAMZHDD-UHFFFAOYSA-N,Imidazolate,Zn,zinc acetate,acetate,,2,H2O,H2O=1.0,glucose oxidase (GOx),,25.0,0.5,,,4.0,,0.05,One-pot aqueous co-precipitation under stirring,Open ambient vessel; exact geometry not reported,,,,amorphous structure,,peer_reviewed_primary_literature,XRD and SAED,manual_primary_article,main article methods and results,SOURCE_VERIFIED_SINGLE_CURATION_PASS,False,Evidence-only enzyme/MOF composite; reaction volume and salt hydration are not stated.,1,Amorphous MOF,XRD patterns ... implied the existence of amorphous structures,Explicit XRD-supported amorphous assignment -> class 1,True,False,False,"2-MeIM 40 mM, zinc acetate 10 mM and GOx 0.25 mg/mL were stirred in water at room temperature for 30 min; XRD/SAED supported an amorphous product."
